{"type":"Topology","objects":{"data":{"geometries":[{"properties":{"cd_mun_ibge":"1300029"},"type":"MultiPolygon","arcs":[[[-80,-159,-51,-168]]],"id":0},{"properties":{"cd_mun_ibge":"1300060"},"type":"MultiPolygon","arcs":[[[-58,-137,-128]]],"id":1},{"properties":{"cd_mun_ibge":"1300086"},"type":"MultiPolygon","arcs":[[[-25,-15,-64,-9,-1]]],"id":2},{"properties":{"cd_mun_ibge":"1300102"},"type":"MultiPolygon","arcs":[[[-8,-153,-21,-26,0]]],"id":3},{"properties":{"cd_mun_ibge":"1300144"},"type":"MultiPolygon","arcs":[[[-104,-14,-86,1]]],"id":4},{"properties":{"cd_mun_ibge":"1300201"},"type":"MultiPolygon","arcs":[[[-6,-36,-31,2]]],"id":5},{"properties":{"cd_mun_ibge":"1300300"},"type":"MultiPolygon","arcs":[[[-92,-13,-17,-19,-41]]],"id":6},{"properties":{"cd_mun_ibge":"1300409"},"type":"MultiPolygon","arcs":[[[-99,-23,-83,-126,3]]],"id":7},{"properties":{"cd_mun_ibge":"1300508"},"type":"MultiPolygon","arcs":[[[-10,-179,-109,4,-90]]],"id":8},{"properties":{"cd_mun_ibge":"1300607"},"type":"MultiPolygon","arcs":[[[-145,-135,-57,-28,-37,5,6]]],"id":9},{"properties":{"cd_mun_ibge":"1300631"},"type":"MultiPolygon","arcs":[[[-67,-68,-12,-79,-154,7,8]]],"id":10},{"properties":{"cd_mun_ibge":"1300680"},"type":"MultiPolygon","arcs":[[[-43,-180,9,-89]]],"id":11},{"properties":{"cd_mun_ibge":"1300706"},"type":"MultiPolygon","arcs":[[[10,-110,-62]]],"id":12},{"properties":{"cd_mun_ibge":"1300805"},"type":"MultiPolygon","arcs":[[[-76,11,-18,12,-95,-87,13,-103]]],"id":13},{"properties":{"cd_mun_ibge":"1300839"},"type":"MultiPolygon","arcs":[[[14,-24,-97,-65]]],"id":14},{"properties":{"cd_mun_ibge":"1300904"},"type":"MultiPolygon","arcs":[[[-60,-148,-33,15]]],"id":15},{"properties":{"cd_mun_ibge":"1301001"},"type":"MultiPolygon","arcs":[[[-151,-46,-54,-52,-157]]],"id":16},{"properties":{"cd_mun_ibge":"1301100"},"type":"MultiPolygon","arcs":[[[-20,16,17,-72]]],"id":17},{"properties":{"cd_mun_ibge":"1301159"},"type":"MultiPolygon","arcs":[[[18,19,-71,-40,-74,-42]]],"id":18},{"properties":{"cd_mun_ibge":"1301209"},"type":"MultiPolygon","arcs":[[[20,-152,-155,-84,-22]]],"id":19},{"properties":{"cd_mun_ibge":"1301308"},"type":"MultiPolygon","arcs":[[[21,22,-98,23,24,25]]],"id":20},{"properties":{"cd_mun_ibge":"1301407"},"type":"MultiPolygon","arcs":[[[-45,-29,26,-38,27,-56]]],"id":21},{"properties":{"cd_mun_ibge":"1301506"},"type":"MultiPolygon","arcs":[[[28,-44,-112,29]]],"id":22},{"properties":{"cd_mun_ibge":"1301605"},"type":"MultiPolygon","arcs":[[[-59,-162,-48,-81,-166,-50]]],"id":23},{"properties":{"cd_mun_ibge":"1301654"},"type":"MultiPolygon","arcs":[[[30,-35,31]]],"id":24},{"properties":{"cd_mun_ibge":"1301704"},"type":"MultiPolygon","arcs":[[[32,-147,-78,33]]],"id":25},{"properties":{"cd_mun_ibge":"1301803"},"type":"MultiPolygon","arcs":[[[34,35,36,37,38]]],"id":26},{"properties":{"cd_mun_ibge":"1301852"},"type":"MultiPolygon","arcs":[[[39,-70,-66,-102,-75]]],"id":27},{"properties":{"cd_mun_ibge":"1301902"},"type":"MultiPolygon","arcs":[[[40,41,-73,-121,-47,-141,-181,42,-88,-93]]],"id":28},{"properties":{"cd_mun_ibge":"1301951"},"type":"MultiPolygon","arcs":[[[43,44,-55,45,-150,-63,-113]]],"id":29},{"properties":{"cd_mun_ibge":"1302009"},"type":"MultiPolygon","arcs":[[[-170,-176,-140,46,-120,-118,-139]]],"id":30},{"properties":{"cd_mun_ibge":"1302108"},"type":"MultiPolygon","arcs":[[[-124,-82,47,-161,-130,48,-133]]],"id":31},{"properties":{"cd_mun_ibge":"1302207"},"type":"MultiPolygon","arcs":[[[-53,49,-165,50,-158,51]]],"id":32},{"properties":{"cd_mun_ibge":"1302306"},"type":"MultiPolygon","arcs":[[[52,53,54,55,56,-134,57,-127,-163,58]]],"id":33},{"properties":{"cd_mun_ibge":"1302405"},"type":"MultiPolygon","arcs":[[[59,60,61,-114,62,-149]]],"id":34},{"properties":{"cd_mun_ibge":"1302504"},"type":"MultiPolygon","arcs":[[[63,64,-96,65,-69,66]]],"id":35},{"properties":{"cd_mun_ibge":"1302553"},"type":"MultiPolygon","arcs":[[[67,68,69,70,71]]],"id":36},{"properties":{"cd_mun_ibge":"1302603"},"type":"MultiPolygon","arcs":[[[72,73,74,-101,-115,-122]]],"id":37},{"properties":{"cd_mun_ibge":"1302702"},"type":"MultiPolygon","arcs":[[[75,-106,76,77,-146,78]]],"id":38},{"properties":{"cd_mun_ibge":"1302801"},"type":"MultiPolygon","arcs":[[[79,-167,80,81,-123,82,83,-160]]],"id":39},{"properties":{"cd_mun_ibge":"1302900"},"type":"MultiPolygon","arcs":[[[84,85,86,-94,87,88,89]]],"id":40},{"properties":{"cd_mun_ibge":"1303007"},"type":"MultiPolygon","arcs":[[[-107,-174,90]]],"id":41},{"properties":{"cd_mun_ibge":"1303106"},"type":"MultiPolygon","arcs":[[[91,92,93,94]]],"id":42},{"properties":{"cd_mun_ibge":"1303205"},"type":"MultiPolygon","arcs":[[[95,96,97,98,99,-116,100,101]]],"id":43},{"properties":{"cd_mun_ibge":"1303304"},"type":"MultiPolygon","arcs":[[[102,103,104,105]]],"id":44},{"properties":{"cd_mun_ibge":"1303403"},"type":"MultiPolygon","arcs":[[[-178,-169,106,107,108]]],"id":45},{"properties":{"cd_mun_ibge":"1303502"},"type":"MultiPolygon","arcs":[[[109,110,111,112,113]]],"id":46},{"properties":{"cd_mun_ibge":"1303536"},"type":"MultiPolygon","arcs":[[[114,115,116,-172,-138,117,-119]]],"id":47},{"properties":{"cd_mun_ibge":"1303569"},"type":"MultiPolygon","arcs":[[[118,119,120,121]]],"id":48},{"properties":{"cd_mun_ibge":"1303601"},"type":"MultiPolygon","arcs":[[[122,123,-132,124,125]]],"id":49},{"properties":{"cd_mun_ibge":"1303700"},"type":"MultiPolygon","arcs":[[[126,127,-136,-143,128,129,-164]]],"id":50},{"properties":{"cd_mun_ibge":"1303809"},"type":"MultiPolygon","arcs":[[[130,131,132]]],"id":51},{"properties":{"cd_mun_ibge":"1303908"},"type":"MultiPolygon","arcs":[[[133,134,-144,135,136]]],"id":52},{"properties":{"cd_mun_ibge":"1303957"},"type":"MultiPolygon","arcs":[[[137,-171,138]]],"id":53},{"properties":{"cd_mun_ibge":"1304005"},"type":"MultiPolygon","arcs":[[[139,-175,140]]],"id":54},{"properties":{"cd_mun_ibge":"1304062"},"type":"MultiPolygon","arcs":[[[141,142,143,144]]],"id":55},{"properties":{"cd_mun_ibge":"1304104"},"type":"MultiPolygon","arcs":[[[145,146,147,148,149,150,-156,151,152,153]]],"id":56},{"properties":{"cd_mun_ibge":"1304203"},"type":"MultiPolygon","arcs":[[[154,155,156,157,158,159]]],"id":57},{"properties":{"cd_mun_ibge":"1304237"},"type":"MultiPolygon","arcs":[[[160,161,162,163]]],"id":58},{"properties":{"cd_mun_ibge":"1304260"},"type":"MultiPolygon","arcs":[[[164,165,166,167]]],"id":59},{"properties":{"cd_mun_ibge":"1304302"},"type":"MultiPolygon","arcs":[[[181]],[[168,-177,169,170,171,172,173]]],"id":60},{"properties":{"cd_mun_ibge":"1304401"},"type":"MultiPolygon","arcs":[[[174,175,176,177,178,179,180],[181]]],"id":61}],"type":"GeometryCollection"}},"bbox":[-73.798141,-9.8180459,-56.0937406,2.235334],"transform":{"scale":[0.00017704577445774462,0.00012053500435004349],"translate":[-73.798141,-9.8180459]},"arcs":[[[67636,51074],[284,253],[189,-120],[263,-3],[183,-238],[373,141],[178,-108],[44,-108],[430,-8]],[[88400,20532],[58,-107],[-21,-60],[-184,-257],[-224,-533],[-1,-288],[-54,-255],[116,-803],[-212,-272],[-231,-439],[-76,-539],[-226,-273],[-212,-140],[-74,-189],[57,-172],[8,-352],[103,-305],[133,-206],[55,-466],[200,-527],[-22,-391],[-154,-157],[-28,-129],[53,-324],[-85,-636],[74,-309],[-199,-188],[-25,-390],[-224,-430],[-145,-478],[84,-294],[-30,-272],[118,-202],[-270,-901],[143,-143],[160,122],[184,36],[128,-88],[12,-65],[-160,-143],[-230,-358],[-268,-158],[-5866,-32],[-5303,55]],[[339,22262],[-339,179],[79,69],[-17,107],[165,265],[-21,678],[96,134],[-100,204],[80,141],[1,109],[148,190],[62,368],[87,-2],[71,220],[93,64],[86,241],[42,13],[8,151],[112,49],[23,81],[176,152],[141,3],[48,159],[84,76],[-5,71],[104,81],[208,16],[71,89],[78,-31],[105,134],[84,-28],[59,103],[194,51],[-16,123],[169,234],[111,-6],[25,-59],[75,87],[106,-56],[85,114],[75,-85],[73,104],[86,-94],[-9,76],[80,-40],[-11,143],[62,62],[67,-108],[58,111],[-39,84],[56,1],[-36,59],[103,3],[-34,47],[66,45],[-69,99],[85,-42],[13,84],[39,-85],[66,3],[42,164],[24,25],[-5,-83],[33,27],[21,117],[-64,48],[84,116],[-8,117],[35,-30],[68,105],[-56,188],[98,175],[-84,181],[-51,-45],[-13,157],[-33,-42],[21,151],[-52,28],[-13,201],[-43,-36],[21,131],[-55,-23],[-18,404],[-116,164],[-38,-42],[-117,347],[-25,-52],[-43,58],[49,148],[-73,62],[52,21],[-9,73],[-160,246],[-16,377],[95,141],[-48,116],[68,1],[-42,111],[36,83],[-41,20],[46,65],[-61,-23],[7,81],[51,-13],[3,67],[57,20],[-24,48],[73,-5],[-55,16],[55,98],[126,27],[-41,125],[100,158],[-58,218],[40,151],[49,-16],[22,262],[79,82],[-18,54],[-28,-50],[51,148],[99,-8],[-6,51],[45,-59],[32,106],[30,-54],[17,261],[75,60],[65,-41],[9,90],[-48,-19],[53,65],[60,-19],[2,55],[-52,-12],[29,90],[31,-43],[23,80],[15,-55],[31,77],[44,-28],[33,125],[-34,56],[68,-5],[-24,135],[163,164],[-49,55],[126,5],[-14,75],[42,-39],[-17,74],[41,21],[-47,71],[27,65],[47,-53],[-16,86],[53,21],[-15,91],[35,39],[-52,91],[173,87],[-85,359],[56,183],[73,66],[-55,31],[48,18],[-49,31],[58,102],[-37,23],[107,142],[-83,-30],[-10,180],[-33,7],[-6,222],[71,127],[-53,-12],[-1,133],[73,101],[-35,78],[85,75],[-10,144],[85,90],[-18,78],[60,109],[-25,64],[80,62],[-22,54],[39,86],[77,8],[-33,161],[-45,-71],[-4,54],[81,70],[-10,74],[34,-20],[-8,123],[71,8],[24,80],[-39,35],[54,-7],[-5,134],[45,31],[-65,58],[56,137],[-65,-22],[57,134],[-37,132],[27,88],[-62,28],[37,16],[-42,84],[45,107],[-86,26],[-20,90],[208,235],[5,-87],[94,71],[52,-52],[6,106],[43,-66],[-18,303],[94,-69],[67,46],[22,-66],[38,97],[-27,74],[87,-57],[72,193],[91,-101],[11,117],[44,-5],[-42,124],[65,-11],[-9,85],[61,-54],[40,84],[101,-109],[126,115],[21,-103],[47,47],[3,-79],[86,156],[0,-149],[76,106],[-5,101],[47,-110],[26,144],[57,41],[-33,120],[59,24],[16,90],[-63,40],[69,7],[-3,91],[77,-121],[7,137],[91,-16],[89,233],[81,19],[-4,-90],[66,91],[28,-54],[4,224],[96,-47],[-16,-60],[56,-38],[57,135],[-1,-143],[35,-2],[45,226],[85,-3],[41,78],[-69,101],[-36,-24],[-6,119],[95,-3],[-6,-75],[73,20],[41,-104],[33,79],[79,9],[-46,200],[59,0],[40,-107],[26,122],[60,50],[43,-42],[-42,95],[53,30],[-21,61],[50,110],[-82,33],[100,10],[-60,53],[40,35],[94,-16],[-66,161],[146,-16],[36,113],[-6,-96],[84,21],[6,-90],[18,205],[-50,19],[18,57],[90,35],[-20,-96],[40,-34],[27,126],[106,-64],[25,105],[8,-157],[-41,-56],[72,-19],[36,105],[61,-45],[-44,93],[31,121],[73,-131],[88,113],[69,-1],[21,71],[-59,31],[84,69],[48,-87],[40,16],[-5,-56],[32,103],[-26,38],[110,94],[78,-12],[-17,60],[90,41],[31,104],[75,-98],[-37,-89],[54,2],[-6,144],[132,84],[69,206],[68,-4],[-20,102],[61,49],[23,-105],[33,11],[-48,122],[61,84],[63,-43],[5,92],[46,2],[-28,166],[154,-71],[53,-117],[22,140],[115,18],[-68,148],[53,43],[36,-68],[174,27],[-23,74],[45,43],[-42,108],[94,31],[16,133],[65,-22],[-46,141],[50,150],[192,-63],[-54,116],[-74,17],[9,47],[115,-60],[31,56],[82,-96],[48,127],[100,56],[55,-76],[-15,148],[141,-71],[-21,95],[96,74],[4,-92],[52,-13],[-7,116],[74,-46],[24,-127],[99,84],[-1,215],[72,-234],[174,-119],[102,107],[93,-71],[75,35],[26,110],[-36,117],[39,23],[39,-71],[-15,-191],[138,115],[-12,113],[62,70],[20,-133],[-118,-238],[74,-119],[104,-21],[196,186],[93,169],[-41,69],[127,-31],[-4,152],[112,8],[3,-84],[126,-110],[-2,122],[-72,119],[4,156],[134,-160],[27,191],[96,-45],[56,62],[2,-124],[75,-20],[26,48],[-34,104],[34,25],[54,-78],[68,4],[-116,-92],[-7,-87],[53,-84],[198,355],[151,-69],[92,67],[35,-129],[142,-12],[37,-157],[34,140],[-107,216],[69,32],[88,-191],[99,-5],[77,116],[-41,131],[41,118],[-105,-30],[60,117],[134,-57],[94,54],[37,-186],[34,226],[84,11],[21,-65],[-49,-124],[72,-187],[52,238],[141,28],[46,-107],[28,198],[177,-235],[47,65],[-12,179],[72,45],[104,-4],[-7,-176],[118,64],[43,167],[40,-51],[14,-216],[134,148],[118,-35],[53,96],[-65,221],[27,35],[106,-105],[32,-173],[129,12],[59,-56],[22,228],[102,-36],[79,281],[138,37],[-6,247],[180,114],[-102,238],[173,-32],[96,215],[-50,75],[-112,-102],[-2,106],[112,54],[136,249],[84,-30],[140,219],[78,-17],[141,-214],[178,-6],[52,-161],[84,298],[-13,232],[52,-12],[54,-150],[19,280],[154,15],[-77,-441],[98,-108],[284,168],[23,-86],[-75,-162],[16,-69],[95,70],[-15,293],[98,100],[-56,154],[93,-75],[64,71],[84,-113],[29,-136],[-62,-199],[49,-72],[69,60],[44,264],[54,-5],[62,-120],[66,146],[108,-31],[-48,186],[45,67],[318,-23],[220,-370],[60,61],[-5,203],[40,41],[201,-213],[-6,-267],[52,-231],[-163,-147],[1,-108],[128,-107],[-14,-134],[165,137],[56,-13],[-1,-120],[-114,-63],[58,-119],[190,-61],[62,153],[87,-514],[94,31],[40,189],[125,40],[-5,83],[-105,117],[86,254],[71,14],[63,-79]],[[50713,92195],[113,155],[88,-180],[-36,-150],[26,-86],[164,-293],[75,-13],[138,123],[104,323],[285,144],[242,342],[170,16],[-8,304],[119,299],[114,14],[68,225],[80,-57],[253,329],[89,32],[24,-68],[78,14],[236,477],[52,-91],[67,50],[129,-59],[-6,-189],[-141,-190],[2,-171],[-95,-57],[-10,-154],[-106,-190],[117,-142],[49,56],[20,-69],[125,-40],[95,-154],[-28,171],[102,119],[9,349],[48,-3],[75,220],[207,149],[25,167],[29,-38],[87,82],[133,-8],[108,111],[29,221],[135,274],[84,-55],[23,62],[135,-17],[83,243],[67,19],[68,284],[67,54],[78,420],[-69,185],[53,79],[-12,91],[-79,97],[115,206],[-14,120],[70,194],[-111,281],[66,224],[-1,412],[124,141],[86,9],[159,291],[41,-36],[77,112],[85,15],[69,-79],[45,62],[85,-77],[104,96],[171,-143],[82,38],[97,-163],[101,197],[-6,77],[192,-111],[148,205],[83,-86],[4,58],[46,-6],[2,139],[225,255],[77,-96],[-24,-137],[151,-14],[13,401],[165,38],[-1,116],[90,69],[-19,78],[150,157],[66,-44],[67,30],[35,100],[66,-34],[29,46],[173,-98],[52,-100],[182,110],[9,147],[204,-148],[57,121],[38,-59],[151,137],[25,296],[-46,40],[-9,123],[155,70],[344,-385],[195,-88],[464,222],[270,-66],[150,-637],[374,-561],[168,-118],[245,27],[181,109],[620,-121],[144,-205],[555,-340],[91,-322],[-30,-315],[-152,-462],[41,-878],[-391,-640],[-70,-365],[390,-512],[31,-249],[57,-92],[481,-470],[87,-233],[-2,-341],[104,-306],[26,-295],[242,-957],[76,-522],[114,-233],[279,20],[-34,-484],[180,-424],[17,-152],[-160,-343],[-84,-491],[112,-240],[48,-364],[-242,-309],[-185,-387],[-28,-216],[112,-759],[-83,-622],[81,-540],[53,-27],[136,113],[151,-302],[14,-210],[55,-110],[-116,-383],[47,-161],[-55,-313],[78,-268],[10,-299],[136,-281],[39,-628],[70,-189],[245,-160],[166,-284],[90,-537],[43,-32],[-40,-88],[-60,23],[16,-78],[75,-40],[-39,-70],[53,-77],[-43,-79],[145,-193],[92,-251],[205,-171],[-10,-294],[-55,-58],[13,-292],[76,-31],[-91,-151],[60,-170],[-30,-49],[97,-160],[65,83],[183,-165],[-41,-75],[-1,-205],[-78,-69],[38,-159],[-71,-4],[12,-118],[-54,-21],[-25,-140],[-91,5],[-16,-102],[-67,-67],[-35,48],[-46,-123],[-53,53],[74,-215],[-97,-20],[-4,-177],[-66,-123],[-58,-3],[41,-176],[-51,-8],[-6,-99],[-48,-19],[67,-123],[-32,-137],[122,-187],[-63,-136],[71,-63],[-20,-210],[-106,-91],[-85,47],[-86,-167],[-6,62],[-60,-79],[-92,61],[-7,-177],[79,-109],[-90,-59],[-52,52],[-117,-159],[-137,270],[-197,38],[-46,-49],[-93,80],[-122,-272],[75,-302],[-86,-69],[52,-186],[114,-113],[87,50],[22,-106],[75,-69],[31,67],[265,-152],[10,-71],[102,-63],[-25,-60],[59,-129],[-36,-57],[65,-93],[47,19],[158,-337],[64,12],[26,-134],[106,-147],[44,34],[79,-66],[73,-199],[179,21],[134,-78],[22,-145],[158,-46],[163,-261],[99,0],[80,-191],[-39,-134],[105,-168],[212,-25],[172,-222],[111,-210],[136,-539],[119,-216],[96,-450],[230,-428],[71,-387],[394,-53],[207,188],[936,-495],[295,-327],[156,-394],[303,-408],[92,-35]],[[95953,53802],[-586,-1902]],[[13865,26023],[51,106],[181,-79],[367,505],[254,-67],[51,72],[61,-48],[343,79],[83,75],[60,-35],[234,549],[127,17],[33,69],[30,-47],[127,23],[60,116],[101,34],[138,-106],[158,166],[35,139],[114,37],[75,-79],[85,30],[146,265],[55,5],[108,366],[72,98],[70,-5],[-13,108],[107,139],[136,36],[65,212],[130,156],[8,131],[177,67],[39,123],[145,95],[194,341],[7,160],[70,43],[-56,191],[23,171],[70,114],[-111,170],[31,73],[-28,42],[62,45],[-57,162],[22,118],[-90,11],[-7,295],[-63,33],[-13,129],[-51,33],[126,130],[-78,185],[96,113],[-62,149],[103,-15],[-24,59],[118,57],[-32,87],[59,-50],[29,180],[-38,45],[47,-3],[80,194],[-16,67],[-32,-20],[23,70],[68,-23],[-32,89],[71,-24],[12,75],[46,-36],[-8,117],[107,43],[24,92],[-52,132],[53,101],[42,20],[17,-74],[-6,80],[59,-4],[-49,114],[52,2],[-59,55],[121,210],[-2,122],[-60,58],[102,179],[37,-23],[-42,41],[45,76],[-35,43],[46,10],[-40,79],[63,14],[-29,109],[66,2],[-65,60],[58,59],[-36,131],[65,86],[-37,80],[41,63],[-73,79],[52,109],[-42,38],[3,135],[52,-5],[31,228],[-63,197],[57,83],[50,-21],[-55,82],[100,48],[2,71],[73,-36],[36,157],[67,56],[-3,85],[-41,14],[54,19],[-15,86],[52,-18],[11,97],[-90,-33],[31,111],[80,-11],[-22,89],[92,-18],[-25,96],[63,-40],[-40,233],[100,-22],[-83,125],[88,4],[25,199],[85,66],[-29,131],[-46,12],[59,49],[26,228],[63,67],[-52,77],[136,123],[-28,118],[102,-21],[-13,104],[-45,14],[52,44],[-52,38],[83,29],[-15,84],[64,38],[-17,73],[59,25],[-26,-102],[31,-14],[-4,162],[121,124],[-56,89],[119,-51],[-63,122],[5,120],[55,-8],[58,119],[39,-28],[-27,75],[83,-25],[15,-71],[61,27],[-56,209],[76,-53],[-34,124],[139,37],[77,166],[-58,86],[-25,-76],[-13,72],[65,65],[-66,74],[67,28],[11,133],[-51,39],[26,94],[60,3],[-19,-65],[59,25],[-23,356],[77,215],[-68,-62],[-9,190],[-46,44],[19,155],[69,138],[31,-104],[-3,119],[107,116],[-176,162],[87,25],[-78,119],[42,18],[54,-80],[-3,133],[-63,-6],[69,78],[-65,-20],[-41,62],[49,102],[-123,31],[-8,73],[51,-6],[-36,104],[-67,-28],[16,106],[-99,-1],[-2,-67],[67,28],[-21,-73],[-64,45],[39,167],[-55,56],[35,64],[-56,24],[-22,-53],[-56,126],[39,206],[-64,27],[-1,-71],[-29,19],[5,102],[54,35],[-80,72],[-8,-79],[-54,52],[95,124],[-75,28],[-12,66],[-103,-20],[766,1246],[-54,116],[-17,877],[-49,138],[71,687]],[[20703,45929],[89,-11],[14,208],[34,22],[72,-275],[315,-44],[-38,-90],[-150,6],[-36,-68],[30,-76],[182,-93],[15,-129],[-67,-123],[78,-103],[60,42],[-54,116],[145,215],[134,73],[18,-98],[-38,-78],[54,-11],[194,243],[49,165],[-49,189]],[[60991,41699],[207,314],[101,763],[80,105],[130,12],[189,-167],[250,-85],[200,33],[149,154],[475,271],[153,-21],[161,-120],[1426,483],[278,157],[72,100],[67,438],[147,227],[102,15],[162,-180],[98,5],[137,118],[60,189],[194,156],[89,178],[229,162],[35,-57],[126,245],[-33,208],[40,42],[24,241],[80,13],[178,211],[235,8],[45,50],[-29,57],[30,59],[61,-74],[79,126],[135,-42],[138,199],[27,-90],[67,10],[19,-118],[70,6],[-7,-90],[79,-25],[249,16],[143,180],[157,86],[257,-105],[104,19],[499,934],[125,564],[473,692],[299,569],[217,139],[116,152],[0,107],[-286,580],[-65,352],[-254,613]],[[69580,50883],[389,520]],[[92090,58164],[87,-24],[238,-280],[-214,-109],[-45,-116],[92,-659],[222,91],[61,-44],[120,244],[91,-58],[39,73],[113,-7],[-30,-257],[-124,-170],[-30,-128],[-127,-109],[24,-71],[-54,-128],[-104,114],[-191,-186],[46,-1985],[189,-185],[107,102],[66,-393],[102,-75],[87,-879],[-74,-327],[8,-297]],[[36556,1872],[-1078,261],[-6384,4244],[-3196,4024]],[[70629,42362],[254,699],[456,692],[895,1002],[906,1172],[237,835]],[[76314,46904],[112,-326],[-56,-238],[87,-16],[0,-135],[61,13],[75,-158],[54,41],[-8,-128],[80,-138],[39,52],[-57,112],[74,14],[119,-167],[-45,-104],[114,-80],[31,-173],[93,-56],[150,47],[11,-174],[-86,-115],[67,-46],[-22,-81],[219,-175],[84,220],[122,18],[39,-47],[-32,-209],[137,-88],[105,163],[196,52],[148,118],[5,145],[-113,205],[-13,267],[-106,364],[68,118],[55,-68],[150,71],[-39,178],[32,65],[73,58],[1324,5],[108,195],[177,-110],[135,28],[192,480],[36,196],[-44,334],[163,460],[7,321],[167,225],[11,247],[144,55],[1651,-7]],[[84401,28511],[-1265,-63],[-1214,-1091],[-3268,-2418]],[[70579,52413],[-22,267],[111,56],[43,96],[-23,102],[-175,-52],[-73,-87],[-808,4],[19,89],[-166,4],[-123,216],[-90,0],[-174,135],[-101,-42],[-202,196],[-114,-103],[-102,-269],[-100,22],[-291,349],[-207,152],[-134,377],[-291,296],[-498,-53],[-347,-553],[-193,-117],[-147,187],[13,618],[-93,84],[-149,-129]],[[57482,15278],[-3,-441],[-256,-431],[26,-162],[-42,-171],[-133,-304],[-303,-333],[-8,-77],[145,-346],[-134,-171],[-152,-420],[-100,-103],[-193,224],[-257,144],[-136,-110],[-90,-219],[-118,31],[-70,-54],[-7,-469],[-178,-182],[-6,-86],[192,-126],[18,-141],[-183,-217],[-8,-73],[174,-327],[-10,-198],[126,-73],[-8,-135],[-120,-281],[-150,224],[-78,-26],[-27,-264],[-78,-71],[-65,-346],[-108,-215],[43,-183],[-223,41],[-155,-147],[-168,97],[-105,-218],[-9,-278],[86,-238],[-162,-315],[53,-248],[30,-668],[-178,-58],[-329,-263],[-180,32],[-261,-67],[-83,138],[93,376],[-78,47],[-696,-398],[-492,5],[-137,-42],[-62,-87],[-56,28]],[[79206,52719],[-69,-305],[-135,-1619],[-59,-71],[-31,-201],[46,-120],[-82,-77],[17,-411],[-78,-28],[8,-84],[52,22],[32,-216],[-153,-227],[-25,-176],[-59,-24],[0,-145],[-152,-100],[23,-108],[-82,-65],[16,-155],[-52,-40],[56,-96],[-113,-106],[-39,100],[-83,-6],[-47,126],[-173,-7],[-92,109],[-104,-111],[-257,8],[-115,-335],[-77,-11],[-21,53],[-28,-192],[-65,-24],[-5,-570],[121,-432],[-187,-406],[-79,48],[-21,181],[-179,246],[-108,-119],[-493,-121]],[[76314,46904],[-103,13],[33,-126],[-103,-100],[-70,70],[-103,-37],[-82,62],[-46,-16],[20,-79],[-69,82],[-58,-25],[74,90],[-76,4],[-30,79],[40,6],[-67,47],[-98,-154],[-102,85],[-79,-72],[-46,80],[30,83],[-144,113],[14,80],[-72,-73],[-29,84],[2,-172],[-58,87],[-50,-131],[-21,113],[-66,-151],[18,-83],[-77,161],[-64,7],[25,-130],[-88,92],[-145,-253],[-32,85],[-49,-4],[-21,-100],[-77,101],[-47,-69],[16,-154],[-83,123],[-6,-120],[-83,-17],[-7,-84],[-100,62],[-13,-103],[-49,102],[-32,-142],[-101,114],[61,55],[-86,54],[40,93],[-86,-120],[-235,47],[38,-22],[-6,-52],[-77,39],[61,85],[-107,54],[-11,-82],[-155,77]],[[82261,54577],[-15,-998],[-129,-153],[-175,-69],[-218,-235],[-54,2],[-41,-215],[-251,-178],[-23,-138],[-39,-8],[35,-130],[-70,5],[-30,-81],[-216,100],[-308,-71],[-9,103],[-192,-213],[44,-73],[-70,-137],[-234,-81],[-219,407],[-155,33],[-128,221],[-128,-12],[-83,96],[-139,-101],[-208,68]],[[79206,52719],[153,48],[151,203],[135,-68],[100,414],[129,157],[-17,62],[-67,100],[-99,3],[-20,78],[-152,-105],[-179,166],[-434,-138],[-241,23],[-43,49],[-1,379],[82,116],[-108,-29],[-62,123],[-47,-188],[-191,-6],[-90,-72],[-426,-620],[-138,152],[-753,24]],[[64595,47519],[-21,-128],[172,-127],[-8,-131],[299,-242],[-69,-27],[48,-117],[-45,-35],[106,-249],[63,-14],[15,-109],[-155,-137],[-325,-39],[-197,25],[-130,135],[-171,41],[-94,-230],[-137,-53],[35,-129],[-22,-191],[-116,-65],[-5,-97],[-78,-49],[-54,-243],[-90,19],[-99,-155],[12,-107],[110,-132],[-121,-124],[-198,66],[-30,-211],[-144,-63],[-187,186],[-34,253],[-194,-24],[-36,-113],[26,-219],[-161,-199],[-27,-188],[-56,-43],[-146,212],[-11,-196],[-131,-257],[-109,16],[98,129],[6,109],[-48,96],[-83,19],[-99,-89],[-209,14],[-123,-90],[-39,-222],[-334,-28],[-434,-1549]],[[64595,47519],[-147,111],[-110,-92],[-90,94],[-105,-35],[-29,120],[-182,75],[-91,167],[-173,26],[-204,174],[-55,123],[58,417],[-95,208],[-12,541],[-2451,2413],[-183,-16],[-431,-376],[-156,-36],[-186,61],[-445,714],[-593,266],[-491,567],[-129,253],[-481,232],[-152,187],[-47,-131],[-46,-2],[-98,49],[-97,179],[-78,-45],[-30,122],[-84,56],[44,125],[-154,134],[-1,81],[-165,63],[28,183],[-21,74],[-10,-54],[-28,59],[-98,-58],[-34,158],[-119,-3],[-49,123],[37,226],[-41,39],[-23,-67],[-27,-20],[15,42],[-52,16],[34,49],[-125,83],[-15,233],[-143,4],[16,62],[-63,14],[9,77],[21,-37],[12,7],[-17,192],[-44,91],[-21,-43],[-10,212],[-78,76],[24,89],[-74,85],[103,147],[-58,67],[3,270],[-76,40],[11,101],[-44,-22],[-49,165],[-50,8],[-7,132],[35,-19],[36,153],[-279,270],[82,219],[-112,74],[34,162],[-118,86],[44,38],[-37,90],[51,43],[-57,99],[52,70],[-46,96],[43,72],[-26,278],[56,186],[-114,207],[33,54],[-42,78],[-136,1],[-26,-95],[-41,10],[0,60],[-95,45],[-98,378],[-79,59],[-32,-38],[12,203],[-63,47],[-58,207],[37,31],[-43,196],[38,42],[-118,164],[-1,284],[-118,136],[-241,66],[-51,82],[-328,-2],[-290,239],[-61,133],[-438,203],[-90,143],[110,648]],[[53268,62662],[167,-105],[166,140],[88,311],[185,151],[34,672],[172,168],[124,5],[92,-85],[92,-148],[42,-279],[151,-120],[337,-94],[262,250],[99,-8],[-9,-216],[112,-234],[-53,-218],[-25,-716],[167,-373],[16,-409],[95,-183]],[[63346,55679],[346,-476],[252,-608],[111,-467],[71,-1057],[114,-122],[166,-52],[429,47],[115,-134],[126,3],[-7,418],[43,217],[588,316],[312,566],[130,-72]],[[66142,54258],[62,-195],[-49,-823],[90,-266],[178,-158],[-5,-156],[72,-281],[-48,-333],[35,-301],[93,-110],[389,-198],[307,-383],[370,20]],[[67636,51074],[0,-1879],[-217,-376],[-221,-124],[303,-365],[64,-378],[118,-43],[-107,-48],[-50,89],[-156,10],[-7,76],[-109,-155],[-112,68],[0,110],[-47,21],[-97,-110],[48,-50],[-50,-171],[38,-118],[99,-9],[-51,-61],[26,-55],[241,-77],[96,144],[358,-130],[-150,-153],[-109,-219],[-193,-58],[23,133],[85,-4],[12,257],[-62,-25],[-63,-152],[-190,-27],[-243,81],[-193,251],[-276,81],[-484,-113],[-155,56],[-205,-251],[-250,165],[-204,290],[-256,-205],[-295,-31]],[[15305,17354],[-1656,282]],[[17761,26739],[205,-99],[98,45],[159,556]],[[15305,17354],[163,120],[92,149],[593,315],[255,-85],[153,314],[99,7],[138,-155],[77,66],[80,243],[217,52],[145,123],[254,-176],[126,-3],[49,114],[84,32],[102,283],[88,93],[157,-77],[222,49],[121,92],[103,199],[103,-41],[152,46],[29,-47],[323,278],[215,7],[479,701],[549,440],[263,557],[68,17],[53,-127],[117,167],[132,43],[152,794],[151,-64],[85,-403],[135,-188],[-1,-192],[115,-130],[150,-26],[47,21],[5,107],[88,-95],[58,99],[3,63],[-78,42],[17,53],[136,-48],[39,167],[-143,63],[86,124],[-5,145],[97,137],[-53,120],[1964,-38]],[[22573,14576],[-1431,1792],[-5837,986]],[[339,22262],[166,776],[240,336],[-98,166],[18,222],[296,144],[338,53],[184,-100],[113,128],[150,-60],[200,41],[89,-191],[206,69],[190,-52],[392,58],[216,186],[378,19],[260,-185],[141,-307],[633,-420],[299,67],[313,199],[286,-32],[175,169],[199,61],[129,285],[212,245],[127,42],[135,-41],[82,-350],[-189,-86],[-8,-406],[83,-72],[350,-749],[296,-41],[205,-153],[567,163],[156,-350],[193,-235],[-94,-256],[165,90],[242,-20],[185,236],[240,-119],[140,87],[181,395],[528,56],[215,195]],[[9199,18397],[-2346,403],[-6514,3462]],[[57482,15278],[5,683],[-81,169],[72,149],[215,112],[144,-12],[64,163],[-6,129],[83,-22],[23,128],[88,98],[32,-42],[24,113],[146,122],[15,100],[181,8],[34,96],[49,-56],[69,71],[36,-33],[81,125],[1,282],[57,57],[32,165],[-89,50],[1,169],[-135,56],[-13,79],[29,-11],[-73,123],[39,-2],[-22,56],[72,101],[59,-12],[-26,60],[35,-25],[35,223],[128,38],[-52,49],[46,13],[-2,146],[146,42],[70,113],[15,146],[190,-3],[-104,131],[5,83],[69,5],[-40,46],[49,92],[-58,71],[-43,-59],[-10,114],[-59,16],[21,101],[-55,24],[44,26],[-64,35],[124,106],[64,-105],[39,97],[42,-75],[48,49],[104,-150],[0,148],[138,22],[-45,46],[38,173],[-51,-5],[20,177],[-72,-41],[-4,54],[-27,-57],[8,61],[-206,61],[86,92],[-48,299],[-53,28],[45,126],[-34,-4],[64,98],[50,-36],[-23,89],[31,-15],[17,125],[-109,93],[-5,246],[-115,-4],[-43,65],[87,68],[0,215],[46,55],[-63,68],[84,161],[-37,211],[248,102],[17,93],[25,-41],[38,71],[61,-82],[92,224],[13,-75],[93,128],[-39,53],[30,30],[-82,34],[45,40],[-27,129],[41,-61],[2,99],[45,-76],[83,105],[55,-51],[14,67],[37,-25],[53,226],[128,56],[-46,33],[63,61],[-1,74],[-42,-56],[44,89],[-68,54],[8,70],[-65,-2],[23,110],[-42,5],[69,63],[-2,96],[-60,14],[-9,216],[52,94],[-90,49],[-1,121]],[[67187,7924],[-17,-96],[-137,-50],[-276,60],[-35,-44],[-66,314],[-138,142],[-54,198],[-245,10],[-134,-86],[-152,60],[-170,515],[36,177],[-130,193],[38,130],[-201,291],[27,62],[108,-1],[-66,385],[-227,0],[-228,122],[-138,-167],[68,-354],[-308,242],[-35,121],[92,258],[-66,391],[-93,41],[-69,150],[-18,394],[53,324],[-29,133],[-107,112],[-272,46],[-188,267],[-300,-373],[-43,14],[-76,207],[-67,-1],[-59,616],[-41,-27],[-91,127],[-83,-2],[-282,292],[-56,310],[-131,158],[-13,123],[70,170],[-71,239],[38,42],[-76,153],[-292,395],[-239,158],[-134,8],[-198,322],[-122,88],[-4262,-5]],[[9199,18397],[-77,213],[64,179],[-17,339],[83,110],[53,-11],[46,125],[-19,500],[-65,88],[66,109],[-16,271],[-38,224],[-92,184],[122,175],[108,9],[-3,177],[150,-24],[146,83],[74,213],[-23,56],[156,-25],[-96,137],[67,95],[-48,71],[30,37],[-7,793]],[[9863,22525],[57,36],[116,-59],[77,94],[115,-3],[58,305],[-63,249],[39,184],[218,-51],[60,34],[-8,103],[79,72],[357,-101],[344,150],[-29,498],[84,103],[77,-48],[102,104],[51,-138],[136,5],[112,282],[53,-1],[215,-221],[110,-24],[0,-140],[-90,-263],[66,-103],[219,142],[29,253],[258,-186],[70,704],[98,-34],[134,172],[99,-130],[91,72],[103,409],[183,150],[40,150],[97,68],[46,216],[199,445]],[[13865,26023],[245,-78],[76,-197],[126,-112],[96,-33],[111,97],[215,-55],[51,149],[209,22],[81,103],[127,-131],[14,282],[76,126],[472,35],[77,79],[102,-35],[146,-219],[102,46],[9,-209],[83,-198],[50,-5],[32,131],[207,-171],[56,88],[110,-30],[250,100],[46,47],[57,378],[86,63],[148,-47],[163,146],[119,226],[154,118]],[[17761,26739],[69,-1819],[-145,-233],[34,-162],[-121,-182],[12,-63],[-39,48],[6,-70],[-118,-145],[35,-71],[-54,-152],[47,27],[19,-49],[-35,-71],[14,-169],[-45,-46],[21,-151],[-98,-206],[42,-21],[-38,-66],[71,-116],[-68,29],[11,-56],[-39,-82],[18,61],[-69,19],[27,-55],[-32,6],[-7,-73],[53,-35],[-52,-5],[35,-62],[-50,12],[40,-91],[-147,-70],[-38,-221],[-26,58],[-31,-33],[7,-145],[-39,38],[-25,-145],[-33,2],[36,-51],[-25,-51],[-161,-101],[27,-62],[-120,-53],[8,-70],[-171,-38],[29,-87],[-77,-112],[-1,94],[-49,-16],[-36,-122],[-37,31],[-3,-93],[-46,-5],[36,-93],[-75,22],[0,-213],[-137,157],[-123,-16],[-7,-122],[-31,40],[-37,-68],[-126,-13],[-16,-45],[43,-16],[-75,-27],[5,-148],[-27,22],[-26,-54],[31,17],[5,-62],[-45,-22],[69,-52],[-110,-63],[5,-113],[-43,17],[-18,-87],[-56,-66],[-34,38],[-61,-108],[29,-141],[-61,-22],[31,-75],[-57,-54],[28,-55],[-98,-138],[-65,-10],[-17,-126],[-97,-97],[-19,-95],[-280,-211],[40,-59],[-47,1],[-116,-200],[-31,-81],[38,13],[8,-79],[-47,26],[-3,-105],[-180,-65],[-143,-326],[-109,34],[-30,-194],[-43,51],[-12,-91],[-23,53],[-90,-194],[-68,-16],[18,-63],[-65,-44],[-8,-120],[-51,49],[-26,-70],[-3,77],[-15,-109],[-25,70],[-108,-63],[-100,-198]],[[13649,17636],[-4450,761]],[[78461,55422],[81,-329],[-16,-410],[-83,-318],[-196,-158],[-490,-118],[-495,-358],[-358,-107]],[[84051,52022],[92,305],[219,361],[140,148],[193,-5],[106,584],[-205,-165],[-165,-10],[-300,317],[-207,423],[-5,136],[-71,145],[-254,270],[-201,-31],[-455,-266],[-135,-17],[-542,360]],[[82261,54577],[-845,486],[142,232]],[[88860,54780],[-26,-757]],[[24328,21694],[-174,207]],[[24154,21901],[-11,344],[43,184],[-81,226],[-24,317],[171,163],[255,98],[81,117],[140,451],[237,291],[65,193],[-58,707],[136,512],[-19,172],[62,60],[58,246],[13,486],[64,100],[-78,181],[9,1929]],[[31024,31253],[3594,61]],[[83294,59991],[-214,143],[-236,410],[-141,24]],[[44038,63660],[-95,27],[-41,171],[-75,53],[-4,227],[-96,110],[-450,-9],[-14,90],[-74,-52],[-61,78],[-60,-25],[-30,243],[148,10],[-57,104],[-9,295],[-450,-255],[-85,-141],[-52,82],[-211,-54],[-69,-90],[36,-136],[-77,-2],[-64,-88],[3,-81],[-78,-52],[-6,140],[73,88],[-20,56],[-93,48],[-269,399],[-119,461],[-100,80],[-92,-31],[-367,-435],[-77,-313],[54,-330],[-166,-362],[-233,-82],[-75,-244],[-156,-50],[-144,59],[-271,-164],[-326,136],[-39,-35],[-69,-404],[-150,38],[-173,-158],[-416,-105],[-176,-154],[-450,-47],[-216,-168],[-93,14],[-99,34],[-103,156],[-302,-28],[-155,57],[-30,199],[-125,139],[-182,76],[-162,198],[-96,-8]],[[23635,61209],[915,7477],[-30,393],[131,283],[-2,492],[209,314],[-65,277],[1,355],[-127,475],[101,599],[91,123],[10,132],[-214,440],[75,12],[-61,70],[67,144],[-55,2],[-4,71],[-23,-51],[-66,142],[42,-41],[17,121],[80,17],[-69,39],[71,6],[6,74],[-84,-49],[-25,108],[-118,-23],[-47,95],[31,120],[-51,82],[-81,82],[-37,-40],[-2,70],[-42,-42],[17,46],[-67,39],[-10,98],[-33,-42],[-14,63],[-54,-1],[8,137],[-45,29],[81,47],[-60,37],[53,17],[-48,116],[37,33],[-47,15],[35,41],[-268,245],[85,168],[-35,96],[-58,-24],[0,91],[-51,-9],[-16,152],[-83,-23],[24,49],[-87,113],[31,87],[-67,-23],[19,95],[-57,-3],[50,77],[-39,0],[-3,65],[89,25],[-44,63],[57,-19],[38,272],[37,-29],[-14,48],[70,40],[-14,75],[53,43],[-33,46],[47,-2],[-12,90],[75,115],[-66,41],[24,79],[-45,63],[-50,-27],[-13,125],[-82,58],[66,288],[-128,221],[33,279],[-184,57],[-8,113],[-134,128],[-75,-19],[-98,135],[-69,-29],[-59,90],[-41,-19],[-268,452],[-91,-12],[-10,73],[-111,92],[-97,-25],[-91,318],[-132,-24],[-80,52],[-42,-67],[-175,134],[-84,263],[-55,6],[-28,115],[-116,98],[-66,179],[-63,36],[-36,164],[-307,279],[-59,202],[104,300],[-3,1627]],[[40670,55397],[225,-27],[-16,-59],[98,30],[25,-54],[5,96],[19,16],[-13,-70],[42,-48],[24,88],[69,-42],[-14,82],[67,-18],[-6,-56],[57,65],[87,-38],[11,-74],[46,176],[31,-46],[34,67],[46,-101],[96,64],[-10,-60],[48,-42],[83,137],[79,-56],[39,36],[50,-116],[98,90],[46,-95],[78,24],[37,-141],[30,66],[145,-23],[-8,113],[75,118],[70,-54],[-10,44],[124,47],[54,-78],[7,195],[54,2],[-22,84],[39,-4],[-26,70],[71,-7],[3,105],[106,96],[-56,116],[70,133],[-31,163],[91,92],[-59,60],[1,76],[83,45],[-39,150],[63,143],[36,-61],[63,41],[16,220],[75,27],[33,164],[36,-24],[90,78],[21,118],[101,36],[-66,233],[84,59],[46,160],[59,-8],[-47,80],[109,185],[-29,76],[71,75],[-11,155],[115,187],[-54,49],[90,40],[53,-58],[-20,89],[70,65],[19,149],[99,-106],[6,238],[80,25],[-27,100],[57,39],[-17,119],[74,48],[18,94],[102,-31],[-63,107],[27,66],[111,-67],[64,107],[28,-74],[34,63],[20,-69],[59,25],[16,170],[95,-63],[-35,-135],[100,-5],[184,208],[20,-138],[149,143],[36,-26],[7,-172],[114,-155],[134,10],[-119,324],[-147,224],[-103,366],[20,186],[171,145],[80,-22],[246,-297],[72,-340],[5,-487],[196,-290],[148,-85],[314,29],[219,206],[195,276],[200,519],[260,242],[244,332],[46,204],[288,-235]],[[44779,47166],[42,-110],[-18,-196],[-208,-215],[-75,-179],[-53,-362],[94,-264]],[[44327,45824],[-5546,-8]],[[40670,55397],[-150,-27],[-18,85],[-159,-150],[-100,34],[-149,-129],[-207,88],[-206,-131],[-162,225],[-307,51],[-159,-83],[-129,-171],[-175,-660],[17,-274],[-39,-210],[-145,-197],[-131,-58],[-34,-120],[22,-200],[-175,-171],[-64,-183],[39,-940],[168,-163],[292,-42],[205,-198],[-74,-394],[-102,-252],[-184,-221],[-86,-213],[71,-331],[40,-873],[-8,-68],[-142,19],[-90,-275],[156,-319],[30,-156],[-35,-221],[-115,-94],[-211,187],[-518,260],[-289,465],[-48,-141],[33,-65],[-47,-35],[7,-103],[-42,-2],[146,-203],[-25,-37],[33,-143],[30,9],[-6,-151],[41,-18],[38,-177],[39,22],[-27,-43],[66,-23],[62,-170],[252,-89],[71,-134],[-1,-207],[64,-28],[-52,-117],[82,-80],[-2,-144],[72,-17],[-1,-104],[55,-3],[25,-109],[53,19],[134,-289],[132,10],[76,-135],[154,-40],[98,-138],[20,-55],[-101,-216],[3,-315]],[[38781,45816],[76,-342],[52,-80],[12,38],[-1,-97],[104,-200],[-29,-108],[55,-230],[-90,-292],[6,-234],[-758,-266],[-25,69],[-64,-2],[5,130],[-58,40],[-26,-54],[-2,61],[-21,-44],[-260,79],[-189,-106],[-14,84],[-78,-25],[-56,71],[-17,-73],[-177,90],[-50,-48],[-142,59],[-5,96],[-161,119],[12,-72],[-78,-92],[15,-86],[-54,44],[-56,-51],[74,-84],[-58,-25],[-1,-127],[-76,9],[-58,-165],[-63,87],[-57,-1],[29,-57],[-92,9],[8,-89],[-50,-43],[22,-142],[-285,335],[-218,82],[-178,-70],[-113,-222],[-412,-26],[-190,-394],[-258,156],[-182,-71],[-162,-146],[-293,-452],[-324,-278],[-164,-305],[-71,-388],[-67,-93],[-226,24],[-70,-86],[-16,77],[-131,13],[-99,226],[-83,-42],[-91,-375],[36,-351],[-81,-169],[72,-152],[-54,-311],[38,-244],[-273,-311],[28,-399],[-44,-219],[-77,-57],[-86,174],[-82,-11],[-32,-283],[-89,-50],[-318,-561],[0,-218],[-113,-139],[-62,-188],[31,-510],[-155,-707],[76,-251],[-56,-356],[80,-151],[-8,-76],[-78,-86],[-91,32],[-214,-238],[79,-149],[-73,-448],[221,-103],[-268,-551],[300,-331],[-6,-212],[-114,-319],[175,-400],[-34,-141],[79,-315],[-27,-275],[30,-200],[-115,-99],[-201,188],[-168,-123],[-95,-302],[83,-408],[-42,-358]],[[31024,31253],[-45,-134],[-312,-143],[-23,-206],[-259,-283],[-79,-177],[-103,4],[-339,-246],[-141,14],[-107,-138],[-103,2],[-77,-177],[-87,-49],[-42,-227],[-119,-48],[-289,-316],[-28,-126],[54,6],[18,-63],[-49,-215],[102,-212],[5,-202],[-49,-35],[-176,17],[-210,-153],[-82,83],[15,140],[-94,-23],[-226,101],[-32,-60],[23,-128],[-71,-105],[-284,-2],[-33,65],[38,117],[-167,336],[-87,9],[-34,-131],[-401,146],[-188,-307],[-94,0],[-140,149],[-183,66],[-94,-54],[-176,-308],[-45,-33],[-132,107],[-164,-194],[-88,-25],[-48,26],[-17,127],[116,271],[34,293],[-368,520],[-204,-200],[-123,-454]],[[25217,28678],[-451,34],[-416,-263],[-159,-192],[-99,-376],[-90,-88],[-176,24],[-158,222],[-245,82],[-202,-44],[-83,92],[-377,-138],[-159,-288],[11,-447],[-80,-309],[-139,-40],[-129,159],[-79,-20],[-93,78],[-135,-36],[-126,-272],[-279,144],[-184,-211],[-39,140],[-148,64],[-20,-226],[-175,-83],[-54,-251],[-291,195],[-287,-31],[-64,210],[-46,16],[-180,-146],[-88,-268],[-88,-19],[-62,230],[-47,-6],[-68,-210],[-338,-80],[-39,230],[-235,69],[-18,243],[-66,91],[-430,-47],[-163,95],[-84,167],[-116,69]],[[18223,27241],[40,413],[220,293],[96,277],[218,122],[88,174],[186,73],[98,-32],[137,591],[176,115]],[[29221,50823],[83,69],[91,239],[137,20],[309,-531],[285,-274],[98,-211],[218,59],[140,371],[273,-24],[163,158],[125,1],[160,109],[255,-224],[82,-336],[82,-77],[430,50],[88,97],[285,75],[28,1010],[170,419],[-46,110],[-176,125],[-10,169],[109,405],[-236,310],[-9,144],[129,51],[517,-151],[244,74],[117,132],[136,2],[124,206],[-52,190],[117,201]],[[37660,59687],[199,129],[194,-46],[109,-260],[-56,-296],[20,-141],[137,-147],[243,-97],[169,-22],[139,80],[159,400],[207,122],[179,-168],[184,-73],[214,-274],[163,9],[603,506],[119,231],[23,336],[-127,369],[37,252],[-190,763],[40,276],[167,110],[283,-194],[620,77],[215,-112],[64,-199],[-14,-572],[45,-256],[139,-242],[220,-53],[-28,-339],[-191,-230],[-12,-132],[214,-263],[143,23],[154,-71],[-84,-157],[-291,-142],[-106,126],[-137,-85],[-109,208],[-237,32],[-76,-93],[-123,-368],[-576,-357],[-12,-145],[177,-259],[32,-151],[-45,-230],[-200,-156],[-122,-359],[184,-491],[-165,-422],[34,-235],[92,-146],[-10,-356]],[[49473,22772],[2642,-17],[-51,-123],[59,-103],[-57,-99],[37,-64],[-58,-112],[53,-226],[-17,-80],[-31,15],[151,-333],[-32,-105],[61,-202],[-41,-132],[38,-32],[32,-268],[-66,-52],[-10,-127],[57,-146],[56,70],[-23,-146],[51,52],[22,-56],[-59,-126],[65,-128],[-84,-93],[50,-76],[-24,-52],[41,34],[-37,-171],[141,-68],[102,-195],[-21,-193],[42,-113],[-81,-65],[14,-467],[110,-158],[202,25],[11,-164],[148,-115],[82,-185],[-64,-252],[112,-360],[-141,-388],[-22,-181],[77,-250],[-128,-251],[-15,-367],[-47,-105],[144,-342],[11,-345],[111,-606],[-27,-289],[60,-155],[-48,-316],[39,-338],[-66,-267],[-202,-237],[-133,-254],[-103,-391],[-135,-144],[12,-361],[-49,-404],[-89,-170],[-59,-286],[95,-233],[180,-167],[36,-336],[-95,-231],[169,-189],[134,-263],[213,39],[79,-69],[77,-312],[305,-501],[-55,-100],[-281,-123],[-66,-263],[-121,-195],[-335,216],[-136,-14],[-58,-326],[-110,-211],[56,-242],[-33,-193],[-284,-208],[49,-117],[-32,-196]],[[52073,6883],[-52,-175],[-130,-58],[-172,82],[-169,-68],[-67,176],[-90,44],[-307,-269],[-43,1],[-129,260],[-183,22],[-306,-212],[-133,-262],[-131,5],[9,-261],[-137,-415],[115,-794],[-93,-295],[-99,-128],[-52,-178],[-132,7],[-81,-105],[-69,-200],[39,-123],[-189,-133],[21,-127],[-101,-227],[-184,-22],[-35,-38],[19,-130],[-51,-62],[-254,-118],[-240,164],[67,345],[-128,84],[44,253],[-116,292],[5,199],[-218,232],[-212,-104],[-330,-326],[-49,-113],[-148,-11],[-44,-113],[-47,-13],[-131,167],[-132,64],[-39,-38],[5,-451],[-59,-253],[75,-157],[49,-383],[-124,-35],[-64,93],[-51,-111],[-89,-8],[-59,31],[-19,185],[-90,6],[-187,203],[-233,71],[-253,-162],[-47,-115],[-167,-34],[-8,-407],[-86,-60],[-155,-426],[-36,-34],[-115,79],[-35,-127],[-80,29],[-118,-168],[-48,5],[-101,189],[-40,267],[-131,-19],[9,132],[-193,241],[-180,30],[-108,300],[-217,286],[-318,102],[-90,-12],[-97,-132],[-363,78],[-281,-212],[-176,70],[-218,-29],[-138,163],[-128,-22],[36,-164],[-132,-38],[-64,140],[-129,-59],[-66,86],[-121,-81],[-192,162],[-34,-125],[106,-129],[34,-150],[-14,-372],[-176,-210],[-86,-238],[-316,-391],[-33,-266],[-205,-82],[-279,-249],[-130,72],[-84,-133],[-343,-280],[-39,-160],[-189,-184],[-187,-35],[-96,60],[-38,-46],[9,-272],[-168,-221],[-2913,1872]],[[36556,1872],[240,663],[-64,575],[104,442],[-58,189],[74,68],[-22,201],[-93,15],[-105,141],[155,550],[-40,247],[61,273],[-73,168],[11,141],[87,229],[157,148],[54,350],[180,5],[58,262],[131,49],[20,58],[-134,137],[-25,135],[160,112],[11,121],[162,-132],[178,366],[67,-85],[50,21],[-35,186],[67,242],[-93,144],[-38,243],[101,141],[8,135],[-169,267],[-179,455],[140,335],[24,208],[135,73],[57,105],[-77,386],[211,301],[17,350]],[[35570,21329],[0,336],[56,293]],[[69969,51403],[190,189],[499,-7],[-7,422],[-37,100],[-36,-22],[31,230],[-30,98]],[[70579,52413],[514,46],[80,451],[270,264],[172,-65],[89,-137],[14,-150],[106,13],[56,120],[-21,318],[49,51],[-44,1],[-75,277],[-140,140],[-8,195],[93,217],[-10,192],[-109,120],[-179,-5],[-433,143],[-313,263],[-134,-23],[-70,82],[-11,412],[-179,323],[-38,863],[-128,104],[-145,913],[-57,72],[21,36],[-110,33],[-52,219],[-223,197],[-8,237]],[[72374,57508],[130,-345],[-97,-101],[8,-310],[-98,-87],[23,-103],[83,-51],[160,26],[168,-201],[91,-210],[79,69],[77,-67],[76,26],[36,-128],[197,-154],[52,-131],[265,54],[256,-96],[161,-239],[62,-256],[-23,165],[387,114],[157,122],[217,-69],[81,64],[421,-8],[524,-138],[-70,-120],[23,-151],[104,-121],[20,-163],[58,-28],[15,-261],[50,-58],[66,58],[48,-282],[-249,-298]],[[72035,49750],[-99,220],[-292,-14],[-222,103],[82,152],[-30,96],[-95,30],[80,183],[-1,231],[-1048,38],[-441,614]],[[73377,46762],[-51,96],[33,25],[-110,-2],[16,65],[-52,57],[-74,-162],[-125,133],[-105,-120],[-62,27],[4,120],[-96,40],[-45,151],[-78,40],[-26,-98],[-64,57],[-58,-38],[-45,57],[36,177],[-63,73],[-107,-46],[-108,201],[-62,-22],[-158,-400],[-103,87],[-117,-72],[-18,-74],[-246,100],[-130,-133],[0,1376],[152,135],[149,263],[199,165],[138,347],[34,363]],[[72035,49750],[165,322],[241,132],[194,43],[109,-113],[126,67],[121,195],[388,58],[602,208],[212,658],[-9,191],[203,515],[-49,317],[46,233],[-63,271],[1372,1177],[239,6]],[[75932,54030],[221,-58],[473,-394],[278,46]],[[76904,53624],[-16,-34]],[[76888,53590],[-51,-106],[-105,32],[-34,-111],[-181,-133],[-112,-217],[-78,-1],[-96,-130],[78,-273],[137,-246],[-32,-93],[-153,-125],[6,-284],[-108,-237],[52,-145],[-20,-294],[-106,-118],[-462,555],[-217,-215],[-37,-114],[55,-183],[-33,-207],[91,-38],[55,-248],[-135,-47],[-219,-497],[-298,-347],[-178,-92],[-19,-355],[-118,-381],[13,-333],[-70,-182],[5,-367],[-1090,-1184],[-51,-112]],[[80758,56798],[-1,-136],[84,-46],[171,-298],[135,-156],[325,-191],[182,-291],[210,-209],[239,24],[577,-327],[-47,-87],[-218,-7],[-327,216],[-492,67],[-38,-62]],[[81558,55295],[-183,-83],[-501,286],[-372,59],[-873,503],[-393,-28],[-284,-115],[-275,-213],[-216,-282]],[[78461,55422],[-208,-308],[-55,-231],[-41,25],[-57,-116],[-133,-71],[-32,79],[49,14],[-71,96],[101,21],[-35,59],[-273,255],[-76,-73],[-93,46],[-86,288],[-63,-178],[-89,-9],[-180,160],[-137,27],[-151,233],[-198,139],[-181,1],[-155,-133],[-22,120],[-57,36],[-46,1],[-17,-123],[-77,-53],[-214,64],[-362,-16],[-83,37],[-55,221],[-12,-132],[-69,-85],[-202,-16],[-78,90],[105,66],[-25,93],[-223,225],[-213,91],[-101,345],[-192,307],[-104,80],[-68,180],[-209,289],[-23,145],[-287,332]],[[70629,42362],[2146,-3327],[1061,-2]],[[68258,9377],[-161,-61],[-14,-185],[-109,-94],[9,-70],[-71,-91],[-179,3],[-171,125],[-43,-121],[5,-266],[-100,-201],[7,-409],[-244,-83]],[[67187,7924],[-98,25],[-150,376],[-133,128],[-80,181],[-93,499],[34,58],[-17,195],[37,-7],[107,342],[61,39],[-55,166],[-43,12],[-13,292],[-51,72],[-4,174],[81,106],[-20,168],[48,205],[-55,82],[68,132],[-66,145],[60,42],[-4,88],[141,272],[-20,59],[164,227],[68,202],[14,155],[-40,112],[-38,-10],[0,290],[-78,171],[94,134],[-22,67],[42,46],[-40,-4],[27,44],[-42,91],[51,225],[-148,332],[17,164],[-80,94],[62,-11],[-16,73],[-107,-4],[-41,160],[66,-46],[11,49],[-38,15],[-1,103],[-77,-4],[24,95],[-37,88],[35,44],[-65,56],[-4,-51],[-74,7],[-24,-86],[30,136],[-96,33],[12,157],[-84,-63],[-21,84],[-50,-22],[11,67],[-81,-52],[-67,329],[75,18],[-19,110],[131,292],[-14,138],[91,23],[-46,73],[49,-17],[108,165],[127,-10],[46,209],[58,6],[-99,48],[79,133],[51,-55],[122,18],[-8,95],[106,-48],[-53,178],[104,49],[-33,115],[73,62],[42,-39],[-33,209],[102,-61],[40,136],[81,-78],[59,178],[-11,148],[105,-25],[-54,65],[-7,127],[140,-95],[-46,119],[56,99],[-45,84],[36,97],[-71,12],[42,130],[-173,99],[44,104],[-59,114],[-26,272],[-39,105],[-91,59],[2,139],[297,759],[18,208],[-184,281],[113,346],[-49,231],[-244,67],[-78,223],[-82,16],[4,-97],[-163,73],[-70,-89],[-91,184],[-58,11],[-4,313],[-108,-7],[-242,220],[63,66],[134,-108],[43,158],[151,-4],[-15,119],[-93,124],[209,-22],[-17,203],[62,101],[81,14],[-33,-148],[42,-64],[33,38],[52,154],[-47,254],[75,124],[-12,254],[76,-88],[17,162],[127,102],[57,-45],[-8,-181],[87,-7],[44,181],[-56,196],[86,-78],[159,128],[-98,104],[-91,-80],[-24,392],[47,47],[92,-52],[55,157],[48,-104],[24,109],[66,1],[3,66],[-104,-11],[-43,61],[117,123],[213,19],[-107,187],[11,149],[48,-84],[41,164],[145,-78],[68,72],[45,150],[-121,260],[185,-33],[-52,170],[96,121],[108,-134],[8,255],[-72,258],[286,171],[-86,131],[-140,18],[-85,224],[59,198],[-35,256],[80,66],[66,214],[-137,376],[-143,138],[127,83],[-3,98],[-100,66],[-114,-153],[-11,151],[68,113],[-191,92],[9,130],[106,-23],[183,394],[-174,36],[-207,-203],[-148,58],[-75,444],[211,114],[-66,88],[-146,35],[-79,240],[-134,184],[33,173],[127,93],[129,-51],[285,80],[-11,221],[-163,261],[-19,185],[-96,118],[26,146],[-194,-104],[-47,-656],[-136,-208],[-288,45],[-183,-88],[-154,27],[-627,261],[-259,292],[-207,22],[-378,-251],[-223,-246],[-54,-244],[15,-234],[-59,-64],[-15,-137],[-79,57],[-81,-60],[-171,84],[-191,1],[-132,-203],[-142,-99],[-100,30],[-230,-199],[-115,-289],[-195,29],[-101,243],[-81,8],[-95,-78],[36,-173],[-75,-93],[-68,43],[10,-155],[-204,-176],[-139,113],[-96,-64],[-113,57],[-4,63],[-60,-52],[-39,212],[-49,-48],[-35,55],[-125,1],[-44,-17],[17,-43],[-31,54],[-29,28],[-113,-100],[-57,92],[-122,-68],[-25,-106],[-135,-19],[-54,68]],[[66058,36156],[123,368],[374,746],[411,259],[459,655],[434,401],[1464,1883],[458,405],[138,306],[568,759],[142,424]],[[51532,54377],[-161,347],[-462,524]],[[48252,61687],[-99,103],[-41,444],[-64,72],[-65,-31],[-35,-201],[-106,-127],[-95,78],[18,113],[-72,-125],[-90,129],[0,-187],[-46,-72],[-97,82],[-114,-20],[-81,-111],[42,-136],[-23,-93],[-187,-115],[-69,46],[-33,170],[130,378],[-191,123],[-144,-7],[-29,-62],[21,-164],[167,-25],[-83,-304],[-129,26],[-119,229],[-90,-30],[-172,-214],[-71,-1],[-72,194],[122,387],[-145,89],[-45,124],[136,60],[109,213],[-128,168],[-240,-100],[-57,-197],[-140,-41],[-116,180],[-11,-49],[-45,56],[-124,-71],[-353,98],[-65,-127],[-95,133],[-124,33],[-89,-372],[-177,-104],[-23,371],[-184,22],[-53,93],[-94,721],[-234,124]],[[44038,63660],[-1,6065]],[[47937,66698],[114,-59],[349,81],[154,-95],[140,-501],[-23,-814],[55,-115],[198,-124],[290,107],[152,-65],[267,532],[275,170],[141,-63],[-80,-827],[151,-351],[-64,-495],[30,-131],[248,82],[161,199],[258,-20],[145,264],[417,259],[120,-180],[22,-169],[-135,-704],[61,-170],[198,-263],[15,-162],[149,-2],[118,-223],[98,166],[206,-156],[162,-43],[123,82],[44,363],[42,92],[52,-2],[450,-224],[227,-379],[1,-96]],[[53268,62662],[-201,-52],[-81,-108],[-187,5],[-12,-368],[-356,144],[-78,-216],[211,-774],[9,-251],[69,-91],[95,4],[20,-80],[-41,-348],[171,-246],[-15,-174],[98,-288],[-43,-229],[66,-67],[323,-51],[122,-222],[-13,-171],[-104,-199],[-147,47],[-31,-58],[-88,60],[-77,-26],[-146,-215],[-370,26],[79,-451],[112,-36],[0,-112],[67,-82],[44,-190],[82,-38],[-58,-314],[53,-241],[-31,-82],[70,-171],[167,-100],[7,-116],[181,-156],[22,-123],[201,-122],[16,-71],[-53,-79],[64,-145],[7,-270],[36,-48],[157,-36],[30,118],[98,36],[40,-36],[-29,-100],[74,75],[45,-65],[-19,-90],[-61,77],[-42,-76],[-1,-241],[-101,28],[-16,-210],[194,-83],[33,-148],[76,-15],[-5,-123],[116,-53],[-45,-78],[107,-74],[78,-212],[47,65],[0,116],[58,-123],[60,75],[74,-246],[-73,-113],[46,-111],[64,-15],[31,245],[27,-185],[98,15],[-11,-89],[55,-35],[-4,-199],[50,90],[70,-127],[20,-247],[-148,-67],[-99,40],[-21,-226],[-112,-231],[-4,-191],[90,-77],[-132,-239],[5,-262],[220,-79],[69,-166],[112,95],[140,-119],[40,-113],[-95,-2],[-35,-86],[232,-98],[86,-181],[28,-222],[207,212],[47,-73],[4,-165],[48,-15],[99,269],[44,-132],[-20,-173],[175,-215],[-55,-54],[-26,84],[-130,-1],[158,-271],[-33,-418],[248,-407],[178,-62],[68,39],[37,121],[240,4],[170,-150],[-1035,-125],[-201,401],[-18,439],[-173,86],[-339,-25]],[[95367,51900],[-7618,-24115],[-173,-207],[-191,-53],[-30,-271],[-99,-244],[-438,-446],[-289,-692],[-18,-679],[267,-1057],[306,-512],[139,-9],[114,-122],[267,-625],[239,-226],[206,-376],[177,-454],[57,-352],[-22,-615],[139,-313]],[[88400,20532],[-1994,-57],[-226,63],[-190,455],[180,231],[70,184],[-193,321],[197,104],[-42,255],[63,212],[107,131],[69,451],[-73,95],[-142,-29],[-54,132],[-102,34],[-43,-8],[-41,-140],[-48,117],[-104,-13],[-87,262],[-89,-19],[-242,660],[-324,248],[-62,97],[-43,247],[-92,-10],[-97,216],[-51,461],[-218,265],[-148,326],[-52,250],[20,391],[-57,321],[44,382],[174,602],[14,196],[-123,546]],[[84401,28511],[14,63],[-41,-1],[-36,158],[-77,10],[-69,198],[-83,62],[-74,358],[73,255],[53,-28],[124,248],[160,77],[51,303],[-28,31],[105,366],[-26,23],[81,87],[-23,40],[95,230],[-1,66],[-71,56],[82,100],[-92,221],[34,85],[-63,-25],[-52,68],[-30,202],[48,17],[-16,84],[68,-4],[-58,90],[51,207],[-32,21],[53,32],[-48,41],[68,29],[-38,120],[59,49],[-46,111],[-11,-98],[-86,25],[45,56],[-17,262],[30,-34],[-37,137],[23,43],[32,-72],[57,87],[-105,198],[-1,75],[36,-1],[-45,85],[98,91],[-67,199],[34,187],[48,42],[-54,180],[-61,13],[30,95],[-59,-14],[48,96],[-52,54],[41,94],[-55,-12],[-38,71],[101,26],[-59,41],[52,52],[-17,120],[78,414],[-44,-9],[1,126],[-48,27],[20,63],[-48,78],[-60,-12],[17,143],[-41,78],[31,77],[-32,16],[37,99],[85,24],[-24,210],[57,86],[-59,136],[64,87],[-38,79],[68,-45],[2,125],[76,-16],[21,85],[-76,23],[-29,84],[15,53],[16,-58],[50,19],[-17,137],[36,-11],[14,84],[-83,37],[48,34],[21,164],[-32,56],[40,58],[37,-145],[7,73],[94,0],[43,107],[62,-13],[-33,-59],[86,68],[83,-79],[-8,72],[65,118],[49,-5],[8,77],[-147,34],[37,100],[120,76],[-89,138],[149,16],[33,81],[-42,131],[76,-30],[25,171],[198,-85],[-5,229],[175,-138],[-50,234],[-39,-33],[-18,67],[326,81],[17,153],[104,38],[-100,179],[186,60],[27,-141],[81,137],[88,-80],[-20,170],[57,103],[89,-95],[76,64],[-128,58],[28,109],[137,-29],[-25,93],[32,75],[184,1],[-77,265],[118,-82],[3,177],[115,111],[-31,177],[56,37],[6,184],[164,109],[-130,260],[195,47],[10,225],[39,-97],[66,66],[-135,333],[66,-41],[20,71],[74,-10],[64,79],[-29,182],[49,81],[42,-152],[45,59],[60,377],[-24,201],[73,143],[65,-31],[38,111],[-56,-1],[16,74],[-59,17],[111,45],[-21,422],[65,134],[54,9],[-75,300],[40,48],[145,-50],[57,64],[6,64],[-90,112],[5,175],[89,79],[61,-93],[28,49],[-67,281],[72,33],[-14,177],[119,-85],[41,68],[-36,303],[168,90],[3,81],[147,33],[24,114],[-61,52],[90,248],[-15,76]],[[87257,51730],[-45,49],[-30,-49],[-118,173],[31,248],[76,139],[-31,124],[1068,31],[43,1128],[130,129],[240,-26],[115,111],[-5,164],[103,72]],[[88834,54023],[46,-273],[112,-80],[75,66],[443,-26],[283,496],[128,-75],[89,95],[106,-20],[48,55],[53,268],[92,170],[20,291],[65,193],[-9,274],[1015,-1],[36,-289],[-100,-6],[-62,-354],[10,-301],[63,-74],[16,-181],[-27,-163],[144,-141],[71,-203],[228,200],[187,-71],[161,-986],[296,-473],[366,-113]],[[92789,52301],[63,-251],[90,-84],[96,-280],[145,-64],[32,-126],[158,33],[73,-149],[-25,-217],[75,-189],[79,74],[175,-98],[103,143],[198,-16],[78,199],[92,48],[-30,246],[44,56],[146,-54],[137,79],[234,-84],[186,214],[140,-49],[198,181],[91,-13]],[[82498,83640],[1676,0],[-16,-2335],[66,-136],[0,-206],[82,-44],[49,-188],[2,-612],[-101,-296],[9,-272],[79,-300],[-54,-251],[11,-398],[168,-219],[338,-156],[328,-410],[-63,-277],[150,-376],[5,-239],[-117,-146],[23,-373],[-69,-78],[49,-15],[2,-131],[61,-5],[5,-97],[51,-35],[-32,-5],[62,-172],[-27,-43],[187,-137],[61,-188],[168,-13],[119,-324],[114,-55],[69,-181],[42,41],[-5,-115],[78,-17],[24,-133],[26,47],[99,-71],[0,-114],[78,30],[49,-121],[9,74],[57,-52],[57,50],[-34,-102],[37,-123],[42,26],[62,-133],[56,81],[117,-94],[28,-163],[-111,-46],[59,-29],[-27,-270],[199,-277],[19,-97],[-77,-87],[-12,-134],[36,-44],[-52,-134],[96,-159],[33,65],[85,-12],[155,-246],[-10,-117],[64,-97],[-24,-90],[129,-66],[17,-123],[73,-31],[-10,-95],[266,34],[104,89],[78,-115],[-5,-106],[45,41],[88,-134],[80,-5],[-6,-142],[47,47],[47,-187],[201,-244],[51,200],[151,169],[-30,200],[174,21],[79,130],[-5,160],[119,167],[46,-34],[97,105],[90,-47],[44,-103],[-12,-169],[59,-97],[141,-48],[59,-128],[-56,-196],[62,-75],[34,-171],[-36,-75],[-39,21],[-63,-437],[-66,-80],[44,-106],[-66,-225],[54,-184],[115,-43],[-25,-134],[107,-41],[-20,-197],[117,41],[145,-51],[-28,-136],[38,-62],[132,-46],[52,89],[307,-127],[155,-403],[134,2],[-47,-191],[124,65],[46,-58],[45,58],[74,-95],[94,86],[13,-266],[68,-192],[-47,-116],[77,-32],[79,-152],[109,117],[50,-79],[122,49],[38,-41],[120,141],[72,-70],[-40,-163],[237,-55],[78,-159],[99,-27],[-23,-216],[112,111],[39,-106],[118,-30],[29,-171],[189,115],[23,-217],[67,-12],[34,152],[86,-19],[12,-130],[82,-45],[-75,-134],[38,-91],[110,88],[121,-186],[48,81],[-9,98],[71,-5],[153,-142],[71,203],[162,-115],[28,210],[88,-53],[-23,-146],[92,-55],[152,135],[19,-200],[71,131],[81,-101],[39,107],[46,-121],[-77,-101],[74,-104],[-28,-86],[211,20],[71,-220],[76,102],[90,-2],[31,-183],[104,-69],[-66,-229],[250,-660],[226,90],[201,-440],[313,-133],[268,-364],[320,-7],[148,102],[159,-69],[69,-116],[30,-234],[-64,-270],[-207,-406],[5,-208],[42,-69],[301,-81],[29,-149],[72,-59],[109,-30],[198,74],[128,-54],[85,292],[159,1],[240,295],[110,-37],[168,-221],[191,136],[171,-183],[219,309],[135,-84],[142,26],[161,373],[234,104],[157,266],[117,-31],[118,142],[497,132],[28,236],[-22,-321],[-27,-90],[-572,-1121],[-338,-315],[-569,-317],[-141,-160]],[[82408,48932],[209,259],[373,110],[99,114],[194,459],[10,252],[-286,669],[460,613],[112,114],[124,26],[259,411],[89,63]],[[84051,52022],[63,-253],[-87,-160],[11,-135],[112,-37],[158,126],[471,-94],[209,191],[80,-10],[174,-162],[36,-288],[117,-150],[133,54],[52,245],[137,40],[66,-121],[204,-88],[81,-125],[42,-180],[202,-231],[50,-336],[118,49],[128,-32],[-24,153],[69,227],[57,7],[124,-187],[152,445],[131,-16],[14,323],[164,218],[-70,95],[32,140]],[[87257,51730],[292,-118],[60,84],[76,-120],[272,-70],[-14,-345],[153,-126],[2,-136],[-71,-119],[-230,82],[-239,-58],[-72,-466],[57,-107],[-36,-68],[74,-50],[34,-292],[-31,-97],[-63,5],[-66,-133],[-46,6],[15,-140],[-36,-95],[-81,-40],[-18,-114],[-367,-77],[-60,-150],[-123,20],[-132,-113],[32,-87],[-29,-63],[40,-131],[138,-61],[-10,-203],[106,57],[-39,-112],[94,17],[72,-184],[50,68],[60,-242],[104,-91],[-1,-73],[53,1],[-13,-88],[72,-48],[14,-157],[140,-205],[-72,-200],[84,-118],[145,-53],[64,-265],[65,-57],[33,-223],[184,-29],[79,124],[243,-91],[242,-1187]],[[88557,45192],[-179,62],[-15,-64],[-98,82],[-46,-93],[-97,196],[-72,-101],[-67,16],[-27,-180],[-167,15],[-71,-165],[-69,32],[-79,-271],[-256,-116],[-97,-191],[-157,32],[-65,-353],[-104,14],[-34,69],[-103,-111],[-133,18],[-76,128],[-78,-21],[-108,181],[-247,-201],[-234,288],[-168,-96],[-81,29],[-54,119],[82,2],[15,178],[-126,342],[31,181],[-28,208],[206,444],[2,134],[-48,113],[-189,-32],[-25,221],[-155,294],[59,414],[-108,285],[-425,361],[-86,314],[-174,237],[-3,164],[251,693],[-132,-36],[-97,284],[-173,-10],[19,218],[-110,-63],[-99,35],[-125,-360],[-85,-107],[-282,179],[-157,-51],[9,-215],[-39,-111],[-55,-42],[-79,60],[-128,-235],[-188,-37],[-89,-245],[-113,216],[-221,-47],[-255,40],[-6,102],[-67,-39],[-3,56],[231,80],[137,179],[-339,18]],[[72374,57508],[-90,22],[-90,261],[-207,290],[-514,77],[-121,186],[-318,175],[-75,-91],[-51,48],[-36,237],[-665,-38],[-194,107],[-32,-81],[23,-158],[-298,-15],[-150,-193]],[[69556,58335],[-74,-28],[-92,-208],[-96,-80],[-245,2],[-197,-83],[-229,36],[-76,-257],[-309,144],[-75,104],[-13,174],[187,486],[-265,489],[-55,356],[-94,201],[-213,129],[-287,-114],[-356,118],[-224,-219],[-318,-50],[-158,-96],[-72,-76],[-124,-341],[-144,-130],[-283,-82],[-485,-299],[-621,-72],[-178,-270],[-360,-193],[-198,-433],[-65,-828],[-200,-688],[-109,-218],[-182,-130]],[[63346,55679],[-289,124],[-435,28],[-171,177],[-218,389],[-271,143],[-569,-42],[-25,143],[128,543],[-26,367],[-77,228],[-457,107],[-270,221],[-271,-165],[-472,-26],[-292,339],[-242,709],[-121,88],[-586,-60],[-307,33],[-350,-418],[-220,-75],[-116,-145],[-139,-52],[-116,-167],[-349,-231],[-116,-5],[-92,161],[78,443],[-85,571],[-213,833],[-120,299],[-169,77],[-157,-127],[-369,8],[-244,-110],[-167,83],[-22,311],[176,509],[-3,181]],[[55582,61171],[289,43],[223,-48],[198,127],[165,-79],[295,8],[139,129],[109,342],[67,28],[271,-127],[73,28],[185,257],[95,27],[315,-291],[239,78],[115,-48],[98,-214],[68,-351],[264,-271],[116,-12],[408,506],[100,-60],[127,-261],[127,-128],[396,-91],[447,137],[251,-47],[45,264],[102,-31],[176,169],[455,175],[94,114],[180,526],[134,109],[209,9],[42,110],[117,48],[40,96],[103,-12],[125,138],[44,-63],[250,33],[83,-85],[153,115],[87,-54],[173,15],[33,75],[71,-42],[101,50],[161,227],[123,-3],[216,215],[72,34],[22,-52],[159,102],[90,-32],[37,108],[42,-42],[140,84],[12,127],[46,-1],[46,106],[90,-7],[-20,67],[39,46],[78,39],[57,-99],[130,163],[45,-26],[131,91],[82,-118],[76,224],[109,-65],[43,78],[26,-97],[56,58],[55,-78],[68,254],[53,12],[-35,27],[190,152],[1,200],[157,-80],[99,49],[-113,179],[38,34],[29,268],[144,212],[142,-200],[-3,-223],[51,26],[20,-63],[228,249],[77,248],[155,97],[-88,120],[32,67],[89,-92],[46,89],[-48,20],[14,66],[205,126],[42,-35],[-32,-160],[164,-17],[46,120],[102,-32],[115,-161],[159,195],[85,19],[31,131],[108,129],[54,13],[48,-103],[40,142],[65,-101],[109,17],[94,188],[67,-26],[41,141],[-39,148],[88,102],[27,-77],[91,9],[13,57],[89,-51],[41,-354],[118,89],[211,-39],[20,-127],[-43,-60],[202,-590],[54,-52],[103,132],[150,68],[-66,377],[46,-50],[391,91],[-22,265],[-217,790],[65,449],[-3,638],[-53,137],[-222,112],[-69,232]],[[69606,68354],[8,424],[-244,211],[-123,573],[-201,39],[-46,159],[-119,18],[-91,104],[209,344],[-19,122],[-147,253],[-98,55],[123,225],[-7,182],[120,482],[93,96],[-59,217],[85,228],[-76,153],[76,91],[-67,164],[179,77],[19,70],[-7,271],[-87,153],[88,63],[7,90],[-47,79],[-161,-1],[22,237],[-40,148],[56,274],[115,120],[-24,203],[103,139],[-57,121],[7,319],[66,338],[288,311],[110,471],[186,51],[-7,174],[149,38],[268,262],[173,-3],[153,186],[138,-7],[245,114],[74,274],[-47,100],[35,141],[306,-136],[61,149],[139,11],[88,-80],[115,63],[155,-120],[75,-252],[149,11],[43,-73],[221,-86],[299,96],[54,-240],[-36,-220],[58,-58],[-13,-65],[138,-195],[134,47],[55,-60],[37,-339],[271,-66],[6,-380],[197,-133],[-95,-219],[179,-72],[-74,-80],[42,-396]],[[75915,65239],[-333,-351],[-358,-162],[-672,145],[-131,-394],[-115,-83],[-59,-146],[-86,-6],[-78,-278],[102,-187],[-204,-352],[-163,-26],[-56,-109],[126,-261],[89,-1],[50,-180],[-150,-267],[79,-73],[29,-200],[-64,-167],[87,-152],[-125,-88],[50,-117],[-140,23],[-13,-141],[-188,-119],[145,-339],[-217,-170],[-119,-650],[262,-2345]],[[73663,58043],[-540,-162],[-120,169],[-228,76],[-160,-251],[-204,-139],[-37,-228]],[[73836,39033],[178,336],[-50,253],[2347,-3],[191,434],[143,523],[112,165],[206,45],[304,-183],[146,-14],[831,477],[1551,-3436],[-133,-270],[-28,-330],[-156,-417],[-5,-362],[100,-160],[16,-232],[153,-61],[427,209],[83,-205],[93,23],[149,-153],[-1,-398],[-140,-454],[-111,-129],[-37,-238],[-96,-219],[4,-486],[49,39],[39,-55],[-35,-223],[98,-62],[-48,-109],[74,43],[95,-172],[64,-10],[-42,-229],[84,-25],[53,-162],[90,42],[-3,-272],[121,24],[23,67],[50,-44],[-93,-163],[48,21],[-6,-226],[87,11],[-10,-60],[121,-42],[59,-96],[-4,-320],[247,-124],[-18,-329],[82,0],[71,-212],[-7,-60],[-56,34],[-6,76],[-1,-121],[126,-44],[44,-175],[57,-1],[17,-109],[44,2],[-86,-41],[16,-341],[80,-40],[9,-69],[29,33],[-20,-59],[64,-152],[-66,-124],[68,-68],[-148,-262],[126,-139],[-190,-34],[-77,-210],[16,-55],[69,57],[87,-85],[-20,-175],[-49,-46],[113,-73],[-20,-69],[105,-126],[-42,-71],[117,-232],[-28,-47],[58,-71],[-6,-202],[-30,-110],[-1663,5],[-33,-101],[-89,-36],[-166,105],[-303,53],[-114,100],[-81,-20],[-82,-178],[-107,6],[-92,96],[-25,192],[-58,-24],[-24,59],[-155,-399],[-61,-381],[-239,-30],[-32,-117],[-167,-115],[27,-130],[-156,-418],[150,-133],[27,-124],[-107,-170],[1,-66],[155,-94],[-92,-288],[152,-162],[17,-397],[83,47],[28,-166],[58,-26]],[[78654,24939],[-4655,-2774],[156,-164],[111,-300],[24,-155],[-39,-66],[111,-501],[-27,-526],[-81,-463],[30,-567],[-164,-449],[39,-289],[-60,-153],[-4,-252],[99,-277],[-68,-236],[222,-264],[98,51],[171,-57],[-11,-132],[150,-258],[-17,-125],[-45,-5],[35,-122],[159,-96],[-53,-269],[212,-311],[-80,-189],[17,-139],[44,-26],[-80,-115],[91,-29],[-18,-222],[131,-91],[4,-123],[73,-71],[-14,-100],[54,-110],[113,-67],[-138,-64],[-9,-82],[169,-127],[-5,-204],[49,-186],[67,-44],[-118,-230],[-8,-319],[-175,-226],[37,-109],[20,107],[43,-31],[22,-296],[-42,-43],[-108,94],[163,-268],[-176,-147],[151,-184],[-33,-82],[51,37],[-19,120],[48,-38],[13,-111],[-95,-153],[84,-156],[49,-284],[-67,-47],[-53,54],[-132,-96],[-33,-131],[67,-184],[-53,-45],[20,-87],[-149,-233],[37,-85],[-112,-32],[34,-187],[72,-161],[57,-15],[-75,-126],[-66,-1],[14,-54],[136,-103],[-4,-112],[73,-54],[175,135],[-23,-125],[-74,-52],[20,-127],[250,-372],[43,102],[55,-85],[1,-75],[-132,5],[-18,-109],[25,-146],[55,24],[17,-83],[-71,22],[34,-302],[-66,-132],[41,-80],[138,6],[35,-56],[-29,-125],[-98,31],[-4,-154]],[[75562,8474],[-6569,-17],[-129,33],[-133,346],[-5,258],[-243,140],[-180,-21],[-45,164]],[[68258,9377],[145,181],[25,121],[355,37],[461,-383],[87,27],[166,220],[-118,325],[-27,483],[117,127],[200,2],[57,106],[-75,265],[19,302],[-211,274],[259,395],[-103,329],[122,420],[17,704],[-7,72],[-50,-3],[-30,221],[-91,77],[-28,-60],[-89,59],[90,194],[7,205],[-49,29],[57,207],[-11,79],[-145,66],[-16,204],[275,-14],[99,267],[173,129],[37,-111],[-52,-130],[14,-140],[32,-52],[92,42],[95,-161],[93,-20],[32,-177],[142,-285],[232,-316],[3,-356],[62,-124],[15,-270],[77,-101],[372,148],[129,-46],[65,-120],[291,96],[151,353],[-6,233],[-176,158],[-122,204],[-1,303],[68,208],[-123,190],[22,444],[-34,129],[-171,13],[-192,-129],[-590,554],[-91,232],[-120,43],[-6,63],[54,181],[44,-7],[56,986],[128,108],[-5,208],[51,41],[78,309],[-28,227],[-52,28],[-29,118],[42,102],[-47,41],[55,58],[-15,55],[95,17],[-62,12],[32,72],[-90,206],[32,227],[-89,12],[86,74],[-64,71],[49,101],[-67,41],[55,110],[-61,69],[-40,465],[-55,47],[-60,293],[106,113],[-45,144],[77,13],[-21,68],[140,101],[12,102],[81,15],[1,144],[265,-53],[-89,146],[22,145],[121,68],[16,73],[163,-8],[-24,92],[-75,8],[16,139],[-74,-6],[84,113],[-19,191],[-82,73],[21,76],[-87,50],[-3,-84],[-75,181],[54,161],[58,21],[-37,128],[161,-122],[-6,107],[226,134],[48,-39],[-28,136],[40,59],[-10,109],[-57,75],[41,72],[-81,-7],[-56,114],[46,265],[32,-104],[119,-20],[109,243],[73,-37],[122,87],[29,52],[-42,95],[68,130],[-49,85],[49,-15],[58,93],[2995,-3],[-21,5110],[191,270],[-96,207],[-126,99],[24,249],[-42,178],[46,252],[76,68],[-21,245],[-275,147],[12,325],[-175,-9],[-100,190],[63,88],[-33,75],[34,130],[143,105],[-15,92],[63,52],[-15,115],[68,184],[140,50],[11,141],[51,25],[6,155],[-111,82],[14,90],[-139,149],[59,54],[47,224],[162,67],[-67,118],[93,292],[-208,127],[17,126],[64,-2],[5,136],[-34,-22],[-75,125],[-72,-29],[-61,147],[-89,-119],[-165,46],[19,52],[-62,51],[-27,170],[39,151],[27,-55],[74,39],[-22,33],[40,-1],[28,138],[-43,-4],[-35,107],[-28,-65],[-10,124],[-37,2],[37,84],[-58,-5],[34,16],[-1,220],[64,-25],[-35,50],[17,108],[53,0],[-90,146],[39,57],[-55,26],[53,110],[-36,71],[66,-20],[0,95],[63,-54],[-12,87],[-59,39],[23,120],[92,15],[-3,136],[68,-6],[6,93],[80,1],[84,132],[5,74],[-50,-18],[7,110],[-19,-56],[-56,34],[30,184],[-95,-61],[62,108],[-46,123],[46,75],[-44,75],[76,131],[86,-36],[51,224],[-60,59],[48,69],[-120,54],[58,25],[-7,133],[129,190],[-411,-288],[-505,-84],[-316,-534],[-68,-34],[-20,-103],[-135,-14],[-18,-105],[-69,-5],[-213,199],[-176,-31],[-268,92],[212,191],[37,300],[216,91],[141,-15],[155,617],[151,258],[250,264],[-47,157],[112,274]],[[92586,61703],[807,256],[139,-252],[118,-95],[259,495],[327,-5],[318,-194],[121,-192],[325,-26],[142,125],[92,-84],[60,74],[-52,-212],[50,-147],[-122,-116],[372,5],[28,203],[77,-35],[20,-151],[160,134],[334,-110],[-41,288],[357,112],[244,-111],[-20,114],[194,120],[111,303],[187,-37],[320,328],[-36,197],[132,159],[123,-60],[21,-132],[125,51],[121,-169],[159,18],[82,138],[-29,-115],[119,-30]],[[98330,62550],[-133,-358],[-45,-319],[-253,-522],[18,-90],[340,-187],[-2304,-7272]],[[95953,53802],[-159,88],[-78,178],[-198,-3],[-239,179],[-48,88],[-22,296],[-151,225],[-135,-98],[-300,76],[27,154],[-39,98],[150,329],[8,177],[133,391],[-34,112],[19,201],[-116,111],[-126,-88],[-30,32],[92,101],[81,675],[45,49],[141,57],[88,113],[113,-32],[170,131],[256,-106],[74,-107],[145,348],[-13,199],[141,585],[124,247],[244,54],[64,127],[-111,62],[-179,-45],[-203,-285],[-105,173],[-59,-5],[-284,-253],[-273,227],[132,149],[-3,175],[70,84],[25,144],[-131,-9],[-48,129],[-216,-100],[-38,-93],[-202,-15],[-84,-163],[-318,-149],[-69,95],[-410,-33],[-35,295],[-70,38],[-153,-102],[-227,141],[-232,366],[-403,-96],[-205,189],[-12,203],[-80,57]],[[38071,10892],[-2010,-20],[-48,-261],[-97,-60],[-6,-97],[-146,95],[-12,-125],[-62,28],[4,-183],[-36,130],[-56,25],[-4,-150],[-125,87],[-73,-74],[-22,89],[55,49],[-77,123],[-62,-67],[-54,110],[-50,-98],[-33,177],[-51,29],[-29,-95],[-38,226],[-59,60],[18,93],[-78,109],[-154,-69],[-20,49],[-109,-19],[57,49],[-20,155],[-49,23],[-38,-82],[-30,170],[-85,-4],[8,62],[-43,19],[-125,-22],[-37,93],[-33,-39],[-30,124],[-61,-96],[-80,168],[-79,-56],[-18,163],[-82,-100],[38,227],[-77,-23],[-12,71],[-90,-65],[-79,123],[-52,1],[6,-69],[-137,38],[-70,118],[-42,-42],[-83,124],[-72,-7],[98,112],[-79,37],[-9,196],[-30,-17],[-36,171],[-50,38],[33,148],[-108,35],[35,105],[-86,14],[2,120],[-117,9],[-11,289],[-111,30],[9,99],[-60,88],[-113,-98],[-78,193],[-134,37],[-33,150],[-119,-38],[29,115],[-101,-30],[-135,79],[-77,-104],[-102,-28],[10,78],[-78,-21],[35,126],[-74,43],[30,26],[-25,130],[-76,-66],[-3,85],[-45,14],[22,86],[-151,-32],[20,-76],[-91,66],[-36,-66],[-65,66],[-42,-73],[-64,84],[-144,-102],[-240,172],[-32,-75],[-79,53],[-39,-55],[-62,41],[-14,-55],[-5,80],[-70,-20],[-68,148],[-144,26],[9,83],[-65,43],[-41,-83],[-67,26],[-1,46],[-21,-3],[-70,-166],[-128,122],[-68,-125],[-87,19],[-33,-111],[-244,-129],[-225,70],[-97,112],[-211,30],[-581,-354],[-85,11],[-160,-327],[-132,-3],[-57,-116],[-125,-86],[64,-205],[-68,-391],[117,-284],[-61,-439],[58,-102],[-349,-440],[-25,-258],[44,-127],[-156,-341],[-43,-208],[-330,-252],[-90,-162],[38,-131],[-54,-19],[-272,21],[-51,186],[-58,26],[-157,-174],[-188,-49],[-81,-89],[-260,171]],[[25898,10401],[-3325,4175]],[[22573,14576],[81,520],[-75,387],[65,95],[24,264],[-77,146],[3,139],[173,89],[21,167],[111,179],[75,12],[145,273],[130,-50],[143,217],[43,-26],[135,149],[78,148],[-23,138],[96,224],[162,37],[82,231],[-154,206],[-57,180],[192,284],[-27,234],[167,501],[141,252],[-88,122],[22,192],[166,134],[-116,371],[143,247],[-35,425],[102,224],[-93,407]],[[24328,21694],[34,186],[127,46],[49,105],[-3,136],[-162,143],[-20,191],[410,259],[-7,104],[71,73],[-10,66],[156,231],[297,18],[85,60],[128,-33],[115,127],[37,-55],[51,28],[186,184],[140,273],[58,1],[96,-133],[186,-5],[32,-452],[99,-110],[89,25],[35,-185],[101,108],[62,-162],[105,216],[127,3],[21,-118],[-115,-184],[49,-93],[207,171],[77,-60],[23,-118],[78,42],[68,-101],[78,62],[42,-121],[77,-4],[84,-129],[179,31],[167,-83],[157,117],[433,-187],[190,156],[224,-6],[288,-316],[69,-162],[-31,-144],[183,-181],[-48,-156],[181,-35],[49,-193],[84,45],[117,-101],[124,277],[-82,240],[20,248],[144,163],[28,-129],[129,-75],[10,-67],[78,62],[69,-81],[68,69],[41,-90],[150,12],[232,158],[263,-157],[428,347],[111,-91],[29,-179],[93,7],[64,99],[80,-65],[89,142],[173,-8],[112,203],[129,48],[231,-277],[257,8],[106,-118],[123,74],[73,-89],[55,-183],[-20,-106],[75,-75],[33,-257],[-154,-164],[107,-90],[38,117],[87,-33],[301,101],[289,-158],[157,93],[119,-98],[4,-131],[94,-208],[-35,-183],[126,-84],[41,30],[151,-510],[165,-95],[204,263],[64,247],[264,253],[114,352],[-14,243]],[[35570,21329],[179,-109],[151,-224],[329,2],[201,91],[61,190],[-59,675],[123,129],[-12,58],[139,235],[42,-12],[12,110],[158,157],[14,122],[132,-12],[28,77],[98,-1],[62,76],[172,5],[51,-55],[72,149],[88,-51],[30,154],[40,82],[69,3],[4,83],[7,21],[40,-61],[58,31],[-50,30],[55,69],[36,-84],[67,57],[60,-46],[-17,-72],[58,-1],[-8,-64],[43,22],[-1,-68],[59,0],[44,-94],[-32,-142],[56,-230],[135,25],[41,-45],[-5,-227],[203,-109],[16,-203],[111,-250],[-67,-156],[48,-70],[-83,-2],[31,-129],[50,46],[-9,-94],[49,-29],[-64,-15],[4,-23],[137,-99],[22,60],[30,-71],[44,40],[76,-123],[74,2],[-56,-46],[71,-1],[30,-82],[67,60],[34,-200],[53,24],[-9,-42],[107,-48],[37,-116],[72,67],[4,-89],[64,42],[51,-38],[-51,-1],[81,-133],[-36,-41],[121,-13],[12,-50],[47,57],[72,-162],[46,0],[-36,-35],[22,-79],[33,77],[69,-12],[19,-203],[70,60],[-43,-132],[63,17],[-9,-56],[192,-204],[-36,-100],[225,-122],[11,-74],[100,17],[38,-152],[-58,-5],[34,-45],[117,108],[31,-91],[-58,-18],[44,-93],[47,13],[-25,74],[39,43],[8,-108],[183,104],[42,-98],[22,63],[38,-74],[101,6],[119,-160],[14,89],[85,-24],[68,101],[37,-4],[9,-112],[131,100],[-16,90],[126,77],[178,-57],[14,-116],[53,-22],[144,69],[-67,-135],[-123,-13],[41,-234],[-46,-152],[-201,-91],[-340,47],[-15,-133],[-163,-110],[-34,-209],[77,-226],[-60,-152],[-69,40],[53,214],[-121,61],[-48,229],[-111,-20],[-20,-201],[-125,-156],[-207,259],[55,-220],[-146,-134],[154,-138],[-2,-70],[-167,54],[-123,-277],[-64,23],[-19,95],[-207,-58],[8,-217],[-43,-67],[-73,93],[-90,-43],[53,-209],[-140,-225],[-167,-61],[-9,-101],[-216,-126],[-15,-69],[110,-93],[-7,-266],[-48,-11],[1,-131],[-49,53],[29,-79],[-33,35],[-9,-88],[-89,-77],[27,-44],[-55,-57],[-9,-118],[-27,46],[-57,-72],[54,-99],[-95,-259],[-38,-283],[98,-263],[-11,-159],[47,-152],[-4,-88],[-118,-163],[-22,-306],[132,-172],[22,-180],[-101,-216],[-90,-4],[-73,-134],[-16,-202],[-93,-123],[-66,-243],[0,-147],[78,-126],[76,-482],[-123,-341],[31,-168],[-138,-127],[-607,-296]],[[77933,63864],[-81,152],[-204,-6],[-55,122],[-129,96],[-44,136],[-87,-15],[-150,152],[-87,11],[-62,120],[-255,196],[-159,7],[-193,138],[-171,241],[92,275],[-433,-250]],[[75915,65239],[-491,40],[-208,261],[-406,-21],[-113,56],[-242,412],[39,235],[-59,113],[-30,252],[4,395],[46,176],[-64,258],[111,396],[-22,81],[76,11],[9,108],[88,132],[3,239],[-51,204],[-215,291],[-150,67],[-94,164],[-449,351],[-217,37],[-99,-54],[-94,-218],[-79,-1],[47,286],[-176,100],[132,172],[-63,394],[-198,215],[-31,201],[-140,22],[-95,-91],[-188,25],[57,286],[114,8],[24,120],[128,111],[104,-110],[179,27],[78,182],[-82,182],[92,68],[-68,119],[34,200],[-93,254],[30,57],[116,-91],[88,487],[167,-51],[79,109],[122,4],[-220,452],[-25,200],[63,50],[96,821],[-29,156],[81,225]],[[73631,74414],[7,-124],[142,94],[48,-61],[-43,-58],[129,66],[85,-87],[138,-8],[19,-149],[102,130],[73,-13],[30,103],[73,-13],[-4,95],[140,-122],[54,193],[159,-64],[10,-98],[114,-58],[188,239],[-88,124],[143,119],[16,173],[-42,82],[129,158],[274,-79],[48,121],[119,70],[66,-45],[9,120],[56,60],[58,-95],[37,80],[57,-49],[130,186],[74,-3],[45,226],[-51,69],[36,129],[-76,125],[20,124],[-217,158],[-80,295],[-78,-55],[-40,119],[69,36],[-42,147],[-63,20],[-14,223],[-45,61],[100,159],[29,307],[212,197],[11,148],[-51,90],[85,208],[59,7],[41,188],[-26,211],[116,65],[0,196],[62,56],[-100,254],[78,120],[11,204],[-50,121],[36,34],[27,-81],[66,57],[17,132],[60,-20],[-11,158],[77,0],[100,255],[92,32],[-64,109],[28,59]],[[83118,62572],[-153,-178],[-134,-365],[-224,-369],[-560,-512],[-27,-270]],[[77933,63864],[123,52],[54,-20],[-18,-57],[48,64],[-3,-49],[44,36],[46,-73],[86,30],[34,-84],[156,-12],[182,59],[30,-156],[48,39],[78,-100],[43,39],[62,-92],[114,-23],[58,-81],[-19,-64],[53,-4],[185,-290],[223,243],[65,184],[-78,533],[-1,324],[30,68],[146,51],[62,-252],[-25,-296],[110,-31],[194,-214],[-48,-121],[131,-170],[209,-46],[82,-327],[99,-53],[111,-199],[-13,-142],[72,-91],[17,-210],[36,-52],[180,3],[100,-103],[85,-227],[-1,-140],[268,48],[72,-84],[156,17],[95,-96],[16,-144],[210,-290],[22,-151],[-77,-89],[0,-75],[135,-68]],[[82020,60878],[5,-68],[149,49],[-22,62],[40,38],[280,-5],[128,-113],[26,-195],[77,-78]],[[82703,60568],[-59,-181],[-195,-208],[66,-276],[-220,-430],[-19,-448],[-193,-193],[20,-147],[-162,-40],[-93,-107],[-275,-504],[-28,-541],[-57,-19],[17,141],[-38,49],[-176,-56],[-138,-437],[-317,-309],[-68,-139],[-10,75]],[[80758,56798],[-180,172],[-498,-110],[-96,25],[-97,122],[-292,59],[-127,339],[73,144],[-129,194],[-76,258],[-43,39],[-131,-69],[-160,110],[-45,115],[21,127],[-95,145],[-7,291],[-241,164],[14,265],[-174,217],[-89,391],[-125,-97],[-44,127],[51,238],[-233,159],[-80,-61],[-17,141],[-74,80],[-116,-79],[-24,274],[73,564],[-124,996],[39,528],[228,1007],[-7,191]],[[47937,66698],[-343,132],[-275,226],[-104,16],[-199,-150],[-82,-354],[-143,11],[-67,214],[5,577],[-99,246],[-97,65],[-255,-23],[-204,222],[-40,253],[48,406],[-129,339],[-210,147],[-336,-41],[-332,248],[-241,13],[-189,324],[-168,129],[-440,27]],[[44037,69725],[-542,-78],[-288,-155],[-250,-254],[-275,-162],[-263,-469],[-163,-172],[-163,49],[-131,164],[4,568],[-106,47],[-112,-72],[-262,-5],[-189,-295],[-811,-473],[-154,-250],[-325,-202],[-129,14],[-254,201],[-766,-86],[-309,160],[-186,-31],[-394,123],[-193,-19],[-234,-184],[-314,-27],[-207,-110],[-240,93],[-379,-87],[-91,-97],[-92,-270],[-300,196],[-285,-95],[-211,10],[-497,374],[-12,326],[-185,452]],[[42247,87693],[45,-58],[645,306],[68,-22],[29,-137],[187,-127],[131,0],[83,148],[171,-34],[67,379],[179,80],[156,-98],[149,147],[75,-71],[-1,174],[72,201],[83,40],[-6,225],[144,52],[30,-68],[113,115],[44,141],[-56,8],[-7,112],[68,45],[151,-37],[189,169],[28,-41],[94,41],[18,65],[136,-42],[11,100],[33,-14],[2,79],[121,188],[136,-35],[126,51],[57,-156],[156,228],[172,-193],[5,214],[155,-127],[64,44],[16,-190],[67,39],[15,82],[44,-27],[-6,-181],[119,2],[-17,-121],[72,-33],[-18,-108],[128,-159],[14,-232],[80,-98],[-39,-374],[-122,-70],[-33,-193],[-107,-78],[48,-56],[-19,-65],[-165,-137],[-5,-154],[-88,-191],[85,-84],[55,-348],[58,-3],[3,-131],[73,-57],[75,183],[134,-8],[122,148],[159,-8],[58,31],[25,103],[87,27],[18,247],[71,70],[-43,88],[102,-12],[50,64],[-54,63],[21,212],[-85,263],[86,-19],[3,155],[118,74],[20,129],[88,2],[-10,126],[69,84],[73,274],[85,-23],[-10,66],[85,107],[93,-6],[12,-59],[82,57],[-1,-133],[116,-58],[102,88],[117,-17],[-7,-195],[219,323],[73,462],[70,45],[-16,73],[-61,-42],[-70,79],[107,289],[-18,278],[44,204],[-43,121],[159,-17],[54,191],[92,97],[100,-124],[86,94],[59,-79],[-3,-263],[175,57],[56,-99],[50,25],[41,170],[162,257],[54,158],[-38,109],[102,193],[53,50],[105,-92],[123,205],[13,130],[84,-38],[43,-186],[51,-11],[53,64],[27,178],[82,95],[1,128],[135,130]],[[50713,92195],[-130,-476],[-48,-25],[-54,-178],[-20,-150],[37,-79],[178,-67],[47,-221],[196,-261],[27,38],[103,-267],[95,-109],[83,-8],[60,-170],[108,-119],[6,-100],[147,100],[98,-109],[50,-9],[35,103],[88,-83],[89,-203],[-7,-90],[124,-81],[95,-430],[104,-27],[15,-152],[58,-87],[182,-32],[75,-179],[258,-191],[39,-397],[93,21],[158,-118],[-1,-131],[97,-32],[139,-318],[212,-25],[51,-138],[104,111],[125,-187],[159,94],[-34,-129],[71,-101],[-39,-82],[122,-56],[91,-169],[125,99],[90,-12],[88,-168],[12,-136],[247,-221],[15,-136],[91,-21],[93,-283],[-50,-63],[23,-126],[114,-352],[-37,-30],[65,-250],[-53,-193],[43,-170],[83,-82],[-25,-219],[75,-161],[100,-20],[-5,-201],[-98,-54],[35,-20],[-22,-165],[77,-107],[-52,-2],[-4,-102],[84,-218],[83,-83],[-23,-34],[38,25],[-51,-100],[57,24],[12,-184],[-60,-57],[66,-24],[100,-213],[34,-125],[-60,-91],[54,-36],[-8,-100],[-42,-80],[-27,61],[-43,-37],[16,-111],[-51,-33],[18,-204],[-50,-87],[53,-21],[-46,-69],[64,-84],[-37,-192],[29,-67],[-124,-231],[3,-130],[-72,-69],[13,-210],[-63,-70],[-2,-263],[-72,97],[-140,-181],[-20,-173],[-25,35],[-129,-123],[30,85],[-69,-38],[-47,63],[-55,-168],[109,-129],[71,-7],[-69,-149],[125,-40],[-45,-89],[4,-245],[-51,-70],[74,-89],[-107,-271],[-300,-110],[-224,-228],[-229,-89],[-492,65],[-662,-161],[-247,-316],[-309,-50],[-114,-118],[-320,-154],[-184,-27],[-55,50],[-301,-255],[-298,-27],[-328,-304],[-66,-190],[57,-81],[-28,-83],[64,-28],[-52,-98],[93,-151],[-104,-89],[25,-177],[86,-98],[-67,-121],[80,-86],[-39,-118],[-65,-19],[78,-74],[-22,-155],[68,-112],[39,33],[-63,-90],[46,-12],[-50,-138],[49,-74],[-78,-91],[115,-109],[-24,-85],[-40,48],[5,-67],[-48,-13],[89,-158],[8,-119],[-102,15],[-10,-222],[-125,40],[-91,-213],[12,-202],[75,-90],[-41,-9],[-3,-258],[-131,-127],[8,-123],[51,1],[-43,-61],[13,-112],[-54,-17],[-10,-102],[46,-27],[-51,-44],[17,-87],[-87,-63],[37,-117],[-115,-68],[-188,146],[-150,-75],[43,-75],[-65,-60],[55,4],[2,-53],[-48,16],[-41,-93],[-96,60],[18,-225],[79,-69],[-41,-153],[47,-36],[-54,-14],[44,-66],[-87,-31],[57,-29],[45,-218],[-122,-64],[39,-34],[-32,-88],[-37,57],[-61,-45],[13,-54],[-107,-6],[-67,71],[-86,-89],[62,-195],[-58,-121],[61,-79],[-168,-161],[60,-177],[82,-11],[5,-111],[-61,-65],[-73,63],[-5,-59],[-38,18],[-21,-134],[44,-85],[-66,-257],[58,-61],[-37,-128],[171,-152],[-73,-296],[-120,-127],[35,-98],[-77,-98],[-38,95],[-72,-103],[-172,64],[-71,-131],[-120,59],[-83,-64],[-43,76],[-63,-167],[-46,33],[-39,-61],[-57,59],[-136,-142],[-8,87],[-87,25],[-25,-94],[-55,45],[-22,-14],[5,-63],[-91,52],[26,-342],[-78,-61],[23,-78],[-102,-160],[-29,-211],[-149,-247],[-5,-240],[-120,-184],[50,-151],[-14,-147],[85,-52],[58,-245],[182,8],[25,-302]],[[34133,56799],[-63,-211],[-145,-1227],[-222,-925],[18,-580],[-34,-65]],[[33687,53791],[-615,40],[105,478],[14,302],[-166,564],[-137,258],[-340,-213],[-88,62],[-128,349],[-37,-66],[46,-47],[-62,32],[-84,-162],[-81,244],[-98,-42],[-24,-143],[-146,206],[-96,-34],[-18,226],[50,7],[-42,46],[7,129],[-181,-140],[-8,107],[-176,-152],[69,-221],[-100,-112],[-214,200],[-21,121],[63,33],[-40,59],[-154,-166],[-140,49],[-48,-46],[-46,77],[-6,-132],[-149,146],[37,-90],[-39,-76],[-72,185],[-71,15],[-73,-98],[2,-303],[57,-67],[-65,-23],[27,-204],[-69,144],[-21,-80],[-146,-2],[-21,-196],[-277,56],[-71,-153],[-79,-34],[-56,65],[-49,-90],[-61,185],[-151,-35],[-113,-165],[105,-79],[-87,3],[-40,-81],[80,12],[17,-119],[-183,35]],[[22370,50868],[1265,10341]],[[23635,61209],[604,-76],[205,-207],[184,-79],[35,-63],[-58,-329],[375,-3],[108,-86],[222,-390],[47,-222],[393,183],[58,-102],[138,-10],[119,-297],[56,-771],[124,63],[64,-53],[131,-328],[158,-163],[127,-368],[117,26],[131,346],[125,99],[199,-287],[221,134],[265,53],[220,-103],[196,228],[238,3],[152,220],[190,146]],[[21187,82021],[3,4103],[110,-5],[35,-145],[89,-3],[76,153],[-50,88],[83,-49],[-14,66],[56,20],[83,-58],[15,-78],[141,-72],[123,229],[-11,80],[168,-109],[98,48],[50,-44],[43,82],[166,32],[114,-161],[307,397],[56,-91],[85,54],[45,213],[115,116],[25,-50],[19,124],[91,33],[127,-35],[109,-292],[53,49],[75,-176],[8,182],[106,47],[-58,113],[173,148],[21,96],[155,-35],[19,195],[149,85],[145,187],[93,5],[46,-147],[124,-51],[-14,-108],[119,-95],[63,-198],[282,-411],[101,236],[76,-24],[18,-114],[141,194],[51,-11],[-27,-114],[32,-109],[-62,-144],[134,-23],[40,68],[175,-60],[122,68],[70,-34],[-21,219],[52,148],[199,22],[191,-161],[53,82],[-168,451],[-73,111],[-125,33],[-57,202],[81,164],[83,-28],[78,100],[-37,315],[-69,112],[-4,198],[146,53],[16,271],[-102,-3],[-196,284],[8,132],[143,63],[-48,97],[-255,176],[112,232],[-270,376],[11,80],[-245,-24],[-191,293],[-207,-79],[-79,12],[-19,75],[-215,-418],[-112,59],[-3,198],[-36,38],[-253,41],[-223,-71],[-233,13],[-237,214],[-92,-21],[-46,-87],[-83,40],[-211,-153],[-116,32],[-2,359],[-97,-84],[-103,58],[-174,-88],[-211,-344],[-64,7],[-74,132],[-77,-32],[5,5286],[32,42],[27,-76],[93,-39],[-18,-48],[74,-36],[29,83],[120,-101],[10,86],[43,-9],[-14,44],[77,86],[76,-30],[-32,46],[51,83],[230,45],[97,-64],[60,48],[1,-92],[65,61],[55,-94],[78,48],[-8,54],[78,-58],[219,290],[16,-48],[20,64],[70,-32],[71,131],[137,40],[2,-110],[83,51],[10,-50],[25,64],[28,-106],[22,43],[100,-94],[25,53],[34,-128],[57,111],[5,-68],[58,33],[45,-84],[56,58],[25,-89],[51,58],[11,-73],[80,36],[10,-82],[72,-38],[6947,8],[-44,132],[-79,-113],[-45,60],[23,164],[63,72],[-82,119],[-75,18],[-81,-88],[-58,80],[-52,-88],[-30,131],[102,354],[-55,-64],[-216,-18],[-12,106],[-47,-21],[68,126],[-68,13],[181,279],[44,380],[76,65],[1,90],[152,326],[28,458],[40,-2],[46,-514],[74,14],[-27,-70],[44,-56],[161,61],[244,-589],[185,-48],[102,-234],[-4,-197],[49,-36],[11,-185],[81,26],[29,111],[95,59],[83,-170],[246,14],[191,-119],[-57,117],[-30,305],[84,45],[-79,253],[67,46],[75,-76],[105,135],[43,-28],[8,157],[109,157],[93,7],[103,278],[56,11],[26,156],[93,44],[51,298],[184,-9],[97,-206],[97,48],[102,-121],[80,64],[112,-136],[194,294],[-25,99],[148,36],[48,213],[-26,52],[194,289],[68,303],[216,160],[87,-16],[40,114],[61,-96],[73,65],[88,-25],[24,381],[89,120],[69,-58],[91,20],[21,69],[62,-31],[2,-73],[67,-16],[49,-128],[-44,-120],[71,-24],[5,-73],[-90,-170],[13,-79],[40,-98],[134,-61],[-99,-116],[6,-183],[70,-154],[-41,-168],[60,-158],[-39,-389],[25,-82],[66,0],[44,-280],[84,-167],[-46,-112],[122,-199],[133,-97],[-17,-118],[108,-61],[108,89],[253,-89],[60,-109],[55,22],[124,-325],[114,-64],[-16,-92],[54,-145],[-79,-71],[19,-233],[-37,-202],[75,-173],[-47,-149],[27,-302],[-63,-240],[131,-59],[103,-137],[10,-587],[38,-24],[26,-248],[71,-60],[-54,-455],[47,-169],[-44,-215],[47,-24],[-183,-243],[-98,44],[-27,86],[-103,-52],[-29,-217],[56,1],[-12,-105],[120,-192],[7,-105],[155,-134],[-22,-141],[121,-327],[-57,-71],[32,-98],[-31,-103],[1320,517],[3041,-3948]],[[42247,87693],[11,-132],[147,-145],[94,-70],[83,42],[151,-276],[375,-250],[-21,-56],[44,-72],[131,-60],[43,-206],[88,-58],[-34,-116],[-50,-6],[40,-121],[-106,-98],[-113,-3],[-32,-135],[-29,47],[-114,-124],[-47,48],[-64,-145],[-105,44],[-73,-260],[-119,64],[-21,-133],[-110,-49],[34,-54],[-50,23],[-69,-103],[33,-76],[-12,-49],[-50,32],[20,-159],[-40,-93],[96,-132],[-42,-201],[60,-103],[-28,-60],[46,-23],[-42,-45],[45,0],[-1,-109],[-28,-49],[1,57],[-104,-12],[47,-96],[-65,-34],[-55,-179],[22,-235],[-46,84],[-83,-9],[-9,-112],[-86,30],[-95,-151],[-66,26],[19,-49],[-91,-190],[-79,45],[-34,-39],[88,-109],[-22,-130],[56,19],[54,-103],[-6,-118],[80,-73],[117,52],[91,-69],[67,-174],[122,-112],[85,2],[50,-157],[65,111],[145,-166],[396,13],[96,-208],[-18,-80],[78,-32],[58,-171],[130,-133],[-27,-268],[56,-141],[-47,-120],[11,-124],[-75,-27],[13,-73],[-66,-136],[27,-42],[18,111],[48,12],[230,-140],[-61,-160],[-147,-164],[94,-104],[43,94],[100,-22],[-29,-218],[-95,-97],[71,40],[162,-335],[66,-400],[91,94],[80,-66],[81,63],[16,235],[113,201],[130,-110],[183,98],[116,-230],[82,-389],[-17,-423],[-254,-99],[-28,-74],[-267,32],[-211,-248],[-235,23],[-145,-109],[-29,-372],[-129,-120],[-80,-441],[-156,-56],[-225,47],[-148,-73],[-198,40],[-123,-190],[9,-246],[-283,-335],[-413,-196],[-98,65],[-199,318],[-130,-6],[-189,-288],[-350,-151],[-747,-684],[-25,-178],[91,-306],[-160,-497],[18,-64],[164,61],[19,-145],[-249,-491],[-81,-723],[-81,-126],[-95,-21],[-351,190],[-461,-53],[-169,-498],[238,-578],[-15,-155],[-64,-101],[-506,-256],[-114,22],[-285,239],[-221,2],[-938,-958],[-486,-267],[-651,-550],[-177,-745],[-180,-190],[-290,-58],[-237,-361]],[[34729,68909],[-408,-129],[-130,47],[-315,293],[-176,39],[-262,-221],[-223,-79],[-316,273],[-301,90],[-350,-202],[-217,-8],[-189,135],[-41,6789],[-46,-48],[-35,65],[-18,-77],[-16,58],[-128,-12],[-12,64],[-206,-142],[-91,85],[-13,-147],[-46,75],[-79,-51],[-22,-94],[-56,53],[26,-108],[-130,-10],[-80,-144],[-124,-39],[-14,-93],[-247,-15],[-118,-216],[-126,85],[-14,-50],[-78,51],[-92,-52],[1,47],[-77,17],[-19,-65],[-77,48],[-29,-58],[-12,100],[-31,-82],[-87,100],[-85,-25],[-45,111],[-38,-45],[-42,102],[-83,62],[-18,-45],[-112,136],[-46,96],[-17,279],[-69,55],[-116,265],[-78,41],[-154,416],[-470,159],[-216,187],[-167,17],[-73,119],[-251,124],[-79,102],[-225,57],[-126,-93],[-173,29],[-93,-66],[-12,-84],[-174,28],[-233,-134],[-73,-150],[-232,-38],[-341,224],[-222,-82],[-159,38],[-129,227],[-252,102],[-115,320],[-196,263],[-69,51],[-315,-68],[-50,66],[-11,245],[-79,87],[-234,189],[-274,103],[-79,228],[9,642],[-411,442],[-237,-29],[-164,93],[-71,226],[16,283],[-96,174],[-85,30],[-47,-61],[-83,-307],[-200,-40],[-105,-166],[-95,-1],[-129,289],[-201,192],[-56,537],[-185,123],[-26,100],[20,268],[-37,126],[-119,96],[-191,25]],[[29221,50823],[-242,-130],[-438,67],[-85,-50],[-62,-343],[-147,-27],[-67,122],[-90,-69],[34,-438],[-77,-333],[66,-186],[-111,-309],[159,-336],[-93,-527],[-164,-500],[-126,-80],[-55,-193],[-117,-105],[-57,-338],[-170,-511],[-3,-204],[86,-341],[-37,-431],[-392,-152],[-31,-64],[-63,-495],[4,-934],[-67,-446],[-247,-351],[-44,-375],[-173,-477],[-153,35],[-74,-144],[-20,-295],[-89,-188],[-275,-107],[-297,-368],[-44,-235],[-144,-214],[-158,-487],[-89,-140],[-155,-64],[-169,214],[-72,-11],[-24,-120],[68,-311],[-28,-182],[-140,-277],[-112,-420],[-274,-225],[-63,-228],[-40,-489],[-53,-66],[-106,-21],[-53,69],[49,236],[-220,-5],[-229,-220],[-251,-29],[-54,-146],[-237,-58],[-75,-111],[-152,-69],[-8,-493],[-376,33],[-315,-112],[-131,-114],[-17,-128],[217,-208],[249,-693],[-24,-101],[-95,-45],[-129,-248],[63,-628],[-127,-29],[-85,-94],[90,-287],[2,-332],[-102,-419],[-197,-58],[-105,-141],[-141,-707],[-76,-148],[3,-282],[71,-37],[12,-161],[-155,-398],[-299,-371],[-232,-119],[53,-169],[-90,-268],[59,-192],[-20,-159],[-113,-171],[-152,-421],[-115,-56],[-102,-165],[-136,-20],[-182,-191],[-147,-64],[-102,-157],[-180,-107],[-63,136]],[[19482,29267],[-23,222],[-109,133],[32,146],[-143,317],[-39,41],[-70,-83],[-140,23],[-50,236],[82,145],[27,225],[176,272],[202,462],[288,172],[-14,424],[-75,217],[112,240],[30,414],[163,214],[-27,284],[86,361],[-30,336],[60,159],[-25,103],[-130,112],[-41,124],[11,193],[76,98],[108,-18],[30,56],[73,266],[-33,66],[24,73],[148,174],[75,270],[98,823],[-42,444],[211,552],[-32,369],[30,193],[249,374],[83,365],[272,336],[254,633],[143,106],[90,-62],[52,89],[-11,240],[-121,350],[-5,194],[409,900],[85,532],[300,215],[385,448],[306,544],[154,90],[335,-30],[48,58],[-29,334],[31,116],[138,108],[234,33],[97,387],[97,161],[248,154],[126,-47],[61,326],[-67,231],[-234,129],[-145,180],[-96,334]],[[23496,50845],[65,45],[1,218],[120,208],[89,343],[189,46],[112,-115],[102,-11],[118,144],[-52,246],[-103,85],[135,131],[38,189],[82,-67],[88,22],[35,87],[102,-7],[44,90],[137,30],[36,152],[101,6],[23,120],[111,-16],[99,406],[28,-30],[56,128],[48,2],[2,-86],[88,-76],[108,79],[220,3],[74,307],[167,55],[-15,60],[109,161],[19,306],[56,62],[316,-12],[115,-56],[69,-129],[85,32],[39,111],[166,138],[-8,156],[61,29],[45,168],[49,-39],[56,101],[73,-89],[124,116],[155,17],[135,134],[213,-84],[-31,102],[150,33],[-6,126],[108,27],[-12,-132],[195,216],[60,-93],[-49,-66],[26,-24],[317,223],[179,-261],[11,-269],[153,12],[20,-92],[248,188],[-13,-96]],[[29177,54655],[44,-3832]],[[83118,62572],[-132,264],[-29,169],[-104,0],[-84,-215],[-54,9],[-53,130],[103,68],[-4,63],[-187,57],[-21,76],[16,132],[105,134],[96,-24],[32,51],[56,540],[89,194],[-38,298],[27,74],[-53,208],[-216,181],[41,154],[-35,56],[-229,165],[-11,185],[-55,139],[-51,14],[-3,140],[-128,169],[-29,148],[27,149],[109,0],[42,63],[43,249],[-34,64],[122,585],[93,279],[68,-5],[-2,153],[156,134],[-13,191],[85,104],[-28,54],[30,97],[-52,37],[-113,329],[29,243],[-110,252],[-169,134],[73,127],[-20,64],[-241,-30],[22,101],[-228,55],[-145,-190],[-52,-247],[-140,16],[-26,205],[-141,-15],[-289,110],[-79,-44],[-73,136],[-118,-2],[-156,-158],[-30,91],[-69,-14],[-88,98],[-5,107],[91,254],[180,281],[24,166],[144,134],[-7,187],[48,143],[172,175],[129,0],[93,-78],[34,52],[-78,207],[4,356],[-65,148],[25,234]],[[89859,59810],[208,234],[-227,29],[-326,-92],[-185,-129],[57,-115],[-15,-172],[-224,-83],[-304,137],[-465,351],[-157,156],[-167,420],[-89,31],[-128,224],[-190,155],[142,342],[-22,273],[-145,69],[-64,-155],[-161,-31],[-67,94],[-134,506],[-179,28],[-59,150],[-248,58],[-140,130],[-498,-175],[-296,216],[-305,-230],[-108,-182],[-225,-51],[-93,67],[-10,78],[113,249],[-5,142],[-96,12],[-135,-86],[-48,212],[-259,-28],[8,163],[-56,70],[-123,-129],[-122,55],[-48,149],[-103,-17],[-59,-62],[2,-198],[-89,85],[-87,-223],[-65,136],[-147,108],[-210,-31],[-86,79],[-82,-65],[-70,188],[-104,-118],[60,-220],[-106,-42]],[[83294,59991],[73,-135],[93,-26],[57,264],[82,-3],[51,119],[164,21],[84,-138],[104,38],[42,-132],[108,-29],[67,153],[43,-15],[170,-245],[146,50],[35,79],[88,-89],[122,78],[129,-46],[42,-122],[167,-69],[24,-130],[180,-255],[119,37],[137,-141],[289,-31],[434,-212],[45,19],[19,211],[85,-66],[168,272],[161,-37],[122,132],[30,-52],[110,207],[116,26],[49,119],[78,-168],[186,112],[57,-81],[121,9],[38,-65],[66,12],[103,-191],[120,13],[143,-209],[47,-194],[-35,-198],[25,-190],[125,-145],[10,-150],[102,-161],[173,-504]],[[88231,56272],[-385,-394],[-408,-216],[-329,-297],[-3,452],[-48,-14],[-23,60],[94,191],[-80,327],[-95,-122],[10,-67],[-63,-4],[140,232],[-2,74],[-84,70],[-403,192],[-168,-175],[-237,-106],[-93,44],[-189,-196],[-192,-76],[-423,272],[-624,587],[-312,218],[-39,132],[94,300],[-86,9],[-144,375],[-77,80],[58,187],[-60,109],[-129,70],[-146,-81],[-1,-110],[-138,44],[29,609],[-73,65],[-84,-81],[-86,45],[-37,264],[38,223],[-123,122],[-16,305]],[[21754,46009],[-9,386],[85,51],[540,4422]],[[22370,50868],[145,-69],[88,-126],[400,-57],[101,-88],[73,10],[213,276],[106,31]],[[23496,50845],[-83,-450],[-155,-335],[25,-126],[-48,-106],[373,349],[332,83],[160,232],[201,-69],[169,63],[1,127],[145,4],[145,-341],[-58,-303],[175,-303],[-3,-606],[-136,-699],[-88,-130],[-491,-355],[-93,-343],[41,-251],[73,-97],[331,73],[112,-97],[64,18],[153,-244],[-66,-101],[-305,-187],[-228,-548],[-152,-150]],[[24090,45953],[-180,-233],[-470,-58],[-347,-303],[-430,-179],[-370,271],[-348,384],[-106,12],[-85,162]],[[66058,36156],[-127,-376],[-1168,-2593],[-627,-972],[-280,-312],[-422,-1016],[-438,-772],[-545,-722],[-285,-669],[-405,-615]],[[61761,28109],[-177,-470],[-264,-480],[-161,-1192],[-226,-790],[-223,-507],[-651,-13]],[[60059,24657],[-77,31],[-6184,7496],[-506,196],[-144,-96],[5,-1410],[-307,-87],[-118,-524],[-296,-311],[-139,-803],[-137,-255],[-367,-420],[-46,-628],[-174,-282],[-68,-625],[-272,-367],[-47,-468],[-131,-187],[-45,-260],[-166,-91],[-658,-92],[-44,58],[21,80],[102,34],[4,131],[57,97],[-57,186],[-113,-1],[-78,-59],[-181,-523],[-233,-418],[108,-327],[-28,-279],[54,-163],[-197,-497],[112,-220],[106,-85],[23,-224],[-54,-166],[-100,-16],[-182,-159],[-29,-151]],[[49473,22772],[-316,-262],[-129,-322],[-99,1],[-489,-375],[-171,-39],[-48,-132],[-92,-38],[-117,-169],[-61,63],[-180,-164],[-97,11],[-233,-256],[-339,-58],[-107,56],[-81,242],[-135,-99],[-347,154],[-332,-148],[-532,323],[-223,-126],[-12,-156],[-211,-225],[-357,120],[-116,-93],[-126,12],[-219,-101],[-132,-174],[-173,1],[-176,-185],[-294,77],[-180,-198],[-180,89],[-207,355],[-46,-9],[-5,-128],[-127,13],[-194,-164],[-134,172],[-92,29],[-65,176],[-80,-30],[-136,156],[-127,-31],[-52,112],[-326,-17],[-235,202],[-100,-218],[-67,-32],[-220,342],[-159,134],[-80,-44],[-131,-349],[-402,65],[-32,114],[43,245],[-119,199],[-262,95],[-183,-79],[-130,88],[-145,256],[-153,-148],[-58,8],[-75,245],[-117,91],[10,113],[-130,42],[37,190],[-45,116],[-242,182],[-112,308],[-102,131],[-163,117],[-100,-119],[-18,128],[-92,-35],[-281,184],[-159,-123],[-367,26],[-45,-333],[-273,-24],[-87,-221],[-112,84],[-188,-190],[-50,-305],[-328,-296],[-13,-264],[-86,-17],[-124,-188],[-129,70],[-65,-82],[-63,15]],[[35626,21958],[273,1564],[163,223],[-51,320],[37,53],[-79,140],[97,-71],[-20,112],[59,57],[-60,70],[65,38],[4,-52],[29,135],[106,45],[-24,-106],[78,71],[-116,158],[96,60],[-14,166],[64,0],[-32,-99],[62,5],[7,-123],[96,96],[-42,63],[44,57],[43,-126],[55,67],[12,-59],[117,16],[31,77],[62,-87],[85,-7],[-38,91],[31,25],[66,-55],[15,-115],[-36,-2],[31,-43],[185,54],[67,-49],[-22,54],[105,53],[46,-81],[30,85],[50,-58],[45,58],[-46,49],[72,132],[-43,105],[41,-27],[32,64],[87,-106],[75,190],[67,-40],[27,82],[26,-100],[70,111],[33,-61],[-63,-27],[10,-99],[60,-1],[18,110],[69,-56],[0,74],[80,-3],[-33,112],[58,-11],[30,-90],[47,119],[38,-59],[1,92],[73,92],[105,-127],[135,-29],[7,-88],[96,-102],[58,79],[33,-132],[68,27],[17,75],[50,-187],[-49,-51],[41,-22],[126,178],[138,-143],[104,141],[50,-64],[-26,-33],[79,39],[37,-56],[5,72],[18,-78],[49,33],[-26,-74],[49,-49],[33,71],[13,-52],[101,39],[27,137],[85,11],[24,-54],[50,146],[95,-178],[129,88],[68,-68],[-24,127],[117,-83],[137,172],[58,-39],[70,169],[91,7],[18,-124],[156,181],[22,139],[43,-77],[26,106],[11,-70],[25,71],[62,-26],[5,-63],[126,-8],[42,77],[51,-33],[93,64],[36,-94],[73,128],[0,-123],[57,9],[30,101],[39,-76],[-36,-41],[68,-17],[58,183],[137,38],[43,166],[-24,141],[60,8],[21,123],[90,16],[-59,89],[69,72],[50,-87],[-4,120],[27,-82],[61,2],[56,145],[-30,81],[-82,-43],[-35,56],[-15,-98],[-89,-52],[-79,140],[-71,-82],[-2,70],[-64,14],[77,26],[-31,82],[-62,-2],[38,30],[7,50],[-95,-76],[-15,158],[-40,-37],[-67,117],[12,87],[-233,11],[-82,-99],[-77,138],[-34,-46],[-172,38],[-28,-76],[-70,29],[-22,114],[-98,-1],[0,73],[-86,-37],[-17,124],[-46,-69],[-55,146],[-173,55],[-88,-67],[-62,151],[-33,-57],[-201,129],[-84,-71],[-8,97],[-160,-56],[50,154],[-65,106],[-77,4],[-59,239],[-124,152],[-54,-17],[-76,161],[-159,-17],[-68,102],[-149,-27],[-87,136],[-115,-81],[-9,68],[-93,-32],[-31,114],[-325,-93],[-107,156],[-20,119],[-218,223],[-183,-144],[-102,86],[-112,-70],[-171,77],[-122,-194],[-89,-475],[-83,-51],[-143,39],[-167,-91],[-199,-210],[-129,-342],[-164,-36],[-138,-187],[-103,142],[-54,-2],[-309,-332],[-129,53],[-137,-36],[-71,-88],[-126,17],[-235,-173],[-43,6],[-68,166],[-114,-98],[-213,104],[-175,324],[-315,-85],[118,325],[-27,200],[198,731],[256,319],[22,238],[117,139],[54,248],[95,80],[131,-24],[28,69],[-132,508],[-118,106],[-71,199],[53,374],[-41,199],[40,239]],[[34618,31314],[-49,128],[-81,29],[-60,224],[20,435],[272,64],[355,-444],[88,-14],[39,34],[20,369],[97,262],[89,8],[162,160],[298,13],[12,-201],[72,-63],[378,180],[46,191],[-104,145],[-70,226],[0,70],[81,87],[237,134],[93,-16],[64,-337],[64,-93],[395,841],[245,282],[-145,250],[-1,210],[47,113],[181,127],[-3,72],[253,-18],[58,429],[406,428],[97,191],[92,-49],[81,47],[79,258],[4,199],[104,204]],[[44607,36347],[141,-93],[175,-366],[133,-46],[201,51],[183,334],[92,75],[39,-29],[112,-566],[118,-270],[135,-52],[280,263],[119,-511],[144,-254],[225,-241],[476,-271],[262,251],[155,63],[269,-410],[329,-124],[176,-367],[211,93],[240,279],[106,34],[139,-97],[236,-361],[609,56],[308,-115],[289,-209],[702,-172],[346,303],[227,331],[29,130],[119,122],[300,121],[148,-132],[179,83],[91,161],[15,297],[206,639],[228,106],[556,532],[375,56],[384,399],[343,57],[76,117],[45,318],[187,339],[67,371],[65,114],[456,257],[103,215],[247,137],[327,343],[694,351],[313,-252],[296,28],[278,-167],[534,35],[444,259],[71,110],[99,451],[34,530],[188,226],[138,302],[168,166],[235,968],[164,180],[275,63],[200,217],[236,84],[118,159]],[[60815,42418],[115,-230],[116,-92],[-56,-167],[1,-230]],[[60991,41699],[309,-242],[73,229],[67,64],[108,-16],[107,-130],[318,98],[149,-72],[170,-337],[286,24],[72,-107],[63,-417],[-35,-130],[-200,-229],[20,-203],[86,-44],[137,97],[108,439],[138,75],[412,-831],[2679,-3811]],[[54938,50722],[-28,-524],[-42,-11],[-50,132],[-54,-12],[-269,-360],[-56,-116],[-37,-447],[-398,-233],[-85,46],[-229,-524],[-138,-4],[-50,-127],[-138,-71],[-181,81],[-373,-185],[-202,170],[-236,68],[-91,-42],[-129,-213],[10,-218],[-77,-266],[-239,-188],[-193,-447],[-95,-28],[-190,76],[-81,-193],[-39,-382],[-343,-213],[-201,-490],[-242,-133],[-148,53],[-251,-134],[-252,130],[-85,-92],[-84,-293],[-73,-763],[-96,-154],[-338,-169],[-137,-466],[-240,-288],[-575,-598],[-290,7],[-143,121],[-112,-14],[-100,-363],[-327,-159],[-154,-817],[-280,-368],[-144,-327],[-205,-301],[41,-438],[-34,-136],[-260,-524],[-248,-71],[-109,-103],[-65,-503],[70,-63],[144,52],[84,-100],[-29,-135],[-228,-316],[-67,-196],[135,-535],[10,-317],[-29,-68],[-103,-6],[-154,187],[-192,-167],[-240,55],[-149,-69],[-203,-250],[-109,-271],[-86,-552]],[[44607,36347],[-20,-57],[-49,46],[-246,324],[-234,-148],[-338,-43],[-181,102],[-24,61],[53,195],[-40,53],[-138,22],[-158,-169],[-125,190],[-578,91],[-145,-30],[-241,-214],[-86,33],[-208,-267],[-224,-149],[-284,-51],[-90,40],[-130,-94],[-83,48],[-29,148],[-81,76],[45,140],[-63,199],[-83,33],[-37,-109],[66,-110],[-109,-609],[-263,-168],[-65,-274],[-125,-26],[-84,-255],[-82,-61],[-164,138],[-326,-75],[-15,188],[-74,68],[-77,-63],[-249,22],[-134,191],[-81,-19],[-64,86],[-24,438],[-286,201]],[[38634,36489],[-92,295],[97,228],[18,197],[117,111],[-28,350],[28,134],[183,14],[109,370],[241,178],[132,261],[140,82],[153,613],[310,187],[292,-110],[131,-127],[89,15],[142,180],[74,270],[315,692],[292,249],[67,189],[294,314],[119,249],[187,-6],[198,284],[280,86],[85,98],[71,775],[240,301],[21,364],[-58,199],[26,298],[-70,214],[20,140],[127,90],[196,311],[43,209],[255,194],[232,-44],[617,881]],[[44327,45824],[165,-83],[69,99]],[[44561,45840],[204,333],[151,28],[208,265],[72,-38],[183,66],[397,419],[99,5],[108,284],[146,10],[196,142],[72,-36],[65,107],[130,18],[64,98],[25,-42],[101,41],[72,147],[89,38],[40,124],[134,89],[66,-26],[108,134],[84,-49],[46,80],[26,-39],[38,182],[107,41],[-3,59],[109,-10],[9,74],[96,48],[-7,78],[114,-35],[62,104],[110,-12],[46,118],[131,-37],[106,148],[153,28],[127,216],[84,-19],[18,106],[56,-75],[4,148],[71,-33],[1,113],[87,-7],[58,73],[-56,120],[56,191],[137,186],[5,104],[57,-12],[42,93],[130,-59],[49,71],[80,17],[20,-49],[40,56],[-60,467],[21,95],[63,-12],[-60,92],[63,37],[8,122],[-74,39],[-3,114],[-61,35],[371,317],[-9,158],[-54,-37],[-52,347],[53,11],[3,103],[122,178],[-110,200],[31,166],[165,23],[131,288],[152,182],[55,318],[203,92],[212,334],[76,31],[57,175],[356,178],[22,140],[74,43],[185,-50],[8,127]],[[51532,54377],[791,-440],[405,-806],[140,-498],[288,-245],[181,-276],[359,-281],[428,-448],[217,-315],[269,-209],[328,-137]],[[28779,58773],[280,182],[230,541],[237,-125],[45,48],[59,305],[72,125],[317,86],[456,-214],[256,28],[108,167],[102,415],[121,149],[305,-115],[174,-247],[134,-8],[135,179],[321,67],[112,-148],[175,58],[42,-147],[-27,-310],[275,-510],[216,-155],[101,174],[42,-11],[92,-153],[221,-46],[364,-328],[155,206],[190,-53],[54,240],[101,155],[-46,281],[258,227],[19,130],[146,34],[125,135],[86,631],[336,156],[95,537],[-8,204],[771,632],[152,37],[108,240],[177,100],[25,125],[-39,196],[201,432]],[[36650,63425],[188,-438],[199,-140],[-6,-186],[-170,-230],[-9,-103],[119,19],[205,-132],[262,-617],[-32,-241],[-27,109],[-71,14],[-23,-188],[-66,29],[-36,-182],[-74,-15],[-12,-109],[-37,48],[-54,-160],[185,-393],[29,-515],[43,-95],[397,-213]],[[37660,59687],[-181,-469],[-162,-80],[-112,31],[-141,365],[-108,697],[-94,119],[-109,12],[1,-2830],[-85,-4],[-196,202],[-59,-163],[-182,7],[-227,-115],[-93,5],[-123,188],[-163,-75],[-69,46],[-206,-162],[-64,21],[-21,-72],[-41,64],[-76,-21],[-2,-213],[-174,-198],[-275,361],[-195,30],[-267,-257],[-103,-377]],[[34133,56799],[-1725,-62],[-359,259],[-59,-14],[-54,-127],[-87,27],[-145,-95],[-84,93],[-42,167],[-162,-53],[-36,49],[-60,361],[-143,38],[-212,-57],[-193,155],[-160,45],[-31,208],[-496,-3],[-149,96],[-164,-65],[-385,29],[-239,469],[-254,107],[-115,347]],[[44779,47166],[-256,748],[-193,265],[-31,100],[39,340],[-203,595],[7,768],[189,346],[-25,134],[-212,63],[-18,62],[54,297],[-42,352],[54,1212],[229,286],[119,365],[38,297],[226,263],[32,382],[167,305],[209,694],[219,106],[64,122],[115,664],[167,271],[254,743],[93,140],[188,128],[57,401],[288,-112],[279,232],[160,-72],[59,103],[179,-151],[257,161],[198,283],[55,328],[-229,519],[-47,314],[143,264],[265,80],[255,219],[78,226],[-14,173],[-150,251],[-178,474],[-144,23]],[[47773,60930],[65,225],[108,127],[14,146],[-243,162],[-213,-52],[28,169],[135,132],[207,24],[378,-176]],[[48252,61687],[146,-45],[76,63],[-15,783],[50,57],[94,-36],[39,-294],[198,-57],[69,-96],[470,-1407],[392,-582],[32,-172],[-73,-351],[-43,-607],[162,-78],[375,103],[191,-108],[34,-196],[-61,-544],[-83,-261],[-3,-257],[427,-513],[73,-645],[66,-174],[193,-330],[130,-77],[121,-202],[-52,-108],[-338,-137],[-13,-168]],[[50909,55248],[-104,78],[-128,308],[-259,137],[-113,-37],[-238,291],[-227,61],[-3,-297],[-413,-835],[-25,-445],[-87,-450],[-325,-667],[-182,-57],[-52,-312],[-60,-99],[-226,-217],[-185,-4],[-198,-136],[-427,-127],[-249,-334],[-121,-317],[-273,-205],[-57,0],[-102,160],[-223,-364],[-594,-3],[-47,-109],[-17,-450],[-275,-376],[-95,-577],[-338,-251],[-106,-441],[-213,-328],[-85,-227],[-45,-330],[129,-592],[-167,-530]],[[92586,61703],[320,-323],[108,-317],[233,-261],[-158,-160]],[[89700,58572],[-141,-38],[-97,122],[150,145],[-64,199],[107,114],[-63,255],[-91,-51],[-35,-125],[-30,88],[150,444],[273,85]],[[89859,59810],[369,119],[321,449],[-276,47],[-106,189],[-26,232],[-114,125],[-15,145],[-173,376],[-502,2],[-25,281],[51,530],[-30,139],[-288,550],[-456,43],[-20,178],[-127,284],[59,336],[-43,37],[-84,-131],[-201,165],[69,190],[111,-80],[30,64],[-137,195],[-82,515],[-328,255],[-40,349],[-81,48],[-97,-89],[-107,135],[23,104],[-250,-85],[-173,13],[-122,140],[-91,267],[-67,12],[-212,532],[-130,62],[-115,-36],[-215,112],[-102,161],[-137,28],[-11,83],[171,207],[-53,103],[-93,31],[85,242],[-28,135],[-65,21],[-15,166],[-70,23],[43,56],[-39,314],[-179,59],[35,52],[-87,190],[-78,-36],[23,87],[-40,19],[-49,-168],[-159,0],[-68,141],[53,30],[13,-48],[6,53],[-129,280],[-110,47],[-24,144],[-254,-18],[27,-68],[-146,104],[-170,-128],[-26,48],[42,54],[-52,83],[33,43],[-72,-53],[-41,39],[25,69],[-67,187],[-142,62],[-200,-56],[-18,181],[-61,27],[-43,371],[-137,4],[14,95],[-109,126],[-6,131],[-95,33],[-73,178],[-62,-111],[-43,40],[-76,-90],[-73,165],[-95,-59],[-11,81],[-90,83],[14,53],[-72,6],[-72,130],[-53,-49],[-164,66],[-122,216],[-35,-64],[-101,67],[12,118],[-200,194],[-6,234],[-151,4],[-85,248],[-138,-12],[-233,139],[-90,-123],[-96,55]],[[81439,71932],[-5,341],[-1318,-27],[-115,157],[18,82],[-213,127],[-27,-195],[-80,-10],[-71,-119],[-117,63],[20,144],[-150,27],[-30,179],[-38,-39],[-172,118],[-111,256],[-95,61],[25,77],[-133,236],[8,220],[-91,267],[-261,183],[54,103],[-143,157],[-150,20],[-110,92],[-226,434],[-33,-25],[-82,228],[-56,208],[28,124],[-136,425],[5,215],[112,-112],[48,17],[-62,217],[52,13],[25,137],[-91,172],[16,62],[196,162],[188,5],[99,318],[-37,43],[14,82],[347,499],[128,-115],[219,480],[-34,182],[-89,-22],[-54,215],[52,-23],[83,841],[174,158],[0,91],[-224,463],[-143,152],[-228,111],[-29,113],[-6,87],[152,199],[101,-93],[-25,215],[96,228],[-232,680],[-77,94],[-93,-30],[-135,62],[82,-179],[77,-415],[-124,-39],[-121,66],[-20,-57],[131,-100],[-56,-72],[-129,-20],[-214,148],[-334,-41],[-226,-262],[-174,-80],[-150,31],[-269,-300]],[[76650,80444],[-66,78],[161,402],[-16,142],[41,51],[-31,10],[150,218],[-24,35],[115,43],[69,168],[138,93],[-42,147],[58,26],[-14,142],[80,130],[-88,183],[130,261],[102,26],[189,207],[119,834],[4777,0]],[[82498,83640],[-9,-141],[49,-32],[-27,-85],[55,-57],[300,-54],[-61,-189],[23,-57],[40,27],[94,-294],[70,-74],[-11,-132],[41,-50],[129,34],[22,-64],[94,37],[19,-194],[88,-73],[-5,-68],[-88,-46],[44,-279],[91,26],[121,-67],[37,-212],[74,-110],[57,99],[147,-116],[249,-70],[12,-256],[-75,-152],[149,-312],[-17,-559],[-47,-80],[-171,121],[-30,-278],[47,-208],[-113,-160],[35,-69],[-37,-189],[279,-243],[-114,-205],[27,-63],[-267,-433],[69,-87],[-16,-136],[175,-354],[207,-77],[189,-202],[-29,-155],[52,17],[48,-409],[80,-130],[19,-184],[366,-654],[-16,-205],[75,-106],[-104,-25],[-64,-151],[96,-49],[91,-357],[-25,-167],[117,-163],[-139,-89],[33,-66],[140,-15],[213,-343],[67,-257],[175,-11],[74,-191],[129,-86],[-98,-408],[55,-74],[182,-78],[143,122],[88,-136],[-25,-87],[118,-245],[12,-167],[-49,-55],[52,-257],[-39,-52],[91,-237],[22,-212],[276,-65],[75,81],[38,-44],[-7,-130],[58,-14],[35,114],[116,37],[189,-249],[-33,-110],[26,-246],[-58,-231],[86,-51],[-17,-109],[83,-271],[86,17],[70,-242],[239,-187],[-3,-134],[-88,-216],[57,-89],[-33,-110],[144,-169],[-46,-235],[131,-333],[-5,-138],[85,25],[54,-138],[227,-19],[262,-494],[188,10],[82,-97],[20,-125],[207,-89],[-4,-170],[188,-150],[77,-748],[62,-104],[-1,-280],[111,-55],[-64,-486],[172,-315],[30,-428],[-58,-133],[71,-62],[5,-183],[140,-48],[86,-186],[191,76],[96,-279],[88,-64],[60,35],[59,-125],[-14,-194],[290,-577],[106,-127],[127,37],[93,-158],[282,-134],[71,-306],[158,8],[52,89],[154,-143],[148,-35],[65,-112],[-20,-137],[144,-24],[109,-235],[173,135],[95,-34],[38,50],[63,-98],[101,4],[105,-325]],[[88231,56272],[167,402],[101,593],[157,310],[-48,156]],[[88608,57733],[226,317],[171,112],[463,89],[232,321]],[[89700,58572],[216,57],[269,-43],[276,226],[371,489],[526,1134],[179,632],[1353,12],[199,-437]],[[93089,60642],[-632,-674]],[[92457,59968],[-117,-129],[64,-74],[-17,-78],[55,-142],[-151,-306],[0,-113],[93,-21],[75,-129],[39,42],[20,-274],[-273,-118],[-129,-205],[-26,-257]],[[92090,58164],[-142,-37],[-100,-160],[-104,56],[-117,-106],[-148,-451],[-163,-184],[-81,-229],[-172,28],[-183,-126],[-24,-97],[-177,66],[-79,-217],[-107,-73],[-89,56],[-142,246],[-307,-82],[-77,131],[-27,-29],[-579,-1501],[-114,-127],[-169,-510],[-129,-38]],[[88860,54780],[-89,224],[-627,2],[-2,155],[108,372],[27,587],[-46,152]],[[90577,58982],[-90,-190],[147,28],[161,418],[-218,-256]]]}