{"type":"Topology","objects":{"data":{"geometries":[{"properties":{"cd_mun_ibge":"2900108"},"type":"MultiPolygon","arcs":[[[-813,-658,-536,-382,-798]]],"id":0},{"properties":{"cd_mun_ibge":"2900207"},"type":"MultiPolygon","arcs":[[[-78,-111,0]]],"id":1},{"properties":{"cd_mun_ibge":"2900306"},"type":"MultiPolygon","arcs":[[[-103,-822,-130,-4]]],"id":2},{"properties":{"cd_mun_ibge":"2900355"},"type":"MultiPolygon","arcs":[[[-1069,-99,-640,1,-141]]],"id":3},{"properties":{"cd_mun_ibge":"2900405"},"type":"MultiPolygon","arcs":[[[-994,-228,-6,-611,-246,-887,-407,-15,-995]]],"id":4},{"properties":{"cd_mun_ibge":"2900504"},"type":"MultiPolygon","arcs":[[[-73,-814,-797,-427,-629]]],"id":5},{"properties":{"cd_mun_ibge":"2900603"},"type":"MultiPolygon","arcs":[[[-266,-262,-354,-365,-234]]],"id":6},{"properties":{"cd_mun_ibge":"2900702"},"type":"MultiPolygon","arcs":[[[-226,-123,-5,-72,-1115,-7]]],"id":7},{"properties":{"cd_mun_ibge":"2900801"},"type":"MultiPolygon","arcs":[[[-1107,-729,2,-63]]],"id":8},{"properties":{"cd_mun_ibge":"2900900"},"type":"MultiPolygon","arcs":[[[-153,-182,-82,-176]]],"id":9},{"properties":{"cd_mun_ibge":"2901007"},"type":"MultiPolygon","arcs":[[[-19,-505,-899,-119,-975,-392,-1153]]],"id":10},{"properties":{"cd_mun_ibge":"2901106"},"type":"MultiPolygon","arcs":[[[-981,-907,-90,-1126]]],"id":11},{"properties":{"cd_mun_ibge":"2901155"},"type":"MultiPolygon","arcs":[[[-30,-44,-415,-367,-526]]],"id":12},{"properties":{"cd_mun_ibge":"2901205"},"type":"MultiPolygon","arcs":[[[-54,-28,-17,-701,-697,-1249,-14]]],"id":13},{"properties":{"cd_mun_ibge":"2901304"},"type":"MultiPolygon","arcs":[[[-419,-400,-190,-583,-260,-532]]],"id":14},{"properties":{"cd_mun_ibge":"2901353"},"type":"MultiPolygon","arcs":[[[-318,-1021,-349,-1146,-516]]],"id":15},{"properties":{"cd_mun_ibge":"2901403"},"type":"MultiPolygon","arcs":[[[-109,-69,-9,-765,-102]]],"id":16},{"properties":{"cd_mun_ibge":"2901502"},"type":"MultiPolygon","arcs":[[[-1046,-148]]],"id":17},{"properties":{"cd_mun_ibge":"2901601"},"type":"MultiPolygon","arcs":[[[-80,-599,-598,-361,-1070,-140]]],"id":18},{"properties":{"cd_mun_ibge":"2901700"},"type":"MultiPolygon","arcs":[[[-233,-147,-960,-86,-25,-915]]],"id":19},{"properties":{"cd_mun_ibge":"2901809"},"type":"MultiPolygon","arcs":[[[-152,-671,-508,-42,-1024]]],"id":20},{"properties":{"cd_mun_ibge":"2901908"},"type":"MultiPolygon","arcs":[[[-129,-125,-124,-230,-104,3]]],"id":21},{"properties":{"cd_mun_ibge":"2901957"},"type":"MultiPolygon","arcs":[[[-346,-285,-195,-235,-358]]],"id":22},{"properties":{"cd_mun_ibge":"2902005"},"type":"MultiPolygon","arcs":[[[-448,-21,-1090,-26,-53]]],"id":23},{"properties":{"cd_mun_ibge":"2902054"},"type":"MultiPolygon","arcs":[[[-708,-71,4,-122,-288]]],"id":24},{"properties":{"cd_mun_ibge":"2902104"},"type":"MultiPolygon","arcs":[[[-990,-16,-1117,-11,-88,-873,-51,-745,-1145]]],"id":25},{"properties":{"cd_mun_ibge":"2902203"},"type":"MultiPolygon","arcs":[[[5,-227,6,-1114,-653,-612]]],"id":26},{"properties":{"cd_mun_ibge":"2902252"},"type":"MultiPolygon","arcs":[[[-37,-378,-964,-1180,-875]]],"id":27},{"properties":{"cd_mun_ibge":"2902302"},"type":"MultiPolygon","arcs":[[[-351,-393,-911,-548,-559]]],"id":28},{"properties":{"cd_mun_ibge":"2902401"},"type":"MultiPolygon","arcs":[[[-309,-158,-1164,-257,-1193,-224]]],"id":29},{"properties":{"cd_mun_ibge":"2902500"},"type":"MultiPolygon","arcs":[[[-43,-880,-923,-70,-107,-1082,-1038,-884]]],"id":30},{"properties":{"cd_mun_ibge":"2902609"},"type":"MultiPolygon","arcs":[[[-546,-456,-673,-240,-431]]],"id":31},{"properties":{"cd_mun_ibge":"2902658"},"type":"MultiPolygon","arcs":[[[-792,-749,-137,-79]]],"id":32},{"properties":{"cd_mun_ibge":"2902708"},"type":"MultiPolygon","arcs":[[[-520,-206,-550,-1260,-470,-23,-665,-1276]]],"id":33},{"properties":{"cd_mun_ibge":"2902807"},"type":"MultiPolygon","arcs":[[[-384,-179,-245,-464,-93,-327]]],"id":34},{"properties":{"cd_mun_ibge":"2902906"},"type":"MultiPolygon","arcs":[[[-286,-1251,-700,-24]]],"id":35},{"properties":{"cd_mun_ibge":"2903003"},"type":"MultiPolygon","arcs":[[[-242,-187,-10,-1077,-1011,-20]]],"id":36},{"properties":{"cd_mun_ibge":"2903102"},"type":"MultiPolygon","arcs":[[[-1167,-159,-237,-197]]],"id":37},{"properties":{"cd_mun_ibge":"2903201"},"type":"MultiPolygon","arcs":[[[-68,-921,-429,7,-766,8]]],"id":38},{"properties":{"cd_mun_ibge":"2903235"},"type":"MultiPolygon","arcs":[[[9,-186,-204,-46,-540,-1078]]],"id":39},{"properties":{"cd_mun_ibge":"2903276"},"type":"MultiPolygon","arcs":[[[-1052,-89,10,-1116]]],"id":40},{"properties":{"cd_mun_ibge":"2903300"},"type":"MultiPolygon","arcs":[[[-294,-178,-81,-280,-254]]],"id":41},{"properties":{"cd_mun_ibge":"2903409"},"type":"MultiPolygon","arcs":[[[11]],[[-855,-138,-298,-297,296,-296,-491,-47,12]]],"id":42},{"properties":{"cd_mun_ibge":"2903508"},"type":"MultiPolygon","arcs":[[[-1136,-55,13,-1248,-49]]],"id":43},{"properties":{"cd_mun_ibge":"2903607"},"type":"MultiPolygon","arcs":[[[14,-406,-1053,-1118,15,-989]]],"id":44},{"properties":{"cd_mun_ibge":"2903706"},"type":"MultiPolygon","arcs":[[[-18,-513,-467,-356,-114,-214,-703]]],"id":45},{"properties":{"cd_mun_ibge":"2903805"},"type":"MultiPolygon","arcs":[[[-172,-487,-261,-581,-189,-398,-833,-251]]],"id":46},{"properties":{"cd_mun_ibge":"2903904"},"type":"MultiPolygon","arcs":[[[-552,-637,-439,-779,-457,-1029,-885,-1066]]],"id":47},{"properties":{"cd_mun_ibge":"2903953"},"type":"MultiPolygon","arcs":[[[16,-27,-514,17,-702]]],"id":48},{"properties":{"cd_mun_ibge":"2904001"},"type":"MultiPolygon","arcs":[[[-660,-594,-201,-1008,-623,-537]]],"id":49},{"properties":{"cd_mun_ibge":"2904050"},"type":"MultiPolygon","arcs":[[[-1252,-421,-543,-31,-524,-1197]]],"id":50},{"properties":{"cd_mun_ibge":"2904100"},"type":"MultiPolygon","arcs":[[[-635,-609,-199,-188,-440]]],"id":51},{"properties":{"cd_mun_ibge":"2904209"},"type":"MultiPolygon","arcs":[[[-74,-627,-1093,-443]]],"id":52},{"properties":{"cd_mun_ibge":"2904308"},"type":"MultiPolygon","arcs":[[[-866,-579,-506,18,-1159]]],"id":53},{"properties":{"cd_mun_ibge":"2904407"},"type":"MultiPolygon","arcs":[[[-106,-1262,-549,-1064,-1039,-1084]]],"id":54},{"properties":{"cd_mun_ibge":"2904506"},"type":"MultiPolygon","arcs":[[[-522,-156,-243,19,-1010,-200,-607]]],"id":55},{"properties":{"cd_mun_ibge":"2904605"},"type":"MultiPolygon","arcs":[[[-461,-803,-388,-424,-117,-801,-326,-1085,20,-736]]],"id":56},{"properties":{"cd_mun_ibge":"2904704"},"type":"MultiPolygon","arcs":[[[-1182,-967,-253,-222]]],"id":57},{"properties":{"cd_mun_ibge":"2904753"},"type":"MultiPolygon","arcs":[[[-469,21,-661,22]]],"id":58},{"properties":{"cd_mun_ibge":"2904803"},"type":"MultiPolygon","arcs":[[[23,-699,-568,-321,-287]]],"id":59},{"properties":{"cd_mun_ibge":"2904852"},"type":"MultiPolygon","arcs":[[[-553,-110,-987,-67,-916,24,-85,-160]]],"id":60},{"properties":{"cd_mun_ibge":"2904902"},"type":"MultiPolygon","arcs":[[[-934,-162,-84,-903,-1000,-477]]],"id":61},{"properties":{"cd_mun_ibge":"2905008"},"type":"MultiPolygon","arcs":[[[-163,-337,-423,-29,-173,-806]]],"id":62},{"properties":{"cd_mun_ibge":"2905107"},"type":"MultiPolygon","arcs":[[[-52,-340,-1006,-36]]],"id":63},{"properties":{"cd_mun_ibge":"2905156"},"type":"MultiPolygon","arcs":[[[25,-1089,-510,26,27]]],"id":64},{"properties":{"cd_mun_ibge":"2905206"},"type":"MultiPolygon","arcs":[[[-174,28,-668,-166,-210,-781,-1095,-631,-426,-390]]],"id":65},{"properties":{"cd_mun_ibge":"2905305"},"type":"MultiPolygon","arcs":[[[-45,29,-525,30,-542]]],"id":66},{"properties":{"cd_mun_ibge":"2905404"},"type":"MultiPolygon","arcs":[[[31]],[[-562,-1102,-1201,32]],[[33]],[[34]]],"id":67},{"properties":{"cd_mun_ibge":"2905503"},"type":"MultiPolygon","arcs":[[[35,-1005,-715]]],"id":68},{"properties":{"cd_mun_ibge":"2905602"},"type":"MultiPolygon","arcs":[[[-874,-489,-722,-643,-278,-379,36]]],"id":69},{"properties":{"cd_mun_ibge":"2905701"},"type":"MultiPolygon","arcs":[[[-116,-494,37,-416,-1061]]],"id":70},{"properties":{"cd_mun_ibge":"2905800"},"type":"MultiPolygon","arcs":[[[-192,-212,38,-481]],[[39]]],"id":71},{"properties":{"cd_mun_ibge":"2905909"},"type":"MultiPolygon","arcs":[[[-663,40,-759]]],"id":72},{"properties":{"cd_mun_ibge":"2906006"},"type":"MultiPolygon","arcs":[[[41,-507,-1178,-1036,-1072,-371,-347,-1019]]],"id":73},{"properties":{"cd_mun_ibge":"2906105"},"type":"MultiPolygon","arcs":[[[42,-883,-881]]],"id":74},{"properties":{"cd_mun_ibge":"2906204"},"type":"MultiPolygon","arcs":[[[-203,-410,-409,-408,43,44,-541,45]]],"id":75},{"properties":{"cd_mun_ibge":"2906303"},"type":"MultiPolygon","arcs":[[[46,-490,-876,-1186,47]]],"id":76},{"properties":{"cd_mun_ibge":"2906402"},"type":"MultiPolygon","arcs":[[[-149,-775,-207,-1049,-1096]]],"id":77},{"properties":{"cd_mun_ibge":"2906501"},"type":"MultiPolygon","arcs":[[[-978,-115,-1059,-843,-952]]],"id":78},{"properties":{"cd_mun_ibge":"2906600"},"type":"MultiPolygon","arcs":[[[-165,-666,-1018]]],"id":79},{"properties":{"cd_mun_ibge":"2906709"},"type":"MultiPolygon","arcs":[[[-1137,48,-1247,-121,49]]],"id":80},{"properties":{"cd_mun_ibge":"2906808"},"type":"MultiPolygon","arcs":[[[-744,-319,-519,-746,50,-872,-566]]],"id":81},{"properties":{"cd_mun_ibge":"2906824"},"type":"MultiPolygon","arcs":[[[-596,-135,-517,-1151,-76,-445,-444,-447,-362]]],"id":82},{"properties":{"cd_mun_ibge":"2906857"},"type":"MultiPolygon","arcs":[[[-455,-1215,-969,-155,-571,-647,-675]]],"id":83},{"properties":{"cd_mun_ibge":"2906873"},"type":"MultiPolygon","arcs":[[[-751,-341,51,-714,-741,-869,-971]]],"id":84},{"properties":{"cd_mun_ibge":"2906899"},"type":"MultiPolygon","arcs":[[[-1135,-449,52,53,54]]],"id":85},{"properties":{"cd_mun_ibge":"2906907"},"type":"MultiPolygon","arcs":[[[55]],[[56]],[[57]],[[58]],[[59]],[[60]],[[61]],[[-194,-395,-498,-1108,62,63,-589]]],"id":86},{"properties":{"cd_mun_ibge":"2907004"},"type":"MultiPolygon","arcs":[[[-126,-134]]],"id":87},{"properties":{"cd_mun_ibge":"2907103"},"type":"MultiPolygon","arcs":[[[-460,64,-145,-97,-941,-1026]]],"id":88},{"properties":{"cd_mun_ibge":"2907202"},"type":"MultiPolygon","arcs":[[[-1074,-1035,-757,65]]],"id":89},{"properties":{"cd_mun_ibge":"2907301"},"type":"MultiPolygon","arcs":[[[-897,-756,66,-986,-87,-1228]]],"id":90},{"properties":{"cd_mun_ibge":"2907400"},"type":"MultiPolygon","arcs":[[[-922,67,68,-108,69]]],"id":91},{"properties":{"cd_mun_ibge":"2907509"},"type":"MultiPolygon","arcs":[[[70,-707,-982,-1129,-1110,71]]],"id":92},{"properties":{"cd_mun_ibge":"2907558"},"type":"MultiPolygon","arcs":[[[72,-628,73,-442,-815]]],"id":93},{"properties":{"cd_mun_ibge":"2907608"},"type":"MultiPolygon","arcs":[[[-1173,-273,-376,-957,-730]]],"id":94},{"properties":{"cd_mun_ibge":"2907707"},"type":"MultiPolygon","arcs":[[[74,-823,-446,75,-1150,-1149,76,77]]],"id":95},{"properties":{"cd_mun_ibge":"2907806"},"type":"MultiPolygon","arcs":[[[78,-136,-600,79,-139,-170,-787]]],"id":96},{"properties":{"cd_mun_ibge":"2907905"},"type":"MultiPolygon","arcs":[[[-1143,-1142,1141,-1141,-790,-784,-304,-586]]],"id":97},{"properties":{"cd_mun_ibge":"2908002"},"type":"MultiPolygon","arcs":[[[80,-177,81,-181,-307,-223,-281]]],"id":98},{"properties":{"cd_mun_ibge":"2908101"},"type":"MultiPolygon","arcs":[[[82,-333,-98,-143]]],"id":99},{"properties":{"cd_mun_ibge":"2908200"},"type":"MultiPolygon","arcs":[[[-904,83,-161,84,85,-963]]],"id":100},{"properties":{"cd_mun_ibge":"2908309"},"type":"MultiPolygon","arcs":[[[-118,-908,-1229,86,-985,-947]]],"id":101},{"properties":{"cd_mun_ibge":"2908408"},"type":"MultiPolygon","arcs":[[[-773,-761,-1209,-867,87,88,-1051,-208]]],"id":102},{"properties":{"cd_mun_ibge":"2908507"},"type":"MultiPolygon","arcs":[[[-151,-94,-1111,-1127,89,-906]]],"id":103},{"properties":{"cd_mun_ibge":"2908606"},"type":"MultiPolygon","arcs":[[[90,-131,-820,-353]]],"id":104},{"properties":{"cd_mun_ibge":"2908705"},"type":"MultiPolygon","arcs":[[[91,-530,-339,-164,-733,-684,-96]]],"id":105},{"properties":{"cd_mun_ibge":"2908804"},"type":"MultiPolygon","arcs":[[[-328,92,-463,-511,-1087]]],"id":106},{"properties":{"cd_mun_ibge":"2908903"},"type":"MultiPolygon","arcs":[[[-650,-1112,93,-150,-889,-247]]],"id":107},{"properties":{"cd_mun_ibge":"2909000"},"type":"MultiPolygon","arcs":[[[94,95,-683]]],"id":108},{"properties":{"cd_mun_ibge":"2909109"},"type":"MultiPolygon","arcs":[[[-332,-942,96,-144,97]]],"id":109},{"properties":{"cd_mun_ibge":"2909208"},"type":"MultiPolygon","arcs":[[[-638,98,-1068,-360,-656,99]]],"id":110},{"properties":{"cd_mun_ibge":"2909307"},"type":"MultiPolygon","arcs":[[[100,-918,-879,-335]]],"id":111},{"properties":{"cd_mun_ibge":"2909406"},"type":"MultiPolygon","arcs":[[[101,-764,-893,-471,-1264,-105]]],"id":112},{"properties":{"cd_mun_ibge":"2909505"},"type":"MultiPolygon","arcs":[[[-862,-1157,-1271,-311]]],"id":113},{"properties":{"cd_mun_ibge":"2909604"},"type":"MultiPolygon","arcs":[[[102,103,-229,-601,-303,-816]]],"id":114},{"properties":{"cd_mun_ibge":"2909703"},"type":"MultiPolygon","arcs":[[[104,-1263,105,-1083,106,107,108]]],"id":115},{"properties":{"cd_mun_ibge":"2909802"},"type":"MultiPolygon","arcs":[[[-936,-948,-988,109,-555]]],"id":116},{"properties":{"cd_mun_ibge":"2909901"},"type":"MultiPolygon","arcs":[[[110,111,-1149,-1148,-348,-369,112]]],"id":117},{"properties":{"cd_mun_ibge":"2910008"},"type":"MultiPolygon","arcs":[[[-180,-215,113,-263,-264]]],"id":118},{"properties":{"cd_mun_ibge":"2910057"},"type":"MultiPolygon","arcs":[[[-1060,114,-977,-495,115]]],"id":119},{"properties":{"cd_mun_ibge":"2910107"},"type":"MultiPolygon","arcs":[[[-428,-802,116]]],"id":120},{"properties":{"cd_mun_ibge":"2910206"},"type":"MultiPolygon","arcs":[[[117,-946,-909]]],"id":121},{"properties":{"cd_mun_ibge":"2910305"},"type":"MultiPolygon","arcs":[[[-898,-1226,-976,118]]],"id":122},{"properties":{"cd_mun_ibge":"2910404"},"type":"MultiPolygon","arcs":[[[-435,119,120,-1246,-795]]],"id":123},{"properties":{"cd_mun_ibge":"2910503"},"type":"MultiPolygon","arcs":[[[121,122,-231,123,124,-128,125,-133,126,-492,-289]]],"id":124},{"properties":{"cd_mun_ibge":"2910602"},"type":"MultiPolygon","arcs":[[[127,128,129,-821,130,131,132,133]]],"id":125},{"properties":{"cd_mun_ibge":"2910701"},"type":"MultiPolygon","arcs":[[[-748,-518,134,-595,135,136]]],"id":126},{"properties":{"cd_mun_ibge":"2910727"},"type":"MultiPolygon","arcs":[[[-299,137,-854,-718,-249,-168,-270]]],"id":127},{"properties":{"cd_mun_ibge":"2910750"},"type":"MultiPolygon","arcs":[[[-171,138,139,140,141]]],"id":128},{"properties":{"cd_mun_ibge":"2910776"},"type":"MultiPolygon","arcs":[[[142,143,144,145]]],"id":129},{"properties":{"cd_mun_ibge":"2910800"},"type":"MultiPolygon","arcs":[[[146,-232,-1040,147,-1045,148,-1099,-846,-890,149,150,-905,-961]]],"id":130},{"properties":{"cd_mun_ibge":"2910859"},"type":"MultiPolygon","arcs":[[[-672,151,-1023,-317,-712]]],"id":131},{"properties":{"cd_mun_ibge":"2910909"},"type":"MultiPolygon","arcs":[[[-184,-859,-276,-323]]],"id":132},{"properties":{"cd_mun_ibge":"2911006"},"type":"MultiPolygon","arcs":[[[152,-175,-292,-277,-861,-183]]],"id":133},{"properties":{"cd_mun_ibge":"2911105"},"type":"MultiPolygon","arcs":[[[-763,153,-895]]],"id":134},{"properties":{"cd_mun_ibge":"2911204"},"type":"MultiPolygon","arcs":[[[-574,-1266,-565,-681,-191]]],"id":135},{"properties":{"cd_mun_ibge":"2911253"},"type":"MultiPolygon","arcs":[[[-572,154,-968,-868,-925]]],"id":136},{"properties":{"cd_mun_ibge":"2911303"},"type":"MultiPolygon","arcs":[[[-241,155,-521,-1274,-275,-185]]],"id":137},{"properties":{"cd_mun_ibge":"2911402"},"type":"MultiPolygon","arcs":[[[-825,156,-645]]],"id":138},{"properties":{"cd_mun_ibge":"2911501"},"type":"MultiPolygon","arcs":[[[157,-268,158,-1166,-1160]]],"id":139},{"properties":{"cd_mun_ibge":"2911600"},"type":"MultiPolygon","arcs":[[[159,160,161,-933,-554]]],"id":140},{"properties":{"cd_mun_ibge":"2911659"},"type":"MultiPolygon","arcs":[[[-338,162,-805,-462,-734,163]]],"id":141},{"properties":{"cd_mun_ibge":"2911709"},"type":"MultiPolygon","arcs":[[[-667,164,-1017,-622,-209,165]]],"id":142},{"properties":{"cd_mun_ibge":"2911808"},"type":"MultiPolygon","arcs":[[[166,-271,167,-248,-283,-373]]],"id":143},{"properties":{"cd_mun_ibge":"2911857"},"type":"MultiPolygon","arcs":[[[168,-785,-788,169,170]]],"id":144},{"properties":{"cd_mun_ibge":"2911907"},"type":"MultiPolygon","arcs":[[[-239,-753,-316,-503,-577,-696,-483,171,-250]]],"id":145},{"properties":{"cd_mun_ibge":"2912004"},"type":"MultiPolygon","arcs":[[[-807,172,173,-389]]],"id":146},{"properties":{"cd_mun_ibge":"2912103"},"type":"MultiPolygon","arcs":[[[-293,174,175,176,177]]],"id":147},{"properties":{"cd_mun_ibge":"2912202"},"type":"MultiPolygon","arcs":[[[-383,-534,-259,-244,178]]],"id":148},{"properties":{"cd_mun_ibge":"2912301"},"type":"MultiPolygon","arcs":[[[-570,-216,179,-269,-308,180,181,182,-860,183,-322]]],"id":149},{"properties":{"cd_mun_ibge":"2912400"},"type":"MultiPolygon","arcs":[[[184,-274,-1171,-205,185,186]]],"id":150},{"properties":{"cd_mun_ibge":"2912509"},"type":"MultiPolygon","arcs":[[[-441,187,-198,-592,-810]]],"id":151},{"properties":{"cd_mun_ibge":"2912608"},"type":"MultiPolygon","arcs":[[[188,-584,189,-399]]],"id":152},{"properties":{"cd_mun_ibge":"2912707"},"type":"MultiPolygon","arcs":[[[-1161,-1169,-196,-575,190,-680,-213,191,-480]]],"id":153},{"properties":{"cd_mun_ibge":"2912806"},"type":"MultiPolygon","arcs":[[[192,-396,193,-588,-538]]],"id":154},{"properties":{"cd_mun_ibge":"2912905"},"type":"MultiPolygon","arcs":[[[-236,194,-576,195,-1168,196]]],"id":155},{"properties":{"cd_mun_ibge":"2913002"},"type":"MultiPolygon","arcs":[[[197,198,-608,199,-1009,200,-593]]],"id":156},{"properties":{"cd_mun_ibge":"2913101"},"type":"MultiPolygon","arcs":[[[-1170,-732,-412,408,201,202,203,204]]],"id":157},{"properties":{"cd_mun_ibge":"2913200"},"type":"MultiPolygon","arcs":[[[-605,-633,-551,205,-523]]],"id":158},{"properties":{"cd_mun_ibge":"2913309"},"type":"MultiPolygon","arcs":[[[206,-774,207,-1050]]],"id":159},{"properties":{"cd_mun_ibge":"2913408"},"type":"MultiPolygon","arcs":[[[208,-621,-497,-782,209]]],"id":160},{"properties":{"cd_mun_ibge":"2913457"},"type":"MultiPolygon","arcs":[[[210,211,212,-679,-330]]],"id":161},{"properties":{"cd_mun_ibge":"2913507"},"type":"MultiPolygon","arcs":[[[-704,213,214,215,-569]]],"id":162},{"properties":{"cd_mun_ibge":"2913606"},"type":"MultiPolygon","arcs":[[[216]],[[217]],[[218]],[[219]],[[220]],[[221,-255,-282,222,-306,223,-1196,224,-1184,-1183]]],"id":163},{"properties":{"cd_mun_ibge":"2913705"},"type":"MultiPolygon","arcs":[[[225,226,227,-994,-993,-602,228,229,230]]],"id":164},{"properties":{"cd_mun_ibge":"2913804"},"type":"MultiPolygon","arcs":[[[-914,-755,-238,-1041,231,232]]],"id":165},{"properties":{"cd_mun_ibge":"2913903"},"type":"MultiPolygon","arcs":[[[233,-364,-359,234,235,236,-267]]],"id":166},{"properties":{"cd_mun_ibge":"2914000"},"type":"MultiPolygon","arcs":[[[237,-754,238,-252,-831,-830,-829,-433,829,-432,239,-677,-649,-1042]]],"id":167},{"properties":{"cd_mun_ibge":"2914109"},"type":"MultiPolygon","arcs":[[[240,241,242]]],"id":168},{"properties":{"cd_mun_ibge":"2914208"},"type":"MultiPolygon","arcs":[[[691,-402,-690,-580,-864,-310,-343]]],"id":169},{"properties":{"cd_mun_ibge":"2914307"},"type":"MultiPolygon","arcs":[[[243,-258,-485,-476,-465,244]]],"id":170},{"properties":{"cd_mun_ibge":"2914406"},"type":"MultiPolygon","arcs":[[[-1080,-544,-420,-624,-1012]]],"id":171},{"properties":{"cd_mun_ibge":"2914505"},"type":"MultiPolygon","arcs":[[[-888,245,-610,-651,246]]],"id":172},{"properties":{"cd_mun_ibge":"2914604"},"type":"MultiPolygon","arcs":[[[-731,-956,-366,-413]]],"id":173},{"properties":{"cd_mun_ibge":"2914653"},"type":"MultiPolygon","arcs":[[[247,248,-717,-284]]],"id":174},{"properties":{"cd_mun_ibge":"2914703"},"type":"MultiPolygon","arcs":[[[249,250,-832,251]]],"id":175},{"properties":{"cd_mun_ibge":"2914802"},"type":"MultiPolygon","arcs":[[[252,-966,-377,-295,253,-279,254]]],"id":176},{"properties":{"cd_mun_ibge":"2914901"},"type":"MultiPolygon","arcs":[[[255,-1194,256,-1163,-479]]],"id":177},{"properties":{"cd_mun_ibge":"2915007"},"type":"MultiPolygon","arcs":[[[-486,257,258,-533,259,-582,260]]],"id":178},{"properties":{"cd_mun_ibge":"2915106"},"type":"MultiPolygon","arcs":[[[261,-265,262,-355]]],"id":179},{"properties":{"cd_mun_ibge":"2915205"},"type":"MultiPolygon","arcs":[[[263,264,265,266,267,268]]],"id":180},{"properties":{"cd_mun_ibge":"2915304"},"type":"MultiPolygon","arcs":[[[269,270,271,-314,-300]]],"id":181},{"properties":{"cd_mun_ibge":"2915353"},"type":"MultiPolygon","arcs":[[[-1278,-664,-1032,-375,272,-1172,273,274]]],"id":182},{"properties":{"cd_mun_ibge":"2915403"},"type":"MultiPolygon","arcs":[[[-324,275,-858,276,-291,-380,277,-642,-302]]],"id":183},{"properties":{"cd_mun_ibge":"2915502"},"type":"MultiPolygon","arcs":[[[278,279,280,281]]],"id":184},{"properties":{"cd_mun_ibge":"2915601"},"type":"MultiPolygon","arcs":[[[-1240,-374,282,283,-716,-726]]],"id":185},{"properties":{"cd_mun_ibge":"2915700"},"type":"MultiPolygon","arcs":[[[-345,-1268,-573,284]]],"id":186},{"properties":{"cd_mun_ibge":"2915809"},"type":"MultiPolygon","arcs":[[[-1244,285,286,-320,-301,-436,-793]]],"id":187},{"properties":{"cd_mun_ibge":"2915908"},"type":"MultiPolygon","arcs":[[[-709,287,288,-496]]],"id":188},{"properties":{"cd_mun_ibge":"2916005"},"type":"MultiPolygon","arcs":[[[-501,289,-1237]]],"id":189},{"properties":{"cd_mun_ibge":"2916104"},"type":"MultiPolygon","arcs":[[[-839,-841,-1236]]],"id":190},{"properties":{"cd_mun_ibge":"2916203"},"type":"MultiPolygon","arcs":[[[-381,290,291,292,293,294]]],"id":191},{"properties":{"cd_mun_ibge":"2916302"},"type":"MultiPolygon","arcs":[[[-313,-724,-488,295,-297,296,297,298,299]]],"id":192},{"properties":{"cd_mun_ibge":"2916401"},"type":"MultiPolygon","arcs":[[[300,-325,301,-641,-720,-312,-437]]],"id":193},{"properties":{"cd_mun_ibge":"2916500"},"type":"MultiPolygon","arcs":[[[-817,302,-604,-585,303,-783,304]]],"id":194},{"properties":{"cd_mun_ibge":"2916609"},"type":"MultiPolygon","arcs":[[[305,306,307,308]]],"id":195},{"properties":{"cd_mun_ibge":"2916708"},"type":"MultiPolygon","arcs":[[[309,-863,310,-1270,-344]]],"id":196},{"properties":{"cd_mun_ibge":"2916807"},"type":"MultiPolygon","arcs":[[[-451,-450,449,-454,-438,311,-725,312,313,314]]],"id":197},{"properties":{"cd_mun_ibge":"2916856"},"type":"MultiPolygon","arcs":[[[-504,315,-752,-901]]],"id":198},{"properties":{"cd_mun_ibge":"2916906"},"type":"MultiPolygon","arcs":[[[-404,-342,-387]]],"id":199},{"properties":{"cd_mun_ibge":"2917003"},"type":"MultiPolygon","arcs":[[[-713,316,-1022,317,-515,318,-743]]],"id":200},{"properties":{"cd_mun_ibge":"2917102"},"type":"MultiPolygon","arcs":[[[319,320,-567,321,322,323,324]]],"id":201},{"properties":{"cd_mun_ibge":"2917201"},"type":"MultiPolygon","arcs":[[[-1086,325,-800,-385,326,327]]],"id":202},{"properties":{"cd_mun_ibge":"2917300"},"type":"MultiPolygon","arcs":[[[-678,-564,328,329]]],"id":203},{"properties":{"cd_mun_ibge":"2917334"},"type":"MultiPolygon","arcs":[[[-458,-618,-1015,330]]],"id":204},{"properties":{"cd_mun_ibge":"2917359"},"type":"MultiPolygon","arcs":[[[-878,-938,331,332,333,334]]],"id":205},{"properties":{"cd_mun_ibge":"2917409"},"type":"MultiPolygon","arcs":[[[335,-1191,-422,336,337,338,-529]]],"id":206},{"properties":{"cd_mun_ibge":"2917508"},"type":"MultiPolygon","arcs":[[[-1223,-617,-616,-615,-509,339,340,-750,-1054,-502]]],"id":207},{"properties":{"cd_mun_ibge":"2917607"},"type":"MultiPolygon","arcs":[[[341,-403,-692,342,343,-1269,344,345,-357]]],"id":208},{"properties":{"cd_mun_ibge":"2917706"},"type":"MultiPolygon","arcs":[[[-1020,346,-370,347,-1147,348]]],"id":209},{"properties":{"cd_mun_ibge":"2917805"},"type":"MultiPolygon","arcs":[[[-478,-840,-1234,349,-1206,-394,350,-558]]],"id":210},{"properties":{"cd_mun_ibge":"2917904"},"type":"MultiPolygon","arcs":[[[-819,351,352]]],"id":211},{"properties":{"cd_mun_ibge":"2918001"},"type":"MultiPolygon","arcs":[[[353,354,355,-466,-474,-386,356,357,358,-363]]],"id":212},{"properties":{"cd_mun_ibge":"2918100"},"type":"MultiPolygon","arcs":[[[-654,359,-1067,360,-597,361,-827,-644,-849]]],"id":213},{"properties":{"cd_mun_ibge":"2918209"},"type":"MultiPolygon","arcs":[[[-1155,-391,-556,-1120]]],"id":214},{"properties":{"cd_mun_ibge":"2918308"},"type":"MultiPolygon","arcs":[[[362,363,364]]],"id":215},{"properties":{"cd_mun_ibge":"2918357"},"type":"MultiPolygon","arcs":[[[-414,365,-955,-527,366]]],"id":216},{"properties":{"cd_mun_ibge":"2918407"},"type":"MultiPolygon","arcs":[[[-1071,367,368,369,370]]],"id":217},{"properties":{"cd_mun_ibge":"2918456"},"type":"MultiPolygon","arcs":[[[-1239,371,372,373]]],"id":218},{"properties":{"cd_mun_ibge":"2918506"},"type":"MultiPolygon","arcs":[[[374,-1031,-958,375]]],"id":219},{"properties":{"cd_mun_ibge":"2918555"},"type":"MultiPolygon","arcs":[[[376,-965,377,378,379,380]]],"id":220},{"properties":{"cd_mun_ibge":"2918605"},"type":"MultiPolygon","arcs":[[[381,-535,382,383,384,-799]]],"id":221},{"properties":{"cd_mun_ibge":"2918704"},"type":"MultiPolygon","arcs":[[[385,-473,-405,386]]],"id":222},{"properties":{"cd_mun_ibge":"2918753"},"type":"MultiPolygon","arcs":[[[387,-808,388,389,-425]]],"id":223},{"properties":{"cd_mun_ibge":"2918803"},"type":"MultiPolygon","arcs":[[[-557,390,-1154,391,-974,-912,392,393,-1205]]],"id":224},{"properties":{"cd_mun_ibge":"2918902"},"type":"MultiPolygon","arcs":[[[-499,394,395,396]]],"id":225},{"properties":{"cd_mun_ibge":"2919009"},"type":"MultiPolygon","arcs":[[[397,398,399,-418,-1257,-834]]],"id":226},{"properties":{"cd_mun_ibge":"2919058"},"type":"MultiPolygon","arcs":[[[400,401,402,403,404,-472]]],"id":227},{"properties":{"cd_mun_ibge":"2919108"},"type":"MultiPolygon","arcs":[[[-1047,405,406,-886,-847]]],"id":228},{"properties":{"cd_mun_ibge":"2919157"},"type":"MultiPolygon","arcs":[[[407,408,409,410,411,412,413,414]]],"id":229},{"properties":{"cd_mun_ibge":"2919207"},"type":"MultiPolygon","arcs":[[[-1057,415,416,-844]]],"id":230},{"properties":{"cd_mun_ibge":"2919306"},"type":"MultiPolygon","arcs":[[[417,418,-625,419,420,-1258]]],"id":231},{"properties":{"cd_mun_ibge":"2919405"},"type":"MultiPolygon","arcs":[[[421,-1190,-669,422]]],"id":232},{"properties":{"cd_mun_ibge":"2919504"},"type":"MultiPolygon","arcs":[[[423,424,425,-630,426,-796,427]]],"id":233},{"properties":{"cd_mun_ibge":"2919553"},"type":"MultiPolygon","arcs":[[[428,-920,429]]],"id":234},{"properties":{"cd_mun_ibge":"2919603"},"type":"MultiPolygon","arcs":[[[-836,835,-547,430,431,-830,432,-837]]],"id":235},{"properties":{"cd_mun_ibge":"2919702"},"type":"MultiPolygon","arcs":[[[433,434,-794,435,436,437,-453]]],"id":236},{"properties":{"cd_mun_ibge":"2919801"},"type":"MultiPolygon","arcs":[[[-1092,-780,438,-636,439,440,-809,441,442]]],"id":237},{"properties":{"cd_mun_ibge":"2919900"},"type":"MultiPolygon","arcs":[[[443,444,445,-828,446]]],"id":238},{"properties":{"cd_mun_ibge":"2919926"},"type":"MultiPolygon","arcs":[[[-842,-996,-954]]],"id":239},{"properties":{"cd_mun_ibge":"2919959"},"type":"MultiPolygon","arcs":[[[-737,447,448,-1134]]],"id":240},{"properties":{"cd_mun_ibge":"2920007"},"type":"MultiPolygon","arcs":[[[-450,449,450,451,452,453]]],"id":241},{"properties":{"cd_mun_ibge":"2920106"},"type":"MultiPolygon","arcs":[[[-545,-1219,-1218,-1216,454,-674,455]]],"id":242},{"properties":{"cd_mun_ibge":"2920205"},"type":"MultiPolygon","arcs":[[[-1025,456,-778,-619,457,458,459]]],"id":243},{"properties":{"cd_mun_ibge":"2920304"},"type":"MultiPolygon","arcs":[[[-804,460,-735,461]]],"id":244},{"properties":{"cd_mun_ibge":"2920403"},"type":"MultiPolygon","arcs":[[[-512,462,463,464,-475,465,466]]],"id":245},{"properties":{"cd_mun_ibge":"2920452"},"type":"MultiPolygon","arcs":[[[-892,467,468,469,-1259,470]]],"id":246},{"properties":{"cd_mun_ibge":"2920502"},"type":"MultiPolygon","arcs":[[[471,472,473,474,475,-484,-694]]],"id":247},{"properties":{"cd_mun_ibge":"2920601"},"type":"MultiPolygon","arcs":[[[-950,-935,476,-999,-838,477,-561]]],"id":248},{"properties":{"cd_mun_ibge":"2920700"},"type":"MultiPolygon","arcs":[[[478,-1162,479,480,481]]],"id":249},{"properties":{"cd_mun_ibge":"2920809"},"type":"MultiPolygon","arcs":[[[482,-695,483,484,485,486]]],"id":250},{"properties":{"cd_mun_ibge":"2920908"},"type":"MultiPolygon","arcs":[[[487,-723,488,-877,489,490]]],"id":251},{"properties":{"cd_mun_ibge":"2921005"},"type":"MultiPolygon","arcs":[[[491,492,493,494,-984,-710,495]]],"id":252},{"properties":{"cd_mun_ibge":"2921054"},"type":"MultiPolygon","arcs":[[[-620,-776,496]]],"id":253},{"properties":{"cd_mun_ibge":"2921104"},"type":"MultiPolygon","arcs":[[[-1109,497,498,499,500,-1243]]],"id":254},{"properties":{"cd_mun_ibge":"2921203"},"type":"MultiPolygon","arcs":[[[-528,-1224,501,-1056,-1220,-1219,-688]]],"id":255},{"properties":{"cd_mun_ibge":"2921302"},"type":"MultiPolygon","arcs":[[[502,503,-900,504,505,-578]]],"id":256},{"properties":{"cd_mun_ibge":"2921401"},"type":"MultiPolygon","arcs":[[[-614,-1179,506,507,-670,-1002,508]]],"id":257},{"properties":{"cd_mun_ibge":"2921450"},"type":"MultiPolygon","arcs":[[[509,-1088,510,511,512,513]]],"id":258},{"properties":{"cd_mun_ibge":"2921500"},"type":"MultiPolygon","arcs":[[[514,515,-1152,516,517,-747,518]]],"id":259},{"properties":{"cd_mun_ibge":"2921609"},"type":"MultiPolygon","arcs":[[[519,-1275,520,521,-606,522]]],"id":260},{"properties":{"cd_mun_ibge":"2921708"},"type":"MultiPolygon","arcs":[[[-687,-1103,-1198,523,524,525,526,-959,-1030,-1176,-613,-1225,527]]],"id":261},{"properties":{"cd_mun_ibge":"2921807"},"type":"MultiPolygon","arcs":[[[528,529,530]]],"id":262},{"properties":{"cd_mun_ibge":"2921906"},"type":"MultiPolygon","arcs":[[[531,532,533,534,535,-657,536,-626]]],"id":263},{"properties":{"cd_mun_ibge":"2922003"},"type":"MultiPolygon","arcs":[[[537,-591,538]]],"id":264},{"properties":{"cd_mun_ibge":"2922052"},"type":"MultiPolygon","arcs":[[[539,540,541,542,543,-1079]]],"id":265},{"properties":{"cd_mun_ibge":"2922102"},"type":"MultiPolygon","arcs":[[[544,545,546,-836,-835,-1199,-1105,-686]]],"id":266},{"properties":{"cd_mun_ibge":"2922201"},"type":"MultiPolygon","arcs":[[[547,-910,-944,-560]]],"id":267},{"properties":{"cd_mun_ibge":"2922250"},"type":"MultiPolygon","arcs":[[[548,-1261,549,550,-632,551,-1065]]],"id":268},{"properties":{"cd_mun_ibge":"2922300"},"type":"MultiPolygon","arcs":[[[552,553,-937,554]]],"id":269},{"properties":{"cd_mun_ibge":"2922409"},"type":"MultiPolygon","arcs":[[[-739,-1121,555,556,-1204]]],"id":270},{"properties":{"cd_mun_ibge":"2922508"},"type":"MultiPolygon","arcs":[[[557,558,559,-943,560]]],"id":271},{"properties":{"cd_mun_ibge":"2922607"},"type":"MultiPolygon","arcs":[[[-1124,-1100,561,562,563,-682,564,-1265]]],"id":272},{"properties":{"cd_mun_ibge":"2922656"},"type":"MultiPolygon","arcs":[[[565,-871,-740]]],"id":273},{"properties":{"cd_mun_ibge":"2922706"},"type":"MultiPolygon","arcs":[[[566,567,-698,-705,568,569]]],"id":274},{"properties":{"cd_mun_ibge":"2922730"},"type":"MultiPolygon","arcs":[[[-648,570,571,-924,-770,-931,-769,-929,-768]]],"id":275},{"properties":{"cd_mun_ibge":"2922755"},"type":"MultiPolygon","arcs":[[[572,-1267,573,574,575]]],"id":276},{"properties":{"cd_mun_ibge":"2922805"},"type":"MultiPolygon","arcs":[[[-689,576,577,578,-865,579]]],"id":277},{"properties":{"cd_mun_ibge":"2922854"},"type":"MultiPolygon","arcs":[[[580,581,582,583]]],"id":278},{"properties":{"cd_mun_ibge":"2922904"},"type":"MultiPolygon","arcs":[[[584,-603,-991,-1144,585]]],"id":279},{"properties":{"cd_mun_ibge":"2923001"},"type":"MultiPolygon","arcs":[[[586]],[[587,588,589,590]]],"id":280},{"properties":{"cd_mun_ibge":"2923035"},"type":"MultiPolygon","arcs":[[[591,592,593,-659,-811]]],"id":281},{"properties":{"cd_mun_ibge":"2923050"},"type":"MultiPolygon","arcs":[[[594,595,596,597,598,599]]],"id":282},{"properties":{"cd_mun_ibge":"2923100"},"type":"MultiPolygon","arcs":[[[600,601,-992,602,603]]],"id":283},{"properties":{"cd_mun_ibge":"2923209"},"type":"MultiPolygon","arcs":[[[-634,604,605,606,607,608]]],"id":284},{"properties":{"cd_mun_ibge":"2923308"},"type":"MultiPolygon","arcs":[[[-652,609,610,611]]],"id":285},{"properties":{"cd_mun_ibge":"2923357"},"type":"MultiPolygon","arcs":[[[612,-1175,613,614,615,616,-1222]]],"id":286},{"properties":{"cd_mun_ibge":"2923407"},"type":"MultiPolygon","arcs":[[[-1016,617,618,-777,619,620,621]]],"id":287},{"properties":{"cd_mun_ibge":"2923506"},"type":"MultiPolygon","arcs":[[[622,-1007,623,624,625]]],"id":288},{"properties":{"cd_mun_ibge":"2923605"},"type":"MultiPolygon","arcs":[[[-1094,626,627,628,629,630]]],"id":289},{"properties":{"cd_mun_ibge":"2923704"},"type":"MultiPolygon","arcs":[[[631,632,633,634,635,636]]],"id":290},{"properties":{"cd_mun_ibge":"2923803"},"type":"MultiPolygon","arcs":[[[637,638,639]]],"id":291},{"properties":{"cd_mun_ibge":"2923902"},"type":"MultiPolygon","arcs":[[[-721,640,641,642]]],"id":292},{"properties":{"cd_mun_ibge":"2924009"},"type":"MultiPolygon","arcs":[[[-850,643,-826,644,645]]],"id":293},{"properties":{"cd_mun_ibge":"2924058"},"type":"MultiPolygon","arcs":[[[-676,646,647,-767,-1043,648]]],"id":294},{"properties":{"cd_mun_ibge":"2924108"},"type":"MultiPolygon","arcs":[[[649,650,651,652,-1113]]],"id":295},{"properties":{"cd_mun_ibge":"2924207"},"type":"MultiPolygon","arcs":[[[653,-848,654,655]]],"id":296},{"properties":{"cd_mun_ibge":"2924306"},"type":"MultiPolygon","arcs":[[[656,657,-812,658,659]]],"id":297},{"properties":{"cd_mun_ibge":"2924405"},"type":"MultiPolygon","arcs":[[[660,661,662,-758,-1033,663,-1277,664]]],"id":298},{"properties":{"cd_mun_ibge":"2924504"},"type":"MultiPolygon","arcs":[[[-1189,-1013,665,666,667,668]]],"id":299},{"properties":{"cd_mun_ibge":"2924603"},"type":"MultiPolygon","arcs":[[[669,670,671,-711,-1003]]],"id":300},{"properties":{"cd_mun_ibge":"2924652"},"type":"MultiPolygon","arcs":[[[672,673,674,675,676]]],"id":301},{"properties":{"cd_mun_ibge":"2924678"},"type":"MultiPolygon","arcs":[[[677,678,679,680,681]]],"id":302},{"properties":{"cd_mun_ibge":"2924702"},"type":"MultiPolygon","arcs":[[[682,683,-738,-1132,-1131,1130,-1130,684]]],"id":303},{"properties":{"cd_mun_ibge":"2924801"},"type":"MultiPolygon","arcs":[[[1218,685,-1104,686,687]]],"id":304},{"properties":{"cd_mun_ibge":"2924900"},"type":"MultiPolygon","arcs":[[[688,689,690,691,692,693,694,695]]],"id":305},{"properties":{"cd_mun_ibge":"2925006"},"type":"MultiPolygon","arcs":[[[-1250,696,-706,697,698,699]]],"id":306},{"properties":{"cd_mun_ibge":"2925105"},"type":"MultiPolygon","arcs":[[[700,701,702,703,704,705]]],"id":307},{"properties":{"cd_mun_ibge":"2925204"},"type":"MultiPolygon","arcs":[[[-983,706,707,708,709]]],"id":308},{"properties":{"cd_mun_ibge":"2925253"},"type":"MultiPolygon","arcs":[[[-1004,710,711,712,-742,713,714]]],"id":309},{"properties":{"cd_mun_ibge":"2925303"},"type":"MultiPolygon","arcs":[[[-727,715,716,717,-853,718]]],"id":310},{"properties":{"cd_mun_ibge":"2925402"},"type":"MultiPolygon","arcs":[[[719,720,721,722,723,724]]],"id":311},{"properties":{"cd_mun_ibge":"2925501"},"type":"MultiPolygon","arcs":[[[-1106,-1241,725,726,727,728]]],"id":312},{"properties":{"cd_mun_ibge":"2925600"},"type":"MultiPolygon","arcs":[[[729,730,731,-1174]]],"id":313},{"properties":{"cd_mun_ibge":"2925709"},"type":"MultiPolygon","arcs":[[[732,733,734,735,736,-1133,737]]],"id":314},{"properties":{"cd_mun_ibge":"2925758"},"type":"MultiPolygon","arcs":[[[738,-1203,-1101,-1122]]],"id":315},{"properties":{"cd_mun_ibge":"2925808"},"type":"MultiPolygon","arcs":[[[739,-870,740,741,742,743]]],"id":316},{"properties":{"cd_mun_ibge":"2925907"},"type":"MultiPolygon","arcs":[[[744,745,746,747,748,-791,-1139]]],"id":317},{"properties":{"cd_mun_ibge":"2925931"},"type":"MultiPolygon","arcs":[[[-1055,749,750,-970,-1213]]],"id":318},{"properties":{"cd_mun_ibge":"2925956"},"type":"MultiPolygon","arcs":[[[751,752,753,754,-913,755,-902]]],"id":319},{"properties":{"cd_mun_ibge":"2926004"},"type":"MultiPolygon","arcs":[[[756,-1034,757,758,759]]],"id":320},{"properties":{"cd_mun_ibge":"2926103"},"type":"MultiPolygon","arcs":[[[-772,-927,-1210,760]]],"id":321},{"properties":{"cd_mun_ibge":"2926202"},"type":"MultiPolygon","arcs":[[[761,762,-894,763,764,765]]],"id":322},{"properties":{"cd_mun_ibge":"2926301"},"type":"MultiPolygon","arcs":[[[-1044,766,767,928,768,930,769,-932,-931,-930,770,771,772,773,774]]],"id":323},{"properties":{"cd_mun_ibge":"2926400"},"type":"MultiPolygon","arcs":[[[775,776,777,778,779,-1091,780,781]]],"id":324},{"properties":{"cd_mun_ibge":"2926509"},"type":"MultiPolygon","arcs":[[[782,783,-789,784,785]]],"id":325},{"properties":{"cd_mun_ibge":"2926608"},"type":"MultiPolygon","arcs":[[[786,787,788,789,-1140,790,791]]],"id":326},{"properties":{"cd_mun_ibge":"2926657"},"type":"MultiPolygon","arcs":[[[-1245,792,793,794]]],"id":327},{"properties":{"cd_mun_ibge":"2926707"},"type":"MultiPolygon","arcs":[[[795,796,797,798,799,800,801]]],"id":328},{"properties":{"cd_mun_ibge":"2926806"},"type":"MultiPolygon","arcs":[[[802,803,804,805,806,807]]],"id":329},{"properties":{"cd_mun_ibge":"2926905"},"type":"MultiPolygon","arcs":[[[808,809,810,811,812,813,814]]],"id":330},{"properties":{"cd_mun_ibge":"2927002"},"type":"MultiPolygon","arcs":[[[815,816,817,818,819,820,821]]],"id":331},{"properties":{"cd_mun_ibge":"2927101"},"type":"MultiPolygon","arcs":[[[822,823,824,825,826,827]]],"id":332},{"properties":{"cd_mun_ibge":"2927200"},"type":"MultiPolygon","arcs":[[[828,829,830,831,832,833,-1256,-1255,1254,-1254,-1200,834,835,836]]],"id":333},{"properties":{"cd_mun_ibge":"2927309"},"type":"MultiPolygon","arcs":[[[837,-998,838,-1235,839]]],"id":334},{"properties":{"cd_mun_ibge":"2927408"},"type":"MultiPolygon","arcs":[[[-1232,840,-997,841,-953,842,-1058,843,844]]],"id":335},{"properties":{"cd_mun_ibge":"2927507"},"type":"MultiPolygon","arcs":[[[845,-1098,-1048,846,-891]]],"id":336},{"properties":{"cd_mun_ibge":"2927606"},"type":"MultiPolygon","arcs":[[[847,848,849,850]]],"id":337},{"properties":{"cd_mun_ibge":"2927705"},"type":"MultiPolygon","arcs":[[[851]],[[852,853,854,855]],[[856]]],"id":338},{"properties":{"cd_mun_ibge":"2927804"},"type":"MultiPolygon","arcs":[[[857,858,859,860]]],"id":339},{"properties":{"cd_mun_ibge":"2927903"},"type":"MultiPolygon","arcs":[[[861,862,863,864,865,-1158]]],"id":340},{"properties":{"cd_mun_ibge":"2928000"},"type":"MultiPolygon","arcs":[[[866,-1208,-926,867,-972,868,869,870,871,872]]],"id":341},{"properties":{"cd_mun_ibge":"2928059"},"type":"MultiPolygon","arcs":[[[873,874,-1187,875,876]]],"id":342},{"properties":{"cd_mun_ibge":"2928109"},"type":"MultiPolygon","arcs":[[[877,878,-917,879,880,-882,-939]]],"id":343},{"properties":{"cd_mun_ibge":"2928208"},"type":"MultiPolygon","arcs":[[[-940,881,882,883,-1037,-1062,884,-1028]]],"id":344},{"properties":{"cd_mun_ibge":"2928307"},"type":"MultiPolygon","arcs":[[[885,886,887,888,889,890]]],"id":345},{"properties":{"cd_mun_ibge":"2928406"},"type":"MultiPolygon","arcs":[[[891,892,893,894,895]]],"id":346},{"properties":{"cd_mun_ibge":"2928505"},"type":"MultiPolygon","arcs":[[[896,-1227,897,898,899,900,901]]],"id":347},{"properties":{"cd_mun_ibge":"2928604"},"type":"MultiPolygon","arcs":[[[-1001,902,903,-962,904,905,906,-980,-951]]],"id":348},{"properties":{"cd_mun_ibge":"2928703"},"type":"MultiPolygon","arcs":[[[-1230,907,908,-945,909,910,911,-973]]],"id":349},{"properties":{"cd_mun_ibge":"2928802"},"type":"MultiPolygon","arcs":[[[912,913,914,915]]],"id":350},{"properties":{"cd_mun_ibge":"2928901"},"type":"MultiPolygon","arcs":[[[916,917,918,919,920,921,922]]],"id":351},{"properties":{"cd_mun_ibge":"2928950"},"type":"MultiPolygon","arcs":[[[923,924,925,-1211,926,927,928,929,930,931]]],"id":352},{"properties":{"cd_mun_ibge":"2929008"},"type":"MultiPolygon","arcs":[[[932,933,934,-949,935,936]]],"id":353},{"properties":{"cd_mun_ibge":"2929057"},"type":"MultiPolygon","arcs":[[[937,938,939,-1027,940,941]]],"id":354},{"properties":{"cd_mun_ibge":"2929107"},"type":"MultiPolygon","arcs":[[[942,943,944,945,946,947,948,949]]],"id":355},{"properties":{"cd_mun_ibge":"2929206"},"type":"MultiPolygon","arcs":[[[950,-979,951,952,953]]],"id":356},{"properties":{"cd_mun_ibge":"2929255"},"type":"MultiPolygon","arcs":[[[954,955,956,957,958]]],"id":357},{"properties":{"cd_mun_ibge":"2929305"},"type":"MultiPolygon","arcs":[[[959,960,961,962]]],"id":358},{"properties":{"cd_mun_ibge":"2929354"},"type":"MultiPolygon","arcs":[[[963,964,965,966,-1181]]],"id":359},{"properties":{"cd_mun_ibge":"2929370"},"type":"MultiPolygon","arcs":[[[967,968,-1214,969,970,971]]],"id":360},{"properties":{"cd_mun_ibge":"2929404"},"type":"MultiPolygon","arcs":[[[972,973,974,975,-1231]]],"id":361},{"properties":{"cd_mun_ibge":"2929503"},"type":"MultiPolygon","arcs":[[[976,977,978,979,980,-1125,981,982,983]]],"id":362},{"properties":{"cd_mun_ibge":"2929602"},"type":"MultiPolygon","arcs":[[[984,985,986,987]]],"id":363},{"properties":{"cd_mun_ibge":"2929701"},"type":"MultiPolygon","arcs":[[[988,989,990,991,992,993,994]]],"id":364},{"properties":{"cd_mun_ibge":"2929750"},"type":"MultiPolygon","arcs":[[[995,996,997,998,999,1000]]],"id":365},{"properties":{"cd_mun_ibge":"2929800"},"type":"MultiPolygon","arcs":[[[1001,1002,1003,1004,1005]]],"id":366},{"properties":{"cd_mun_ibge":"2929909"},"type":"MultiPolygon","arcs":[[[1006,1007,1008,1009,1010,-1076,1011]]],"id":367},{"properties":{"cd_mun_ibge":"2930006"},"type":"MultiPolygon","arcs":[[[1012,-1188,1013,1014,1015,1016,1017]]],"id":368},{"properties":{"cd_mun_ibge":"2930105"},"type":"MultiPolygon","arcs":[[[1018,1019,1020,1021,1022,1023]]],"id":369},{"properties":{"cd_mun_ibge":"2930154"},"type":"MultiPolygon","arcs":[[[1024,1025,1026,1027,1028]]],"id":370},{"properties":{"cd_mun_ibge":"2930204"},"type":"MultiPolygon","arcs":[[[-1177,1029,1030,1031,1032,1033,1034,-1073,1035]]],"id":371},{"properties":{"cd_mun_ibge":"2930303"},"type":"MultiPolygon","arcs":[[[1036,1037,-1081,1038,-1063]]],"id":372},{"properties":{"cd_mun_ibge":"2930402"},"type":"MultiPolygon","arcs":[[[1039,1040,1041,1042,1043,1044,1045]]],"id":373},{"properties":{"cd_mun_ibge":"2930501"},"type":"MultiPolygon","arcs":[[[1046,1047,-1097,1048,1049,1050,1051,-1119,1052]]],"id":374},{"properties":{"cd_mun_ibge":"2930600"},"type":"MultiPolygon","arcs":[[[1053,1054,-1212,-1221,1055]]],"id":375},{"properties":{"cd_mun_ibge":"2930709"},"type":"MultiPolygon","arcs":[[[1056,1057,1058,1059,1060]]],"id":376},{"properties":{"cd_mun_ibge":"2930758"},"type":"MultiPolygon","arcs":[[[1061,1062,1063,1064,1065]]],"id":377},{"properties":{"cd_mun_ibge":"2930766"},"type":"MultiPolygon","arcs":[[[1066,1067,1068,1069]]],"id":378},{"properties":{"cd_mun_ibge":"2930774"},"type":"MultiPolygon","arcs":[[[1070,1071,1072,1073,1074]]],"id":379},{"properties":{"cd_mun_ibge":"2930808"},"type":"MultiPolygon","arcs":[[[1075,1076,1077,1078,1079]]],"id":380},{"properties":{"cd_mun_ibge":"2930907"},"type":"MultiPolygon","arcs":[[[1080,1081,1082,1083]]],"id":381},{"properties":{"cd_mun_ibge":"2931004"},"type":"MultiPolygon","arcs":[[[1084,1085,1086,1087,1088,1089]]],"id":382},{"properties":{"cd_mun_ibge":"2931053"},"type":"MultiPolygon","arcs":[[[1090,1091,1092,1093,1094]]],"id":383},{"properties":{"cd_mun_ibge":"2931103"},"type":"MultiPolygon","arcs":[[[1095,1096,1097,1098]]],"id":384},{"properties":{"cd_mun_ibge":"2931202"},"type":"MultiPolygon","arcs":[[[1099,-1123,1100,-1202,1101]]],"id":385},{"properties":{"cd_mun_ibge":"2931301"},"type":"MultiPolygon","arcs":[[[1102,1103,1104]]],"id":386},{"properties":{"cd_mun_ibge":"2931350"},"type":"MultiPolygon","arcs":[[[1105,1106,1107,1108,-1242]]],"id":387},{"properties":{"cd_mun_ibge":"2931400"},"type":"MultiPolygon","arcs":[[[1109,-1128,1110,1111,1112,1113,1114]]],"id":388},{"properties":{"cd_mun_ibge":"2931509"},"type":"MultiPolygon","arcs":[[[1115,1116,1117,1118]]],"id":389},{"properties":{"cd_mun_ibge":"2931608"},"type":"MultiPolygon","arcs":[[[-1156,1119,1120,1121,1122,1123,-1273]]],"id":390},{"properties":{"cd_mun_ibge":"2931707"},"type":"MultiPolygon","arcs":[[[1124,1125,1126,1127,1128]]],"id":391},{"properties":{"cd_mun_ibge":"2931806"},"type":"MultiPolygon","arcs":[[[1129,-1131,1130,1131,1132,1133,1134,1135,1136,1137]]],"id":392},{"properties":{"cd_mun_ibge":"2931905"},"type":"MultiPolygon","arcs":[[[1138,1139,1140,-1142,1141,1142,1143,1144]]],"id":393},{"properties":{"cd_mun_ibge":"2932002"},"type":"MultiPolygon","arcs":[[[1145,1146,1147,1148,1149,1150,1151]]],"id":394},{"properties":{"cd_mun_ibge":"2932101"},"type":"MultiPolygon","arcs":[[[1152,1153,1154,1155,-1272,1156,1157,1158]]],"id":395},{"properties":{"cd_mun_ibge":"2932200"},"type":"MultiPolygon","arcs":[[[1159,-1165,1160,1161,1162,1163]]],"id":396},{"properties":{"cd_mun_ibge":"2932309"},"type":"MultiPolygon","arcs":[[[1164,1165,1166,1167,1168]]],"id":397},{"properties":{"cd_mun_ibge":"2932408"},"type":"MultiPolygon","arcs":[[[1169,1170,1171,1172,1173]]],"id":398},{"properties":{"cd_mun_ibge":"2932457"},"type":"MultiPolygon","arcs":[[[1174,1175,1176,1177,1178]]],"id":399},{"properties":{"cd_mun_ibge":"2932507"},"type":"MultiPolygon","arcs":[[[1179,1180,1181,1182,1183,1184,1185,1186]]],"id":400},{"properties":{"cd_mun_ibge":"2932606"},"type":"MultiPolygon","arcs":[[[1187,1188,1189,1190,1191]]],"id":401},{"properties":{"cd_mun_ibge":"2932705"},"type":"MultiPolygon","arcs":[[[1192,1193,1194,1195]]],"id":402},{"properties":{"cd_mun_ibge":"2932804"},"type":"MultiPolygon","arcs":[[[1196,1197,1198,1199,-1253]]],"id":403},{"properties":{"cd_mun_ibge":"2932903"},"type":"MultiPolygon","arcs":[[[1200,1201,1202,1203,1204,1205,1206]]],"id":404},{"properties":{"cd_mun_ibge":"2933000"},"type":"MultiPolygon","arcs":[[[1207,1208,1209,1210]]],"id":405},{"properties":{"cd_mun_ibge":"2933059"},"type":"MultiPolygon","arcs":[[[-1217,1211,1212,1213,1214,1215]]],"id":406},{"properties":{"cd_mun_ibge":"2933109"},"type":"MultiPolygon","arcs":[[[1216,1217,1218,1219,1220]]],"id":407},{"properties":{"cd_mun_ibge":"2933158"},"type":"MultiPolygon","arcs":[[[1221,1222,1223,1224]]],"id":408},{"properties":{"cd_mun_ibge":"2933174"},"type":"MultiPolygon","arcs":[[[1225,1226,1227,1228,1229,1230]]],"id":409},{"properties":{"cd_mun_ibge":"2933208"},"type":"MultiPolygon","arcs":[[[1231,1232,1233,1234,1235]]],"id":410},{"properties":{"cd_mun_ibge":"2933257"},"type":"MultiPolygon","arcs":[[[1236,1237,1238,1239,1240,1241,1242]]],"id":411},{"properties":{"cd_mun_ibge":"2933307"},"type":"MultiPolygon","arcs":[[[1243,1244,1245,1246,1247,1248,1249,1250]]],"id":412},{"properties":{"cd_mun_ibge":"2933406"},"type":"MultiPolygon","arcs":[[[1251,1252,1253,-1255,1254,1255,1256,1257]]],"id":413},{"properties":{"cd_mun_ibge":"2933455"},"type":"MultiPolygon","arcs":[[[1258,1259,1260,1261,1262,1263]]],"id":414},{"properties":{"cd_mun_ibge":"2933505"},"type":"MultiPolygon","arcs":[[[1264,1265,1266,1267,1268,1269,1270,1271,1272]]],"id":415},{"properties":{"cd_mun_ibge":"2933604"},"type":"MultiPolygon","arcs":[[[1273,1274,1275,1276,1277]]],"id":416}],"type":"GeometryCollection"}},"bbox":[-46.57723841926432,-18.3485603,-37.3411467,-8.5328206],"transform":{"scale":[9.236184081105127e-05,9.815837858378583e-05],"translate":[-46.57723841926432,-18.3485603]},"arcs":[[[78176,99850],[156,-125],[532,-9],[195,-165],[81,-326],[280,-280],[-39,-487],[183,-267],[515,41],[133,150],[217,-197],[911,-211]],[[92409,77913],[-277,-152],[-835,-24]],[[79963,9195],[-6,-1480],[175,-401],[420,-554]],[[91979,68646],[355,-398],[-188,-404]],[[89016,62331],[352,82],[22,494],[178,441],[239,-31],[55,56],[26,456],[-85,445]],[[86031,65357],[370,-202]],[[87723,65196],[297,-539],[-38,-71],[182,-410],[6,-286],[-110,-276],[-515,-231],[10,-349],[-1041,-330]],[[2039,64179],[-324,59],[-34,-86],[-293,-36],[-151,96],[-182,-18],[378,216],[239,-36],[-27,118],[184,87],[87,-155],[142,281],[145,-16],[-16,64],[126,22],[-13,98],[532,394],[894,57],[449,164],[125,135],[-163,30],[-569,-154],[-145,87],[-229,-76],[-62,87],[-406,7],[-299,251],[-128,-35],[31,-48],[-93,30],[-115,228],[1,300],[98,79],[158,-111],[75,36],[-87,253],[226,-14],[26,177],[-142,-6],[59,54],[-59,60],[221,148],[-356,-77],[187,192],[-341,-87],[-37,205],[147,90],[79,-58],[74,75],[153,-16],[5,122],[157,144],[-128,33],[130,29],[150,213],[-97,112],[-236,36],[49,119],[-107,52],[41,157],[-103,-24],[17,58],[-149,55],[-275,-157],[-95,56],[84,14],[4,108],[149,22],[2,111],[88,-46],[69,77],[94,-78],[141,134],[94,-47],[38,126],[76,-88],[153,21],[188,-98],[133,89],[331,18],[210,-351],[199,2],[242,-116],[130,62],[198,-65],[99,274],[689,3]],[[17833,64617],[-46,-73],[66,-92],[-88,-114],[402,-72],[311,-228],[315,-570],[25,-295],[245,119],[198,312],[117,25],[109,-118],[527,0],[124,-106],[165,-490],[911,327],[380,-74],[32,-71]],[[49325,66559],[189,175],[136,22],[45,-64],[34,79],[144,-73]],[[80515,69837],[722,740]],[[82880,23630],[4,6],[-14,-29],[0,3],[10,20]],[[83191,26303],[421,-679],[20,-163],[-1035,-2476]],[[57977,37054],[237,-64],[87,-67],[-81,-106],[247,-27],[-46,-112],[81,35],[106,-99],[29,-398],[-90,-115],[82,-210],[-147,-75],[46,-212]],[[85566,67805],[-107,-54],[-729,52],[-440,-311],[-338,-491],[-115,-9]],[[83960,70651],[441,491]],[[64066,39585],[-238,206],[-51,-105],[-182,61],[-185,186],[-42,339],[-195,39],[125,110],[145,-20],[118,205]],[[65742,40862],[1153,-579]],[[73363,54652],[369,-649],[617,-502],[82,-155]],[[46905,65203],[1676,-2353],[20,-93],[-103,-89],[103,-314],[-6,-647]],[[56258,43264],[-498,-78],[-469,-394],[-112,61],[-130,-59],[49,-133],[-106,14],[17,-169],[-176,51],[-196,-274],[-14,-223],[-98,-77],[42,-106],[-127,-122],[-153,40],[-45,-69],[179,-144],[-222,-421],[165,-124],[-110,-146],[57,-253],[-87,-275],[198,-423],[-128,-313],[51,-258],[229,-42],[53,-104],[-1146,-109]],[[27000,79050],[123,94],[228,751],[273,313],[-108,313],[87,329],[217,72],[333,-265],[480,-42],[178,90],[3,342]],[[34565,82607],[83,-68],[50,-345],[-21,-295],[-156,-311],[75,-363],[-55,-122],[98,-157],[-74,-241],[89,-213],[29,-647],[-78,-729],[106,-306],[-120,-384],[55,-733],[-193,-801],[71,-125],[4,-461],[-1747,-117],[-2271,-400],[-456,103],[-444,503],[-631,-74]],[[65247,33736],[537,605],[729,593],[272,679]],[[80662,59600],[418,26]],[[59370,39802],[279,457],[-71,151],[-358,148]],[[63636,41259],[-53,-303],[-294,-11],[-39,-85],[426,-232],[-115,-22]],[[63561,40606],[-4191,-804]],[[44565,40718],[-338,-254],[-231,-51],[-114,-286]],[[53970,68615],[48,140],[147,-52],[-54,131],[70,-19],[117,139],[51,218]],[[56129,67004],[-63,-420],[-236,-565]],[[82433,47601],[-10,-12],[-9,18],[13,2],[6,-8]],[[82572,50517],[84,-79],[293,242],[122,-128],[-11,-416],[157,-283],[-135,-180],[-136,-39],[56,-189],[-166,-203],[-76,-491],[342,-372],[-53,-203],[168,-212],[-3,-125],[-243,-233],[-169,185],[-423,-149]],[[82611,50561],[8,6],[9,1],[-10,-19],[-7,12]],[[83083,50620],[-3,-10],[-8,15],[11,-2],[0,-3]],[[71317,73208],[-2040,576],[-444,-1],[-183,118],[-411,1],[-1244,333]],[[75772,31184],[60,-59],[-52,-121],[100,-64],[75,205],[195,-123],[43,83],[192,-53],[259,100],[141,-170],[47,-350]],[[92538,58593],[-179,-381],[-837,-747],[-1295,-1473],[-395,-287]],[[82387,45842],[174,-240]],[[82685,45975],[25,-2],[-2,-30],[-56,32],[33,0]],[[32169,91658],[293,318],[518,165],[495,396],[364,31],[315,-157],[665,-884],[343,-75],[158,-179],[200,-79],[192,-280],[131,129],[264,0],[304,125],[244,-212],[193,94],[165,348],[276,-104],[147,157],[430,-277],[207,37],[41,-241],[748,181],[156,-59],[177,-258],[-54,-381],[172,-495],[192,-90],[265,5],[332,-378],[392,138],[97,-104],[101,-615],[581,42],[81,280],[442,336],[-32,261],[322,-155]],[[68282,79952],[-157,-247],[-890,-172],[-77,-72],[-114,35],[-795,-337],[-953,-855]],[[24200,53284],[112,242],[266,166],[2,509],[120,64],[124,259],[193,14],[113,142]],[[53635,68637],[335,-22]],[[53970,68615],[36,-568],[-359,-1663]],[[53023,65475],[-924,598],[-261,661],[-372,604],[-403,296]],[[83191,26303],[-2306,-208],[130,-271],[-169,-120],[-131,-3],[2,158],[-194,115],[-245,21],[-125,-131],[-313,74],[-108,145],[-97,-155],[-177,66],[-96,-72],[-27,-179],[-105,43],[-83,-61],[-36,-203],[-118,136],[-64,-139],[-93,36],[-61,-62],[-101,87],[-139,-105],[-350,-18]],[[82329,30187],[304,-1266],[111,-1586],[447,-1032]],[[56778,32820],[652,-636],[764,-211],[415,107]],[[56466,29071],[-1020,863]],[[79756,74881],[-229,-20],[-501,134]],[[69644,73011],[148,28],[263,-136],[247,62],[105,-107],[321,156],[144,-34],[445,228]],[[55681,38685],[385,-71],[178,283],[248,-29],[324,312],[345,-106],[461,266],[84,-121],[100,14],[-104,-181],[77,-52],[233,62],[149,-61],[47,89],[-106,110],[68,58],[131,39],[86,-64],[-6,160],[134,34],[134,-24],[46,-162],[245,49],[26,200],[85,51],[-154,41],[-7,90],[281,165],[64,-126],[135,91]],[[59370,39802],[190,-78],[78,-161],[-104,-66],[-2,-163],[-153,-13],[-144,-263],[24,-159],[-141,-69],[-100,-181],[27,-184],[-209,-128],[132,-213],[-312,-83],[-120,84],[-181,-132],[-50,-312],[-406,-365],[116,-96],[-92,-107],[54,-59]],[[57977,37054],[-4,-350],[-184,84],[-49,157],[-77,-102],[-146,0],[19,-177],[-203,-6],[28,-153],[166,-155],[-58,-182]],[[85280,3755],[33,7],[12,-9],[-39,-16],[-6,18]],[[85328,3767],[1,-1],[-2,-2],[-1,2],[2,1]],[[85197,3858],[-2,-16],[-65,6],[70,19],[9,-7],[-12,-2]],[[85179,3882],[-25,7],[14,30],[36,-13],[-25,-24]],[[85325,3933],[51,-31],[-161,28],[64,17],[46,-14]],[[85364,3945],[-6,6],[13,5],[-1,-10],[-6,-1]],[[80126,6172],[-227,-157],[-44,27],[247,154],[24,-24]],[[75492,8054],[790,-214],[218,101],[234,-10],[269,-228],[42,-434],[206,-241],[2084,224],[1217,-492]],[[80552,6760],[-8,-84],[-572,-496],[-186,-55],[22,-258],[-557,-564]],[[30251,40846],[-183,14],[-165,175],[-76,-24],[23,116],[-172,5],[-120,-108],[5,88],[-94,-51],[29,103],[-299,-42],[-108,56],[-17,136],[-6,-79],[-130,75],[-77,-116],[-52,93],[-90,-5],[-19,-95],[-93,102],[-77,-96],[-45,155],[-106,-100],[-146,262],[-122,-83],[-106,97],[36,54],[-305,-43],[-207,-178],[-120,54]],[[51131,92788],[125,-37],[100,82],[152,481],[214,243],[29,209],[674,509],[94,798],[498,41],[115,90],[5,137],[438,52],[251,281],[387,24],[52,-156],[224,99],[-3,231],[405,463],[-39,151],[90,138],[161,206],[169,8],[406,448],[113,-35],[466,971],[248,-4],[260,-204],[264,16],[307,-102],[227,157],[239,10],[-14,90],[139,63],[548,-66],[689,73],[-153,-254],[25,-242],[121,-59],[-26,-65],[152,-174],[251,-70],[129,79],[329,-49],[122,-223],[-68,-277],[109,-88],[456,206],[197,-75],[65,-134],[386,68],[242,-335],[170,-464],[161,-79],[54,-251],[105,-46],[-3,-306],[183,-266],[152,-725],[131,-141],[247,-117],[317,2],[-3,-151],[265,-43],[246,-172],[268,34],[192,-219],[-35,-302],[-259,-456],[87,-103],[-30,-137],[99,-22],[-64,-175],[-233,-91],[3,-94],[-139,-116],[-209,95],[-184,-188],[185,-166],[13,-244],[-90,-161],[36,-325],[-237,-104],[59,-162],[-82,-166]],[[78590,59103],[895,-1135],[44,34]],[[17864,61691],[647,325],[282,52],[495,338],[581,-43],[888,565],[448,-21],[421,190]],[[21626,63097],[1232,112]],[[22484,62412],[-365,-229],[-145,-485],[-527,-156],[-88,-107],[-36,55],[-181,-102],[-113,82],[-194,-112],[-52,41],[-3,-101],[-170,19],[-567,-768],[-128,-37]],[[89016,62331],[236,-157],[256,-32],[401,-301]],[[87157,61874],[632,-102],[104,200],[130,38],[142,-73],[433,199],[178,313],[240,-118]],[[47845,52180],[-251,-13],[-181,-305],[60,-118]],[[45163,50392],[-35,557],[-273,624],[157,119],[-258,425],[-9,492]],[[81340,97974],[372,-70],[414,-296],[157,-260],[271,-117]],[[80193,88727],[-446,-65]],[[78145,88967],[-290,383],[-230,1],[-81,180],[34,173],[-177,97],[-198,341],[119,435],[269,9],[71,121],[-42,864],[171,224],[-38,94],[55,104],[249,83],[33,203],[79,33],[-58,437],[-107,197],[133,153],[-28,324],[127,215]],[[78236,93638],[94,30],[16,288],[154,165],[133,509],[377,301],[-4,194],[173,244],[9,300],[-88,145],[1796,993],[444,1167]],[[86945,79304],[-94,119],[-129,-18],[-64,279],[-426,-196],[-158,215],[64,96],[-342,195],[-34,118]],[[88374,80333],[340,-21],[178,-113],[176,67],[655,-74],[448,179],[314,-175]],[[76264,36739],[-88,-180],[-145,-61],[13,-126]],[[75720,36310],[151,642],[-542,604],[-849,581],[-228,35]],[[23445,41433],[-182,-52],[-271,-258],[-231,-24],[-132,-144],[-256,59],[-322,-92],[-49,-116],[-222,31],[11,-87],[-83,31],[-283,-234],[-134,32],[-161,-109],[-86,-187],[-274,-13],[9,-210],[-108,-77],[-17,78],[-50,-84],[-153,79],[-140,-337],[-126,60],[-118,-52],[-75,-125],[-198,-27],[-83,-147],[-408,-97],[1,-89],[-260,66],[98,-79],[-49,-69],[-211,49],[-14,-78],[130,-74],[-149,-38],[15,-177],[114,-35],[-246,-63],[2,-127],[-128,-138],[123,-43],[38,96],[5,-148],[-201,17],[-151,-209],[-7,78],[-215,-137],[-149,20],[24,-100],[-94,-64],[-324,-42],[39,-66],[-128,-78],[-81,61],[-198,-118],[72,-88],[-102,3],[-28,-105],[-116,33],[10,-91],[-474,-123],[4,-104],[-64,-60],[-29,56],[-188,-411],[-191,-183],[-580,14],[-296,153],[-281,-102],[-18,-74],[-155,50],[-394,-425],[-181,-31],[-48,-129],[-87,34],[-35,-129],[-155,-67],[33,-147],[-174,43],[-91,-85],[-68,54],[0,-203],[-395,-131],[10,-122],[-130,45],[-88,-94],[15,-135],[-315,-238],[-230,-92],[-145,49],[-233,-331],[-150,43],[-219,-109],[-91,146],[-178,-78],[-215,161],[-319,-55],[-31,-131],[-213,-221],[-73,27],[-81,-211],[-82,-4],[-160,-241],[-176,-33],[-43,70],[-28,-157],[-13,88],[-105,-40],[13,-216],[-205,-326],[-207,-37],[-36,-89],[-215,-10],[-55,-192],[-314,-100],[-413,100],[-135,-64],[-107,63],[-149,-36],[-104,-214],[-258,-71],[-134,-147],[-514,259],[-380,-63],[-202,-154],[-131,-420],[-487,-60],[-98,-297],[-184,-200],[32,-88],[-265,-56],[-45,165],[-171,55],[-19,268],[-237,220],[249,27],[205,174],[307,80],[72,504],[165,41],[108,335],[466,432],[-33,410],[133,219],[-59,285],[-397,256],[49,221],[-365,282]],[[83329,59354],[-103,72],[-220,-25],[-782,-345],[38,-136],[-272,16],[-31,-58]],[[81411,59171],[-168,387],[-163,68]],[[81080,59626],[218,422],[173,78]],[[78237,55491],[114,342],[-24,402],[207,4],[14,87],[267,-21],[136,-215],[181,-27],[37,116],[423,244]],[[79814,72076],[45,-65],[89,101],[146,6],[91,-111],[140,103],[33,-119],[279,-184],[-77,-229],[128,-183],[-50,-110],[106,-232],[1,-329],[-105,-160],[45,-111],[-85,-222],[-113,-113],[28,-281]],[[80515,69837],[-183,-363],[127,-88],[-50,-153],[61,-149],[-145,-668]],[[85760,60876],[-1288,91],[-216,-55]],[[98140,67318],[-1053,-2190],[-819,-1460]],[[49032,32375],[-490,-151],[-244,422],[-363,242],[-38,214],[-216,136],[-209,-175],[-257,-25],[-120,65],[-404,-264],[-139,117]],[[58029,47305],[290,105],[125,234],[269,-40],[526,512],[271,130],[44,-52],[351,54],[129,-138],[-87,-186],[147,-60],[-62,-104],[157,-125],[-109,-37],[23,-117],[-63,-5],[76,-130],[-23,-122],[-73,-7],[99,-211],[-74,-120],[73,-18],[-199,-202],[344,-272],[218,26],[-25,-200],[119,-269],[114,-68],[89,48],[2,-125],[152,-60],[-52,-58],[84,-159],[272,-117]],[[85398,61586],[-235,-89],[-125,134],[-6,144],[-239,37],[-34,-90],[-202,-54],[-62,-150],[-203,-23],[27,-176],[-239,-80]],[[51612,33081],[-412,-157],[-239,16],[-107,-225],[-182,-149],[-320,-90],[-64,-140],[-598,63],[-75,96],[-583,-120]],[[49032,32375],[-233,305],[416,420],[232,81],[266,256],[124,365],[-48,413],[509,452],[92,181],[-79,29],[34,121],[305,72],[110,163],[88,-50],[-13,79],[177,-125],[107,109],[116,-94],[166,55]],[[27589,46414],[93,-205],[-134,87],[176,-220],[-114,-92],[237,58],[17,-148],[-89,29],[27,-126],[-201,-26],[51,-79],[-120,-64],[77,-104],[-49,-92],[-89,22],[-89,209],[-147,-42],[-43,34],[-79,-27],[190,-44],[66,-241],[196,0],[20,-101],[-89,39],[-194,-125],[36,-148],[-71,65],[-94,-44],[104,-191],[-135,46],[-15,-76],[-32,132],[-117,-13],[67,118],[-58,128],[81,-2],[-65,92],[-93,-23],[14,-183],[-83,-9],[-137,-224],[95,-140],[-87,-101],[97,-20],[-67,-110]],[[23794,43848],[-958,105],[-534,303],[-1567,1151],[-540,23],[-152,184],[-249,50],[-135,214],[-360,197]],[[93852,80481],[-63,65]],[[95370,82106],[255,-249],[20,-252],[-453,-74],[-150,-181],[-434,-157],[65,-67],[-86,-46],[38,-114],[-168,-52],[3,-194],[-74,-19],[128,-167]],[[3953,44198],[-131,67],[45,287],[-357,60],[-107,184],[-44,346],[107,220],[-54,67],[321,415],[-188,193],[-258,9],[105,218],[-190,125],[634,302],[-304,291],[-128,21],[295,254],[-55,157],[-249,31],[282,400],[811,494],[-52,142],[-214,146],[-481,-79],[-170,46],[112,242],[-110,338],[238,190],[-17,137],[-111,25],[304,220]],[[24164,63630],[-34,226],[-3397,3385]],[[93081,68807],[-578,-97],[-5,103],[-196,108],[-160,-62],[50,-222],[-213,9]],[[91979,68646],[-95,-87],[-633,102],[-37,-256],[-262,-58],[-162,57],[-344,-73],[-244,161],[-304,-223],[-61,89],[-238,28]],[[24164,63630],[489,-48],[59,-195],[231,-11],[57,78],[182,-84],[834,381],[110,117],[2,189],[158,-91],[203,37],[184,201]],[[28356,62249],[0,0]],[[24519,61553],[-280,6],[-138,97],[-489,90],[-492,-86],[-246,-122],[-123,47],[-52,-80],[-171,99],[-379,-67],[-40,76],[375,799]],[[22484,62412],[374,797]],[[22858,63209],[244,521],[1062,-100]],[[79748,58068],[372,193]],[[78176,99850],[-182,-161],[-1278,-2777],[251,-1430],[652,-1599],[617,-245]],[[78236,93638],[-127,-215],[28,-324],[-133,-153],[107,-197],[58,-437],[-79,-33],[-33,-203],[-249,-83],[-55,-104],[38,-94],[-171,-224],[42,-864],[-71,-121],[-269,-9],[-119,-435],[198,-341],[177,-97],[-34,-173],[81,-180],[230,-1],[291,-383]],[[71445,94681],[248,87],[722,820],[156,296],[-54,355],[-254,440],[108,305],[760,155],[326,-65],[485,264],[571,-57],[221,127],[9,425],[-208,661],[21,186],[1038,113],[830,482],[460,113],[260,302],[180,-1],[281,248],[322,62],[249,-149]],[[70198,38996],[131,344],[238,7],[114,498],[125,-5],[-81,194],[37,268],[63,12],[-138,93],[-96,-63],[-111,110],[66,182],[-103,110],[18,347],[-317,123],[23,184],[-79,60],[66,122]],[[88546,57947],[62,526]],[[90537,58903],[217,20],[129,221],[171,9],[93,-130],[-28,-126],[251,-97],[68,-261],[-119,-41],[-115,91],[-251,3],[-59,-201],[-230,-83],[-236,-219],[-11,66],[-357,73],[-302,-21],[-131,112],[-120,-5],[23,60],[-332,-124],[-12,-142],[-109,62],[-280,-391]],[[54331,44869],[-1097,-578],[-617,240],[-404,-135],[-145,80]],[[79615,55105],[-54,264],[19,71],[119,-6],[-63,232],[53,199],[96,12],[64,-116],[186,21],[251,246]],[[76281,54263],[-573,757],[-413,353]],[[63627,27316],[-442,-132],[16,-239],[-301,-106],[-169,130],[32,215],[-419,345],[-111,-19],[-22,-229],[-116,-128],[-428,-114],[-227,27],[-128,314],[-512,133],[-195,-446],[-286,-225],[-327,0],[-186,-115],[-261,59],[-166,-198],[-387,-82],[-151,-257],[-788,355],[-576,-118],[-264,99],[-414,-58],[-333,2544]],[[56466,29071],[286,-32],[197,-151],[268,51],[630,-66],[318,232],[91,-251],[204,-86],[47,-120],[245,24],[53,-110],[135,209],[240,51],[58,-112],[91,15],[261,264],[77,-79],[153,18],[219,232],[-26,138]],[[91979,63066],[-223,170],[-384,-19],[-94,189],[-569,146],[-126,433],[97,566],[-387,-17],[-148,-200],[-342,-60]],[[89803,64274],[106,774]],[[90789,65832],[-36,478],[105,28]],[[90858,66338],[-160,461],[210,90],[144,-209],[272,5]],[[93393,65347],[-18,-65],[-285,7],[-388,-695],[70,-381],[-159,-358],[281,-144],[193,-229],[486,-228]],[[95357,62245],[-1336,-1727]],[[93393,65347],[-174,108],[-229,489],[-124,24],[-86,143],[-200,120],[-209,-60],[-372,79],[-68,84],[-145,-54],[-248,176],[-19,137],[-195,92]],[[91324,66685],[-17,393],[839,766]],[[92146,67844],[215,97],[234,-541],[-31,-187],[178,-179],[245,321],[709,611],[125,-36]],[[94892,67358],[-215,-35],[-94,-221],[-122,-54],[-135,69],[-5,-65],[703,-618],[65,-202],[214,-100],[-25,-105],[140,-29],[226,-232],[57,-151],[-266,-584],[248,-100],[-91,-323],[289,-119],[-121,-341],[130,23],[205,-137],[12,-99],[137,-60],[-59,-57],[83,-150]],[[96268,63668],[-911,-1423]],[[95357,62245],[95,186],[-98,188],[-295,129],[-322,-126],[-115,-142],[-176,-36],[-239,105],[-305,-142],[-280,47],[-145,194],[-133,-25],[137,218],[-53,137],[145,276]],[[93573,63254],[104,-97],[406,-80],[69,247],[-52,194],[130,272],[101,742],[-55,433],[-143,88],[-215,-49],[-249,99],[-169,221],[-107,23]],[[80036,82442],[1165,-1267],[2116,1125],[3254,-356]],[[86597,81656],[-793,-407],[135,-117],[194,-562],[-19,-80],[-129,33],[30,-230],[-253,-181]],[[85762,80112],[-178,55],[-138,-213],[-171,-56],[-44,-602],[-117,2],[-235,-407],[-401,-212]],[[77350,23144],[99,-88],[126,27],[104,-156]],[[89960,78179],[-99,854],[-117,237],[47,300],[395,158],[135,171],[-13,143],[177,154]],[[90485,80196],[144,72],[258,-111],[357,236]],[[91244,80393],[213,-1241],[-160,-1415]],[[91297,77737],[-417,129],[-279,-66],[-58,-135]],[[23445,41433],[-179,16],[-222,552],[-215,101],[76,219],[234,60],[-48,123],[86,25],[-98,43],[82,73],[-167,68],[100,153],[152,0],[6,180],[109,38],[-74,386],[385,61],[122,317]],[[23794,43848],[714,6],[395,127],[90,264],[202,125],[-29,220],[252,137],[-22,158],[372,165],[127,-96],[-26,-85],[358,-55],[515,-361]],[[26742,44453],[312,-96],[-89,-263],[628,-742],[-401,-448],[217,-1493]],[[27409,41411],[-124,-5],[-3,67],[-173,-82],[-11,153],[-87,17],[-63,-92],[15,98],[-135,-51],[-143,150],[-250,-239],[-86,37],[82,37],[-13,109],[-250,66],[-109,-112],[-335,145],[-152,217],[-29,-120],[-245,43],[61,-63],[-52,-122],[-312,125],[-365,-67],[-153,131],[-261,-92],[4,-74],[-126,-11],[63,-57],[-76,24],[-92,-121],[-172,29],[-52,-93],[-161,57],[-159,-82]],[[81464,60498],[-144,37],[-154,286],[112,54],[-8,156],[-226,2],[-110,136],[-88,-12],[-60,234],[-105,60],[37,94],[-247,356],[-332,-51],[-263,-181],[-404,55]],[[78940,62866],[430,-347],[588,-120],[443,-407],[807,316],[-432,428],[-761,89],[118,255],[-11,398],[-374,115],[-32,105]],[[78826,64770],[1318,96]],[[83396,63691],[-185,-242],[112,-121],[-14,-289],[164,-161],[14,-149],[121,-17],[38,-476],[108,-41],[31,-196],[-128,-60],[-12,-130],[139,-280],[203,-115],[93,-175]],[[84080,61239],[-195,-149],[-204,30],[160,-195]],[[68170,78721],[209,39],[58,92],[383,-24],[400,-424],[67,241],[184,117]],[[73887,36999],[1032,-539]],[[5028,68690],[-1045,211],[-445,496],[-1073,310],[-984,-148],[-905,582],[-85,904],[-394,33],[-97,113],[9,193],[262,803],[2281,3299],[804,43],[73,1250],[369,297],[219,-179],[111,563],[334,232],[160,315],[-113,327],[120,239],[242,158],[721,207],[1424,800],[632,187],[544,469],[243,1365],[772,109],[295,538],[-26,819],[-232,244],[419,21],[390,265],[493,197],[209,-92],[178,-229],[-42,-483],[95,-244],[394,-266],[128,-539],[321,-153],[589,-556],[63,-683],[308,-189],[-46,-184],[-509,-452],[100,-202],[-98,-321],[112,-183],[47,-548],[147,-135],[364,-80],[174,-288],[118,-532],[388,-286],[584,-163],[221,-466],[312,47],[40,-131],[1194,-169],[347,65],[460,-267],[153,-183],[431,-48],[348,-302]],[[73750,68847],[-473,57],[-92,-68],[-308,158],[-205,-53],[-356,260],[-53,531],[58,129]],[[41463,67419],[0,1]],[[87300,95647],[325,-418],[378,-258],[365,-124],[203,56],[524,406],[315,11],[328,-491],[-401,-384],[61,-135],[172,-71],[-184,-190],[20,-218],[346,-363],[81,-324],[-80,-116],[519,-1121],[267,-264]],[[77248,41200],[5,-88],[-212,-90],[-30,-191],[-252,-15],[-97,88],[-77,-181],[-93,28],[-1,103],[-151,-111],[-150,80],[-141,-50],[-121,119],[134,294],[-241,78],[-275,-130],[-279,235],[-32,161],[-135,50],[-126,-76],[-1,-108],[-139,47],[-126,-130],[197,-248],[-98,-11],[43,-103],[-233,9],[76,-37],[-75,-116],[33,-138],[-154,-133]],[[74849,42420],[49,-127],[-109,-114],[32,-63],[169,-31],[140,132],[311,-145],[154,94],[206,-68]],[[80105,58683],[487,294],[819,194]],[[81411,59171],[344,-116],[204,-177]],[[81959,58878],[15,-133],[104,-56]],[[47859,38219],[29,701],[-260,140],[301,260]],[[50629,36774],[-263,-13],[-14,366],[-406,-45],[-69,128],[-377,139],[81,226],[-430,-28],[-151,-114],[-18,-174]],[[41879,40343],[51,237],[-128,106],[42,303],[-382,138],[-40,155],[-1406,-256],[-236,-193],[-243,-7],[-145,-80],[9,-185],[-184,-295]],[[40898,43923],[298,-468],[563,-210],[109,28],[142,239],[90,-306],[135,-95],[508,-234],[322,-20],[18,-349],[185,-237],[-7,-178],[-57,-225],[-124,-103],[68,-236],[-124,-24],[-70,-215],[-105,-9]],[[67887,16828],[-64,217],[159,234],[247,805],[308,-1],[140,159],[239,-155],[236,22],[174,-118],[176,32],[47,181],[-131,243],[-100,6],[70,21],[-25,118],[103,2],[484,580],[193,461],[70,-136],[-52,-137],[141,-162],[161,33],[70,292],[115,4],[212,404],[79,353],[321,272],[48,182],[138,17],[127,-164],[156,299],[212,145],[160,-7]],[[72685,21351],[-2,-139],[157,-79],[75,-212],[693,-603],[215,-320],[33,-82],[-188,-189],[105,-317],[220,-93],[245,158],[-219,-676],[458,-454]],[[90543,77665],[56,-360],[-100,-233],[-185,-115],[-13,-138]],[[88556,78606],[1100,-184],[304,-243]],[[89960,78179],[166,-159],[55,-184],[362,-171]],[[66000,55080],[192,-81],[414,289],[50,355],[394,209],[-58,197],[206,475],[129,82]],[[47057,40454],[-428,-54],[-290,66],[-272,-161],[-83,106],[-281,48],[-202,-149],[-241,187],[-225,22],[-108,155],[-384,-86],[22,130]],[[44565,40718],[301,246],[-112,167],[133,68],[912,1111]],[[75128,34956],[12,695],[-72,11],[-50,360],[-172,222],[73,216]],[[74919,36460],[419,-195],[131,70],[251,-25]],[[75720,36310],[324,62]],[[76044,36372],[-75,-141],[69,-53],[481,-30],[12,-166],[338,-55],[6,-297]],[[57609,49697],[-583,-257],[-459,56],[-1458,-342]],[[71611,39382],[99,166],[108,-132],[271,113],[196,341],[305,21],[51,-113],[107,14],[7,-91],[131,157],[86,-73],[84,112],[-35,378],[100,129]],[[74144,38583],[146,-167],[-82,-131],[44,-113]],[[74252,38172],[-111,-368],[-176,-205],[-137,-550],[59,-50]],[[73887,36999],[38,-270],[-385,132],[60,-117]],[[72567,35971],[-254,-77],[-92,155],[-63,-32],[-92,-341],[-211,-91],[28,-223],[-111,-459],[-118,-126],[-82,25],[-106,-270]],[[45660,67590],[203,256],[-23,99],[-119,46],[2,422],[141,247],[2,204],[166,11],[-390,1095],[59,141],[262,152],[87,261],[228,176],[-29,130],[108,147],[-27,326],[-86,61],[110,64],[-134,39],[-71,301],[-177,-64],[-73,134],[126,72]],[[50517,67124],[-91,-145],[-139,-47],[-32,-161],[-77,21],[-7,-137],[-298,43]],[[49873,66698],[-35,237],[77,170],[-217,97],[-22,96],[-515,145],[-1078,-130],[-2423,277]],[[44149,55835],[15,139],[-342,318],[202,486],[168,76],[-60,186],[68,87],[-107,36],[-135,263]],[[62755,60082],[72,-194],[-179,-26],[-29,-129],[196,-393],[-96,-237],[215,-130],[7,-160],[-187,-149],[252,-579],[0,-184],[-135,-37],[-93,-179],[-325,-27],[6,-102],[-143,-13],[-4,-88],[-235,-96],[-108,-198],[24,-124],[-341,-130],[45,79],[-152,174],[-148,12],[-52,-92],[-104,48],[-124,-128],[-153,-18],[25,-165],[-154,-17],[-97,-203]],[[60304,58349],[313,563],[-75,298],[234,411],[-185,365]],[[76754,45517],[199,49],[235,-161]],[[78191,43834],[271,-442],[-67,-179],[-59,29],[-82,-113],[69,-76],[-32,-262]],[[68790,6258],[-179,-7]],[[69907,7213],[971,119],[242,-316],[844,-117],[321,-165],[123,-149],[-9,-150],[372,-480],[141,-13],[531,219],[204,-88],[175,35],[502,-255]],[[74519,45406],[157,205]],[[76308,45163],[-46,-85],[217,-94]],[[76131,44708],[11,158],[-125,128],[-146,-30],[-114,-232],[143,-100],[39,-144],[-78,-245],[-181,-59],[27,-166],[-257,-288],[248,-233],[-180,-107],[52,-40],[-124,-76],[-12,-139],[-214,-3],[-249,-176]],[[46688,57271],[-302,232],[-656,-130],[-458,205],[-252,-10],[-335,109],[-311,-243],[-232,-62],[-184,54]],[[43958,57426],[-124,209],[-90,-83],[-129,119],[-349,-36],[-16,286],[-245,50],[-48,214],[-190,96],[43,233],[-54,108],[-105,-6],[23,166],[-209,467],[-4,143],[183,65],[-7,118]],[[45734,60016],[253,-256],[-9,184],[105,184],[-51,174],[118,183],[113,86],[343,-94],[204,43],[49,188]],[[49255,57978],[-28,-276],[135,-361]],[[51993,67909],[-5,1]],[[51988,67910],[-228,-92],[-17,76],[-172,17],[-94,-93],[-120,19],[-11,-74],[-218,-23],[-65,-106]],[[51063,67634],[-110,-43],[-12,-167],[-206,-133],[-29,-125],[-189,-42]],[[50517,67124],[-131,214],[-62,671],[-1238,1034],[-9,198]],[[34962,67369],[-369,472],[21,589],[317,457],[189,76],[318,-24],[219,214]],[[81382,67022],[-1702,16],[1,-141],[-117,-39],[-126,125]],[[79298,67196],[217,-114],[270,533],[326,266],[264,5],[-61,392]],[[40898,43923],[-138,187],[-502,-4],[-402,317],[-237,51]],[[41927,48039],[171,-484],[269,-207],[140,-375],[480,-240],[210,-748],[216,-100],[154,-397],[378,-199],[78,-179],[-491,-259],[-2634,-928]],[[82340,45907],[47,-65]],[[82387,45842],[-373,-300],[-161,-274],[-281,-129],[-292,28],[-152,231],[-470,72],[-30,-68],[-397,-16],[-133,-253],[-249,67],[-279,-252],[-462,-18],[-136,-105],[-24,158],[-123,-4],[-55,-161],[-292,73],[-14,-260],[-88,-58],[-220,-606],[35,-133]],[[78191,43834],[-184,-14],[-9,155],[-119,-43],[15,93],[-233,35],[-89,142],[73,34],[16,196],[142,-39],[-63,257],[235,510],[-254,72]],[[69417,39422],[501,-108],[152,-313],[128,-5]],[[70198,38996],[58,-133],[123,-41],[238,-8],[114,118],[129,-113],[88,84],[172,-1],[279,381],[212,99]],[[71611,39382],[974,-1102],[-153,-400],[-134,-108],[-6,-300],[-109,2],[-6,-90],[-80,72],[-81,-146],[-159,-2],[-121,192],[-315,-270],[59,-159],[-64,-89],[-447,-128],[-111,-116],[-19,-128],[211,-329],[-105,-319]],[[82059,34326],[3,-8],[-9,-11],[-1,24],[7,-5]],[[81886,36252],[-9,-6],[-6,6],[1,4],[14,-4]],[[81871,36442],[0,-1],[-1,-1],[0,3],[1,-1]],[[81871,36451],[-1,-6],[-6,7],[4,3],[3,-4]],[[81850,36465],[1,-14],[-4,-2],[-3,12],[6,4]],[[80274,33577],[35,80],[-116,221],[-371,218],[-172,560],[102,387]],[[76505,38722],[-428,-144]],[[76731,40026],[1363,-311]],[[81667,39052],[-309,-1206],[-8,-1015],[98,-449],[294,-58],[94,-1397],[229,-678],[13,-1003]],[[89909,65048],[-386,86],[-568,-144],[-141,101],[-134,277],[-121,-29],[-64,77],[-87,-107],[-307,70],[-259,-52],[-119,-131]],[[87723,65196],[-502,132],[-502,-254],[-318,81]],[[86401,65155],[-84,495],[176,568],[133,168],[-14,328],[385,463]],[[89601,68484],[-2,-98]],[[89599,68386],[241,-287],[159,-542],[-126,-350],[-224,-188],[160,-200],[1,-134],[-177,-316],[-150,-59],[201,-246],[-40,-88],[245,67],[107,-161],[117,74],[466,-165],[210,41]],[[90789,65832],[71,-154],[-63,-87],[-888,-543]],[[78868,62771],[130,-158],[-36,-147],[106,-126],[95,11],[161,-373],[173,-101],[-25,-153]],[[79472,61724],[-83,-151],[27,-610],[139,-215]],[[73247,43261],[-205,212],[46,90],[166,-50],[164,89],[-42,92]],[[74405,45223],[-54,103],[168,80]],[[74519,45406],[58,-255],[-87,-184],[-140,-76],[31,-243],[282,-262],[144,-35],[73,-134],[-127,-113],[-51,-139],[86,-45],[-115,-147],[138,-53],[-48,-390],[208,-374]],[[74971,42956],[-158,-295],[36,-241]],[[77619,61966],[-54,-37],[171,-71],[-376,-316],[-68,-136],[81,-73]],[[72186,59412],[-170,-49]],[[70804,63113],[100,426],[-1,576],[620,6],[-28,178],[138,252],[-106,260],[119,123]],[[41463,67419],[336,128],[390,-17],[141,105],[481,-88],[308,100],[319,-280],[486,-134],[354,-268],[168,511],[305,-333],[269,-74],[306,130],[233,-87],[70,54],[31,424]],[[45660,67590],[236,-166],[-3,-180],[165,-61],[232,-304],[108,-291],[-26,-168],[92,-81],[-61,-170],[502,-966]],[[46905,65203],[-2340,-180],[-2246,1009],[-343,-92],[-778,683],[265,796]],[[57609,49697],[212,94],[70,350],[130,-26],[338,247],[287,19],[53,265],[280,156],[31,294],[107,-72],[19,164],[114,52],[-12,258]],[[63473,45921],[-1323,2090],[-233,544],[-885,150],[-164,227],[-897,-111],[-1972,877],[46,-350],[-123,-163],[-313,512]],[[83933,65205],[315,-60],[579,140],[251,-103],[90,82],[332,-38]],[[84929,63094],[-66,-101],[-134,-17],[-128,491],[-353,139],[-83,-59],[-410,77]],[[74885,15971],[-37,334],[-130,173],[86,371],[-92,195],[309,1054],[-544,247]],[[74477,18345],[0,359],[167,87],[339,-13],[93,174],[255,98],[169,198],[162,-129],[445,-62],[311,-177]],[[72016,59363],[-133,-268],[-136,-93],[-259,-57],[-295,53],[-172,-108],[-141,85],[-186,-56],[-91,-492],[-368,-249],[-327,-507],[-158,12],[-203,-126],[-295,9],[-20,-355],[-366,-334],[-977,187],[-403,-223],[-62,-214],[-97,-21]],[[67327,56606],[-733,1276],[66,274],[-433,374],[46,102],[-116,154],[82,205],[-125,500],[-236,-22],[-434,348],[-340,110],[-122,289]],[[69996,61320],[205,44],[236,-97],[3,-110],[122,45],[95,-146],[171,-53],[-54,-63],[146,-154],[-12,-132],[69,16],[-5,-96],[382,-274],[96,-281],[83,6],[-83,-173],[110,-38],[88,84],[250,-152],[-33,-250],[151,-133]],[[79752,35043],[-111,-37],[-93,-226],[-117,-36],[-131,67],[-519,7],[-62,154],[-90,-144],[-151,-23],[-150,-156],[-69,-181],[-161,-18],[-16,-141],[132,-109],[-145,-287]],[[77654,35772],[106,267],[391,454],[80,391],[89,43]],[[78890,37243],[314,-641],[192,21],[-43,-329],[81,-731],[53,97],[304,39],[39,-55],[-207,-223],[32,-136],[162,7],[-14,-74],[96,22],[80,-107],[-37,-54],[-80,108],[59,-126],[-105,-6],[-26,136],[-38,-148]],[[82159,42087],[-65,-508],[117,-81],[45,-188],[-230,-504],[-179,-768]],[[78544,39615],[-66,284],[50,394],[-106,94],[468,736]],[[61269,52150],[-996,-319],[-850,52],[110,-178],[-295,-207]],[[59238,51498],[-217,65],[-187,-120],[-453,703]],[[57657,53255],[79,77],[156,-158],[390,75],[157,-61],[345,207],[-352,692],[19,245],[-112,106],[-11,163],[-385,538],[-76,243]],[[60168,55351],[106,40],[167,-90],[138,79],[57,-182],[-113,-105],[29,-160],[-106,-159],[158,-49],[103,138],[123,-140],[-16,-302],[75,-266],[88,-55],[163,56],[25,-125],[96,-15],[81,209],[243,198],[164,24],[204,-145],[202,30],[544,-292],[166,73],[215,-67]],[[71892,43500],[-134,-748],[152,-26],[-6,-192]],[[71152,41590],[-94,-230],[-214,81],[-178,-57],[-194,437],[-243,-362],[-92,24],[17,99]],[[73121,40404],[-288,78],[-162,-129],[-282,74],[-169,161],[-449,16],[-368,421],[-251,565]],[[71152,41590],[73,-8],[135,357],[-17,345],[124,365],[437,-115]],[[71904,42534],[199,-103],[42,154],[55,-65],[88,32],[166,450],[24,-148],[243,-41],[419,426],[107,22]],[[73247,43261],[383,-42],[69,-173],[466,-241],[296,-59],[84,-221],[304,-105]],[[74849,42420],[-352,-1884]],[[74497,40536],[-194,1],[-48,87],[-95,-55],[80,-96],[-238,42],[9,246],[-243,-122],[-284,91],[-363,-326]],[[76955,22965],[-262,112],[-162,-100],[-27,-147],[-180,-166],[-174,77],[-557,-381],[-1708,-443],[-850,-409],[-184,25],[-166,-182]],[[72685,21351],[-75,-50],[-186,139],[-89,-332],[-79,-92],[-155,14]],[[72101,21030],[-24,209],[-178,183],[259,362],[316,159],[5,315],[-152,226],[178,-22],[257,305],[-106,185],[-117,41],[-50,240],[-581,451],[226,242]],[[48739,74561],[-146,77],[-608,-11],[-10,-244],[-471,-281],[-743,-687],[195,-1212]],[[46956,72203],[-931,-293]],[[46025,71910],[-235,126],[-919,-31],[-158,227],[76,43],[-27,89],[-179,193],[90,98],[-387,688],[-190,-57],[-130,225],[60,279],[117,94],[-108,364],[-161,130],[95,378],[-238,57]],[[72182,33773],[129,-10],[147,218]],[[74580,34596],[-147,45],[33,141],[228,-43]],[[75612,31331],[-194,-28],[-160,74],[-183,-99],[32,-155]],[[78890,37243],[-386,-190],[-143,-179],[-41,53]],[[78320,36927],[-364,227],[-102,-162],[-109,202],[-147,-196],[-214,17],[19,-235],[-150,-76],[-91,-212],[-645,350],[-253,-103]],[[76264,36739],[78,662],[168,171],[-147,185],[142,965]],[[76505,38722],[665,-664],[490,-157],[96,-120],[441,-210],[50,50],[643,-378]],[[73728,16453],[237,-161],[224,52],[45,143],[170,-65],[90,78],[179,-92],[-48,-114],[260,-323]],[[74885,15971],[258,-135],[159,-207],[104,8],[17,-98],[-150,-73],[24,-49],[169,6],[251,-191],[366,164],[398,-30],[76,-59],[-180,-67],[-20,-157],[218,-41]],[[74676,45611],[-256,104],[30,263],[138,141],[-6,140],[-123,96],[32,105],[-171,-5],[-159,183],[-141,-52]],[[63613,33336],[1634,400]],[[65247,33736],[284,10],[93,-207],[544,255],[212,-115],[241,46],[20,-278],[190,-292],[323,19],[319,-153],[154,253],[319,-62],[499,212],[22,168],[188,30],[-155,224],[55,44],[194,-113],[88,106],[277,25],[26,158],[374,-40],[45,-159],[142,-3]],[[90980,62016],[585,100],[99,158],[373,-33],[-40,309],[155,230],[-116,41],[-57,245]],[[91979,63066],[190,238],[85,-101],[81,19],[57,-163],[262,-236],[22,-369],[1028,-470],[99,-460],[-625,-615],[163,22],[128,-92]],[[65281,10848],[-265,330],[150,211],[-42,186],[107,135],[-16,103],[-225,88],[-49,327],[238,442],[4,156],[-148,95],[-13,146],[251,767],[348,276],[340,862],[266,5],[124,-142],[188,51],[258,-115]],[[75870,33632],[-182,313],[55,72],[-139,31],[-32,175],[-511,193],[-167,230],[-200,93]],[[74694,34739],[138,-21],[296,238]],[[75128,34956],[180,-105],[54,161],[276,106],[47,-66],[66,57],[166,-41],[-8,-106],[115,-38],[297,129],[80,142],[172,-76],[1,-88],[98,12],[101,152],[162,30],[-60,405]],[[76875,35630],[779,142]],[[77654,35772],[113,-211],[103,87],[185,-1],[139,-163],[-410,-1091],[-281,-401]],[[76612,25783],[-71,-180],[51,-105],[-129,-72],[245,-305],[-34,-179],[281,-257],[-45,-49],[104,-175],[-154,-377],[177,-80]],[[77037,24004],[0,0]],[[77037,24004],[108,68],[83,-125],[117,-11],[506,-522],[-174,51],[-327,-321]],[[77350,23144],[-395,-179]],[[76955,22965],[-184,351],[-757,284],[-567,98],[-75,155],[-1583,377],[-432,-7],[-133,-91],[-316,33]],[[67193,31296],[25,264],[1158,762],[1404,-493],[414,1211]],[[72343,33078],[518,-2133],[87,-64],[82,72],[11,-93],[232,-61],[228,-501],[130,-14],[116,92]],[[91996,70126],[-200,235],[-15,147],[-225,20],[-614,610],[-373,148]],[[88046,73136],[94,119],[-15,406]],[[90588,75567],[53,94],[64,-182],[205,-32],[-64,-218],[179,-253],[280,-129],[154,-175],[101,120],[201,-90],[-4,-286],[295,-337],[-196,-274],[53,-125],[246,-69],[-60,-210],[152,-290],[111,-97],[255,39],[221,-163],[316,1],[-83,-49],[43,-235],[-143,-65],[52,-96],[-85,-23],[109,-88],[-132,-114],[98,-129],[-168,-135],[-135,-1],[250,-279],[14,-82],[-90,-6],[122,-100],[-130,-64],[56,-59]],[[76731,40026],[-262,-372],[25,-276],[-417,-800]],[[76077,38578],[-1933,5]],[[74144,38583],[-67,61],[38,472],[311,758],[-141,231],[212,431]],[[74497,40536],[1149,-262],[592,26],[102,-197],[322,9],[72,129],[152,28],[-4,-136],[-151,-107]],[[71404,51170],[-4,100],[76,11]],[[72540,50502],[346,-491],[598,-207],[52,-173],[149,-67],[-14,-349]],[[69423,29942],[86,-13],[140,172],[-232,230],[55,92],[586,19],[115,-96],[-60,-104],[152,-25],[-53,-165],[172,139],[113,-78],[242,39],[44,-216],[104,-58],[-39,-206],[219,122],[325,24],[231,-96],[-126,-157],[45,-54],[420,133],[-160,-265],[241,10]],[[72175,25280],[-200,-175],[-191,166],[-16,-306],[428,-495],[189,-113],[224,50],[299,-242]],[[72908,24165],[-240,-206],[-534,-33]],[[72134,23926],[-443,88],[-89,-142],[-177,-2],[3,80],[-130,27],[-134,-70],[37,73],[-138,109],[-96,-65],[-96,174],[-153,6],[-2,106],[-221,22],[76,71],[-75,137],[-138,-12],[108,71],[34,236],[-164,-136],[-45,275],[-220,-152],[-127,87],[-220,-28],[-34,75],[-327,-88],[-56,55],[109,82],[-3,262],[-287,108],[-81,-48],[-385,601]],[[72774,56571],[632,924],[-93,188],[205,729],[-52,584]],[[70588,76314],[130,584],[191,207],[-93,146],[127,554],[226,398],[-127,60],[220,353],[-242,111]],[[71775,79452],[170,-24],[-7,-112],[130,42],[-103,237],[79,401],[149,-114],[129,289],[661,318],[174,-140],[190,19],[30,381],[127,24],[15,-101],[384,-37],[-10,-59]],[[73721,79565],[-48,-134],[264,-571],[20,-328],[544,-350],[-48,-412],[-98,-57],[161,-203],[-44,-135],[172,-114],[14,-215]],[[70194,33040],[-177,511],[-265,115],[29,134],[-80,64]],[[69701,33864],[11,165]],[[70727,34626],[475,-257],[264,163]],[[71466,34532],[716,-759]],[[72182,33773],[-16,-96],[176,-115],[1,-484]],[[72343,33078],[-251,30],[-89,-134],[-131,72],[-51,-157],[-199,-55],[-191,126],[-453,38],[-192,-162],[-239,0],[-353,204]],[[56937,43432],[-449,340],[-175,5],[-24,75],[-129,-60],[-138,120],[-70,-43],[-184,200],[-138,-7],[-117,97],[12,99],[-159,26],[-26,310],[-104,17],[95,84],[-165,112],[90,111],[-111,28],[47,72],[-88,-11],[-11,95],[-130,-45],[74,95]],[[55709,47680],[87,68],[124,-125],[478,12],[421,-273],[383,-82],[-90,231],[165,38],[410,-376],[267,241],[75,-109]],[[58029,47305],[-182,-103],[-78,-252],[34,-431],[361,-398],[-183,75],[69,-979]],[[82164,47187],[-118,-708],[294,-572]],[[82340,45907],[-361,-50],[-274,101],[-434,791],[-330,107],[-98,253],[-115,70],[-128,-73],[-67,-231],[-109,-44],[28,-126],[-119,-185],[-201,-28],[-55,-157],[-784,-128],[-48,-290],[-272,-38],[-372,160]],[[32984,35993],[-91,100],[22,226],[-397,187],[-74,146],[-372,-92],[-477,153],[-153,189],[-179,-19],[28,69],[-354,-83],[84,139]],[[25077,49298],[-216,-158],[46,-61],[-77,-7],[-15,-242],[-256,-12],[-21,-84],[-56,56],[-118,-222],[-243,-75],[0,-104],[-337,36],[-485,-276],[-302,-28],[-145,-194],[-364,-125],[-19,-102],[-433,-111],[-322,36],[-92,-147],[-91,39],[-73,-199],[-464,-87],[-140,-196],[-46,81],[-230,-57],[59,-63],[-286,-172],[-182,22],[-109,-167],[-620,-209],[-187,-137],[46,-258]],[[19299,46075],[-147,-34],[-145,-214],[-132,-32],[-91,-285],[-161,-36],[-32,-119],[-84,29],[-2,-132],[-394,-194],[55,-110],[-99,-550],[-163,-246],[-183,14],[-109,-195],[-651,-141],[-46,-79],[-294,-73],[-76,-126],[-284,-27],[-267,-223],[-74,-212],[-197,82],[-377,-147],[-343,-16],[-123,-232],[-206,-51],[27,-131],[-239,-79],[-242,-253],[-412,-92],[-29,-158],[-143,-7],[-174,-210],[-443,-115],[-250,-377],[-145,-43],[-148,-315],[-323,-9],[-406,-259],[-46,-226],[-487,-371],[-190,-287],[-249,-103],[-288,-260],[-160,-268],[-549,-143],[-107,-300],[-475,-240],[-203,-303],[-1212,-970],[-296,-355],[-621,-499],[-227,-313],[-346,-119],[-448,-530]],[[5843,35391],[133,192],[-172,298],[244,81],[-6,158],[180,74],[39,280],[-90,177],[111,98],[-83,117],[61,142],[-70,274],[-166,-21],[-77,103],[189,191],[103,-44],[124,78],[-57,196],[113,181],[-146,186],[136,260],[-65,238],[173,161],[-269,165],[44,350],[-248,166],[205,259],[-110,214],[373,-87],[467,248],[276,557],[-87,107],[-141,-57],[-50,81],[-102,-9],[-160,222],[-60,360],[-209,128],[-170,-43],[75,172],[-52,48],[-335,-49],[-75,135],[-212,30],[-81,123],[85,287],[-92,92],[-442,-131],[13,171],[-238,10],[126,182],[-77,130],[-152,72],[-281,-79],[-302,51],[-117,260],[-299,256],[-68,463],[33,156],[158,139],[10,208]],[[3953,44198],[471,310],[508,23],[331,147],[32,82],[225,-28],[252,74],[146,166],[229,-19],[45,97],[142,9],[184,270],[233,-20],[65,164],[473,102],[225,235],[-2,105],[152,29],[83,117],[181,23],[209,155],[116,-36],[117,173],[139,-11],[296,250],[205,9],[153,122],[178,-24],[135,138],[299,103],[664,-147],[318,-152],[672,34],[454,270],[478,70],[769,-50],[302,154],[375,-134],[133,-145],[148,95],[383,-58],[495,242],[121,166],[204,22],[234,187],[97,-7],[-33,60],[171,58],[-69,25],[59,54],[58,-89],[2433,31],[1825,870],[605,524],[296,49],[269,-113],[784,216],[399,10],[-49,77],[92,448],[107,367],[115,90],[151,-43],[148,96],[241,-51],[14,-99],[157,69],[148,-40],[72,117],[150,-3],[5,92],[124,-101],[57,108],[111,-102],[31,69],[154,-48],[96,78],[-25,116]],[[44371,33969],[-181,197],[-388,177],[-35,111],[-280,44],[-287,327],[-166,56],[-175,-153]],[[45906,37990],[281,-118],[274,59],[180,-60],[234,226],[94,-28],[243,139],[236,-95],[411,106]],[[47859,38219],[772,-863],[182,71],[169,-168]],[[48982,37259],[26,-119],[-196,-158],[194,-303],[-60,-328],[108,-246],[-141,-461],[-408,314],[-265,-11],[-150,90],[-443,-110]],[[65996,74361],[320,-1429],[226,-176],[138,22],[243,-204],[32,106],[226,10],[29,71],[263,-227],[337,119],[-44,63],[173,81],[249,-14],[213,122],[339,14],[43,85],[169,-20],[34,79],[104,-107],[350,-38],[23,83],[181,10]],[[69644,73011],[377,-649],[281,-66]],[[70163,47677],[-158,316],[13,544],[-125,585],[174,29],[368,290],[-244,660],[-280,211],[-330,741]],[[69581,51054],[665,-22],[149,58],[147,-106],[223,378],[63,-151],[72,113],[152,31],[187,-48],[74,-153],[91,16]],[[71404,51170],[7,-189],[-149,-206],[90,-438],[-204,-672],[813,-230],[111,-251],[-42,-86],[356,12],[36,130],[808,-492]],[[74312,47000],[-292,-414]],[[74020,46586],[-179,3],[-139,-100],[-128,396],[-652,199],[-84,160]],[[68709,81273],[-61,289],[97,387],[-215,445],[69,191],[-152,149],[87,242],[-312,361],[-55,266],[-195,141],[-561,156],[-215,-282],[-502,306],[47,142],[202,113],[59,240],[457,242],[196,252],[104,333],[-110,223],[164,299],[-27,222]],[[72316,87694],[170,-53],[482,-840],[157,37],[298,-195]],[[73733,85355],[-144,119],[-39,172],[-304,-21],[151,-364],[-147,-48],[49,-172],[-209,-101],[-9,-250],[-176,-172],[55,-218],[-213,-152],[-112,-439],[-840,-116],[-184,-140],[-10,-102],[-241,-122],[-137,-418],[-632,-557],[373,-282],[-48,-162],[-330,-50]],[[84231,53089],[-502,-246],[-699,-525],[-113,-5]],[[80707,53384],[87,-263],[239,-104],[292,118],[222,-6],[112,158],[284,-97],[14,272],[134,-58],[153,84],[31,110],[240,-27],[-9,286]],[[95031,69553],[278,-37],[42,-72],[121,69],[107,-136],[190,15],[55,-167],[164,6],[99,130],[76,-95],[-50,-130],[261,-63],[158,227],[-31,145],[117,25],[34,133],[72,-81],[125,63],[177,-208],[371,82],[-49,-110],[80,-110],[114,140],[119,-133],[401,22],[166,249],[533,18],[483,282],[602,527],[153,14],[-706,-960],[-1153,-2080]],[[98140,67318],[-302,-321],[-11,173],[187,134],[-49,64],[90,247],[-151,17],[3,98],[-303,-37],[-162,176],[-94,-49],[-270,268],[-329,48],[-102,-103],[-224,-10],[-455,395],[-296,34],[-110,-127],[42,-212]],[[72290,44023],[-14,-199],[-245,-245],[-5,-113],[-134,34]],[[71892,43500],[-104,112],[-473,180],[-196,-159],[-202,169],[-204,-158],[-97,32],[-75,-316],[-263,-365],[-174,-68],[-115,-360],[329,-371],[-174,-370],[10,-244]],[[70154,41582],[-132,383],[-244,-125],[25,-78],[-151,37],[-195,-79],[-93,49],[8,176],[-122,73]],[[70163,47677],[17,226],[92,67],[500,63],[219,-73],[172,111],[505,-438],[179,74],[237,-147],[15,-121],[176,-49],[69,16],[91,362],[305,57],[73,-24],[25,-557]],[[72838,47244],[36,-347],[114,-69],[110,43],[137,-174],[2,-391],[260,-241],[69,117],[154,-90],[25,-95],[-197,-185],[90,-147],[129,80],[166,-59],[-98,-211],[184,-87],[-59,-157],[445,-8]],[[74405,45223],[-172,-183],[-160,-48],[-197,-560],[-80,-43]],[[91894,83545],[-182,-690]],[[89508,82195],[-380,150],[-421,-136]],[[86561,82175],[61,290],[-69,203],[73,92],[-1001,423],[-294,-60],[-404,224],[219,416],[-335,242],[-211,352],[-218,121],[-181,258],[22,181],[-614,172],[-178,142],[19,172],[-319,-133],[-47,199],[-163,-10],[-143,873],[137,200],[595,258],[4,513],[386,248],[468,94],[124,729],[-123,276]],[[72290,44023],[-599,550],[-212,311],[386,496],[753,35],[82,159],[129,35],[63,245],[194,-63],[-157,-321],[185,-105],[-33,-292],[276,-194],[181,45],[104,-83],[-38,-215],[215,-125],[-23,-112]],[[73796,44389],[-359,-216],[41,-252],[-102,-227]],[[73376,43694],[-316,224],[-131,195],[-345,75],[-294,-165]],[[52303,70869],[-34,204],[179,404],[-91,629],[127,436],[-110,48]],[[56429,72991],[-615,-601],[-153,44],[-649,-328],[-266,-18],[-535,-503],[-190,-358],[-198,-64],[-368,-323],[-651,-165]],[[63468,90667],[367,-187],[657,-156],[276,154],[426,96],[289,449],[346,54],[318,-122],[345,595],[133,89],[130,-8],[220,-183],[378,-49],[231,235],[-12,272],[368,769],[173,674],[-85,341],[79,354],[147,356],[274,251],[373,-33],[425,-301],[99,-162],[380,-39],[569,327],[128,154],[943,84]],[[71445,94681],[-80,-249],[172,-410],[115,-26],[204,118],[68,-75],[242,52],[-10,-94],[121,-87],[-62,-273],[142,-93],[50,-237],[246,-124],[66,-290],[-205,-397],[-72,-616],[236,-1334],[-113,-393],[79,-278],[-146,-256],[-159,-626],[78,-536],[-130,-409],[29,-354]],[[72316,87694],[-53,-418],[-101,-64],[-754,-170],[-2172,-842],[-471,-347],[-651,-249],[-328,386]],[[67786,85990],[-301,-220],[-426,-151],[-310,-297],[-981,24],[-1522,859],[-1845,157]],[[66866,14858],[276,43],[102,119],[197,-141],[-5,-115],[186,-88],[172,28],[139,132],[161,-124],[129,118],[108,332],[151,2],[56,146],[-190,475],[-640,-22],[-237,143],[382,520],[85,286],[-51,116]],[[67887,16828],[115,-13],[164,255],[210,-103],[-58,-162],[141,-160],[380,118],[85,-45],[85,117],[63,-130],[123,103],[295,53],[-55,-172],[93,-64],[185,23],[124,359],[366,-67],[65,109],[113,-320],[160,-108],[278,134],[152,-101],[152,122],[131,-102],[65,105],[265,64],[-114,-114],[81,-236],[145,-49],[109,85],[83,-64],[109,58],[116,-75],[287,82],[74,-203],[252,-38],[169,-128],[317,-17],[204,136],[91,-44],[46,120],[175,97]],[[73728,16453],[91,-268],[-149,-630],[75,-466],[-214,43],[-34,100],[-70,-78],[-187,143],[-263,-20],[-59,138],[-127,-95],[-148,57],[-204,-79],[-279,-293],[-197,82],[-160,214],[-109,-21],[-137,-248],[-265,27],[29,-237],[-178,-446],[-223,20],[-92,-36],[44,-57],[-213,-40],[76,-137],[-176,-124],[-58,-126],[57,-110],[-211,-293],[23,-263],[124,-193],[-116,-119]],[[48739,74561],[-144,987],[2890,2396]],[[50356,73013],[-332,284],[-314,108],[-971,1156]],[[77503,33992],[71,-217]],[[77639,32756],[-263,-276],[-117,12],[-94,156],[-108,-112],[69,-183],[-69,-335],[-159,-71],[-69,67],[-91,-410],[-586,47],[-141,103],[25,102],[-181,-102],[-14,-509],[-69,-61]],[[75772,31184],[-160,147]],[[75612,31331],[20,382],[269,438],[-79,200],[66,254],[-176,37],[-30,107],[230,464],[-42,419]],[[75870,33632],[114,-36],[66,-284],[193,217],[167,-189],[1093,652]],[[52302,51180],[234,-328],[124,48],[63,-179],[139,4],[248,168],[41,-75],[-94,-49],[136,-46],[163,-266],[90,11],[74,-187],[142,-34],[40,-107],[130,21]],[[54458,50150],[201,-205],[190,-11],[91,-199],[-48,-109],[89,-42],[-46,-342],[174,-88]],[[55109,49154],[169,-1015],[169,-60],[133,-333],[129,-66]],[[55709,47680],[-462,82],[-1446,1]],[[70163,47677],[22,-160],[-423,-30],[-74,-119],[-449,136],[-88,-37],[-26,-191],[-225,-58],[-301,-16],[-530,148],[-150,-71],[-219,67],[-154,-59],[-164,119],[-222,-58],[48,-89],[-511,3],[-285,-191],[-260,110],[-74,396]],[[68668,49047],[190,-87],[173,83],[117,-40],[163,-302],[-26,-167],[296,-530],[349,-330],[233,3]],[[48616,43722],[768,-631],[235,-494]],[[47074,42272],[-110,-17],[-63,96],[-137,-42],[-27,108],[-269,87],[-105,-133],[-88,151],[-159,-59],[-80,99],[-237,-252]],[[45799,42310],[-57,1019],[-259,1074],[168,120],[-63,345],[196,146],[-116,202],[879,147],[68,76],[537,-212],[433,413],[328,81]],[[76346,52647],[-57,94],[-86,-42]],[[76094,52927],[114,302],[482,125],[263,-127]],[[79856,53694],[130,-316],[139,38],[82,232],[115,-138],[266,47],[119,-173]],[[80707,53384],[-618,-90],[-370,102],[-369,-266],[-458,-46],[-128,-229],[-99,-21],[190,-53],[152,-209],[46,79],[251,-62],[-25,-168],[102,74],[130,-127],[324,114],[349,-369]],[[68430,9571],[202,-1397],[240,-148],[291,-36],[315,-204],[406,-401],[23,-172]],[[69907,7213],[-256,75],[-1,109],[-608,-140],[-156,-171],[-98,-301],[71,-340],[-248,-194]],[[68611,6251],[-170,157],[-182,-80],[-83,47],[-64,225],[-128,45],[-10,221],[-258,135],[11,180],[-269,323],[-86,-329],[-188,324],[-269,-134],[-72,144],[-119,14],[41,427],[-231,7],[-127,-117],[-180,107],[-310,496],[65,319]],[[63779,60107],[-1024,-25]],[[62755,60082],[-1871,-189],[-293,93]],[[60591,59986],[-776,-155],[-349,104],[-1320,-398]],[[68204,50968],[-97,139],[15,171],[172,276],[207,60],[282,-323],[197,19],[316,-226],[285,-30]],[[69581,51054],[0,0]],[[69581,51054],[0,-1]],[[69581,51053],[-342,-145],[49,-136],[-409,63],[155,-269],[-247,45],[-79,-342],[168,-165],[84,-442],[111,-163],[-12,-95],[-178,-42],[43,-199],[-256,-116]],[[68668,49047],[-210,163],[-101,-134],[15,-130],[-144,-120],[-1027,-579],[-498,74],[-253,223]],[[83421,67744],[-12,-153],[348,-269],[80,-330]],[[83837,66992],[-177,-237],[-160,-50],[-40,-153]],[[53635,68637],[-496,-48],[-18,-106],[-94,37],[-135,-81],[48,-61],[-120,21],[-4,-120],[-75,63],[-70,-80],[-76,37],[-86,-106],[-75,30],[-54,-140],[-302,-59],[34,-85],[-114,-30]],[[51998,67909],[-5,0]],[[51993,67909],[-5,1]],[[51988,67910],[10,-1]],[[51998,67909],[35,188],[-171,404],[-927,1345],[-529,450],[-215,337],[-12,347]],[[50179,70980],[649,89],[51,110],[1141,-30],[-125,-202],[408,-78]],[[52303,70869],[-55,-222],[556,28]],[[52804,70675],[71,-688],[770,-804],[-10,-546]],[[89268,56401],[58,-237],[157,-46],[72,-176],[180,17],[-23,-145],[141,-8],[-21,-101]],[[89832,55705],[-261,-308]],[[58667,60744],[156,-85],[-114,-59],[80,-60],[-219,-121],[91,-41],[-74,-24],[10,-237],[-427,-298],[94,-163],[-90,-16],[-28,-103]],[[58146,59537],[-83,-74],[68,-55],[-54,-106],[-440,-162],[-68,-97],[-77,32],[-126,-90],[-282,89],[-439,-165],[234,-1057],[-181,-81],[47,-181],[-63,-112],[-138,74],[-130,-76],[-120,53],[-651,-85]],[[55605,60467],[181,293],[-85,231],[-120,60],[201,129],[-147,186],[43,118],[-95,49],[15,265],[82,184],[245,170],[-60,204],[148,102],[39,181],[490,322]],[[56542,62961],[864,201]],[[45906,37990],[-282,-145],[-150,-287],[-33,-506],[-400,-120],[-52,-267],[-164,-112],[-193,31],[-97,158],[-284,36],[-19,-120],[-407,-160],[-61,-227],[56,-200],[-157,-72],[-52,-118],[-104,27]],[[43882,40127],[84,-21],[150,125],[392,-63],[36,-161],[160,44],[603,-93],[188,-304],[242,-117],[-44,-127],[164,-229],[-62,-143],[255,-329],[-203,-47],[-5,-113],[-103,6],[-42,-94],[265,-200],[-56,-271]],[[52068,44476],[-172,-107],[-238,65],[60,90],[-74,42],[-314,0],[-102,-117],[56,-191],[-231,-9],[-198,-227],[-4,-119],[-147,80],[-87,-241],[-791,-17],[-67,-147],[-168,-29],[-198,35],[-111,124],[-180,-55],[-137,116],[-95,-76],[-105,84],[-149,-55]],[[48616,43722],[-154,175],[-61,235],[-140,103],[7,98],[-127,69],[-31,315],[-199,323],[2,681]],[[47913,45721],[-243,157],[-166,-92],[-225,17],[-286,223],[-107,274],[-270,-15],[-150,201],[-577,168],[1273,704],[396,49]],[[49352,48127],[-35,624],[157,-20],[79,260],[132,-78],[218,203]],[[52271,47752],[-7,-389],[-284,-247],[-153,-276],[61,-96],[-272,42],[-90,-55],[-60,67],[-179,-56],[-40,-372],[-219,-298],[146,-7],[-66,-178],[144,-248],[80,-52],[40,123],[226,-88],[-120,-148],[73,-81],[-87,-104],[261,-226],[343,-587]],[[2039,64179],[2608,158],[43,210],[478,177],[1181,779],[491,555],[193,-117],[878,-17],[297,-104],[267,193],[236,11],[1016,-362],[193,-113],[-1123,-5063]],[[4104,59542],[-174,58],[-396,-40],[-20,-73],[-216,-53],[120,182],[6,233],[-125,12],[94,127],[-178,5],[-14,188],[127,110],[-81,7],[-52,141],[-35,-165],[-55,158],[-67,-63],[-90,60],[69,-138],[-124,8],[109,-85],[-138,-105],[-31,-154],[-113,-12],[-158,127],[117,174],[-114,211],[140,-49],[28,119],[315,195],[-47,116],[110,4],[-254,198],[-539,-101],[252,159],[-406,-14],[86,157],[142,53],[20,260],[107,40],[-436,62],[-10,159],[175,139],[-200,231],[188,112],[62,171],[-200,45],[112,92],[-46,71],[-356,-21],[316,179],[-275,247],[193,5],[55,220],[130,117],[4,240],[-297,84],[173,76],[-32,229],[-113,-1],[120,79],[-43,51]],[[67601,64913],[66,-174],[512,-417],[70,-198],[141,-86],[95,47],[114,-161],[119,-8],[-19,-126],[106,-109],[800,24],[44,-67],[802,-22],[221,-215],[132,-288]],[[70804,63113],[53,-181],[-136,-94],[-29,-140],[-227,-46],[-57,61],[-717,-550]],[[69689,62165],[-4,6]],[[66339,26355],[-123,85],[-246,-230],[-114,101],[-126,-10],[-139,-142],[9,-170],[-233,28],[-246,-87],[-115,155],[62,124],[-278,43],[5,96],[-122,30],[44,124],[-73,106],[-247,214],[-88,-148],[-80,15],[-176,221],[-229,82],[-197,324]],[[63627,27316],[378,-97],[202,-334],[128,146],[504,-9],[76,-125],[258,176],[417,47],[82,94]],[[66116,31049],[334,-70],[117,-123],[494,458],[132,-18]],[[67193,31296],[89,-75],[-79,-272],[-96,-42],[68,-66],[211,61],[49,-128],[-132,-242],[222,-109],[-98,-179],[371,-232],[-4,-235],[187,5],[67,140],[363,-40],[58,143],[95,-124],[164,10],[230,-156],[325,244],[127,216],[95,-147],[-82,-126]],[[69423,29942],[-126,-82],[-9,-133],[-164,-24],[-63,-100],[151,-370],[532,-342]],[[39677,51483],[-26,365],[-89,130],[89,425],[-86,217],[112,36]],[[39453,55184],[551,13],[221,-136],[204,80],[139,-146],[519,391],[671,272],[432,-153],[1959,330]],[[44149,55835],[92,-31],[-5,-263],[329,-179],[32,-122],[105,-7],[-81,-208],[163,-2],[244,-211],[54,-142],[-95,-43],[87,-402],[213,-70],[143,-159]],[[45552,53881],[-234,-256],[46,-101],[-172,-289],[26,-135],[-341,-50],[-9,-277],[-123,-164]],[[44745,52609],[-625,17],[-221,-384],[-947,-82],[25,-183],[-807,-230],[25,-575],[291,-92],[-252,-438],[548,-277]],[[80780,88693],[0,0]],[[80780,88693],[-313,-108],[-274,142]],[[80193,88727],[257,116],[72,268],[518,75],[231,310],[109,17],[105,-93],[169,94],[86,-75],[299,15],[171,373],[39,361],[101,13],[154,316],[25,145],[-165,173],[-1,142],[-164,142],[-160,371],[-303,223],[-278,666],[-104,489],[-174,74],[-12,391],[151,158],[-62,95],[74,333],[-101,351],[-275,156],[-117,194],[156,451],[1237,1489]],[[84369,88650],[-302,-75],[-477,236],[-1176,-83],[-1567,137],[-67,-172]],[[53481,39114],[2200,-429]],[[55681,38685],[70,-148],[-208,-293],[507,-461],[6,-245],[132,-209],[-114,-192],[45,-654],[-163,2],[-126,143],[-454,-300],[145,-133]],[[69380,27489],[0,0]],[[69380,27489],[-168,-359],[60,-120],[-100,-107],[121,-186],[-194,-13],[-39,-325],[-370,29],[-100,-267],[70,-213]],[[68660,25928],[-423,-148],[-86,103],[-578,-167],[-34,77],[-350,24],[-58,-93],[-61,92],[-106,-55],[-354,145],[-81,275],[-190,174]],[[66339,26355],[156,60],[202,-210],[180,130],[486,79],[-251,433],[269,121],[91,264],[-146,164],[144,68],[140,220],[-158,265],[-27,314],[293,-87],[53,-319],[225,112],[-34,230],[167,-166],[140,408],[50,805],[181,-55],[173,-436],[354,-183],[89,62],[76,-103],[169,38],[61,160],[216,114],[-22,62],[87,-73],[41,59]],[[69744,28891],[17,-855],[-440,-254],[59,-293]],[[72080,67861],[122,-338]],[[70798,66204],[-224,107],[-156,-80],[-520,-30],[-175,106],[-262,-93],[-370,136],[30,79],[-1124,185],[-190,-140],[-202,40],[-83,-101],[-172,-1]],[[33855,48963],[97,-29],[-14,-143],[-362,-682],[26,-168],[-94,-91],[-183,-832],[-177,-128],[-124,-241],[-115,-29],[-81,-219],[308,11],[61,-229],[335,-171],[-25,-187],[107,-17],[140,-203],[219,-42]],[[33790,42609],[-264,-105],[-965,-56],[-100,-566],[40,-472],[-224,-17],[-1143,-724],[-197,-443],[243,-226],[270,-737],[101,-61],[-108,-440],[229,-145],[180,28],[43,95],[48,-39],[-202,-731],[-144,-178],[11,-364],[-356,-420],[-231,0]],[[31021,37008],[-153,181],[-317,-27],[-327,154],[-796,116],[-152,211],[-111,4],[69,131],[-94,50],[121,-14],[-77,75],[126,169],[-73,37],[20,163],[-69,32],[-29,-96],[-34,146],[109,222],[35,436],[454,790],[136,547],[392,511]],[[30251,40846],[931,1319],[433,1653],[10,384],[336,586],[10,329],[114,250],[-29,551],[323,357]],[[49899,41918],[479,63],[1341,-338],[397,52],[497,-1722],[-33,-219],[261,-110],[31,-187]],[[51796,39534],[-463,29],[-1036,466]],[[60929,45256],[307,-139],[114,73],[-26,114],[-151,-33],[-101,92],[164,49]],[[61236,45412],[303,180],[151,300],[314,-65],[628,161],[609,-14],[66,75],[166,-128]],[[63473,45921],[210,33],[197,-130],[233,113]],[[65739,45456],[-51,-243],[-128,-96],[71,-25],[-21,-176],[81,-103],[1738,-847],[141,191],[205,85],[750,-372],[174,116],[227,-83],[42,-314],[-137,-22],[55,-145],[-81,-188],[123,-214],[282,41],[103,-127],[-184,-905],[121,-11]],[[69250,42018],[-159,-155],[-1108,-374],[-330,-69],[-259,90],[-21,-166],[-171,-37],[144,-169],[-251,108],[36,102],[-77,61],[96,99],[-138,86]],[[26111,78502],[338,59],[257,407],[294,82]],[[27000,79050],[274,-333],[641,-171],[78,-286],[500,-429],[275,-577],[-3,-153],[147,-186],[-152,-144],[8,-146],[211,-304]],[[28979,76321],[-234,-179],[-23,-251],[-195,-83],[-163,-213],[-543,-80],[-198,-185],[640,-900],[485,-463],[653,-1963],[345,-695]],[[29669,71268],[-202,-128],[-238,117],[-133,-103],[-231,-9],[-108,194],[-55,-248],[-210,63],[-106,-131],[-330,-42],[133,-171],[-288,7],[126,-154],[-68,-105],[-167,118],[-103,-168],[-163,55],[32,-226],[-210,158],[-177,-113],[-136,197],[-76,-69],[-36,73],[-325,14],[16,-193],[-315,77],[14,-78],[-229,-195],[-69,83],[-89,-79],[-116,66],[-19,-104],[-142,15],[-76,-105],[-114,178],[-132,-203],[-144,101],[-127,-169],[-150,65],[-86,-104],[-53,104],[-102,-136],[-70,73],[-169,-100],[-140,52],[-47,-110],[-125,158],[71,-11],[17,144],[-103,208],[-276,15],[60,103],[-66,-7],[-23,186],[-132,-37],[1,230],[-210,158],[-69,179],[-212,-253],[-295,0],[-108,-189],[-234,43]],[[68204,50968],[-132,-108],[30,-231],[-113,-367],[-341,-719],[-323,-228],[-476,-674],[-228,-154],[-171,57]],[[66450,48544],[21,-179],[183,-160],[-41,-132],[-260,-28],[-21,-246],[-280,148],[-250,-86],[136,-265],[140,-19]],[[66078,47577],[-184,-320],[-429,-86],[-74,-173],[196,-544],[864,-774],[-712,-224]],[[65739,45456],[-240,-13],[-79,224],[-238,-69],[-547,62],[-418,307],[-104,-30]],[[64113,45937],[-475,354],[-38,410],[-272,126],[138,54],[-115,251],[86,122],[-75,187],[199,98],[-73,143],[133,236],[-98,152],[216,200],[-30,199],[96,79],[-80,105],[49,248],[-103,153],[-2,261],[-442,451],[91,368],[-459,299],[-131,313]],[[82709,57533],[124,-276],[264,-95],[190,-173],[269,-420],[-32,-279],[184,-162]],[[84083,55329],[-259,-35],[134,-272],[-77,-84],[-104,115],[-361,63],[-136,-81],[-315,148]],[[82159,42087],[-89,-179],[-110,-10],[9,108],[-68,-8],[-154,-212],[-180,-53],[-359,70],[-460,-80],[-448,-223],[-672,110],[-457,-270]],[[77229,41841],[4,424],[551,242],[223,13],[284,271]],[[78291,42791],[160,-70],[60,99],[550,78],[17,80],[125,-4],[125,133],[116,-52],[228,127],[575,78],[238,109],[430,-180],[370,-15],[528,111],[353,195],[68,311],[-262,250],[214,481],[-152,525],[131,330],[233,70],[163,155]],[[82561,45602],[249,-351],[11,-337],[-294,-1417],[-372,-1189],[4,-221]],[[66000,55080],[-78,-68],[182,-524],[606,-890]],[[65523,52620],[-643,-325],[-460,334],[-1001,-575],[-51,-384],[-640,-924]],[[62728,50746],[-184,191],[-6,152],[-375,184],[-99,-38],[-39,74],[-68,-96],[-78,29],[-141,253],[42,180],[-205,111],[-306,364]],[[61269,52150],[-15,210],[1826,1686]],[[63080,54046],[375,262],[311,-69],[383,249],[846,-28],[444,232],[119,216],[139,-84],[15,213],[128,-53],[160,96]],[[76612,25783],[-148,89],[-142,-88],[-483,235],[262,41],[-208,177]],[[76353,27854],[162,148],[111,338],[245,159],[66,-48],[-55,-138],[123,-103],[230,-18],[159,153],[215,6],[24,140],[-251,131],[30,115],[-140,33],[78,100],[-21,271],[167,245],[167,-89],[201,12],[86,157],[143,-163]],[[79201,27659],[-302,-49],[-308,-183],[-332,-325],[-19,-179],[-164,-64],[-1,-332],[261,-38],[262,-784],[-413,-248]],[[78185,25457],[-177,278],[-159,-25],[-42,252],[-89,61],[-302,-93],[-128,99],[-49,-158],[-134,-31],[-132,-224],[-178,-51],[-55,193],[-128,25]],[[93469,60839],[139,53],[80,-124],[202,-22],[117,55],[14,-283]],[[94021,60518],[-852,-1130],[-319,-600],[-312,-195]],[[92538,58593],[-181,131],[37,222],[-112,-4],[-167,272],[66,67],[-108,279],[100,124],[-65,242],[-319,-136],[30,-223],[-159,-99],[-320,139],[-160,-55],[-70,142],[-163,10],[-51,90],[100,168],[-228,98],[-204,-62],[-133,-178],[-196,71],[-53,-285],[95,-182],[158,-48],[102,-473]],[[90537,58903],[-374,-91],[-33,-248],[-285,-113],[-450,347],[-288,34],[12,343],[-351,14]],[[91322,60887],[177,-83],[55,-168],[192,11],[-13,-176],[175,-138],[-101,-100],[194,-195],[157,41],[268,-113],[583,496],[383,109],[77,268]],[[41190,46883],[-79,-1115],[-113,-174],[114,-250],[-131,-271],[34,-141],[-201,-366],[-935,297],[-256,-127],[-368,5]],[[71903,9003],[-349,68],[-98,-82],[-462,2],[-177,-125],[-130,41],[-118,219],[-143,-86],[-325,52],[-12,125],[-113,-61],[-401,18],[-145,152],[-262,8],[-194,-88],[-125,61],[-44,278],[-375,-14]],[[68430,9571],[-115,-70],[-497,5],[-173,199],[-111,-104],[-163,-465],[-399,-16],[-46,-85],[-197,-35],[-136,-236],[-140,48],[-258,-161],[-213,111]],[[65982,8762],[-134,18],[-277,289],[4,138],[-363,94],[-173,201],[-297,-49],[-281,150],[269,166],[-3,256],[-74,46],[141,148],[-176,189],[153,34],[245,294],[265,112]],[[65281,10848],[1203,116],[96,72],[356,-40],[238,114],[167,-75],[643,58],[181,133],[689,-6],[205,180],[382,-199],[346,26]],[[63353,72355],[432,352],[886,-651],[239,-334],[237,-40],[153,81],[426,-685],[179,-26],[82,-120],[250,-15],[188,296],[310,-59],[209,-205]],[[72296,55766],[-306,587],[367,648],[417,-430]],[[72774,56571],[90,0],[83,-210],[269,-176],[170,-79],[96,146],[217,-287],[463,-223],[160,151],[368,-255]],[[75135,55201],[-337,-238],[-45,-123],[75,-114],[-241,-236],[-244,242],[-390,-375],[-93,134],[-271,50],[-31,126],[-195,-15]],[[73363,54652],[-156,42],[-15,81],[-352,80],[-295,281],[-102,-67],[-143,98]],[[61092,78885],[239,-25],[367,175],[76,-54],[596,35],[185,-158],[81,99],[301,67],[186,-427],[1639,-508],[534,215]],[[65296,78304],[48,-188],[-78,-191],[455,-137],[185,251],[68,40],[57,-64]],[[65996,74361],[-515,345],[-67,-64],[-138,29],[-394,292],[-1118,493],[-304,-107],[-58,158],[159,195],[-534,339],[-158,290],[-303,98],[-277,466],[-128,92],[-583,-110],[-436,279]],[[63636,41259],[-1330,470],[-48,105],[-487,271],[-1433,521]],[[60302,43820],[295,165],[23,89],[-250,152],[236,285],[-32,137],[74,92],[-80,95],[249,97],[-32,174],[144,150]],[[60929,45256],[37,-500],[131,-62],[27,-204],[490,-26],[274,-415],[-86,-68],[1968,-892],[93,-271],[296,58],[821,-407],[940,-227],[-37,-239],[235,-105],[-31,-182],[85,-122],[123,89],[389,-154],[328,65]],[[67012,41594],[-45,-193],[-221,33],[-225,-172],[-129,41],[-469,-240],[-181,-201]],[[65742,40862],[-384,207],[-1022,186],[-451,-319],[5,200],[-254,123]],[[73721,79565],[82,159],[-45,114],[93,67],[-95,82],[137,589]],[[73893,80576],[78,15],[150,285],[-71,680],[260,261],[-33,408],[-296,354],[150,891],[-43,673]],[[79150,83089],[338,-17],[79,-321],[278,-115],[191,-194]],[[80036,82442],[24,-197],[162,-227],[-166,-173],[137,-49],[104,-471],[193,-397],[-74,-222],[-106,86],[-331,-86],[111,-128],[303,-122],[-41,-144],[92,-190],[-99,-740],[-94,-173],[-178,-77],[10,-124],[-99,-15],[-80,108],[-387,-263],[-38,-268],[-180,-248],[63,-55],[-131,-39],[1,-82]],[[79099,77953],[-57,143],[69,50],[-1054,234],[-702,363],[-495,517],[-554,-15],[-146,-124],[-123,4],[-430,285],[-554,109],[-1332,46]],[[35657,69153],[34,350],[176,438]],[[40302,68630],[444,-385],[276,-415],[494,-153],[67,-91],[-92,-3],[-28,-163]],[[41463,67420],[-133,-84],[-305,-4],[50,-75],[-401,-300],[-177,30],[-263,-211],[516,-1499]],[[37252,64478],[-83,577],[-287,269],[68,364],[-238,106],[-70,848],[-224,-41],[-143,298],[-84,678],[-121,96],[79,73],[-29,92],[161,132],[-184,196],[-148,-65],[-84,100],[-193,-4],[52,310],[-159,352],[127,200],[-35,94]],[[57967,65505],[-62,110],[-296,75],[135,625],[-59,257],[-783,162],[-48,140],[-224,77],[-501,53]],[[56129,67004],[303,773],[-115,20],[-644,593],[-1324,782]],[[54349,69172],[192,44],[-15,167],[204,1],[33,108],[153,7],[101,233],[192,-31],[238,391],[127,-3],[145,203],[293,31],[109,184],[-29,343],[128,80],[-47,244],[123,95],[-45,142],[94,98],[-91,73],[84,123],[-52,69],[132,150],[23,174],[-87,15],[94,146],[-34,165],[118,109],[-107,117],[4,341]],[[56429,72991],[-36,425],[-87,21],[-203,351],[-6,297],[-134,71],[-279,409],[-9,232]],[[60968,71960],[894,-1318],[707,-640],[657,-268],[124,-312],[255,-140]],[[44371,33969],[57,474],[85,102],[296,-7],[90,97],[226,-86],[312,96],[298,483],[-44,116],[84,186],[1872,497]],[[47647,35927],[16,-120],[-248,-242],[-445,-862],[25,-187],[371,-405],[-68,-219],[-180,-245],[-583,-101],[-150,-318],[167,-272]],[[46552,32956],[-54,-43],[-359,190],[-192,206],[-232,-196],[-212,274],[-238,-68],[-481,159],[44,404],[-457,87]],[[55643,57444],[623,-1731],[264,-108],[158,-319],[-48,-80],[174,-18],[294,-1202],[479,-438],[70,-293]],[[57657,53255],[9,-73],[-324,-99],[11,-190],[167,-103],[214,11],[-10,75],[137,-58],[376,-291],[144,-381]],[[58381,52146],[-1142,-942],[-480,240],[-156,180],[-362,102],[-179,477],[-164,-214],[-341,-54],[-88,-126],[3,-334],[181,-336],[-96,-558],[-1099,-431]],[[54458,50150],[-52,170],[-574,-159]],[[53832,50161],[-78,844],[188,464],[-89,97],[9,155],[132,31],[-19,142],[-137,358],[-392,302],[-137,220]],[[52809,54541],[643,987],[-36,165],[151,164],[94,391],[-175,448],[236,252],[108,480]],[[68790,6258],[251,-16],[308,-406],[550,-129],[-7,-140],[454,-265],[131,-216]],[[76721,3572],[-511,-758],[-115,-301],[-427,-496],[-509,-833],[-376,-1184],[45,156],[-89,87],[-5935,3507],[-48,226],[-357,186],[-41,183],[551,268],[417,450],[-81,159],[-246,75],[-2,237],[-147,99],[48,427],[-108,198]],[[53010,64766],[-88,240],[101,469]],[[53023,65475],[339,353],[285,556]],[[53647,66384],[369,-248],[1814,-117]],[[55830,66019],[-4,-415],[-103,-166],[54,-90],[-238,-122],[-85,-255],[116,-153],[304,-121],[7,-238],[149,-174],[-59,-106],[113,-255],[314,-92],[-37,-365],[181,-506]],[[56542,62961],[-675,238],[-559,377]],[[67198,68586],[80,-547],[107,-60],[-96,-251],[56,-415],[-142,-145],[69,-738],[78,-18]],[[67350,66412],[56,-269],[273,-310],[340,-69],[221,-153],[-303,-528],[-336,-170]],[[67601,64913],[-561,-524],[-864,-172],[15,-236],[107,-11],[-29,-108],[107,-16],[29,-129],[-126,-168]],[[81470,53998],[-656,96],[-44,-197],[-133,-77],[-73,170],[-182,86]],[[33928,59059],[-1190,458],[-1363,1192],[-282,52],[-21,138],[239,528],[-267,-36],[-225,126],[52,119],[-116,146],[-332,35],[-157,231],[-202,123],[-219,-56],[-342,93],[-130,-86],[-196,38],[-284,-100],[-220,139]],[[31567,66050],[324,-675],[1305,0],[162,710],[367,351],[15,210],[209,123],[126,-69],[248,196],[294,-37],[-116,525],[461,-15]],[[34962,67369],[-12,-638],[281,-371],[113,-330],[-447,-426],[-57,-549],[84,-490],[529,-401],[222,-870],[528,-363],[89,-162],[-413,-343],[29,-138],[-225,-354],[20,-175],[-90,-137],[45,-476],[279,-216],[57,-136]],[[36326,57639],[0,0]],[[80120,58261],[-15,422]],[[80105,58683],[93,-58],[672,15],[537,-436],[475,185],[-6,144],[266,79]],[[81559,58064],[-286,-55],[-154,102],[-315,67],[-274,-66],[-410,149]],[[75560,49692],[-30,171],[84,44],[27,348],[171,-99],[205,78],[29,560],[230,901],[-28,330],[-80,61],[94,71],[-98,107],[181,140],[-141,208],[142,35]],[[76346,52647],[191,25],[5,-59],[221,117],[228,-278],[61,107],[154,29],[104,-199],[-85,-189],[66,-125]],[[82965,55183],[236,-314],[105,-348],[-311,2],[4,-281],[-233,141],[14,-101],[-274,-425]],[[82506,53857],[-100,168],[-236,2],[-143,-104],[-557,75]],[[81470,53998],[49,343],[243,320],[-129,126],[-46,199]],[[81753,55111],[69,59],[-178,357],[4,193],[-143,61],[47,174],[-75,193],[94,60],[227,-30],[97,-116],[173,99],[189,-77],[362,-596],[122,17],[46,-120],[131,-24],[47,-178]],[[81172,48750],[176,-46],[67,-137],[145,38],[172,-84],[91,105],[189,-27],[26,-133],[232,-243],[-58,-135],[151,-135],[16,-311]],[[82379,47642],[65,-145],[-280,-310]],[[82164,47187],[65,217],[-131,-125],[-313,-29],[-255,148],[-125,-91],[-223,258],[-587,294],[-1031,-319],[-42,-153],[-298,-154],[-143,6],[-159,-258]],[[77926,47210],[-649,-102]],[[75698,77132],[633,1],[16,75],[266,-175],[307,109],[376,283],[-68,-213],[813,36],[63,-825],[-114,-188],[48,-650],[-91,-187],[306,-7],[244,-184],[9,-116]],[[70727,34626],[-305,-556],[-188,-53],[82,-203],[-192,-155],[-60,92],[-132,-2],[-113,233],[-107,47]],[[69712,34029],[-1747,490],[66,275]],[[68819,37441],[147,-311],[-8,-392],[79,-59],[530,-167],[164,61],[264,-289],[294,178],[656,-500]],[[70945,35962],[-123,-99],[-104,-415],[102,-476],[-93,-346]],[[74503,67447],[-231,1034],[-522,366]],[[73750,68847],[349,28],[575,302],[659,542]],[[74676,45611],[212,224],[23,219],[237,334],[-43,111],[211,89],[50,322],[200,250]],[[76043,47082],[-125,-289],[385,-498],[-288,-338],[126,-44],[138,-242],[117,87],[107,-58],[128,109],[-64,-134],[187,-158]],[[76754,45517],[-159,-246],[-287,-108]],[[76308,45163],[-234,-38],[-3,218],[-289,4],[47,75],[-240,100],[14,129],[-151,70],[-146,34],[-47,-97],[-199,-3],[-98,-86],[-286,42]],[[69055,53993],[13,125],[267,159],[317,392],[851,-106],[709,232],[96,69],[32,332],[956,570]],[[72296,55766],[4,-599]],[[72300,55167],[-580,-625],[-163,-451],[124,-214],[-65,-361],[431,-675]],[[71813,52298],[-708,726],[-476,300],[-724,-67],[-340,142]],[[60738,56597],[-570,-1246]],[[60168,55351],[-198,-29],[-56,65],[-45,-117],[-82,-2],[-204,303],[-220,-51],[-142,109],[-1354,-247]],[[57867,55382],[105,210],[-387,913],[148,58],[10,-107],[211,-115],[-2,128],[190,218],[144,44],[109,-64],[55,109],[-82,81],[138,-45],[75,267],[189,5],[3,352],[1106,221],[425,692]],[[60304,58349],[261,-810],[92,-4],[-80,-361],[161,-577]],[[88046,73136],[288,-433],[458,-402],[33,-127]],[[86187,73216],[1464,-15],[230,146],[149,-61],[16,-150]],[[79776,3875],[0,11],[20,7],[-9,-17],[-11,-1]],[[70477,5086],[204,-74],[611,282],[414,-47],[114,-134],[194,53],[406,-72],[327,230],[415,0],[470,176],[37,105],[357,194],[298,54]],[[74324,5853],[610,-287],[311,144],[441,-91],[394,-212],[293,56],[259,-106],[48,-117],[128,-14],[7,74],[161,-163],[212,33],[-77,-108],[96,-81],[1499,62],[149,-78],[189,59],[207,279]],[[79251,5303],[-99,-337],[-140,-118],[-434,-193],[-485,9],[27,-149],[-708,-293],[-691,-650]],[[76721,3572],[-211,210],[-69,-78],[-630,74],[-144,-129],[-201,33],[-370,-140],[-733,28],[-338,90],[-3026,47],[-10,146],[-142,1],[31,128],[-134,56],[-156,-81],[-64,84],[-47,1045]],[[47739,54899],[-297,376],[-181,11],[-126,605],[-270,472],[68,88],[-245,820]],[[46688,57271],[649,-8],[348,86],[60,-69],[767,112],[850,-51]],[[49362,57341],[-165,-437],[220,-715],[-59,-234]],[[86597,81656],[-26,288]],[[86571,81944],[-10,231]],[[86561,82175],[236,61],[156,-45],[270,-273],[166,13],[197,-162],[173,68],[-74,47],[770,169],[252,156]],[[88707,82209],[298,-488],[130,-441],[-282,-285]],[[88853,80995],[-357,-230],[-15,-298],[-107,-134]],[[88374,80333],[-43,267],[-157,-157],[-197,77],[-204,-95],[-247,116],[-143,342],[38,329],[-420,309],[-404,135]],[[90569,71286],[-288,-212],[-272,-529],[-408,-2061]],[[89601,68484],[-402,404],[-192,-36],[-445,334]],[[87462,69866],[118,244],[-40,214],[463,250],[175,260],[-45,235],[125,182],[-22,106],[185,162],[-26,147],[86,105],[143,45],[31,134],[160,90],[10,134]],[[88825,72174],[309,4],[400,-474],[545,-101],[490,-317]],[[39030,61289],[107,483],[-13,167],[-187,86],[36,665],[-223,55],[-184,268],[-139,-8],[-63,149],[-238,-57],[-84,154],[60,455],[-180,2],[-190,398],[-202,98],[-352,15],[74,259]],[[37252,64478],[2342,471],[191,111],[322,-17],[643,234]],[[40750,65277],[366,-322],[172,121],[77,-258],[-223,-107],[67,-118],[-62,-264],[255,-344],[10,-203],[135,29],[217,-206],[6,-121],[231,143],[129,-13],[4,214],[171,238],[117,-114],[352,-89],[99,-239],[-48,-112],[117,-347],[-29,-197],[442,-50],[-47,-316],[172,-558],[1981,245],[71,-443],[424,-1085],[121,-116],[-64,-181],[-274,9],[-104,-78],[99,-379]],[[45734,60016],[-183,-6],[-3,-235],[-598,-165],[-750,-482],[-257,53],[-156,-75],[-336,187],[-166,-5],[-112,196],[-185,-36],[-351,127]],[[42637,59575],[-1435,-579],[-581,-124],[-684,287]],[[85744,64134],[-456,-9],[-265,278],[165,441],[11,273],[301,109]],[[85500,65226],[531,131]],[[86031,65357],[258,-609],[1,-290],[232,-247],[62,-373]],[[57853,75305],[-600,485],[-1499,439],[-361,351],[129,64],[-50,95],[114,144]],[[59291,77785],[1027,-169],[824,-460]],[[61142,77156],[103,-334],[137,-92],[52,-416],[143,-175]],[[61577,76139],[0,0]],[[61577,76139],[148,-282],[-312,-419],[67,-310],[-279,-175],[90,-327]],[[34172,39242],[512,1375],[-894,1992]],[[33790,42609],[-339,769],[479,2008]],[[37600,44997],[762,156],[435,-274],[144,23],[314,-161]],[[39255,44741],[364,-267]],[[39619,44474],[-304,-322],[91,-898],[-374,-644],[98,-197],[-126,-12],[-1032,-1381],[231,-106]],[[53830,57428],[-469,325]],[[54532,61040],[186,7],[85,-192],[39,59],[234,-62],[115,49],[288,-120],[126,-314]],[[55605,60467],[-4,-227],[-174,-102],[160,-242],[-439,-171],[-43,-208],[209,-296],[-113,-140],[89,-370],[160,-121],[-15,-99],[138,-159],[-362,-179],[-15,-106],[295,-238],[152,-365]],[[55643,57444],[-1813,-16]],[[44544,50011],[619,381]],[[45163,50392],[1516,331],[35,233],[-97,108],[251,126],[-102,319],[64,99],[73,-16],[-70,-102],[247,-50],[393,304]],[[47473,51744],[94,-275],[-68,-155],[187,-617],[-261,-62],[-170,-357],[413,-118],[128,-494],[740,-470],[235,-492],[347,-164],[118,-317],[116,-96]],[[49352,48127],[-90,-54],[47,-48],[-284,-44],[-90,-307],[52,-344],[-187,-129],[-487,-99],[-167,98],[-276,-96],[-312,303]],[[47558,47407],[626,-57],[-229,218],[6,99],[-344,100],[-25,-90],[-108,-2],[-171,141],[-95,-33],[-184,280],[-109,-95],[4,143],[-177,263],[-22,-105],[-109,6],[55,-157],[-103,11],[-45,144],[-318,85],[-59,-143],[-228,63],[4,-145],[-250,-24]],[[36326,57639],[264,233],[110,488],[-223,340],[-6,505],[-534,1082],[57,507]],[[35994,60794],[529,286],[914,253],[139,186],[312,-83],[9,-179],[194,-141],[238,191],[701,-18]],[[39030,61289],[108,-265],[-69,-233],[164,-93],[-48,-136],[327,-331],[-15,-144],[-247,-155],[25,-194],[316,-429],[346,-150]],[[39937,59159],[108,-1864],[-137,-1678],[-455,-433]],[[39453,55184],[-445,-220],[-68,-180],[26,-395],[73,-249],[418,-484],[-49,-130],[124,-354],[192,-125],[53,-191],[-100,-200]],[[39677,52656],[-59,320],[-300,219],[-93,177],[-181,140],[-214,-26],[-199,118],[-224,-64],[-208,102],[-56,137],[-214,50],[-228,384],[-234,-6],[-220,398],[-343,148],[-238,522],[-256,154],[-40,170],[-79,31],[-40,-81],[-232,90],[6,110],[-124,14],[-12,118],[-268,212],[343,616],[405,484],[-47,72],[-75,-118],[5,136],[136,72],[152,301],[-214,-17]],[[93852,80481],[326,85],[336,-32]],[[94514,80534],[381,-650],[-110,-246],[37,-84],[-237,-155],[166,-266],[-61,-34],[148,-15],[125,-150],[-113,-314],[149,-212],[-120,-180],[59,-181],[-262,72],[-159,-191],[-277,-15],[-396,-150],[-388,-418],[-80,65],[-145,-81],[-712,316],[2,194],[-112,74]],[[92409,77913],[276,55],[412,442],[-96,43],[33,91],[720,558],[-29,129],[194,211],[-146,74],[90,304],[-55,118],[-191,52],[208,103],[-112,149],[114,83],[25,156]],[[73050,28696],[-127,503],[133,236],[405,327],[-4,152],[115,15],[175,447]],[[73747,30376],[80,-69],[126,30],[93,-154],[158,327],[183,-39],[71,166],[174,51],[-58,381],[280,-81],[102,258],[100,-163],[51,40]],[[75107,31123],[104,-82],[62,-495],[138,-86],[138,21],[-23,-249],[177,-78],[70,-195],[21,-187],[-407,-492],[157,-257],[218,-11],[86,-185],[238,22],[21,-89],[-162,-45],[-86,-143],[-457,-29],[-61,-63],[314,-479]],[[88067,88119],[-165,-102],[-318,-36],[-662,275]],[[87527,90250],[-169,1387],[744,-613],[553,110],[259,214],[249,-87],[225,118],[219,-89],[183,26],[749,327]],[[90539,91643],[223,-333],[-113,-336],[293,-68],[246,-184],[141,58],[258,-46],[99,68],[317,-49],[128,-185],[411,-85],[225,-143],[121,-187],[-267,-422],[33,-233],[-96,-116],[-37,78],[-103,-51],[28,-103],[-241,-53]],[[74318,66471],[195,65],[43,298],[104,71],[-108,122],[-49,420]],[[74503,67447],[598,33]],[[75609,64054],[-140,345],[-186,82],[-135,224],[-93,493],[-162,21],[-192,236],[-149,-10],[-412,190]],[[85740,62711],[-811,383]],[[84929,63094],[354,169],[461,871]],[[85744,64134],[586,-296],[254,0]],[[86584,63838],[106,-428],[-199,-543],[23,-163]],[[91894,83545],[13,393],[116,91],[-69,42],[50,91],[-88,422],[-230,437],[99,358],[-203,148],[-156,-15],[-80,139],[262,199]],[[92828,86023],[73,-142],[139,4],[92,-188],[216,-64],[199,33],[319,294],[69,-105],[-125,-163],[184,-51],[-3,-123],[216,-231],[313,-177],[242,-297],[-12,-134],[380,40],[89,-111],[-210,-702],[261,-221],[-47,-524],[180,-106],[201,-428],[-201,-141],[182,-127],[-17,-256],[-198,3]],[[95370,82106],[-263,430],[-469,177],[-875,688],[-376,6],[-146,151],[-571,236],[-282,-181],[-494,-68]],[[52809,54541],[163,-170],[228,-607],[159,-97],[246,-499],[-152,-211],[59,-84],[-203,-99]],[[53309,52774],[-251,-114],[33,-138],[-182,-140],[2,-96],[-383,-197],[-98,-175],[-582,-281],[-748,928],[-187,-248],[-145,29],[-148,-114],[-182,-277],[66,-152]],[[48201,54302],[15,182],[312,-18],[40,230],[79,-59],[77,46],[111,291],[179,93],[-29,316],[426,-81],[-119,314],[66,339]],[[49358,55955],[268,4],[170,258],[685,116],[214,156],[406,-218],[300,110],[182,-67],[164,125],[1062,-1898]],[[34565,82607],[-927,57],[-375,-147],[-871,4],[-225,-298],[-182,-55],[-102,-206],[-213,-28],[-136,-183],[113,-224],[-95,-305],[-638,216],[-529,-391],[-1571,0]],[[28814,81047],[225,394],[630,532],[-3,531],[426,420],[249,413],[99,415],[-80,294],[77,190],[391,80],[401,-53],[28,334],[225,142],[80,216],[-46,204],[-396,238],[135,373],[-201,166],[156,224],[186,48],[262,484],[-435,344],[-264,29],[-39,92],[-688,316],[-138,353],[5,318],[-484,602],[86,198],[-94,54],[-94,617],[357,589],[434,464],[291,149],[711,166],[631,419],[232,256]],[[32169,91658],[659,-592],[367,-198],[200,-287],[30,-272],[211,-467],[680,-965],[330,-1097],[2099,79],[1357,-431],[1530,-613],[858,823],[819,252],[89,196],[266,177],[-77,72],[197,258]],[[45168,83166],[0,0]],[[42854,79259],[-7147,3379],[-1142,-31]],[[40513,38579],[902,1521],[464,243]],[[41879,40343],[970,938]],[[42849,41281],[571,-412],[278,-355],[73,13],[7,-285],[104,-115]],[[43882,40127],[-248,12],[21,-168],[-122,-235],[-242,-24],[-90,-581],[189,-65]],[[66389,77389],[-102,-79],[-146,29],[-41,-82],[-127,145],[141,364],[-83,249]],[[66031,78015],[179,182],[310,103],[90,-40],[325,163],[60,165],[-139,53],[60,110],[-43,243],[69,46],[148,-47],[194,55],[345,-173],[188,37],[353,-191]],[[68170,78721],[113,-130],[-131,-382],[54,-135],[105,-5],[-53,-135],[131,-61],[76,-379],[300,32],[91,-209],[-59,-110],[157,-202],[-58,-199],[103,-88]],[[71646,64934],[41,176],[-517,207],[-284,366],[-188,302],[100,219]],[[70798,66204],[-4,183],[250,-2],[-93,190],[53,76],[264,64],[-40,205],[300,248],[674,355]],[[72202,67523],[253,-199],[235,-9],[-12,-73],[259,-73],[-61,-189],[214,-146],[169,-371],[221,23],[-28,51],[866,-66]],[[74318,66471],[-373,-309],[6,-414],[189,-113]],[[74140,65635],[-483,-96],[-63,170],[-127,-50],[-466,-694],[-87,0],[-76,-232],[-596,-350],[-163,134],[-36,188],[-241,43],[-156,186]],[[78922,46981],[-222,-357],[-100,20],[1,-605]],[[78601,46039],[-274,21],[-140,-77],[-315,-706],[-151,-45]],[[77721,45232],[-97,197],[-159,-172],[-277,148]],[[77188,45405],[173,483],[-72,428],[202,362],[147,20],[141,378],[147,134]],[[77926,47210],[174,-199],[489,77],[333,-107]],[[51612,33081],[11,235],[-208,272],[30,66],[399,36],[-422,125],[-104,96],[22,134],[136,101],[180,-87],[40,149],[163,13],[70,269],[-150,246],[14,141],[-257,89],[-135,241]],[[51401,35207],[253,223]],[[52156,32709],[-441,375],[-103,-3]],[[67198,68586],[-125,-89],[-11,-194],[-195,-41],[33,-66],[-125,-81],[0,-92],[-77,13],[-360,-295],[179,-507],[-157,-122],[-244,-424],[-210,-32],[61,-192],[-1416,-106],[-106,-114]],[[62537,67296],[93,493],[688,1289],[116,-6],[17,124],[154,86]],[[63605,69282],[302,-30],[102,-115],[427,58],[237,-96],[61,147],[321,-136],[124,-138],[365,41],[41,-64],[-104,-111],[81,-111],[-74,-62],[64,-230],[344,1],[5,170],[259,123],[214,-153],[187,-14],[244,107],[177,-82],[40,156],[176,-157]],[[69055,53993],[230,-169],[280,-425]],[[69565,53399],[49,-345],[102,-66],[-331,-224],[165,-32],[182,-625],[-11,-576],[-203,-223],[63,-254]],[[69581,51054],[0,0]],[[69581,51054],[0,0]],[[69581,51054],[-285,30],[-316,226],[-197,-19],[-282,323],[-207,-60],[-172,-276],[-15,-171],[97,-139]],[[68204,50968],[-1389,565],[-1292,1087]],[[65523,52620],[151,71],[463,647],[573,260]],[[66710,53598],[77,11],[92,206],[761,-256],[-174,293],[274,227],[1315,-86]],[[64557,37466],[-233,224],[-7,719],[-108,320]],[[67744,36722],[59,-449],[-86,-151],[118,-185],[7,-197],[314,-157],[-8,-159],[92,6],[-81,-217],[47,-87],[-175,-332]],[[68031,34794],[-76,31],[-116,451],[-175,-16],[-51,-223],[-389,-68],[-51,419],[-110,22],[-68,144],[-210,59]],[[66785,35613],[-385,468],[-878,515]],[[64209,38729],[-5,260],[-319,366],[5,165],[176,65]],[[64066,39585],[1798,144],[479,-155],[117,98],[52,-57],[82,140],[123,-116],[153,172],[-5,214],[87,127],[-57,131]],[[66895,40283],[1035,-303],[154,-187],[552,7],[283,-91],[222,-115],[85,-179],[191,7]],[[69417,39422],[-91,-93],[-4,-219],[-145,-41],[-39,-269],[-133,-143],[34,-148],[-161,-335],[60,-143],[-127,-79],[-80,-221],[114,-161],[-26,-129]],[[68819,37441],[-775,163],[-108,-381],[79,-421],[-32,-92],[-239,12]],[[67744,36722],[-131,169],[-11,489],[-381,176],[-1015,860],[-293,79],[-458,307],[17,-138],[-457,114],[-524,-232],[-181,54],[-101,129]],[[88676,60290],[128,224],[-160,59],[823,665],[201,-86],[141,45],[107,200],[-58,186],[51,258]],[[89909,61841],[1071,175]],[[90980,62016],[142,-90],[-10,-118],[269,-114],[-229,-89],[89,-55],[-140,-210],[221,-453]],[[91322,60887],[-442,-414],[-106,98],[-388,-138],[-326,14],[-311,-321],[-374,-108],[55,229],[-218,-166]],[[68597,76422],[102,33],[17,101],[164,-37],[119,199]],[[68999,76718],[141,4],[93,-87],[-83,-98],[238,-220],[273,40],[82,-64],[141,181],[191,-12],[34,-92],[479,-56]],[[70588,76314],[418,-102],[-66,-89],[68,-77]],[[71408,73324],[-91,-116]],[[71317,73208],[-748,683],[-373,97],[43,65],[-566,723],[-76,-20],[-398,348],[-273,109],[-222,411],[-174,151]],[[77258,14820],[-299,-311],[-218,-37],[44,91],[-217,171],[145,115],[-138,193]],[[76575,15042],[281,439],[-76,335],[303,447],[181,77],[264,-23],[656,-371],[202,-12],[-410,651],[-196,94],[-96,221],[-462,527],[-412,278],[66,286],[232,19],[350,178],[38,92],[-468,186],[-610,414]],[[76418,18880],[152,523],[241,373],[282,158]],[[81944,20404],[-2,-302],[-268,-122],[-304,-476],[1,-391],[-255,-762],[-100,-636],[48,-191],[-140,-397],[-12,-322],[-236,-325],[-20,-162],[-144,-109],[-13,-1116],[268,-259]],[[72043,29389],[78,-16],[-12,-189],[169,-41],[182,-213],[-4,-144],[312,-15],[122,-116],[160,41]],[[73050,28696],[414,-97],[210,-256],[225,113],[363,-14],[99,-239],[-54,-113],[203,-82],[133,-188],[-139,-102],[79,-94],[158,2],[77,276],[-53,54],[121,-10],[85,147],[217,-289],[182,-8],[285,205]],[[75655,28001],[100,73],[598,-220]],[[76353,27854],[-197,-295],[-10,-230],[115,-239],[-107,-240],[136,-179],[-61,-217],[-341,-136],[5,-81]],[[75893,26237],[-201,50],[-64,-54],[-89,76],[-224,-80],[-148,95],[27,216],[-169,17],[-491,-310],[-418,-58],[-202,-248],[-405,-102],[-67,-112],[48,-108],[-288,-127],[16,-199],[-236,-39],[4,-148],[-254,110],[-293,-159],[-264,223]],[[72175,25280],[6,137],[-131,15],[-12,229],[75,18],[-60,88],[99,155],[-65,301],[95,410],[-83,-13],[-200,489],[375,473],[137,59],[-99,117],[41,122],[-415,395],[-15,110],[-187,-47],[-208,190],[74,202],[-72,216],[140,3],[-46,123],[95,23],[-69,123],[163,-2],[230,173]],[[75755,11877],[51,276],[94,49],[-34,177],[448,152],[297,-245],[251,270],[24,151],[-178,145],[139,362],[-121,146],[9,457],[158,405],[412,-291],[-215,268],[113,35],[-22,369],[77,217]],[[77258,14820],[18,-121],[405,-100],[670,213],[525,67],[568,-308],[589,-6],[206,-101],[280,193],[2,154],[246,23]],[[80767,14834],[117,-44],[-185,-77],[-304,-394],[-40,-380],[-181,-333],[23,-469],[-109,-204],[-20,-339],[-173,-151],[-159,-390],[-88,-1436],[315,-1422]],[[79963,9195],[-393,185],[-76,-49],[-225,247],[-48,225],[-264,93],[-108,161],[-461,100],[-26,205],[-141,-35],[-73,161],[-177,15],[-213,198],[-209,-46],[-597,360],[-147,-49],[-264,81],[-243,-142],[-160,248],[-153,-47],[-37,-284],[-617,47],[33,-138],[-170,-184]],[[48970,72487],[352,250],[866,-198]],[[50188,72539],[179,-370],[-15,-161],[-486,-650],[313,-378]],[[50179,70980],[-386,-473]],[[51654,35430],[-245,784],[-426,148],[-86,183],[-211,93],[-57,136]],[[50629,36774],[-65,90],[195,188],[-59,67],[77,101],[120,31],[337,1181],[-166,-55],[-153,173],[134,52],[-18,118],[107,137],[518,44],[71,278],[-203,163],[272,192]],[[51796,39534],[1076,-77]],[[52872,39457],[428,-150],[181,-193]],[[53481,39114],[-162,-60],[-132,-304],[104,-337],[489,-325],[270,-1212],[216,-582],[134,-33],[73,-257]],[[53539,35118],[-190,24],[117,-149],[-65,-48],[-42,69],[-66,-66],[-109,75],[-258,-30],[-51,177],[-281,22],[-55,106],[63,68],[-174,2],[-71,101],[-83,-62],[-14,76],[-148,-43],[-50,-137],[-292,49],[27,101],[-143,-23]],[[75874,49626],[78,5],[167,360],[315,79],[100,170],[177,17],[82,357],[199,55],[12,74]],[[75698,77132],[-60,-188],[94,-183],[341,-324],[-18,-85],[165,-43],[-26,-254],[104,-62],[-66,-285],[128,-83],[67,-200],[415,-55],[205,-410],[-20,-178],[242,118],[277,-114]],[[72707,71676],[-1011,655],[25,935],[-106,70],[-138,-110],[-69,98]],[[71408,73324],[-462,1735],[178,655],[-116,332]],[[71008,76046],[220,88],[-6,-90],[260,-35],[87,-106],[162,68],[58,-165],[189,44],[62,-147],[226,19],[124,167],[126,-82],[115,42],[80,-149],[202,20],[37,-139],[137,21],[16,-123],[287,9],[404,-235],[100,88],[203,13],[164,-139],[16,123],[514,66],[453,327],[17,410],[-108,14],[-84,166],[76,125],[-307,58],[42,220],[-54,122],[-124,17],[-44,183]],[[74658,77046],[1040,86]],[[80792,74680],[-488,85],[-97,-101],[-451,217]],[[79756,74881],[-28,277],[-154,203],[-57,-22],[-85,278],[49,196],[213,-59],[-221,943],[-86,90],[-220,1168],[-68,-2]],[[79099,77953],[133,193]],[[79232,78146],[309,3],[2082,477],[273,-167],[683,-76],[123,318],[1724,193],[52,-215]],[[84478,78679],[-130,-80],[100,-123],[304,66],[88,-60],[86,-742]],[[69174,71411],[249,29],[73,113],[165,1],[403,240],[238,502]],[[70302,72296],[203,216],[400,85],[-46,-177],[75,-10],[37,-356],[-133,-47],[-150,-630],[-181,-2],[-111,-125],[56,-809]],[[75162,58739],[-63,151],[-238,114],[-295,-52],[-472,94],[-147,-114],[-187,159],[-294,-95]],[[73466,58996],[-138,219],[-248,18],[-266,220],[-469,-117],[-159,76]],[[72186,59412],[-57,86],[1449,848],[118,-53],[342,206],[783,23],[257,86],[178,-46],[-9,104],[974,536],[332,77],[472,-129],[348,183]],[[77373,61333],[101,-181],[335,-104],[-57,-166],[105,-20],[-92,-110],[214,-111],[-82,-88],[25,-290],[75,-30]],[[78590,59103],[-819,-468],[-222,-229],[-271,9]],[[51131,92788],[-525,-4724]],[[47105,84758],[-1010,943],[-288,115],[-80,145],[-425,-33],[-127,190],[-298,66],[-73,127],[-402,-4],[-332,187],[-178,471],[-1022,919],[-499,-172],[-56,199],[56,47],[-235,563],[-167,141],[-185,-69]],[[41784,88593],[21,363],[102,42],[-38,274],[235,228],[-18,178]],[[42086,89678],[740,47],[382,454],[695,-64],[316,83],[77,113],[-33,221],[524,60],[134,167],[57,266],[687,368],[27,255],[337,195],[97,166],[520,68],[372,266],[305,-86],[291,76],[487,-19],[379,64],[383,260],[457,57],[239,-165],[262,177],[625,-304],[144,192],[214,62],[156,164],[171,-33]],[[78950,71047],[-663,-1342],[-787,-594],[-125,-180],[-603,-192]],[[5374,68507],[-346,183]],[[5028,68690],[40,473],[1023,110],[109,-154],[126,232],[323,108],[531,-39],[386,76],[265,365],[879,294],[573,26],[662,232],[107,-46],[183,-531],[810,166],[1907,950],[611,-128],[522,-11],[152,-86],[56,-148],[297,-20],[748,252],[215,-141],[150,102],[513,81],[226,-74],[204,148],[114,247],[396,1]],[[20483,70710],[0,-2566],[113,-13],[86,-179],[104,1],[-45,-97],[112,-35],[103,-188],[-76,-90],[77,-110],[-178,-18],[44,-70],[-90,-104]],[[20733,67241],[-255,-378],[64,-142],[-61,-98],[-169,15],[-32,-110],[-138,91],[65,-114],[-176,-83],[-18,-180],[-380,-264],[-601,-92],[33,-58],[-149,-54],[9,-312],[-132,24],[36,-63],[-122,11],[-31,-139],[-202,-27],[70,-89],[-140,-46],[-19,-274],[-188,-231],[-70,40],[-36,-103],[-258,52]],[[17833,64617],[-383,53],[-64,202],[-113,-1],[-126,178],[39,56],[-343,378],[-26,190],[-225,23],[-111,217],[-346,132],[-74,118],[-770,17],[-132,383],[-154,-18],[15,101],[-194,52],[9,100],[-172,-25],[-31,220],[-148,-13],[-45,69],[-114,-66],[32,70],[-225,84],[52,104],[-129,77],[-679,63],[-45,-80],[-59,47],[-255,-124],[-57,-132],[-313,-153],[-375,-10],[-530,126],[-999,-223],[-361,40],[-175,-68],[-101,162],[-213,-12],[-118,232],[-269,170],[-305,38],[-561,326],[-432,117],[-150,260],[-244,188],[-307,-27],[-900,233],[-1088,73],[-145,-57]],[[76229,64417],[-239,163],[531,694],[52,407],[407,296],[-560,488],[-165,-81],[-79,756],[-1075,340]],[[75101,67480],[906,497],[11,257],[142,125],[-124,218],[3,263],[185,37],[-5,202]],[[76219,69085],[10,46]],[[76226,69134],[-4,4]],[[76219,69085],[15,-24]],[[76234,69061],[289,-73],[249,-249]],[[76772,68739],[1340,-464],[1186,-1079]],[[79298,67196],[140,-213]],[[79438,66983],[-435,-599],[-6,-304],[92,-88],[-37,-218],[-345,-488],[244,-280],[-125,-94],[0,-142]],[[41190,46883],[-1850,-65],[-919,191],[-285,-255],[-70,-202],[-81,48],[-267,-105],[-242,-363],[81,-101],[-193,-14],[-134,-128],[59,-443],[311,-449]],[[37600,44997],[-304,-550],[-332,112],[-287,-63],[-49,-99],[-105,73],[-103,-55],[-44,73],[-428,-150],[-148,109],[-53,-78],[-564,36],[-240,151],[-260,-25],[-64,224],[-306,167],[-84,289],[-130,-26],[-111,87],[33,94],[-91,20]],[[33930,45386],[43,177]],[[33973,45563],[2145,2708],[581,931],[266,789],[364,142],[140,1056],[1694,-103],[136,443],[230,-82],[148,36]],[[39677,51483],[1422,-706],[-15,-165],[155,-247],[269,-9],[38,-81],[-90,-41],[203,-74],[144,88],[-46,-171],[266,-183],[-33,-82],[134,-31],[67,-168]],[[41766,48756],[38,-137],[-89,-278],[212,-302]],[[41927,48039],[-256,-97],[-134,123],[-236,-98],[-89,-165],[37,-305],[-122,-143],[63,-471]],[[90588,75567],[-384,100],[-826,-1537],[-888,-265],[-365,-204]],[[88125,73661],[-403,299],[-178,-2],[-133,344],[-143,-32],[-272,338],[-172,47]],[[88784,76492],[260,0],[144,136],[-38,106],[486,-112],[327,133],[200,-65],[138,129]],[[90301,76819],[-88,-150],[147,-205],[-55,-395],[100,-349],[183,-153]],[[86945,79304],[139,1],[392,-428],[658,-31],[422,-240]],[[88556,78606],[35,-753],[198,-14],[-5,-1347]],[[88784,76492],[-2,-365],[-364,-41],[12,-377],[-356,62],[-181,-104],[-108,-182],[-668,-214],[11,-171],[-304,-445]],[[86824,74655],[-387,3]],[[84557,77440],[110,161],[259,139]],[[84926,77740],[586,-97],[142,201],[367,-99],[609,282],[35,308],[124,101],[18,514],[138,354]],[[62366,31208],[152,69],[150,325],[742,29],[169,-76],[287,125],[118,-284],[146,-13],[19,-77],[112,214],[148,42],[-102,-195],[39,-122],[120,165],[152,-188],[187,16],[7,188],[209,-155],[292,96],[-19,-185],[255,128],[134,-83],[197,61],[32,-182],[115,50],[89,-107]],[[66116,31049],[-325,-1172],[214,-1955],[-135,-170],[-10,-311],[-188,-227]],[[65672,27214],[-564,142],[-226,245],[-345,130],[-253,250],[-107,-138],[-360,397],[-608,441],[-111,556],[-288,-86],[-45,98],[-322,62],[-239,270],[-191,58],[-11,184],[-230,99],[-226,489],[192,384],[-114,286]],[[52271,47752],[-123,-6],[-257,249],[-162,23],[-106,231],[-298,111],[-144,224],[-272,193],[-407,140],[-166,-64],[-299,243],[-134,20]],[[49903,49116],[183,304],[-191,105],[2,229],[211,633],[17,604],[342,94],[75,231]],[[50542,51316],[427,-349],[-10,-185],[820,-613],[37,519],[281,195],[205,297]],[[52302,51180],[45,-429],[-148,-277],[36,-180],[-201,-73],[-15,-127],[105,-116],[200,34],[338,-188],[169,-210],[18,-440],[300,-77],[233,-437],[351,274],[81,-356],[-85,-145],[120,-147],[-4,-181],[-142,17],[136,-159],[-91,-18],[90,-42],[-37,-140]],[[53801,47763],[163,-304],[-77,-179],[45,-57],[92,54],[-30,-164],[137,-28],[4,-258],[347,-99],[73,-95],[-53,-68],[130,-41],[-115,-211],[206,-123],[-57,-133],[114,-64],[-36,-150],[78,-63],[-61,-118],[109,-40],[16,-325],[98,-10],[53,-135]],[[55037,45152],[-706,-283]],[[54331,44869],[-208,797],[-231,163],[-51,174],[-380,379],[-11,145],[-177,228],[-348,213],[34,232],[-111,28],[-166,278],[-346,143],[-65,103]],[[49619,42597],[159,-601],[121,-78]],[[49899,41918],[-3,-164],[-188,-48],[95,-159],[-41,-152],[150,-76],[155,-989],[230,-301]],[[50297,40029],[-1505,-283],[-863,-426]],[[47929,39320],[-248,824],[-624,310]],[[47057,40454],[398,23],[-111,222],[-3,382],[198,563],[155,136],[-387,434],[-233,58]],[[47074,42272],[79,63],[-19,222],[417,-14],[440,130],[251,-72],[119,66],[1258,-70]],[[45552,53881],[-122,115]],[[45430,53996],[293,148],[182,-94],[364,169],[157,-75],[243,266],[-22,140],[120,124],[110,48],[385,-65],[106,192],[371,50]],[[47739,54899],[66,-420],[180,-159],[216,-18]],[[48201,54302],[140,-141],[103,-363],[-79,-142],[85,-145],[-61,-232],[82,-185],[295,-154],[151,-299],[301,54],[179,-130],[315,-462],[792,-304]],[[50504,51799],[91,-261],[-57,-44],[99,-107],[-95,-71]],[[50542,51316],[-717,148],[-89,-95],[-147,18],[-125,178],[-261,-77],[-689,341],[-378,34],[-291,317]],[[47845,52180],[-137,429],[-173,122],[74,83],[-240,237],[-7,162],[-389,81],[-60,105],[-209,-151],[-150,58],[-242,-192],[-410,344],[-31,270],[-193,24],[-126,129]],[[93081,68807],[-816,659],[76,332],[-345,328]],[[91996,70126],[7,244],[486,241],[-29,63],[127,130],[-118,86],[459,476]],[[92928,71366],[86,14],[183,-314],[14,-78],[-145,-56],[40,-68],[103,32],[62,-131],[106,80],[-35,-126],[115,-60],[9,-117],[89,27],[93,206],[120,-14],[124,-59],[-21,-185],[86,-117],[255,142],[108,-32],[-162,-41],[138,-111],[205,15],[-44,-111],[-112,-15],[-9,-139],[177,-29],[97,-130],[328,-140],[-116,-66],[76,-146],[133,-44]],[[95031,69553],[-313,-379],[30,-308],[45,-89],[202,-62],[-9,-99],[255,-221],[240,-75],[123,-207]],[[95604,68113],[-14,-166],[188,-334],[-49,-92],[90,-54],[-513,246],[-195,-289],[-219,-66]],[[94892,67358],[-419,120],[-147,417],[-293,-67],[-212,102]],[[93821,67930],[-76,128],[-191,-1],[-114,210],[-3,130],[162,187],[-180,4],[-338,219]],[[82231,96560],[2,164],[194,253],[-12,145],[139,109]],[[82554,97231],[913,210],[693,-54],[697,-567],[359,-177],[187,-868],[181,-270],[345,-136],[179,74],[161,254],[29,666],[321,536],[272,148],[427,-81],[352,-199],[108,-251],[-102,-275],[-406,-321],[30,-273]],[[87300,95647],[-252,0],[-116,-316],[-392,-459],[3,-1415],[-151,-131],[66,-326],[-171,-374],[53,-91],[415,68],[-99,-323],[131,-277],[-83,-223],[-10,-744],[-512,-341],[-244,-859],[1589,414]],[[87527,90250],[17,-407],[-94,-237],[-54,-694],[-290,-292],[-184,-364]],[[86922,88256],[-2553,394]],[[84369,88650],[-5,1107],[695,583],[64,252],[344,217],[-161,269],[12,140],[-107,58],[262,349],[301,173],[83,142],[-298,306],[-94,792],[-3234,3522]],[[69685,62171],[4,-6]],[[69689,62165],[2,-2]],[[69691,62163],[110,-284],[-31,-256],[98,-36],[128,-267]],[[69996,61320],[-191,-74],[-28,-135],[-226,42],[-166,-72],[-171,239],[18,91],[-174,53],[-146,337],[-692,188],[-165,-40],[-128,99],[-173,-71],[-132,87],[-60,-67],[-273,70],[-138,-180],[-171,123],[-307,-180],[-77,96],[-154,-291],[-228,-168],[-206,45],[-75,-200],[-118,-14],[-276,-619],[-557,-463]],[[64982,60216],[-240,-155],[-963,46]],[[63779,60107],[-846,706],[-141,-35],[-622,849],[-442,348],[-1165,26]],[[61753,63396],[3290,480],[149,-73],[-2,-89],[340,34],[201,-77],[47,-180],[62,104],[137,-42],[60,89],[83,-60],[108,62],[51,-95]],[[66279,63549],[0,0]],[[66279,63549],[7,-169],[119,-45],[183,63],[10,-210],[280,-103],[-63,-230],[134,72],[93,-200],[474,10],[210,-127],[66,37],[56,-177],[275,5],[141,-105],[136,101],[366,-75],[235,100],[109,-182],[92,-13],[148,141],[162,-173],[8,-126],[165,28]],[[84083,55329],[-97,320],[27,117],[120,36],[51,332]],[[85302,56521],[-248,-477],[202,-342],[-218,-443]],[[84730,54827],[-461,175],[-186,327]],[[86790,55174],[-299,409],[-932,481],[-257,457]],[[85339,56994],[1163,1],[-2,205]],[[87073,57151],[274,-79],[43,-292],[157,-160],[185,65],[129,-72]],[[88817,56279],[222,-151],[-16,-566],[151,-124],[148,92],[229,-61],[20,-72]],[[89571,55397],[-416,-406],[-482,-62],[-883,-591],[-1265,22]],[[83073,64392],[-177,122],[-223,-111],[-246,79],[-267,-410],[-573,64],[-226,274]],[[82276,66555],[467,-219],[217,-636]],[[92828,86023],[-286,-30],[-577,110],[-206,146],[-151,-399]],[[91608,85850],[-187,151],[-167,-96],[-461,176],[-150,-99],[-666,492],[-716,767],[-1194,878]],[[88067,88119],[861,-80],[139,294],[468,173],[241,-302],[656,164],[365,-24],[164,74],[208,-81],[130,195],[-41,90],[129,95],[133,-47],[16,249],[359,94],[62,124],[248,116]],[[92205,89253],[92,-180],[-34,-274],[200,42],[306,-214],[-252,-118],[-23,-265],[-116,-110],[135,-742],[135,-74],[17,-251],[201,-123],[-34,-250],[83,-74],[-74,-112],[-127,-2],[216,-239],[-1,-210],[-101,-34]],[[82517,21622],[-2,11],[7,4],[-2,-16],[-3,1]],[[81944,20404],[-1144,-167],[-561,-260],[-199,38],[-80,-126],[-518,229],[-246,25],[-486,-18],[-438,-156],[-985,47],[-194,-82]],[[77093,19934],[196,1113],[440,-6],[169,154],[-170,77],[-244,282],[195,1373]],[[77679,22927],[345,-262],[733,130],[255,-215],[534,417],[721,254],[142,143],[2188,-409]],[[82597,22985],[-89,-374],[92,-271],[-282,-586],[-393,-319],[-123,-416],[-10,-328],[181,-155],[-29,-132]],[[82905,22103],[0,4],[9,5],[1,-11],[-10,2]],[[74580,34596],[55,-110],[-166,-134],[-364,-75],[-31,78],[-96,-5],[-246,-149],[-192,12],[-304,197],[-199,-162],[-38,-151],[-208,103],[-102,-193],[-231,-26]],[[72458,33981],[242,354],[-208,1143],[75,493]],[[72567,35971],[62,263],[403,164],[100,284],[468,62]],[[73600,36744],[-94,-383],[46,-261],[-199,-291],[77,-169],[-28,-334],[228,-95],[62,-175],[213,9],[83,-153],[65,119],[58,-21],[126,-586],[268,62],[75,130]],[[73948,50667],[-252,90],[-95,-84],[-360,383],[-701,-554]],[[72540,50502],[-803,668],[-29,109],[-232,2]],[[71476,51281],[459,236],[211,333],[-28,224],[-305,224]],[[71813,52298],[105,190],[-125,317],[254,36]],[[72047,52841],[361,-50],[443,-367],[185,-29]],[[79814,72076],[-305,-504],[69,-163],[-499,18]],[[74472,70797],[-232,47],[-164,-93],[-29,-130],[-210,-46]],[[72563,71633],[144,43]],[[72707,71676],[289,79],[118,155],[1313,675],[459,132],[584,573],[970,489],[105,139],[158,-17],[171,251],[229,63],[145,226],[187,119],[122,-57],[-11,283]],[[77546,74786],[552,120],[-19,95],[100,-44],[103,188],[224,-54]],[[78506,75091],[151,-114],[369,18]],[[79026,74995],[-44,-33],[133,-148],[-42,-164],[-157,-87],[-10,-148],[-232,-217],[14,-151],[541,109],[31,-868],[181,-573],[-26,-179],[200,-210],[44,-185],[155,-65]],[[78093,29303],[-168,474],[-201,80],[-203,-50],[-117,195],[38,141],[-175,26],[-20,-130],[-129,-97],[-117,60],[58,397],[-227,233]],[[76832,30632],[200,100],[39,196],[210,32],[127,-69],[-66,-165],[103,-37],[150,76],[128,-211],[365,-32],[408,161],[25,81]],[[81859,30131],[-78,-177],[34,-294],[-268,-227],[-470,-97],[-171,-170],[-406,-80],[-286,-205],[-424,30],[135,-216],[100,55],[237,-140],[-120,-317],[256,-41],[-58,-259],[-544,75],[-296,-291],[-299,-118]],[[79201,27659],[-251,29],[-173,200],[-315,-167],[-120,52],[-25,70],[416,227],[-4,130],[144,5],[81,146],[112,14],[-322,144],[-64,287],[-446,333],[-85,-20],[-56,194]],[[25469,50133],[-221,149],[-140,-46],[-48,123],[-94,-90],[-310,186],[-96,-100],[-242,90]],[[24318,50445],[-212,63],[-205,-68],[-224,152],[-331,-31],[-65,164],[-253,-178],[-38,71],[-304,-34],[-111,119],[-201,-12],[-145,181],[-237,57],[1,140],[-141,50],[74,83],[-121,225],[31,271],[-164,165],[5,145],[-114,38],[17,117],[-131,25],[-6,173],[-110,22],[32,56],[-202,234],[-331,110],[-75,166],[-157,29],[42,86],[-177,113],[-212,462]],[[21942,55071],[2258,-1787]],[[24200,53284],[611,-109],[622,-744],[830,65],[488,-344]],[[27895,51289],[-72,202],[159,415],[-178,48],[-257,232],[-394,133],[-279,-37],[-123,-130]],[[26751,52152],[96,1575],[-131,325],[-246,23],[-752,529],[141,139],[-72,44],[-657,-107]],[[25130,54680],[-78,220],[162,22],[108,116],[-52,105],[87,238],[-168,52],[93,184],[374,127],[256,-9],[169,177],[-34,81]],[[31799,52607],[-571,157],[-142,-189]],[[82960,65700],[500,852]],[[83460,66552],[473,-1347]],[[83933,65205],[189,-283],[12,-478],[-379,-820]],[[83755,63624],[-359,67]],[[83396,63691],[-59,278],[-184,139],[-80,284]],[[83073,64392],[72,510],[-185,798]],[[26111,78502],[621,-1685],[-108,-11],[-20,-167],[-205,-90],[-123,-992],[-151,-160],[-1,-138],[-184,-139],[-38,-147],[-171,-90],[-196,-313],[-77,-310],[73,-281],[-330,-513],[-1111,-939],[-1555,-1765]],[[22535,70762],[-392,-164],[-249,162],[-982,-24],[-287,-75],[-142,49]],[[20483,70710],[-90,-26],[-211,138],[-594,-254],[-199,13],[-336,364],[-236,-4],[-359,394],[-416,-76],[-338,144],[-190,-119],[-58,-252],[-113,-109],[-187,252]],[[17156,71175],[19,158],[345,347],[91,204],[-135,694],[230,238],[-380,121],[-95,374],[-249,301],[514,473],[14,112],[-188,289],[79,329],[-116,376],[169,313],[222,186]],[[17676,75690],[176,-92],[744,456],[167,-171],[389,345],[-22,199],[271,410],[286,16],[16,175],[464,264],[296,-76],[212,93],[69,279],[-58,512],[522,115],[440,452],[335,-35],[305,-211],[197,12],[257,106],[221,318],[354,-53],[277,75],[528,544],[135,41],[333,-174],[251,-423],[204,-179],[244,-27],[356,122],[466,-281]],[[77278,58415],[35,-658],[-334,-206],[-64,-250],[-222,-62],[-88,-129],[37,-333],[-79,-343],[153,-56],[73,-124],[-44,-80],[131,-86],[13,-110]],[[76889,55978],[-1075,-461],[-60,60],[-108,-121],[-151,122],[-200,-205]],[[75295,55373],[-83,-48],[9,-120],[-86,-4]],[[75135,55201],[-131,23],[72,54],[-48,46],[-134,-90],[31,167],[-98,-51],[-137,288]],[[74690,55638],[57,1363],[87,24],[137,-111],[200,221],[-138,111],[-143,360],[99,257],[-214,345],[387,531]],[[75162,58739],[217,-142],[96,217],[374,263],[246,-77],[189,-281],[994,-304]],[[83982,57352],[-103,157],[206,110],[-80,237],[244,208],[24,250],[-85,-4],[-59,142],[-14,262],[-75,-105],[-54,16],[91,91],[-152,65],[40,111],[-100,-3],[-26,82],[-109,-34],[-14,137],[-61,-137],[-326,417]],[[83329,59354],[37,120]],[[83791,60512],[116,123],[-119,238],[53,52]],[[83841,60925],[415,-13]],[[84256,60912],[-202,-111],[33,-137],[742,-809],[227,-80],[706,-31],[127,-294]],[[78506,54720],[114,333],[228,20],[354,-111],[102,61],[-3,130],[242,-101],[72,53]],[[79615,55105],[305,-97],[187,24],[256,-200],[377,32]],[[80813,54807],[103,-120],[-55,-161],[-257,96],[-185,-143],[49,-187],[-86,-216]],[[80382,54076],[-233,-428],[-293,46]],[[79856,53694],[-356,-202],[-162,63],[-73,221]],[[78590,59103],[-281,171],[-206,-122],[-210,356],[-118,27],[141,183],[-65,177],[87,81],[-103,50],[106,46],[56,161]],[[77997,60233],[138,170],[818,219],[67,149],[171,103],[181,-147],[183,21]],[[79555,60748],[138,-113],[237,92],[207,-401],[146,-27],[35,-284],[148,-115],[-25,-147],[221,-153]],[[80662,59600],[-841,-143],[-235,-347],[-382,-23],[-168,115],[-446,-99]],[[21942,55071],[-68,-200],[-232,-195],[-245,219],[-195,-10],[-14,-537],[-248,-139],[-69,-164],[-538,-271],[-80,-135]],[[20253,53639],[-128,139],[-22,197],[-229,86],[-141,232],[-257,68],[-79,215],[-130,19],[-947,-269],[-37,49],[-459,-106],[-361,-202],[-72,49],[-812,-348],[-900,-221],[-914,-380],[-871,-43],[-324,-159],[-482,-23],[-373,-162],[-265,110],[-393,4],[-1000,-363],[-570,75],[-857,-258],[-467,-248],[-1211,-240],[-961,-392],[-3004,-1722]],[[3987,49746],[-183,159],[14,106],[-270,84],[264,189],[212,-41],[469,348],[290,72],[514,473],[214,343],[-130,220],[-249,167],[-2049,-606],[-275,120],[194,227],[-11,286],[-303,46],[267,452],[14,199],[-148,32],[233,422],[-267,383],[-173,67],[210,68],[166,170],[211,297],[66,254],[884,239],[749,376],[207,276],[-38,126],[-190,82],[-190,-191],[-175,-3],[-33,75],[-457,-271],[-648,121],[-247,-144],[-453,-50],[261,191],[-109,31],[114,97],[-78,155],[278,182],[-90,23],[76,85],[-76,130],[-105,13],[341,379],[-61,205],[-231,-1],[97,155],[-222,-19],[146,235],[181,44],[-1,76],[-152,5],[1,185],[116,-50],[-23,109],[147,1],[61,231],[-263,87],[-127,-75],[134,162],[-134,22],[-17,85],[452,308],[-38,81],[-120,4],[23,91],[-368,-17],[375,492],[-160,119],[-134,11],[-48,37],[-2,13],[107,137],[45,-160],[237,91],[-25,126],[71,42],[-60,34],[525,220],[284,251]],[[4104,59542],[389,85],[92,-39],[127,-322],[313,0],[2017,727],[204,0],[423,326],[1128,167]],[[8797,60486],[496,148],[634,42],[791,-95],[509,114],[581,264],[240,-121],[191,97],[444,-30],[617,-188],[704,-340],[567,-51],[169,155],[145,321],[346,94],[226,385],[179,111],[331,-141],[266,18],[361,192],[214,-54],[1056,284]],[[17864,61691],[977,-984],[604,-56],[61,-72],[409,-67]],[[19915,60512],[-42,-279],[230,-372],[-101,-223],[101,-50],[53,-194],[178,-41],[97,-268],[178,-151],[528,-87],[161,-1568],[644,-2208]],[[76222,69138],[-211,182],[-361,170],[-100,-25],[-217,254]],[[75333,69719],[-473,501],[-18,90],[110,110],[-80,151],[-400,226]],[[74472,70797],[972,542]],[[76738,70013],[134,-89],[-638,-863]],[[76234,69061],[-15,18]],[[76219,69079],[0,6]],[[76219,69085],[10,46]],[[76229,69131],[-3,3]],[[76226,69134],[-4,4]],[[82142,58612],[-64,77]],[[82078,58689],[367,-222],[104,-382],[119,-134],[41,-418]],[[82709,57533],[-164,-23],[-137,87],[-326,-75],[-131,-88],[4,-190],[-404,-50]],[[81415,57239],[99,121],[-54,294],[99,410]],[[81559,58064],[239,124],[290,-28],[260,75],[-87,304],[-119,73]],[[25077,49298],[-87,233],[76,62],[11,231],[198,53],[-19,163],[116,-46],[97,139]],[[25469,50133],[128,134],[105,-58],[108,272],[325,53],[144,-67],[370,253],[261,-9],[102,107],[149,-55],[93,217],[360,87],[23,115],[-77,69],[335,38]],[[27895,51289],[150,-62],[163,135],[180,-122],[162,162],[287,93],[353,-91],[62,272],[198,143]],[[29914,47273],[-3,-260],[-239,-124],[-38,-134],[-146,154],[-171,-127],[-83,146],[-49,-201],[-121,92],[-97,-201],[-114,57],[2,-168],[70,46],[62,-174],[-109,17],[-145,-112],[-208,175],[-158,10],[99,-46],[-103,-205],[91,-97],[-148,-21],[10,-110],[-185,26],[-60,-95],[-63,259],[-55,-75],[-47,62],[-128,-31],[-80,244],[-30,-64],[-79,98]],[[27589,46414],[-1248,1048],[-388,58],[-87,263],[-554,709],[-117,763],[-118,43]],[[81753,55111],[-125,-26],[-41,-99]],[[81587,54986],[-202,41],[-607,-95],[35,-125]],[[80813,54807],[-62,-24],[-11,81]],[[80740,54864],[-89,76],[50,159],[-154,173],[72,391],[-333,365]],[[80286,56028],[136,232],[326,90],[18,192],[-223,222],[-70,361]],[[80473,57125],[942,114]],[[81415,57239],[136,-45]],[[81551,57194],[-58,-176],[57,-406],[-245,-216],[-81,-399],[66,-209],[322,-332],[141,-345]],[[85425,57275],[32,397],[-319,365],[-46,381],[87,197],[156,46],[82,397],[395,-24]],[[86795,58256],[235,20],[-20,-119],[-186,-125],[84,-103],[-105,-272],[71,-219],[219,-173],[-20,-114]],[[87073,57151],[-573,49]],[[86500,57200],[-161,-20],[-92,97],[-822,-2]],[[55675,74797],[-679,-529],[-301,-341],[-442,-53],[-337,-255],[38,-89],[-140,-144],[-285,56],[-159,-293],[-727,-272],[-269,-287]],[[52374,72590],[-1495,-385],[22,-82],[-713,416]],[[50188,72539],[168,474]],[[50356,73013],[302,542],[459,129],[460,974],[654,817],[434,25],[550,251],[188,4],[-88,275],[-206,168],[-285,-273],[10,332],[375,531]],[[53209,76788],[176,-417],[856,-524],[65,-385],[234,-270],[332,-7],[60,-123],[139,8],[85,-86],[234,123],[252,-14],[116,-169],[-83,-127]],[[81471,60126],[-101,249],[94,123]],[[81464,60498],[165,-83],[298,264],[-17,200],[-127,67],[-12,122],[254,133],[53,306],[436,104],[521,-869],[756,-230]],[[83791,60512],[-149,-764],[193,-85],[-37,-210],[-432,21]],[[83366,59474],[-307,137],[85,87],[-135,73],[-75,7],[-43,-140],[-81,13],[-431,232],[-427,-13],[-221,326],[-260,-70]],[[78470,32962],[-429,-127],[-326,-262],[-76,183]],[[77639,32756],[35,374],[123,177],[-153,95],[9,345],[-79,28]],[[77574,33775],[166,124],[117,-62],[147,112],[65,-36]],[[78069,33913],[6,-130],[273,61],[137,118],[90,-102],[136,36],[306,-354],[-157,-165]],[[73837,70575],[-151,-461],[-126,28],[-389,-412],[-75,147],[-139,-55],[-103,145],[-129,-110],[-255,105],[-149,-101]],[[72321,69861],[-307,-79],[-130,210],[-332,-128]],[[70377,69483],[-77,531],[38,286],[114,141]],[[70452,70441],[898,-53],[51,-104],[157,161],[580,185],[-110,245],[171,10],[21,303],[-61,46],[185,80],[219,319]],[[72563,71633],[138,-15],[150,-323],[453,-390],[533,-330]],[[78959,53889],[237,9],[69,-122]],[[79265,53776],[-214,1],[-412,-140],[-88,-105],[-457,-70],[-111,-103],[-602,-67],[-53,68],[-375,-133]],[[76953,53227],[-143,171],[37,69],[85,-66],[-95,190],[-144,106],[67,79],[-255,5],[-18,209],[-109,18],[66,71],[-163,184]],[[76281,54263],[220,69],[96,187],[227,34],[193,418]],[[88768,59189],[-329,-120],[236,-58],[211,-299],[-45,-142],[-233,-97]],[[88608,58473],[-123,123],[-278,-134],[-253,84],[-125,-99],[-223,232],[-657,-256],[-154,-167]],[[86795,58256],[-202,-16],[-449,790],[-225,-163],[-107,167]],[[85812,59034],[77,416]],[[85889,59450],[70,370]],[[87172,60442],[227,-30],[23,-92],[151,157],[309,-53],[152,-147],[428,98],[214,-85]],[[88676,60290],[253,-167],[283,-42]],[[89212,60081],[-513,-321],[122,-273],[73,1],[-126,-299]],[[80473,57125],[-223,-179],[-284,53],[-306,-340],[-68,-236]],[[79592,56423],[-163,102],[-71,273],[-271,298],[135,242],[-82,124],[24,149],[398,132],[-33,259]],[[79529,58002],[219,66]],[[79748,58068],[766,-770],[-41,-173]],[[85566,67805],[-1165,3337]],[[84401,71142],[83,92]],[[84484,71234],[1648,-557],[-233,9],[-228,-211],[1014,-335],[0,-286],[156,73],[621,-61]],[[87462,69866],[505,-248],[-36,-85],[308,-216],[116,104],[127,-12],[80,-223]],[[88562,69186],[-303,-86],[5,-280],[-185,-131],[9,-281],[151,-162],[-76,-761],[-1166,-308]],[[86997,67177],[0,0]],[[86997,67177],[-172,173],[-103,-30],[-492,329],[-177,0],[-113,152],[-374,4]],[[85425,57275],[-86,-281]],[[85339,56994],[-37,-473]],[[85302,56521],[-1118,-387]],[[84184,56134],[-219,-134],[-257,128]],[[83708,56128],[158,182],[13,266],[134,190],[-162,249],[-42,255],[173,82]],[[83982,57352],[347,-83],[233,112],[863,-106]],[[65996,74361],[261,929],[-94,42],[-66,-101],[-205,252],[172,168],[139,560],[134,140],[-30,183],[93,17],[-5,97],[-159,34],[-17,91],[170,616]],[[66389,77389],[478,-492],[555,-70],[128,-226],[54,164],[211,-107],[107,91],[90,-50],[107,64],[-24,-226],[214,-55],[80,-124],[38,116],[170,-52]],[[68597,76422],[-67,-647]],[[68530,75775],[-870,-577],[-220,25],[-181,-534],[-264,-454]],[[66995,74235],[-852,47],[-147,79]],[[54532,61040],[-24,-75],[-232,-74],[-7,-168],[-251,-88],[33,-311],[-201,8],[-866,-1084],[96,-173],[124,-23],[77,-336],[-241,-443],[177,-405],[144,-115]],[[53361,57753],[-2134,33],[-559,-80],[-1413,272]],[[49255,57978],[-22,394],[500,183],[-249,329],[-86,649],[-597,752],[-19,168],[-348,190],[-396,-49],[-638,240],[-541,-126]],[[46859,60708],[-105,463],[-130,63],[8,274],[1582,340],[120,-299],[157,157],[104,1]],[[48595,61707],[532,4],[-200,469],[21,250],[265,-99],[508,-623],[182,260],[-227,347],[34,72],[210,30],[-54,171],[57,266],[-120,255],[92,129],[-156,162],[94,32],[52,305]],[[51616,63116],[287,-75],[439,-777],[-241,-364],[95,-363],[156,-147],[88,-439],[736,-173],[513,24],[843,238]],[[40513,38579],[189,-87],[236,-344],[30,-236],[-129,-302]],[[40116,36511],[-199,-22],[-111,114],[-34,-64],[-91,178],[-160,3],[22,105],[-159,267],[-659,114],[-113,-53],[-172,83],[0,77],[-124,32],[-188,-83],[-116,106],[-190,-180],[-217,248],[-134,-50],[-121,134],[-260,-7],[-269,161],[-53,-106],[-189,115],[-97,-89],[-632,-31],[-241,-150],[-248,65],[-382,-268],[-351,-54],[-387,-233],[-219,12],[-286,-236],[55,-117],[-71,-83],[-135,37],[-65,-58],[125,-198],[-449,-94],[16,-112],[-125,17],[-103,-98]],[[32984,35993],[1188,3249]],[[34172,39242],[1711,407],[134,-125],[292,42],[466,194],[212,180],[268,7],[174,270],[200,97],[61,174],[513,426]],[[38203,40914],[438,-168],[123,-172],[248,-122],[4,-130],[201,-56]],[[39217,40266],[279,-271],[-7,-152],[251,-457],[391,-275],[382,-532]],[[68282,79952],[275,176],[117,209],[-182,266],[78,58],[-58,117],[68,143],[-74,3],[-12,199],[215,150]],[[68709,81273],[230,481],[104,-200],[314,-150],[382,348],[126,-202],[344,153],[377,57]],[[70586,81760],[108,-531],[112,-2],[211,-233],[-68,-254],[113,-141],[-164,-97],[251,-165],[-56,-258],[396,-209],[286,-418]],[[71775,79452],[-755,-725]],[[71020,78727],[-1352,-177],[-197,212]],[[69471,78762],[-950,1060],[-239,20],[0,110]],[[33855,48963],[-182,-252],[-458,-86],[-157,-115],[-355,-587],[-38,-173],[129,-517],[-153,-307],[-326,-213],[64,-438]],[[32379,46275],[-2465,998]],[[29914,47273],[-1286,530],[177,223],[395,271],[-3,203],[141,231],[96,11],[-25,108],[149,88],[83,208],[269,-6],[95,186],[-101,209],[-187,-42],[-679,176],[-140,329],[274,1066],[195,58],[-63,88],[118,130],[-17,100],[58,-14],[0,236],[-69,18],[56,139]],[[29450,51819],[572,430],[305,-9],[201,146],[278,-3],[-9,136],[113,110],[176,-54]],[[31086,52575],[12,-1036],[821,218],[2131,97],[-373,-731],[48,-271],[384,-771],[-254,-1118]],[[54198,77351],[-36,-238],[-258,-290],[-695,-35]],[[53209,76788],[-352,182],[-202,528],[-267,342],[-330,-145],[-573,249]],[[51485,77944],[-1017,559],[-892,10],[-186,113],[-68,378],[-139,76],[-148,427],[-192,156],[-34,353],[-219,179],[106,199],[-64,321],[-147,113],[78,332],[-440,358],[-1,346],[-293,560],[-2661,742]],[[45168,83166],[-132,351],[-193,207],[258,581],[200,220],[413,199],[677,-216],[378,-9],[336,259]],[[47105,84758],[225,491],[412,335],[198,372],[328,236],[258,597],[200,183],[-35,819],[385,591],[564,68],[313,-213],[436,-42],[217,-131]],[[50606,88064],[689,-283],[782,-130],[804,-257],[135,53],[470,505],[842,398],[602,113],[1122,-304],[592,114],[1064,374],[374,254],[259,634],[490,652],[282,941],[543,5],[696,206],[533,-153]],[[59796,85909],[-316,-305],[-238,24],[22,259],[-99,120],[-108,-204],[-77,-36],[-59,80],[-509,-343],[-345,0],[-67,342],[-59,-83],[-117,40],[-1,-176],[-186,-9],[60,-73],[-53,-283],[907,-353],[4,-181],[-308,-319],[194,-411],[211,-64],[-75,-206],[101,-272],[-99,-186],[52,-96],[-102,-122],[297,-272],[-335,-369],[-333,-157],[-80,-176],[-277,-83],[-44,-236],[-381,-244]],[[31300,55170],[-211,-108],[-123,126],[-159,-186],[-535,-233],[-399,-40],[-129,-104],[-657,212],[72,167],[-314,267],[-34,222],[-104,94],[-550,143],[-68,148],[-115,-2],[-92,109],[-486,-95],[-203,-127],[-292,177],[-224,2],[-114,163],[-226,-115],[-290,3]],[[26047,55993],[-26,323],[217,174],[22,275],[-203,109],[-93,251]],[[28498,57496],[4425,693]],[[78940,62866],[-72,-95]],[[78868,62771],[-560,10],[39,-122],[-394,-330],[-42,-173],[-292,-190]],[[77619,61966],[-1233,2335],[-777,-247]],[[75609,64054],[184,224],[436,139]],[[76229,64417],[1343,230],[124,109],[175,18],[267,242],[225,5],[288,-126],[34,-111],[141,-14]],[[78826,64770],[81,-72],[20,-242],[300,-210],[489,-548]],[[79716,63698],[-366,-106],[-139,-125],[-271,-601]],[[83421,67744],[-193,24],[-85,-263],[-350,-55],[-56,-129],[-317,-62],[-27,-108],[-202,40],[85,-636]],[[82276,66555],[-213,100],[-168,-157],[-567,-86]],[[81210,66422],[172,600]],[[81382,67022],[-450,662],[-618,594]],[[80314,68278],[11,138]],[[80325,68416],[264,37],[247,145],[416,-5],[47,110],[383,181],[126,363]],[[83446,69389],[179,-699],[-389,-271],[117,-51],[68,-624]],[[66944,70949],[848,365],[-26,150],[1177,30],[231,-83]],[[69174,71411],[-177,-448],[36,-351],[130,-123],[-93,-659],[339,-281]],[[67868,70435],[-807,342],[-117,172]],[[89268,56401],[-224,15],[-227,-137]],[[88817,56279],[-151,-104],[-24,-204],[-180,-194],[-153,165],[-90,-8],[0,107],[-129,82],[-123,-53],[-127,160],[21,383]],[[87861,56613],[148,255],[2,208],[86,5],[238,818],[211,48]],[[88546,57947],[251,-168]],[[88797,57779],[520,-1207],[-49,-171]],[[31799,52607],[61,138],[-119,332],[-389,232],[-52,1861]],[[31300,55170],[288,-39],[114,123],[129,-35],[122,78],[430,-59],[397,406],[143,2545]],[[32923,58189],[1005,870]],[[33928,59059],[2238,-806],[79,-556],[81,-58]],[[36326,57639],[-430,-202],[-177,-313],[-594,-529],[-165,-320],[50,-203],[-82,-181],[-473,-110],[-113,-268],[56,-331],[-103,-497],[38,-174],[-487,-388],[-89,-198],[58,-955],[-106,171],[-293,-46],[-315,79],[-275,-223],[-204,50],[-492,-55],[-110,-254],[-221,-85]],[[89508,82195],[79,232],[226,107],[233,-25],[252,248],[181,45],[303,413],[533,-136],[-82,-218],[100,-97],[184,-25],[28,93],[167,23]],[[91712,82855],[22,-77],[179,-55],[-111,-90],[49,-86],[112,170],[200,-55],[-82,-107],[122,-171],[-102,-137],[170,-10],[12,-97],[-80,-22],[111,-65],[-87,-170],[46,-169],[187,-132],[-9,-383],[82,62],[115,-129],[31,85],[174,11],[205,-252],[168,63],[128,-130],[6,91],[217,19],[-11,-149],[160,-26],[-16,-99],[157,-104],[-78,-95]],[[93789,80546],[-246,-50],[-637,146],[-321,-188],[-302,156],[-117,-48],[-88,53],[-248,-53],[-116,-135],[-173,47],[-297,-81]],[[91244,80393],[-528,281],[-177,210],[-207,53],[-321,575],[70,240],[-195,236],[-391,-38],[13,245]],[[63468,90667],[-169,-93],[-138,-634],[-286,-504],[11,-823],[307,-578],[-261,-491],[-39,-233],[139,-213],[-328,-513],[-303,-223]],[[62401,86362],[-107,357],[-86,-286],[-90,31],[-149,-211],[-310,-140],[-125,-193],[-331,183],[-202,-182],[-16,340],[-491,-168],[-75,119],[-447,-415],[-176,112]],[[59796,85909],[-16,293],[-114,87],[92,261],[323,338],[-67,133],[419,301],[302,409],[-76,1313],[-75,-5],[-33,188],[219,382],[-436,621],[-30,243],[581,713]],[[60885,91186],[958,45],[338,-326],[530,-245],[195,42]],[[62906,90702],[-104,-92],[340,113],[326,-56]],[[51616,63116],[-850,295],[-298,182],[-218,-57],[-77,153],[-96,-50],[-84,101],[-108,-3]],[[49885,63737],[71,79],[102,-52],[101,136],[-413,324],[36,237],[316,-13],[65,95],[-207,456],[-330,-62],[-40,714],[-312,161],[-11,387],[92,-9],[137,165],[-167,204]],[[49325,66559],[3685,-1793]],[[53010,64766],[318,-229],[230,12],[1912,-881],[-162,-92]],[[55308,63576],[-1467,-373],[-1802,64],[-423,-151]],[[28498,57496],[-840,-518],[-635,-147],[-1059,294]],[[25964,57125],[-932,1087],[345,651],[-883,482],[-167,574],[192,1634]],[[24519,61553],[236,25],[641,456],[275,-44],[1355,109],[202,-32],[137,-168],[991,350]],[[28356,62249],[24,-292],[-348,-311],[14,-385],[-219,-162],[-176,-646],[-511,-577],[-438,-92],[-71,-88],[180,-170],[-31,-146],[149,-25],[178,-229],[-118,-57],[123,-151],[-34,-651],[-78,-164],[168,-531],[553,23],[454,268],[227,-41],[96,-326]],[[56258,43264],[679,168]],[[56937,43432],[162,29],[104,-97],[152,171],[-154,246],[96,116],[-133,409],[187,165],[8,643],[142,186],[296,104],[253,-187]],[[58050,45217],[321,-324],[123,23],[42,-282],[207,6],[108,-101],[220,-596],[578,90],[409,-235],[244,22]],[[60302,43820],[-91,-82],[173,-135],[-234,-26],[73,-190],[-120,-64],[13,-247],[109,-122],[-101,-111],[-169,-2],[-11,-140],[394,-75]],[[60338,42626],[30,-133],[-139,-20],[-50,-92],[128,-226],[-64,-105],[-214,19],[-155,-94],[217,-92],[17,-99],[-218,-2],[-502,-407],[33,-224],[-156,-201],[135,-147],[-141,-92],[-39,-153]],[[59220,40558],[-2033,901],[-1161,182],[369,1271],[-231,218],[94,134]],[[41766,48756],[11,280],[116,86],[-16,297],[165,175],[149,19]],[[42191,49613],[591,752]],[[42782,50365],[459,-360],[46,108],[217,-56],[112,-253],[928,207]],[[44544,50011],[133,-25],[-31,-264],[97,-49],[61,-186],[-13,-222],[277,-252],[106,-446],[104,-82],[320,-34],[79,-342]],[[45677,48109],[103,-379],[-95,-86],[119,-231],[-393,-48],[-336,316],[-481,29],[-218,-134],[-668,45],[53,195],[-137,73],[-113,-56],[-202,592],[-164,-165],[-163,89],[-286,-90],[-50,-136],[-335,-30],[-229,267],[-108,373],[-208,23]],[[80144,64866],[15,174],[123,19],[-19,119],[492,283],[107,328],[133,55],[144,267],[-18,223],[89,88]],[[81210,66422],[118,-10]],[[81328,66412],[101,-186],[326,-212],[128,-442],[-315,-226],[-167,-429],[51,-288],[-91,-219]],[[81361,64410],[65,-374],[-114,-73],[-300,2],[62,147],[-241,29],[-550,256],[-177,-20],[38,489]],[[81172,48750],[-73,-387],[-322,57],[-375,-89],[-123,-121],[-219,-10],[-34,-120],[-218,-94],[-98,-168],[-183,11],[-57,167],[-79,3],[-84,-268],[-84,-26],[-38,-270],[-257,115],[3,156],[-77,-94],[-655,70]],[[78258,48647],[69,108],[-31,250],[464,540]],[[81275,49518],[-244,-483],[44,-211],[97,-74]],[[61499,64776],[-433,620],[-475,450],[136,10],[94,421],[168,231],[461,97],[182,541],[393,-192],[512,342]],[[62537,67296],[36,-212],[194,-116],[879,-229],[359,24],[178,-423],[262,-96]],[[64445,66244],[142,-84],[138,-308],[230,-139],[-1005,-400],[-645,-635],[-179,-11],[-102,112],[-169,-41],[-259,326],[-626,-16],[-471,-272]],[[75192,10547],[2,0]],[[75194,10547],[30,-401],[239,-595],[29,-1497]],[[75492,8054],[-1767,-707],[-1828,1559],[6,97]],[[71903,9003],[6,387],[-368,452],[-320,157],[-197,424],[-123,5],[-186,161],[-201,470]],[[87157,61874],[-56,-690]],[[85751,60996],[-251,286],[32,166],[-134,138]],[[85398,61586],[-94,250],[216,592],[207,160],[13,123]],[[85740,62711],[281,232],[215,38],[-30,-106],[211,-191],[97,20]],[[86514,62704],[0,0]],[[86514,62704],[403,-521],[310,-148],[-70,-161]],[[81808,69247],[-78,-11],[-149,171],[-82,132],[33,113],[-203,239],[177,448],[-269,238]],[[81237,70577],[219,224],[793,-249],[1251,418],[460,-319]],[[83960,70651],[-419,-717],[-95,-545]],[[83446,69389],[-176,138],[-184,-199],[-192,36],[-469,-227],[-174,92],[-443,18]],[[75202,49690],[111,-117],[182,169],[65,-50]],[[75560,49692],[120,10],[60,-107],[134,31]],[[75874,49626],[-66,-270],[273,88],[117,-181],[129,-13],[161,108],[31,-122],[152,-39],[-58,-76],[61,-47],[286,29],[276,187],[388,-142],[170,-170],[182,91],[63,-282],[-111,-189],[172,-58],[158,107]],[[78258,48647],[-120,-519],[61,-446]],[[78199,47682],[-398,228]],[[87172,60442],[-134,-58],[-28,101],[-231,-112],[-534,-757],[-286,204]],[[85959,59820],[-417,573],[61,184],[180,132],[-23,167]],[[85760,60876],[-9,120]],[[85751,60996],[159,-2],[215,420],[229,-40],[336,166],[81,-242],[330,-114]],[[87101,61184],[-70,-535],[141,-207]],[[52156,32709],[321,251],[292,-20],[162,259],[88,-111],[307,11],[704,588],[64,222],[-100,205],[-192,214],[-131,58],[-53,-63],[-83,77],[-14,233],[-152,142]],[[53369,34775],[0,0]],[[53369,34775],[170,343]],[[53539,35118],[8,100],[75,2],[-52,237],[114,45],[162,-102],[315,124],[77,282],[235,198]],[[54473,36004],[269,103],[2,-112],[78,45],[32,-128],[88,1],[194,124],[86,169],[154,1],[101,-112],[44,100]],[[55521,36195],[91,88],[384,-162],[148,42],[-12,-171],[172,-112],[45,118],[231,-4],[125,192],[120,-113],[142,212],[-154,41],[0,79],[656,-235]],[[57469,36170],[123,-292],[-161,-307],[68,-36],[-19,-185],[149,-102],[-82,-53],[-15,-191],[262,-193],[-53,-121],[82,33],[-16,-156],[150,-104],[61,-326],[-905,-267],[142,-484],[-305,-267],[8,-94],[-180,-205]],[[56778,32820],[-169,69],[-307,-438],[-391,-15],[304,-1151],[-43,-67],[-210,7],[-166,-241],[88,-249],[-222,-149],[-234,-355],[18,-297]],[[55446,29934],[-3290,2775]],[[80792,74680],[1626,1826],[48,264],[-107,82],[42,79],[-78,110],[381,132],[280,-53],[356,332],[384,140],[432,22],[188,122],[91,-63],[0,-198],[122,-35]],[[84557,77440],[-82,-288],[691,-1167],[471,-94],[458,-418],[340,-491],[2,-324]],[[86437,74658],[185,-423]],[[86622,74235],[0,0]],[[86622,74235],[223,-147],[-142,-209],[110,-314],[-249,-164],[-300,79],[-77,-264]],[[86187,73216],[-133,-301],[-1570,-1681]],[[84484,71234],[-327,96],[-485,-74],[-251,81],[-806,2813],[13,188],[-299,23],[-315,-86],[-129,256],[-221,21],[-119,103],[-269,-239],[-95,11],[-389,253]],[[74088,84143],[-258,159],[-118,740],[98,134],[-77,179]],[[73733,85355],[193,181],[119,524],[-232,337],[-223,-30],[-167,276]],[[73423,86643],[1439,949],[72,103],[-138,116],[269,228],[477,73],[2603,855]],[[78145,88967],[1,0]],[[78146,88967],[129,153],[190,63],[244,-132],[220,-270],[183,36],[69,-105],[436,62],[130,-112]],[[79747,88662],[-265,-746],[242,-473],[-85,-273],[235,-418],[-82,-201],[58,-1222],[-199,-530],[-175,-87],[-289,-547],[86,-610],[-123,-466]],[[79150,83089],[-622,46],[22,-85],[-533,252],[-904,-6],[-767,-164],[-101,334],[-63,69],[-145,-30],[7,142],[-115,165],[50,152],[-313,-186],[-519,37],[-185,217],[-675,333],[-232,31],[33,-253]],[[74431,53346],[537,32],[229,137],[365,-15],[166,-507],[151,-52],[176,112],[39,-126]],[[76094,52927],[109,-228]],[[76203,52699],[-218,-30],[-110,-110],[-442,56],[35,-250],[168,-127],[-116,-51],[183,-252],[-138,-129],[-156,36],[61,-390],[-152,-140],[-173,-402],[86,-483],[-168,-224],[52,-174],[-106,-7],[12,-106],[208,-128],[-27,-98]],[[75202,49690],[34,-135],[-436,-536]],[[74511,49268],[-370,234],[204,340],[-135,436],[-206,3],[12,325],[-68,61]],[[73948,50667],[219,54],[-135,301],[136,149],[-202,461],[-132,108],[-19,215],[-432,125],[-347,315]],[[73036,52395],[-75,155],[101,45],[178,-83],[36,82],[468,72],[252,-130],[-10,324],[-182,152],[79,77],[-48,65],[206,127],[301,-139],[131,26],[-42,178]],[[77248,41200],[-1488,553],[57,174]],[[76457,42053],[230,-188],[339,108],[203,-132]],[[77229,41841],[338,54],[970,-187],[57,-243],[165,120],[412,-245]],[[79171,41340],[-61,-156],[-220,-61]],[[78890,41123],[-589,-19],[-199,143],[-41,219],[-430,-324],[-114,160],[-159,3],[-110,-105]],[[76457,42053],[-333,108],[-131,-253],[-90,-50],[-86,69]],[[75817,41927],[-16,171]],[[75801,42098],[162,703],[152,30],[76,149],[-152,158],[127,395],[-45,124],[215,118],[-53,69],[138,362],[-147,40],[-143,462]],[[76131,44708],[279,-56],[110,153],[-89,122],[48,57]],[[76479,44984],[276,-15],[-43,-366],[138,-124],[-147,-322],[72,-132],[-216,-153],[16,-117],[176,-26],[-210,-369],[145,-39],[88,95],[168,-202],[-176,-134],[-309,-1027]],[[49793,70507],[-320,-299],[-396,-967]],[[49077,69241],[-253,-445],[-209,572],[12,176],[-347,-26],[-89,312],[-410,142],[-60,234],[137,140],[-29,394],[-172,78],[-56,524],[-150,51],[-317,366],[-178,444]],[[46956,72203],[0,0]],[[46956,72203],[887,165],[76,82],[156,-87],[321,242],[574,-118]],[[48970,72487],[-50,-257],[107,-738],[254,-575],[512,-410]],[[59291,77785],[-495,-118],[-315,15],[-213,271],[173,486],[-1099,68],[-286,-390],[289,-585],[-1759,-649]],[[55586,76883],[74,68],[-51,96],[-134,-44],[-262,351],[-306,112],[-239,19],[-80,79],[-390,-213]],[[54198,77351],[-169,82],[-42,209],[341,224],[145,415],[141,-151],[264,92],[133,169],[-106,123],[113,239],[113,-157],[135,44],[170,323],[289,84],[34,134],[393,106],[-70,186],[172,294],[-774,311],[-219,268],[260,88],[38,120],[741,254],[248,293],[-63,190],[284,-91],[6,93],[105,41],[-26,111],[132,98],[296,89],[94,-117]],[[57376,81515],[194,-46],[97,-777],[196,-86],[118,-192],[107,-16],[400,271],[742,-371],[67,67],[673,88],[212,203],[180,-202],[378,-1],[9,-253],[220,-103],[45,-234],[448,-83],[108,187],[173,4],[-31,-237],[-108,12],[35,-171],[-127,-26],[2,-114],[-89,70],[-6,-79],[-93,23],[-1,-72],[-97,-15],[68,-49],[-204,-428]],[[61092,78885],[-64,45],[-1845,-578],[-38,-177],[278,48],[98,-57],[-15,-202],[-215,-179]],[[78521,30764],[-166,96],[1,168],[73,120],[375,131],[-24,61],[-128,-27],[-80,112],[151,34],[-27,253],[107,112],[-104,86],[111,125],[-178,472],[-174,8],[69,136],[-57,311]],[[78470,32962],[323,202],[67,213]],[[78860,33377],[230,-118],[393,362],[172,-73],[163,89],[185,-79],[271,19]],[[80274,33577],[45,-63],[294,235],[134,-217],[409,-235],[-12,-170],[138,5],[75,-162],[152,42]],[[81509,33012],[61,-35],[262,220],[112,-65],[134,114]],[[82078,33246],[36,-2129],[215,-930]],[[82329,30187],[-157,17],[-43,-80],[-130,205],[-140,-198]],[[81859,30131],[-698,284],[-233,-80],[-111,75],[-391,-129],[-928,214],[-206,139],[-3,-191],[-65,107],[-165,-8],[-119,95],[-75,106],[57,146],[-141,126],[-151,-41],[-4,-200],[-105,-10]],[[40116,36511],[216,8],[507,1091]],[[40839,37610],[195,6],[242,440],[255,-18],[143,228],[771,65],[16,95],[163,52],[129,316],[232,-43],[67,88],[159,-9],[179,236]],[[43390,39066],[134,-119],[-80,-181],[-199,-87],[-5,-374],[82,-190],[256,-93],[-321,-1560],[123,-19],[-25,-305],[152,-230]],[[43507,35908],[53,-117],[-178,-123],[-43,-276],[-142,91],[-245,-257],[-23,-255],[-128,-185],[58,-58]],[[42859,34728],[-84,-55],[-311,212],[-49,141],[-44,-60],[-314,141],[-153,217],[-178,-45],[-136,84],[-208,315],[-561,163],[-709,561],[60,49],[-56,60]],[[78094,39715],[450,-100]],[[78544,39615],[2069,-294],[95,250],[302,144],[21,172],[341,147],[177,191],[31,-204],[267,17]],[[81847,40038],[-180,-986]],[[81667,39052],[-92,184],[-334,-235],[-775,-98],[64,-114],[-404,-282],[-50,-248],[-143,-171],[-841,-287],[-810,167],[-60,-43],[-131,168],[46,358],[-199,153],[-240,50],[211,405],[-114,-86],[-80,69],[142,82],[45,100],[-89,47],[197,152],[84,292]],[[57904,63277],[47,128],[-132,110],[208,308],[-127,62],[-19,383],[167,226],[219,63],[-9,262],[87,147],[-77,206],[-107,8],[-88,255],[-106,70]],[[57967,65505],[1336,-388],[-103,121],[252,262],[245,-128],[158,-388],[260,-330],[567,-145],[563,21],[254,246]],[[61499,64776],[-129,-706],[383,-674]],[[61753,63396],[-221,-298],[-846,264],[-272,-200],[-472,11]],[[82572,50517],[-187,17],[-229,164],[-527,-120],[-361,-738],[7,-322]],[[81275,49518],[-148,13],[-131,142],[-219,-122],[-283,103],[-100,-67],[-67,45],[-259,-378],[-307,135],[-105,-94],[86,-40],[-15,-88],[-386,-50],[-181,60],[54,86],[-123,155],[-5,192],[-326,-65]],[[78760,49545],[-30,210],[-165,108],[-41,151],[134,490],[185,90],[-45,91],[-498,18],[-173,161],[100,181],[-371,-53],[-265,165],[-186,-33],[-4,-160],[-65,11],[-172,-278],[-160,46]],[[77004,50743],[-162,307],[134,82],[-111,327],[272,-44],[-8,110],[81,32],[123,-145],[63,39],[-47,274],[76,55],[-134,295]],[[77291,52075],[235,-58],[77,49],[-30,81],[92,15],[65,-114],[186,67],[342,-203],[159,355],[-17,194],[405,-186],[93,-303],[97,33],[133,-205],[228,-21],[166,-260],[157,50],[82,-90],[66,99],[-46,149],[-127,62],[86,386],[110,48],[93,-163],[115,-22],[126,75]],[[80184,52113],[89,-28],[212,122],[1,-97],[307,-204],[137,-51],[111,107],[232,-118],[-49,162],[526,-13],[202,194],[95,-249],[99,-45],[178,202],[95,-21],[-22,126],[220,156],[300,-43]],[[82917,52313],[-303,-297],[-188,-501],[-28,-526],[174,-472]],[[75444,71339],[1187,569],[1814,-523],[227,-261],[407,303]],[[79079,71427],[62,-414],[-75,-51],[-116,85]],[[78950,71047],[-58,31],[-1178,-869],[-976,-196]],[[76738,70013],[-4,368],[-801,395],[-254,329],[-70,-17],[-55,207],[-110,44]],[[68761,69116],[212,132],[-25,55],[461,246]],[[69409,69549],[25,71],[169,-105],[182,100],[263,-141],[6,-101],[241,18],[82,92]],[[70377,69483],[524,57],[-4,123],[108,75],[286,1],[126,120],[135,5]],[[71552,69864],[105,-937],[-38,-430],[72,-253],[304,-154],[85,-229]],[[72080,67861],[-174,-101],[-1114,0],[-341,351],[-729,206],[-430,1],[-580,380]],[[68761,69116],[-49,-418]],[[68712,68698],[-130,-70],[-140,159],[-131,-124],[-629,-23],[-120,242],[-45,-155],[-319,-141]],[[67198,68586],[0,0]],[[67198,68586],[-143,1131],[164,238],[649,480]],[[67868,70435],[143,-189],[18,-418],[276,-383],[146,-44],[14,-134],[150,-7],[146,-144]],[[57853,75305],[1080,-395],[338,-298],[154,78],[1866,-64]],[[61291,74626],[1252,-910],[810,-1361]],[[63353,72355],[-215,-206],[-1289,58],[-881,-247]],[[60968,71960],[-2029,1342],[-1202,79],[-115,68],[-49,184],[-379,56],[-234,382],[72,527],[144,90],[-5,136],[163,147],[439,-21],[114,238],[-34,117]],[[77017,54971],[10,625],[-171,283],[33,99]],[[76889,55978],[0,0]],[[76889,55978],[199,85],[328,-391],[552,-38],[269,-143]],[[78237,55491],[-55,-179],[324,-592]],[[78506,54720],[36,-144],[108,-35],[37,-313],[-112,-171],[350,-70],[34,-98]],[[78959,53889],[-162,-70],[-206,96],[-256,-42],[-102,170],[-328,170],[-215,309],[-450,36],[-223,413]],[[86790,55174],[-7,-256],[-258,-558]],[[86525,54360],[-625,-27],[-150,-185],[-600,-281],[-248,-291],[-125,-29],[-165,-270],[-381,-188]],[[84231,53089],[-80,161],[39,612],[141,196],[116,429],[283,340]],[[84730,54827],[206,191],[102,241]],[[85038,55259],[1033,-164],[129,81],[590,-2]],[[69787,11227],[-80,144],[139,458],[-123,118],[-114,-56],[-56,113],[121,81],[-90,269],[193,212],[137,35],[-57,73],[58,92],[-135,-69],[-132,95],[-176,-153],[-43,325],[-63,57],[-116,-82],[-137,92],[-183,281],[-155,64],[-8,152],[-81,-48],[-213,100],[-49,119],[-132,-12],[-57,99],[-192,-125],[-382,80],[-56,171],[-227,-42],[-155,235],[-266,29],[-289,400],[129,237]],[[66797,14771],[69,87]],[[66866,14858],[-32,-403],[73,-136],[815,-60],[331,-145],[677,-97],[172,-123],[20,-117],[312,-197],[63,-395],[231,-234],[414,-47],[303,204],[39,-169],[94,-41]],[[70378,12898],[218,-318],[443,-185],[36,-170],[240,-79],[-31,-167],[106,-159],[190,-51],[104,-159],[222,82],[54,-87],[272,-34],[51,-177],[147,-36],[50,71],[270,-159],[129,73],[103,-70],[154,55],[-39,63],[151,88],[122,-88],[336,67],[236,168],[318,-2],[88,196],[131,18],[35,106],[378,-61],[378,227],[255,28],[51,-217],[179,-44]],[[75755,11877],[-428,-427],[-10,-230],[-162,-216],[37,-457]],[[75192,10547],[-162,21],[-255,324],[-200,-53],[-50,127],[-419,-92],[-293,153],[-192,-93],[-207,138],[-448,64],[107,-474],[-89,-271],[-234,-103],[0,-245],[-344,-14],[-43,88],[-212,13],[-19,103],[-276,-48],[-75,435],[-72,48],[94,357],[-483,216],[-111,-48],[-71,180],[-112,-98],[-67,83],[-141,-52],[-42,-189],[-109,0],[17,-95],[-170,37]],[[70514,11059],[-136,29],[3,-136],[-236,178],[-327,18],[-31,79]],[[63613,33336],[-1278,-1287],[-300,-680],[331,-161]],[[62366,31208],[-86,-61],[89,-55],[-48,-80],[-432,103],[-265,-34]],[[61624,31081],[-198,-82],[-13,-136],[-299,-184],[-92,-203],[155,-339],[-70,-34],[74,-130],[-80,-125],[84,-41],[-104,-221],[-470,-333],[-598,45]],[[60013,29298],[-92,-17],[-143,148],[-279,18],[-168,366],[-464,208],[-31,166],[106,140],[-125,271],[0,415],[-147,-59],[0,471],[114,325],[-175,330]],[[58609,32080],[61,146],[320,194],[125,336],[254,195],[78,580],[-99,291],[-317,341],[-22,212],[-141,110],[47,299],[-159,140],[53,77],[-65,69],[99,242],[-117,211],[-177,-9],[-21,90]],[[58528,35604],[2250,662],[53,1166],[3726,34]],[[64557,37466],[965,-870]],[[65522,36596],[-1630,-776],[-408,-454],[-107,-224],[124,-412],[-304,-623],[429,-230],[-117,-240],[154,-229],[-50,-72]],[[57406,63162],[498,115]],[[57904,63277],[1173,243],[865,-347]],[[59942,63173],[-76,-372]],[[59866,62801],[0,0]],[[59866,62801],[77,-275],[344,-385],[220,-45],[56,-95]],[[60563,62001],[-843,-27],[-15,-200],[-1038,-1030]],[[58667,60744],[-243,-7],[34,151],[-234,130],[-256,792],[-280,429],[-282,923]],[[29669,71268],[77,41]],[[29746,71309],[394,-1226],[248,-1199],[350,-903],[646,-1204],[183,-727]],[[31567,66050],[-559,-100],[225,-333],[-272,-202],[-82,-173],[-152,-40],[-4,-234],[-93,10],[33,-89],[-168,-283],[115,-79],[287,-14],[-89,-327],[-679,-429],[-35,-217],[-276,-106],[86,-155],[-99,-136],[-232,-145],[-225,62],[-227,-133],[23,-132],[-260,-185],[68,-103],[-279,-308]],[[28673,62199],[-103,117],[-214,-67]],[[28356,62249],[-175,92],[148,434],[-48,43],[-264,-76],[23,158],[-248,34],[-364,-113],[-85,232],[-310,27],[4,302],[264,208],[100,290],[-413,178],[-204,-10],[-111,156]],[[26673,64204],[19,141],[428,146],[239,257],[20,345],[375,623],[53,241],[-80,306],[106,282],[-143,134],[-174,-77],[-156,501],[-131,-35],[-257,127],[-175,-60],[-116,31],[-61,125],[-332,70],[-76,136],[80,36],[-4,179],[-161,-42],[18,162],[79,26],[-136,5],[48,127],[-80,198],[158,456],[205,135],[48,-107],[-5,103],[161,133],[26,-122],[96,47],[-62,-93],[61,-154],[154,17],[111,250],[-144,80],[103,106],[-47,73],[91,-48],[7,105],[466,42],[88,152],[-67,74],[81,51],[-70,200],[110,86],[221,-34],[31,-77],[131,33],[-41,112],[80,51],[-2,130],[367,262],[-45,78],[316,72],[83,-76],[466,-39],[98,213],[-46,280],[332,250],[51,239]],[[77801,47910],[-85,-27],[57,-64],[-145,58],[-245,-41],[45,-88],[-227,-283],[76,-357]],[[77277,47108],[-441,139],[-793,-165]],[[76043,47082],[-477,78]],[[75566,47160],[-124,170],[-374,117],[-79,-60],[2,87],[-295,-241],[-198,-24],[29,-73],[-215,-136]],[[74312,47000],[-151,11],[-405,898],[72,94],[-239,264],[38,118],[-181,68],[9,135],[-225,160]],[[73230,48748],[245,341],[196,126]],[[73671,49215],[309,147],[193,1],[228,-175],[110,80]],[[74511,49268],[289,-249]],[[74800,49019],[506,-232],[1325,-266],[23,-159],[275,-143],[472,220],[36,-102],[349,-194],[-65,-199],[80,-34]],[[43731,74813],[-887,-840],[-159,486],[-247,81],[-149,176],[-556,115],[-316,-82],[-34,93],[-15,5],[-51,-1],[74,-384],[-393,-192],[215,-187],[49,-156],[-87,-145],[-138,-35],[8,-101],[-178,-66],[-18,-158],[-191,5],[-177,-157],[63,-428],[-119,-163],[81,-206],[-64,-168],[77,-6],[-22,-223],[256,-378],[-1076,342],[821,-2548],[-267,-142],[-61,-164],[28,-425],[104,-131]],[[40302,68630],[-175,-12],[-135,144],[-207,32],[-297,190],[-97,-71],[-26,-192],[75,-261],[-234,51],[-271,273],[-242,-2],[-179,273],[-213,150],[-165,-49],[-20,324],[-1823,302],[-426,159]],[[35867,69941],[466,1161],[211,307],[318,188],[-188,396],[34,199],[-127,310],[210,441],[371,319],[23,223],[127,142],[-8,200],[114,76],[0,173],[244,225],[38,297],[475,208],[139,379],[541,294],[3,319],[175,173],[310,97],[51,211],[197,137],[487,108],[173,286],[241,-91],[194,51],[321,-66],[227,96],[712,971],[114,366],[-59,112],[248,560],[160,115],[-11,137],[456,198]],[[42854,79259],[406,317],[31,501],[95,183],[1143,898],[108,387],[-19,447],[231,316],[199,52],[146,154],[-26,652]],[[45168,83166],[119,-85],[116,-448],[106,-73],[77,-237],[-145,-281],[-202,-167],[208,-221],[182,-54],[-57,-233],[265,-89],[-75,-155],[238,-113],[-57,-354],[228,-134],[-190,-298],[50,-59],[-201,-32],[-152,-291],[36,-242],[160,-140],[-39,-121],[151,-239],[-53,-233],[110,-191],[-74,-261],[101,-78],[-65,-163],[-157,-84],[-2,-438],[-234,-462],[-99,-50],[-195,109],[-342,-81],[-1082,-1324],[-163,-1031]]]}