{"type":"Topology","objects":{"data":{"geometries":[{"properties":{"cd_mun_ibge":"5200050"},"type":"MultiPolygon","arcs":[[[-10,-127,-653,-112]]],"id":0},{"properties":{"cd_mun_ibge":"5200100"},"type":"MultiPolygon","arcs":[[[-4,-429,-65,-2,-624,-104]]],"id":1},{"properties":{"cd_mun_ibge":"5200134"},"type":"MultiPolygon","arcs":[[[-673,-520,-546,-397,-208,-146,-89]]],"id":2},{"properties":{"cd_mun_ibge":"5200159"},"type":"MultiPolygon","arcs":[[[-501,-310,-6,-585]]],"id":3},{"properties":{"cd_mun_ibge":"5200175"},"type":"MultiPolygon","arcs":[[[-96,-442,-260,-326,-575]]],"id":4},{"properties":{"cd_mun_ibge":"5200209"},"type":"MultiPolygon","arcs":[[[-25,-300,-483,-251,-67]]],"id":5},{"properties":{"cd_mun_ibge":"5200258"},"type":"MultiPolygon","arcs":[[[-559,-57,-378,0]]],"id":6},{"properties":{"cd_mun_ibge":"5200308"},"type":"MultiPolygon","arcs":[[[-64,-556,-236,-625,1]]],"id":7},{"properties":{"cd_mun_ibge":"5200506"},"type":"MultiPolygon","arcs":[[[-298,-222,-444]]],"id":8},{"properties":{"cd_mun_ibge":"5200555"},"type":"MultiPolygon","arcs":[[[-43,-247,-346,-414]]],"id":9},{"properties":{"cd_mun_ibge":"5200605"},"type":"MultiPolygon","arcs":[[[-577,-325,-60,-50,-645,-350]]],"id":10},{"properties":{"cd_mun_ibge":"5200803"},"type":"MultiPolygon","arcs":[[[-27,-634,2,-632,-94,-137,-465,-630]]],"id":11},{"properties":{"cd_mun_ibge":"5200829"},"type":"MultiPolygon","arcs":[[[-680,-315,-22,-451,-317,-249]]],"id":12},{"properties":{"cd_mun_ibge":"5200852"},"type":"MultiPolygon","arcs":[[[-166,-7,-308]]],"id":13},{"properties":{"cd_mun_ibge":"5200902"},"type":"MultiPolygon","arcs":[[[-163,-206]]],"id":14},{"properties":{"cd_mun_ibge":"5201108"},"type":"MultiPolygon","arcs":[[[-647,-321,-370,-41,-368,-407,-430,3,-103,-622,-233,-107]]],"id":15},{"properties":{"cd_mun_ibge":"5201207"},"type":"MultiPolygon","arcs":[[[-74,4]]],"id":16},{"properties":{"cd_mun_ibge":"5201306"},"type":"MultiPolygon","arcs":[[[5,-309,6,-171,-15,-319,-671]]],"id":17},{"properties":{"cd_mun_ibge":"5201405"},"type":"MultiPolygon","arcs":[[[-11,-111,-608,-18,-136]]],"id":18},{"properties":{"cd_mun_ibge":"5201454"},"type":"MultiPolygon","arcs":[[[-29,-32,-214,-490]]],"id":19},{"properties":{"cd_mun_ibge":"5201504"},"type":"MultiPolygon","arcs":[[[-54,-617,-191,-176,7]]],"id":20},{"properties":{"cd_mun_ibge":"5201603"},"type":"MultiPolygon","arcs":[[[-194,-148,-49,-14,-169]]],"id":21},{"properties":{"cd_mun_ibge":"5201702"},"type":"MultiPolygon","arcs":[[[-290,-20,-17,8]]],"id":22},{"properties":{"cd_mun_ibge":"5201801"},"type":"MultiPolygon","arcs":[[[-706,-124,9,10,-135]]],"id":23},{"properties":{"cd_mun_ibge":"5202155"},"type":"MultiPolygon","arcs":[[[-255,-13,-313,-73,-499,-304,-91]]],"id":24},{"properties":{"cd_mun_ibge":"5202353"},"type":"MultiPolygon","arcs":[[[-21,-288,-84,-161,-204,-379,-35,-425]]],"id":25},{"properties":{"cd_mun_ibge":"5202502"},"type":"MultiPolygon","arcs":[[[11,-336,-311,12,-254,-24]]],"id":26},{"properties":{"cd_mun_ibge":"5202601"},"type":"MultiPolygon","arcs":[[[-401,-30,-278,-61,-582,-93,-578]]],"id":27},{"properties":{"cd_mun_ibge":"5202809"},"type":"MultiPolygon","arcs":[[[-170,13,-48,-657,-508,-320,14]]],"id":28},{"properties":{"cd_mun_ibge":"5203104"},"type":"MultiPolygon","arcs":[[[15,16,-19,-36,-86]]],"id":29},{"properties":{"cd_mun_ibge":"5203203"},"type":"MultiPolygon","arcs":[[[-328,-726,-110,-530]]],"id":30},{"properties":{"cd_mun_ibge":"5203302"},"type":"MultiPolygon","arcs":[[[-133,17,-612,-38,-619,-599,-72,-420]]],"id":31},{"properties":{"cd_mun_ibge":"5203401"},"type":"MultiPolygon","arcs":[[[-37,18,19,-289,20,-424]]],"id":32},{"properties":{"cd_mun_ibge":"5203500"},"type":"MultiPolygon","arcs":[[[-140,-123,-475,-44,-120,-392,-198]]],"id":33},{"properties":{"cd_mun_ibge":"5203559"},"type":"MultiPolygon","arcs":[[[-610,-106,-231]]],"id":34},{"properties":{"cd_mun_ibge":"5203575"},"type":"MultiPolygon","arcs":[[[-314,-594,-362,-452,21]]],"id":35},{"properties":{"cd_mun_ibge":"5203609"},"type":"MultiPolygon","arcs":[[[-150,-81,-353,-550,-115]]],"id":36},{"properties":{"cd_mun_ibge":"5203807"},"type":"MultiPolygon","arcs":[[[-182,-515,-225,22,23,-253]]],"id":37},{"properties":{"cd_mun_ibge":"5203906"},"type":"MultiPolygon","arcs":[[[-119,-301,24,-66,25,-200]]],"id":38},{"properties":{"cd_mun_ibge":"5203939"},"type":"MultiPolygon","arcs":[[[-117,-305,-503,-62,-357]]],"id":39},{"properties":{"cd_mun_ibge":"5203962"},"type":"MultiPolygon","arcs":[[[-241,-79,-635,26,-629,-464]]],"id":40},{"properties":{"cd_mun_ibge":"5204003"},"type":"MultiPolygon","arcs":[[[-99,27]]],"id":41},{"properties":{"cd_mun_ibge":"5204102"},"type":"MultiPolygon","arcs":[[[28,-489,-473,-395,-33]]],"id":42},{"properties":{"cd_mun_ibge":"5204201"},"type":"MultiPolygon","arcs":[[[-202,-279,29,-400]]],"id":43},{"properties":{"cd_mun_ibge":"5204250"},"type":"MultiPolygon","arcs":[[[-141,-196,30]]],"id":44},{"properties":{"cd_mun_ibge":"5204300"},"type":"MultiPolygon","arcs":[[[-215,31,32,-394,-606,33,-192]]],"id":45},{"properties":{"cd_mun_ibge":"5204409"},"type":"MultiPolygon","arcs":[[[34,-381,-203,-293,-492,-213,-405,-268,-87,35,36,-426]]],"id":46},{"properties":{"cd_mun_ibge":"5204508"},"type":"MultiPolygon","arcs":[[[-485,-299,-422,-514,-437,-159,-68,-252]]],"id":47},{"properties":{"cd_mun_ibge":"5204557"},"type":"MultiPolygon","arcs":[[[-611,-230,-620,37]]],"id":48},{"properties":{"cd_mun_ibge":"5204607"},"type":"MultiPolygon","arcs":[[[-505,-655,-126,-382]]],"id":49},{"properties":{"cd_mun_ibge":"5204656"},"type":"MultiPolygon","arcs":[[[-58,-329,-688,-39,-262]]],"id":50},{"properties":{"cd_mun_ibge":"5204706"},"type":"MultiPolygon","arcs":[[[-246,-101,-263,38,-687,-345]]],"id":51},{"properties":{"cd_mun_ibge":"5204805"},"type":"MultiPolygon","arcs":[[[39,-45,-155]]],"id":52},{"properties":{"cd_mun_ibge":"5204854"},"type":"MultiPolygon","arcs":[[[-369,40]]],"id":53},{"properties":{"cd_mun_ibge":"5204904"},"type":"MultiPolygon","arcs":[[[-561,-105,-283,41]]],"id":54},{"properties":{"cd_mun_ibge":"5204953"},"type":"MultiPolygon","arcs":[[[42,-413,-541,-248]]],"id":55},{"properties":{"cd_mun_ibge":"5205000"},"type":"MultiPolygon","arcs":[[[-185,-603,-52,-478,-694]]],"id":56},{"properties":{"cd_mun_ibge":"5205059"},"type":"MultiPolygon","arcs":[[[-259,-457,-121,43,-474,-487]]],"id":57},{"properties":{"cd_mun_ibge":"5205109"},"type":"MultiPolygon","arcs":[[[-108,-156,44,45,-83,-374,-651,46,-77]]],"id":58},{"properties":{"cd_mun_ibge":"5205208"},"type":"MultiPolygon","arcs":[[[-114,-658,47,48,-152]]],"id":59},{"properties":{"cd_mun_ibge":"5205307"},"type":"MultiPolygon","arcs":[[[-281,-646,49,-59,-265,50]]],"id":60},{"properties":{"cd_mun_ibge":"5205406"},"type":"MultiPolygon","arcs":[[[-602,-497,-160,-341,-479,51]]],"id":61},{"properties":{"cd_mun_ibge":"5205455"},"type":"MultiPolygon","arcs":[[[-384,-125,-709,-238,-447,-88,-147]]],"id":62},{"properties":{"cd_mun_ibge":"5205471"},"type":"MultiPolygon","arcs":[[[-266,52,-270,-613,53,54]]],"id":63},{"properties":{"cd_mun_ibge":"5205497"},"type":"MultiPolygon","arcs":[[[-704,55,-70,-237]]],"id":64},{"properties":{"cd_mun_ibge":"5205513"},"type":"MultiPolygon","arcs":[[[-427,-723,-375,56,-558,-63]]],"id":65},{"properties":{"cd_mun_ibge":"5205521"},"type":"MultiPolygon","arcs":[[[57,-261,58,59,-324]]],"id":66},{"properties":{"cd_mun_ibge":"5205703"},"type":"MultiPolygon","arcs":[[[-583,60,-277,-92,-358,61,-502]]],"id":67},{"properties":{"cd_mun_ibge":"5205802"},"type":"MultiPolygon","arcs":[[[-428,62,-557,63,64]]],"id":68},{"properties":{"cd_mun_ibge":"5205901"},"type":"MultiPolygon","arcs":[[[65,66,-250,67,-158,-335,-76,68]]],"id":69},{"properties":{"cd_mun_ibge":"5206206"},"type":"MultiPolygon","arcs":[[[-234,69,70,-153]]],"id":70},{"properties":{"cd_mun_ibge":"5206305"},"type":"MultiPolygon","arcs":[[[-598,-434,-510,-421,71]]],"id":71},{"properties":{"cd_mun_ibge":"5206404"},"type":"MultiPolygon","arcs":[[[-180,-331,72,-312,-339,-677,-544,-131]]],"id":72},{"properties":{"cd_mun_ibge":"5206503"},"type":"MultiPolygon","arcs":[[[-134,-468,-240]]],"id":73},{"properties":{"cd_mun_ibge":"5206602"},"type":"MultiPolygon","arcs":[[[73,74,75,-334,-109,76,77]]],"id":74},{"properties":{"cd_mun_ibge":"5206701"},"type":"MultiPolygon","arcs":[[[78,-243,79,-636]]],"id":75},{"properties":{"cd_mun_ibge":"5206800"},"type":"MultiPolygon","arcs":[[[-409,-367,-351,80,-149]]],"id":76},{"properties":{"cd_mun_ibge":"5206909"},"type":"MultiPolygon","arcs":[[[81,-372,82]]],"id":77},{"properties":{"cd_mun_ibge":"5207105"},"type":"MultiPolygon","arcs":[[[-162,83,-287,-218]]],"id":78},{"properties":{"cd_mun_ibge":"5207253"},"type":"MultiPolygon","arcs":[[[-273,84,85,86]]],"id":79},{"properties":{"cd_mun_ibge":"5207352"},"type":"MultiPolygon","arcs":[[[-717,-90,-144,87,-446]]],"id":80},{"properties":{"cd_mun_ibge":"5207402"},"type":"MultiPolygon","arcs":[[[-716,-459,-674,88,-145,89]]],"id":81},{"properties":{"cd_mun_ibge":"5207501"},"type":"MultiPolygon","arcs":[[[-537,-102,-244,-318]]],"id":82},{"properties":{"cd_mun_ibge":"5207535"},"type":"MultiPolygon","arcs":[[[-256,90,-303,-184,-129,-118]]],"id":83},{"properties":{"cd_mun_ibge":"5207600"},"type":"MultiPolygon","arcs":[[[-219,-285,-227,-359,91,-276,-165]]],"id":84},{"properties":{"cd_mun_ibge":"5207808"},"type":"MultiPolygon","arcs":[[[92,-586,-669,-389,-579]]],"id":85},{"properties":{"cd_mun_ibge":"5207907"},"type":"MultiPolygon","arcs":[[[-97,-573,-349,-138,93,-631,94,-720]]],"id":86},{"properties":{"cd_mun_ibge":"5208004"},"type":"MultiPolygon","arcs":[[[-443,95,-574,96,-722,97,98,99]]],"id":87},{"properties":{"cd_mun_ibge":"5208103"},"type":"MultiPolygon","arcs":[[[-665,100,-245,101,-536]]],"id":88},{"properties":{"cd_mun_ibge":"5208152"},"type":"MultiPolygon","arcs":[[[102,103,-623]]],"id":89},{"properties":{"cd_mun_ibge":"5208301"},"type":"MultiPolygon","arcs":[[[-284,104,-567]]],"id":90},{"properties":{"cd_mun_ibge":"5208400"},"type":"MultiPolygon","arcs":[[[-232,105,-113,-322,-648,106]]],"id":91},{"properties":{"cd_mun_ibge":"5208509"},"type":"MultiPolygon","arcs":[[[-333,-157,107,108]]],"id":92},{"properties":{"cd_mun_ibge":"5208608"},"type":"MultiPolygon","arcs":[[[109,-725,-433,-212,-523,-590,-531]]],"id":93},{"properties":{"cd_mun_ibge":"5208707"},"type":"MultiPolygon","arcs":[[[110,111,-660,-116,-553,-323,112,-609]]],"id":94},{"properties":{"cd_mun_ibge":"5208806"},"type":"MultiPolygon","arcs":[[[113,-151,114,-549,115,-659]]],"id":95},{"properties":{"cd_mun_ibge":"5208905"},"type":"MultiPolygon","arcs":[[[-187,-132,-167,-306,116,-356,-183,-257,117,-128]]],"id":96},{"properties":{"cd_mun_ibge":"5209101"},"type":"MultiPolygon","arcs":[[[118,-199,-393,119,120,-456,-714,-223,-296]]],"id":97},{"properties":{"cd_mun_ibge":"5209150"},"type":"MultiPolygon","arcs":[[[121,-476,122,-143]]],"id":98},{"properties":{"cd_mun_ibge":"5209200"},"type":"MultiPolygon","arcs":[[[123,-705,124,-383,125,-654,126]]],"id":99},{"properties":{"cd_mun_ibge":"5209291"},"type":"MultiPolygon","arcs":[[[127,128,-188]]],"id":100},{"properties":{"cd_mun_ibge":"5209408"},"type":"MultiPolygon","arcs":[[[-563,129,-461,-139]]],"id":101},{"properties":{"cd_mun_ibge":"5209457"},"type":"MultiPolygon","arcs":[[[-543,-412,-181,130]]],"id":102},{"properties":{"cd_mun_ibge":"5209606"},"type":"MultiPolygon","arcs":[[[-186,-692,-168,131]]],"id":103},{"properties":{"cd_mun_ibge":"5209705"},"type":"MultiPolygon","arcs":[[[132,-419,-469,133,-239,-707,134,135]]],"id":104},{"properties":{"cd_mun_ibge":"5209804"},"type":"MultiPolygon","arcs":[[[-684,-528,-588,-178,-416]]],"id":105},{"properties":{"cd_mun_ibge":"5209903"},"type":"MultiPolygon","arcs":[[[-466,136,137,-348,-564,138]]],"id":106},{"properties":{"cd_mun_ibge":"5209937"},"type":"MultiPolygon","arcs":[[[139,-197,140,141,142]]],"id":107},{"properties":{"cd_mun_ibge":"5209952"},"type":"MultiPolygon","arcs":[[[143,144,145,-209,-385,146]]],"id":108},{"properties":{"cd_mun_ibge":"5210000"},"type":"MultiPolygon","arcs":[[[147,-193,148,149,150,151]]],"id":109},{"properties":{"cd_mun_ibge":"5210109"},"type":"MultiPolygon","arcs":[[[-365,-235,152,153,154,155,156,-332,157,158,-436,-700]]],"id":110},{"properties":{"cd_mun_ibge":"5210158"},"type":"MultiPolygon","arcs":[[[-179,-342,159,-496]]],"id":111},{"properties":{"cd_mun_ibge":"5210208"},"type":"MultiPolygon","arcs":[[[-205,160,161,-217,-164,-274,-207,162]]],"id":112},{"properties":{"cd_mun_ibge":"5210307"},"type":"MultiPolygon","arcs":[[[163,-220,164,-275]]],"id":113},{"properties":{"cd_mun_ibge":"5210406"},"type":"MultiPolygon","arcs":[[[165,-307,166,167,-691,-174,-172,-638,-195,168,169,170]]],"id":114},{"properties":{"cd_mun_ibge":"5210562"},"type":"MultiPolygon","arcs":[[[-639,171,-173,-210]]],"id":115},{"properties":{"cd_mun_ibge":"5210604"},"type":"MultiPolygon","arcs":[[[172,173,-690,-211]]],"id":116},{"properties":{"cd_mun_ibge":"5210802"},"type":"MultiPolygon","arcs":[[[174,175,-190,176,-228]]],"id":117},{"properties":{"cd_mun_ibge":"5210901"},"type":"MultiPolygon","arcs":[[[177,-587,-343,178,-495,-330,179,180,-417]]],"id":118},{"properties":{"cd_mun_ibge":"5211008"},"type":"MultiPolygon","arcs":[[[-355,-226,-516,181,-258,182]]],"id":119},{"properties":{"cd_mun_ibge":"5211206"},"type":"MultiPolygon","arcs":[[[183,-302,-604,184,-693,185,186,187]]],"id":120},{"properties":{"cd_mun_ibge":"5211305"},"type":"MultiPolygon","arcs":[[[188,189,190,-616,-216,191]]],"id":121},{"properties":{"cd_mun_ibge":"5211404"},"type":"MultiPolygon","arcs":[[[-642,-534,-410,192,193,194]]],"id":122},{"properties":{"cd_mun_ibge":"5211503"},"type":"MultiPolygon","arcs":[[[195,196,197,-391,198,199,200]]],"id":123},{"properties":{"cd_mun_ibge":"5211602"},"type":"MultiPolygon","arcs":[[[201,-399,202,-380,203,204,205,206,-280]]],"id":124},{"properties":{"cd_mun_ibge":"5211701"},"type":"MultiPolygon","arcs":[[[207,-403,-388,-386,208]]],"id":125},{"properties":{"cd_mun_ibge":"5211800"},"type":"MultiPolygon","arcs":[[[-569,-221,-535,-640,209,210,-697,-480,-524,211,-432]]],"id":126},{"properties":{"cd_mun_ibge":"5211909"},"type":"MultiPolygon","arcs":[[[-269,-406,212,-491,213,214,215,-615]]],"id":127},{"properties":{"cd_mun_ibge":"5212006"},"type":"MultiPolygon","arcs":[[[216,217,-286,218,219]]],"id":128},{"properties":{"cd_mun_ibge":"5212055"},"type":"MultiPolygon","arcs":[[[-568,-411,-532,220]]],"id":129},{"properties":{"cd_mun_ibge":"5212105"},"type":"MultiPolygon","arcs":[[[221,-297,222,-719,-445]]],"id":130},{"properties":{"cd_mun_ibge":"5212204"},"type":"MultiPolygon","arcs":[[[-292,223,224,-517,225,-354,226]]],"id":131},{"properties":{"cd_mun_ibge":"5212253"},"type":"MultiPolygon","arcs":[[[227,228]]],"id":132},{"properties":{"cd_mun_ibge":"5212303"},"type":"MultiPolygon","arcs":[[[229,230,231,232,-621]]],"id":133},{"properties":{"cd_mun_ibge":"5212501"},"type":"MultiPolygon","arcs":[[[233,234,-364,-626,235,-555,-361,-701,236]]],"id":134},{"properties":{"cd_mun_ibge":"5212600"},"type":"MultiPolygon","arcs":[[[237,-708,238,239,-467,-418,-448]]],"id":135},{"properties":{"cd_mun_ibge":"5212709"},"type":"MultiPolygon","arcs":[[[240,-463,241,242]]],"id":136},{"properties":{"cd_mun_ibge":"5212808"},"type":"MultiPolygon","arcs":[[[-316,243,244,245,-344,246,247,-540,-681,248]]],"id":137},{"properties":{"cd_mun_ibge":"5212907"},"type":"MultiPolygon","arcs":[[[249,250,-482,251]]],"id":138},{"properties":{"cd_mun_ibge":"5212956"},"type":"MultiPolygon","arcs":[[[252,253,254,255,256,257]]],"id":139},{"properties":{"cd_mun_ibge":"5213004"},"type":"MultiPolygon","arcs":[[[-458,258,-486,-518,-676]]],"id":140},{"properties":{"cd_mun_ibge":"5213053"},"type":"MultiPolygon","arcs":[[[-441,-376,-728,-327,259]]],"id":141},{"properties":{"cd_mun_ibge":"5213087"},"type":"MultiPolygon","arcs":[[[260,261,262,-664,-294,263,264]]],"id":142},{"properties":{"cd_mun_ibge":"5213103"},"type":"MultiPolygon","arcs":[[[265,266]],[[267,-404,268,-614,269,270,-526,271,272],[459]]],"id":143},{"properties":{"cd_mun_ibge":"5213400"},"type":"MultiPolygon","arcs":[[[273,274,275,276,277,278,279]]],"id":144},{"properties":{"cd_mun_ibge":"5213509"},"type":"MultiPolygon","arcs":[[[-643,280,281,282,283,-566,-347]]],"id":145},{"properties":{"cd_mun_ibge":"5213707"},"type":"MultiPolygon","arcs":[[[284,285,286,287,288,289,290,291]]],"id":146},{"properties":{"cd_mun_ibge":"5213756"},"type":"MultiPolygon","arcs":[[[-398,-493,292]]],"id":147},{"properties":{"cd_mun_ibge":"5213772"},"type":"MultiPolygon","arcs":[[[293,-663,-455,294]]],"id":148},{"properties":{"cd_mun_ibge":"5213806"},"type":"MultiPolygon","arcs":[[[295,296,297,-449,-423,298,-484,299,300]]],"id":149},{"properties":{"cd_mun_ibge":"5213855"},"type":"MultiPolygon","arcs":[[[-600,301,302,303,-498]]],"id":150},{"properties":{"cd_mun_ibge":"5213905"},"type":"MultiPolygon","arcs":[[[304,305,306,307,308,309,-504]]],"id":151},{"properties":{"cd_mun_ibge":"5214002"},"type":"MultiPolygon","arcs":[[[310,-340,311,312]]],"id":152},{"properties":{"cd_mun_ibge":"5214051"},"type":"MultiPolygon","arcs":[[[-338,-595,313,314,-679]]],"id":153},{"properties":{"cd_mun_ibge":"5214101"},"type":"MultiPolygon","arcs":[[[315,316,-450,-538,317]]],"id":154},{"properties":{"cd_mun_ibge":"5214408"},"type":"MultiPolygon","arcs":[[[318,319,-507,-387,-666]]],"id":155},{"properties":{"cd_mun_ibge":"5214507"},"type":"MultiPolygon","arcs":[[[-352,-371,320,-649,321,322,-552]]],"id":156},{"properties":{"cd_mun_ibge":"5214606"},"type":"MultiPolygon","arcs":[[[323,324,-576,325,326,-727,327,-529,-689,328]]],"id":157},{"properties":{"cd_mun_ibge":"5214705"},"type":"MultiPolygon","arcs":[[[329,-500,330]]],"id":158},{"properties":{"cd_mun_ibge":"5214804"},"type":"MultiPolygon","arcs":[[[331,332,333,334]]],"id":159},{"properties":{"cd_mun_ibge":"5214838"},"type":"MultiPolygon","arcs":[[[335,336,-596,337,-678,338,339]]],"id":160},{"properties":{"cd_mun_ibge":"5214861"},"type":"MultiPolygon","arcs":[[[-477,340,341,342,-592,-522]]],"id":161},{"properties":{"cd_mun_ibge":"5214879"},"type":"MultiPolygon","arcs":[[[343,344,-686,-415,345]]],"id":162},{"properties":{"cd_mun_ibge":"5214903"},"type":"MultiPolygon","arcs":[[[-644,346,-565,347,348,-572,349]]],"id":163},{"properties":{"cd_mun_ibge":"5215009"},"type":"MultiPolygon","arcs":[[[350,-366,351,-551,352]]],"id":164},{"properties":{"cd_mun_ibge":"5215207"},"type":"MultiPolygon","arcs":[[[353,354,355,356,357,358]]],"id":165},{"properties":{"cd_mun_ibge":"5215231"},"type":"MultiPolygon","arcs":[[[-554,359,-702,360]]],"id":166},{"properties":{"cd_mun_ibge":"5215256"},"type":"MultiPolygon","arcs":[[[-453,361,-593,362]]],"id":167},{"properties":{"cd_mun_ibge":"5215306"},"type":"MultiPolygon","arcs":[[[-713,-627,363,364,-699,-435]]],"id":168},{"properties":{"cd_mun_ibge":"5215405"},"type":"MultiPolygon","arcs":[[[365,366,-408,367,368,369,370]]],"id":169},{"properties":{"cd_mun_ibge":"5215504"},"type":"MultiPolygon","arcs":[[[371,372,-652,373]]],"id":170},{"properties":{"cd_mun_ibge":"5215603"},"type":"MultiPolygon","arcs":[[[374,-729,375,-440,376,377]]],"id":171},{"properties":{"cd_mun_ibge":"5215652"},"type":"MultiPolygon","arcs":[[[378,379,380]]],"id":172},{"properties":{"cd_mun_ibge":"5215702"},"type":"MultiPolygon","arcs":[[[-506,381,382,383,384,385,-390,-667,386]]],"id":173},{"properties":{"cd_mun_ibge":"5215801"},"type":"MultiPolygon","arcs":[[[-438,-512]]],"id":174},{"properties":{"cd_mun_ibge":"5215900"},"type":"MultiPolygon","arcs":[[[387,-402,-580,388,-668,389]]],"id":175},{"properties":{"cd_mun_ibge":"5216007"},"type":"MultiPolygon","arcs":[[[390,391,392]]],"id":176},{"properties":{"cd_mun_ibge":"5216304"},"type":"MultiPolygon","arcs":[[[393,394,-472,395,-607]]],"id":177},{"properties":{"cd_mun_ibge":"5216403"},"type":"MultiPolygon","arcs":[[[396,-545,-494,397,398,399,400,-581,401,402]]],"id":178},{"properties":{"cd_mun_ibge":"5216452"},"type":"MultiPolygon","arcs":[[[403,404,405]]],"id":179},{"properties":{"cd_mun_ibge":"5216809"},"type":"MultiPolygon","arcs":[[[-571,-431,406,407,408,409,-533,410]]],"id":180},{"properties":{"cd_mun_ibge":"5216908"},"type":"MultiPolygon","arcs":[[[411,-542,412,413,414,-685,415,416]]],"id":181},{"properties":{"cd_mun_ibge":"5217104"},"type":"MultiPolygon","arcs":[[[417,-470,418,419,420,-509,421,422]]],"id":182},{"properties":{"cd_mun_ibge":"5217203"},"type":"MultiPolygon","arcs":[[[423,424,425]]],"id":183},{"properties":{"cd_mun_ibge":"5217302"},"type":"MultiPolygon","arcs":[[[426,427,428,429,430,-570,431,432,-724]]],"id":184},{"properties":{"cd_mun_ibge":"5217401"},"type":"MultiPolygon","arcs":[[[-511,433,-710,434,-698,435,436,-513,437]]],"id":185},{"properties":{"cd_mun_ibge":"5217609"},"type":"MultiPolygon","arcs":[[[438,439,440,441,442]]],"id":186},{"properties":{"cd_mun_ibge":"5217708"},"type":"MultiPolygon","arcs":[[[443,444,-718,445,446,447,448]]],"id":187},{"properties":{"cd_mun_ibge":"5218003"},"type":"MultiPolygon","arcs":[[[-539,449,450,451,452,453,454,-662]]],"id":188},{"properties":{"cd_mun_ibge":"5218052"},"type":"MultiPolygon","arcs":[[[-715,455,456,457,-675,458]]],"id":189},{"properties":{"cd_mun_ibge":"5218102"},"type":"MultiPolygon","arcs":[[[459]]],"id":190},{"properties":{"cd_mun_ibge":"5218300"},"type":"MultiPolygon","arcs":[[[460,461,462,463,-628,464,465]]],"id":191},{"properties":{"cd_mun_ibge":"5218391"},"type":"MultiPolygon","arcs":[[[466,467,468,469]]],"id":192},{"properties":{"cd_mun_ibge":"5218508"},"type":"MultiPolygon","arcs":[[[470,471,472,-488,473,474,475]]],"id":193},{"properties":{"cd_mun_ibge":"5218607"},"type":"MultiPolygon","arcs":[[[476,-521,-481,-695,477,478]]],"id":194},{"properties":{"cd_mun_ibge":"5218706"},"type":"MultiPolygon","arcs":[[[-525,479,-696,480]]],"id":195},{"properties":{"cd_mun_ibge":"5218789"},"type":"MultiPolygon","arcs":[[[481,482,483,484]]],"id":196},{"properties":{"cd_mun_ibge":"5218805"},"type":"MultiPolygon","arcs":[[[485,486,487,488,489,490,491,492,493,-548,-519]]],"id":197},{"properties":{"cd_mun_ibge":"5218904"},"type":"MultiPolygon","arcs":[[[494,495,496,-601,497,498,499]]],"id":198},{"properties":{"cd_mun_ibge":"5219001"},"type":"MultiPolygon","arcs":[[[500,-584,501,502,503]]],"id":199},{"properties":{"cd_mun_ibge":"5219100"},"type":"MultiPolygon","arcs":[[[-656,504,505,506,507]]],"id":200},{"properties":{"cd_mun_ibge":"5219209"},"type":"MultiPolygon","arcs":[[[508,509,510,511,512,513]]],"id":201},{"properties":{"cd_mun_ibge":"5219258"},"type":"MultiPolygon","arcs":[[[514,515,516]]],"id":202},{"properties":{"cd_mun_ibge":"5219308"},"type":"MultiPolygon","arcs":[[[517,518,-547,519,-672]]],"id":203},{"properties":{"cd_mun_ibge":"5219357"},"type":"MultiPolygon","arcs":[[[520,521,-591,522,523,524]]],"id":204},{"properties":{"cd_mun_ibge":"5219407"},"type":"MultiPolygon","arcs":[[[525,526]]],"id":205},{"properties":{"cd_mun_ibge":"5219456"},"type":"MultiPolygon","arcs":[[[527,-683,528,529,530,-589]]],"id":206},{"properties":{"cd_mun_ibge":"5219506"},"type":"MultiPolygon","arcs":[[[531,532,533,-641,534]]],"id":207},{"properties":{"cd_mun_ibge":"5219605"},"type":"MultiPolygon","arcs":[[[-661,535,536,537,538]]],"id":208},{"properties":{"cd_mun_ibge":"5219704"},"type":"MultiPolygon","arcs":[[[-682,539,540,541,542,543]]],"id":209},{"properties":{"cd_mun_ibge":"5219712"},"type":"MultiPolygon","arcs":[[[544,545,546,547]]],"id":210},{"properties":{"cd_mun_ibge":"5219738"},"type":"MultiPolygon","arcs":[[[548,549,550,551,552]]],"id":211},{"properties":{"cd_mun_ibge":"5219753"},"type":"MultiPolygon","arcs":[[[553,554,555,556,557,558,559]]],"id":212},{"properties":{"cd_mun_ibge":"5219803"},"type":"MultiPolygon","arcs":[[[560,561,562,563,564,565,566]]],"id":213},{"properties":{"cd_mun_ibge":"5219902"},"type":"MultiPolygon","arcs":[[[567,568,569,570]]],"id":214},{"properties":{"cd_mun_ibge":"5220009"},"type":"MultiPolygon","arcs":[[[571,572,573,574,575,576]]],"id":215},{"properties":{"cd_mun_ibge":"5220058"},"type":"MultiPolygon","arcs":[[[577,578,579,580]]],"id":216},{"properties":{"cd_mun_ibge":"5220108"},"type":"MultiPolygon","arcs":[[[581,582,583,584,-670,585]]],"id":217},{"properties":{"cd_mun_ibge":"5220157"},"type":"MultiPolygon","arcs":[[[586,587,588,589,590,591]]],"id":218},{"properties":{"cd_mun_ibge":"5220207"},"type":"MultiPolygon","arcs":[[[592,593,594,595,596]]],"id":219},{"properties":{"cd_mun_ibge":"5220264"},"type":"MultiPolygon","arcs":[[[-618,-711,597,598]]],"id":220},{"properties":{"cd_mun_ibge":"5220280"},"type":"MultiPolygon","arcs":[[[599,600,601,602,603]]],"id":221},{"properties":{"cd_mun_ibge":"5220405"},"type":"MultiPolygon","arcs":[[[604,605,606]]],"id":222},{"properties":{"cd_mun_ibge":"5220454"},"type":"MultiPolygon","arcs":[[[607,608,609,610,611]]],"id":223},{"properties":{"cd_mun_ibge":"5220504"},"type":"MultiPolygon","arcs":[[[612,613,614,615,616]]],"id":224},{"properties":{"cd_mun_ibge":"5220603"},"type":"MultiPolygon","arcs":[[[617,618,619,620,621,622,623,624,625,626,-712]]],"id":225},{"properties":{"cd_mun_ibge":"5220686"},"type":"MultiPolygon","arcs":[[[627,628,629]]],"id":226},{"properties":{"cd_mun_ibge":"5220702"},"type":"MultiPolygon","arcs":[[[630,631,632]],[[633,634,635,636]]],"id":227},{"properties":{"cd_mun_ibge":"5221007"},"type":"MultiPolygon","arcs":[[[637,638,639,640,641]]],"id":228},{"properties":{"cd_mun_ibge":"5221080"},"type":"MultiPolygon","arcs":[[[642,643,644,645]]],"id":229},{"properties":{"cd_mun_ibge":"5221197"},"type":"MultiPolygon","arcs":[[[646,647,648]]],"id":230},{"properties":{"cd_mun_ibge":"5221304"},"type":"MultiPolygon","arcs":[[[649,650,651]]],"id":231},{"properties":{"cd_mun_ibge":"5221403"},"type":"MultiPolygon","arcs":[[[652,653,654,655,656,657,658,659]]],"id":232},{"properties":{"cd_mun_ibge":"5221452"},"type":"MultiPolygon","arcs":[[[660,661,662,663,664]]],"id":233},{"properties":{"cd_mun_ibge":"5221502"},"type":"MultiPolygon","arcs":[[[665,666,667,668,669,670]]],"id":234},{"properties":{"cd_mun_ibge":"5221551"},"type":"MultiPolygon","arcs":[[[671,672,673,674,675]]],"id":235},{"properties":{"cd_mun_ibge":"5221577"},"type":"MultiPolygon","arcs":[[[676,677,678,679,680,681]]],"id":236},{"properties":{"cd_mun_ibge":"5221601"},"type":"MultiPolygon","arcs":[[[682,683,684,685,686,687,688]]],"id":237},{"properties":{"cd_mun_ibge":"5221700"},"type":"MultiPolygon","arcs":[[[689,690,691,692,693,694,695,696]]],"id":238},{"properties":{"cd_mun_ibge":"5221809"},"type":"MultiPolygon","arcs":[[[697,698,699]]],"id":239},{"properties":{"cd_mun_ibge":"5221858"},"type":"MultiPolygon","arcs":[[[700,701,702,703]]],"id":240},{"properties":{"cd_mun_ibge":"5221908"},"type":"MultiPolygon","arcs":[[[704,705,706,707,708]]],"id":241},{"properties":{"cd_mun_ibge":"5222005"},"type":"MultiPolygon","arcs":[[[709,710,711,712]]],"id":242},{"properties":{"cd_mun_ibge":"5222054"},"type":"MultiPolygon","arcs":[[[713,714,715,716,717,718]]],"id":243},{"properties":{"cd_mun_ibge":"5222203"},"type":"MultiPolygon","arcs":[[[719,720,721]]],"id":244},{"properties":{"cd_mun_ibge":"5222302"},"type":"MultiPolygon","arcs":[[[722,723,724,725,726,727,728]]],"id":245}],"type":"GeometryCollection"}},"bbox":[-53.24834215756675,-19.4983637,-45.9071553,-12.3953924004527],"transform":{"scale":[7.341260270169456e-05,7.103042329970599e-05],"translate":[-53.24834215756675,-19.4983637]},"arcs":[[[68292,54038],[-88,-639],[442,-140],[-11,-545],[-427,-636],[-350,-107],[-206,-334]],[[65885,45216],[-33,260],[-114,46],[5,346],[-168,112],[-117,361],[-264,93],[-169,-92],[-203,155],[-382,-30],[15,136],[-232,210],[-187,94],[-178,-61],[-388,310],[-328,85]],[[91877,67496],[-94,-481],[-462,-208],[14,-220],[-309,-249],[74,-404]],[[58689,47358],[219,-409],[-133,-405],[-349,-396],[54,-155],[175,-58],[239,224],[376,-246],[733,124],[207,-84],[58,-282],[723,-340],[11,-154]],[[68396,16224],[-403,42],[-204,192]],[[41984,42697],[97,-10],[-25,111],[167,185],[-230,295],[96,120],[-9,297],[165,120],[-81,147],[310,141],[-114,531]],[[42879,45271],[505,-110],[179,406],[266,138],[-4,-692],[305,-294],[-18,-156],[383,25],[-57,541],[117,179],[121,-24],[327,525],[123,12],[237,-259],[496,77],[152,-133]],[[21198,5354],[-240,89],[58,70],[-84,53],[-216,-67],[-59,116],[-136,-15],[-36,205],[-635,87],[-71,189],[-264,160],[-376,-19],[112,149],[-97,48],[-211,-114],[-449,461],[-83,325],[-399,137],[6,117],[-196,115],[-150,-178],[-242,198],[16,-136],[-130,-71],[-52,132],[-200,-26],[-75,93],[-196,-211],[-28,258],[-312,51],[-43,141],[-495,-3],[-176,121],[65,96],[-241,134],[-68,383],[-575,99],[-410,620],[-740,61],[-254,66],[-97,147],[-411,-15],[-235,-146],[-485,243],[-104,312],[-199,-2],[18,87],[-579,553],[-37,213],[-163,95],[-322,578],[-735,226]],[[12087,48103],[145,-35],[298,192],[60,459],[181,434],[281,332],[-2,252],[455,488],[70,552],[488,1],[317,151],[835,-206],[296,181],[142,-91],[260,114],[932,-78],[414,620],[360,54],[-14,282],[102,120],[484,-44],[314,-263],[129,108]],[[51909,37142],[96,-68],[632,466]],[[52637,37540],[91,-242],[-84,-180],[273,-429]],[[29440,64437],[-94,660],[59,483],[258,426],[353,241],[-183,579],[395,623],[35,677],[227,192],[234,468],[-47,533],[457,714],[-142,263],[50,422],[-266,305],[56,305],[-176,228],[181,553],[-50,232],[301,462],[-165,421],[318,901],[560,911],[51,283],[-108,455],[194,83],[217,-314],[227,205],[263,5],[140,187]],[[33345,64703],[-349,-330],[-87,-448],[218,-151],[-80,-427],[243,-263],[85,47],[9,-154]],[[47371,43137],[-45,-144],[426,-131],[62,-189],[177,-91],[386,40]],[[46558,41939],[-217,386],[207,322],[261,90],[-245,254],[209,663]],[[8431,41962],[-108,210],[335,16],[91,222],[-98,241],[116,76],[-117,82],[-101,-109],[49,227],[-293,164],[-71,360],[-418,-5],[-175,188],[134,254],[-207,195],[-7,240],[146,84],[0,597],[335,305],[453,-95],[195,212],[289,31],[157,280],[207,-218],[216,60],[-314,454],[332,85],[-53,811],[309,135],[7,202],[135,100],[238,-115],[142,164],[376,39],[286,248],[554,235],[354,-67],[162,233]],[[12087,48103],[58,-686],[173,-2],[175,-270],[157,13],[245,-243]],[[55966,36737],[41,113],[-226,243],[110,199],[-42,164],[-126,-19],[47,213]],[[14326,42713],[-284,42],[-27,116],[-356,14],[-273,259],[210,382],[-56,197],[221,96],[57,153],[-33,317],[215,188],[-501,-78],[-239,104],[-116,203],[-442,11],[-59,277],[254,91],[-134,119],[190,212],[-123,332],[501,611],[-25,126],[-298,99],[-113,331]],[[12895,46915],[3617,3529],[2324,50]],[[19446,48770],[77,-108],[-126,-12],[-195,-399],[121,-169]],[[48062,81232],[-348,169],[-220,-75],[-38,-129],[-121,153],[-42,-119],[-102,25],[-164,243],[-194,90],[-110,-68],[-32,88],[109,57],[-177,135],[-61,-96],[-61,122],[-132,-193],[-164,157],[-282,-104],[16,77],[-139,-58],[-322,195],[-75,-131],[-162,86],[-99,-170],[-222,18],[13,-136],[-196,28]],[[26012,63681],[132,77],[300,-160],[163,-694],[374,-199],[662,277],[281,309],[563,242],[165,594],[788,310]],[[29440,64437],[-155,-272],[-183,-58],[51,-86],[-159,-118],[64,-151],[-119,-272],[-320,-462],[48,-181],[42,64],[203,-115],[29,-206],[157,32],[-44,-209],[87,-97],[-177,-61],[84,-336],[-133,-30],[80,-71],[-150,-83],[15,-165],[-115,68],[-148,-90],[30,-413],[-131,0],[53,-115],[-105,0],[46,-133],[-131,-83],[67,-112],[-112,-158],[32,77],[-118,14],[64,-118],[-88,-37],[139,-68],[-18,-189],[117,11],[119,209],[126,-221],[113,114],[139,-119],[128,74],[121,-170],[366,-61],[198,-223],[-77,-63],[67,-117]],[[59430,19842],[167,34],[-105,-144],[129,17],[-93,-184],[179,-246],[-159,-56],[41,-118],[209,18],[25,-82],[-109,-165],[523,-327],[-151,-105],[34,-90],[251,-121],[208,51],[-141,-532]],[[58990,16788],[-259,-4],[-310,-243]],[[93314,70707],[-194,-169],[-116,83],[-93,-152],[-89,130],[-274,-5],[-55,91]],[[86712,54741],[388,-148],[-22,-880],[181,-444],[208,-216],[-4,-299],[195,-506],[-155,-354],[259,-663],[-55,-350],[-3315,-735],[-487,-347],[-509,235],[-122,-70],[-21,310]],[[27381,16070],[293,406],[193,131],[62,-79],[242,395],[464,-58]],[[35259,40624],[732,-325],[-3,-564],[321,-495],[-321,-210],[-101,-766],[-457,-295],[211,-99],[-125,-374]],[[51247,13601],[-94,535],[-575,35],[-152,-131],[60,-403],[-141,-203],[-760,-40],[-593,-199],[-12,-176],[232,-231],[-57,-142],[-576,159],[-321,-93],[-371,-290],[-339,89]],[[25635,17145],[404,-259],[484,-70],[252,-272],[154,97],[3,-274],[145,51],[102,-306],[202,-42]],[[27381,16070],[5,-188],[213,-11],[-18,-533],[241,-114],[-132,-195],[120,-96],[-29,-249],[295,-446],[227,-47],[0,-245],[263,-203],[113,-311],[424,-270],[110,-291],[336,-342],[-27,-260],[315,-221],[703,-1053],[34,-213],[184,-167],[65,-670],[636,-692],[-74,-112],[81,-416],[283,-154],[91,114],[146,-46],[167,-203],[175,50],[83,-232],[253,-151],[122,156],[81,-72]],[[35453,5119],[-425,-45],[69,-349],[-84,-145],[-751,-197]],[[22422,40771],[286,-425],[61,-422]],[[13673,41096],[9,219],[462,799],[182,599]],[[14326,42713],[272,37],[49,-228],[176,126],[480,-28]],[[59666,38445],[-291,-403],[-524,119],[-129,-93],[-498,44],[-541,-497],[-419,171],[-155,-183],[-139,19],[-14,159],[190,243],[-114,137]],[[62474,82397],[61,-147],[-150,-418],[-64,48],[-277,-315],[-214,-59],[43,-107],[-283,-822],[-793,-582],[236,-388],[-170,-498]],[[77966,29374],[-182,49],[223,-245],[-112,-238],[-154,-47],[62,-155]],[[55914,46113],[457,-8],[929,-522],[251,35],[69,-228],[-326,-150],[0,-253],[-144,-118],[285,-197],[13,-151],[-60,-120],[-267,-61],[-620,345],[-174,-261],[-669,180],[-37,223]],[[87091,90536],[170,443],[322,313],[-17,171],[944,458],[4031,-28],[119,498],[182,73],[199,1523],[92,-262],[70,20],[-42,-84],[463,-60],[128,-190],[-29,-353],[97,-23],[-104,-177],[113,-84],[-230,-773],[122,-121],[-66,-188],[116,-75],[1647,429],[648,47],[247,247],[365,24],[518,277],[113,-97],[-273,-491],[-942,-520],[-1113,-331],[-82,-350],[-234,-263]],[[49792,75629],[275,-33],[121,-183],[-46,-149],[272,-42],[35,-166],[-94,-211],[-98,18],[-26,-261]],[[42050,19387],[-264,43],[-69,-306]],[[71732,22527],[581,55],[87,-135],[127,35],[72,-166],[158,57],[132,-91],[77,85],[411,-104],[-12,117],[268,264],[576,265],[-29,203],[-163,157],[358,45],[206,150],[106,547],[177,244],[-5,-396],[108,-374],[145,-126],[1072,44],[-124,213],[286,55],[-92,114],[92,162],[-109,79],[107,133],[105,-85],[156,71],[-134,69],[9,130],[167,-13],[-115,260],[262,100],[-193,325],[79,382],[-262,412],[93,214],[-132,-10],[-2,143],[150,170],[-40,173],[80,-111],[228,68],[-96,88],[38,284],[91,-71],[259,85],[-172,225],[102,96],[-77,151],[153,-31],[-78,165],[410,159],[84,-56],[-8,180],[95,60],[-151,190],[168,171],[-85,146],[192,1],[31,107],[-112,81],[164,250]],[[77803,28738],[299,-55],[31,-224],[128,-98],[-23,-356],[184,-135],[189,84],[308,-408],[74,143],[665,279],[209,-10],[145,-156],[668,-3],[826,-1233],[-56,-351],[-162,-160],[145,-377],[-385,-124],[-209,-221],[-44,-370],[-337,-262],[135,-306],[-307,-288],[104,-147],[-151,-127],[96,-119],[-155,-22],[-143,-201],[240,-423],[-23,-517],[188,-29],[68,-195],[-92,-149],[85,-41],[-34,-151],[98,-29],[2,-168],[281,-158],[-1,-196],[-136,-103],[45,-179],[107,-147],[202,-40],[-51,-254],[236,-191],[0,-239],[-306,-75],[22,-162],[-234,80],[-341,-272],[-152,42],[-54,-161],[102,16],[-17,-129],[-200,-160],[-337,-12],[-13,-142],[-163,-74],[161,-122],[-164,-14]],[[73392,14897],[-180,-266],[141,-80],[-66,-135],[-237,83],[-63,-118],[-328,145],[-152,-66],[-56,-233],[-346,-176],[-137,323],[-194,20],[-23,466],[-359,-148],[-269,244]],[[48468,42103],[-91,519]],[[48377,42622],[104,189],[-79,150],[142,104],[17,205],[327,-41]],[[81516,77735],[-3282,234],[-533,-638],[-107,-323],[-278,-194],[-109,52],[-140,-246],[-249,134],[-788,-366],[-409,69],[-446,-411],[-502,-28],[-528,-634],[-226,-9],[-531,-498],[-531,137]],[[69177,87259],[178,-151],[18,109],[169,-40],[344,209],[482,25],[142,312],[-97,348],[227,97],[113,-54],[27,-241],[293,-7],[-35,-237],[109,-82],[371,78],[198,-67],[229,-507],[339,131],[75,224],[405,-130],[59,-177],[124,76],[118,-203],[875,115],[299,-232],[1614,-1959],[120,379],[209,177],[15,186],[229,361],[149,60],[61,230],[-209,60],[-169,222],[-49,503],[-107,150],[76,371],[221,171],[-90,323],[-143,100],[34,211],[-149,13],[-32,105],[101,50],[-60,170],[104,23],[37,233],[-201,144],[344,244],[-82,242],[214,269],[5,170],[74,-111],[172,75],[706,-216],[-69,-418],[49,-435],[102,-102],[228,-69],[229,132],[209,-107],[415,71],[-86,-520],[266,-74],[314,68],[139,-149],[-307,-241],[246,-236],[52,-307],[152,31],[58,219],[330,119]],[[49816,58339],[-228,-110],[-85,119],[-349,-14],[-329,238],[-88,410],[-539,100],[-120,114],[-400,-1]],[[5583,15131],[544,123],[170,346],[370,382],[-6,212],[-226,272],[-611,254]],[[12756,14041],[-172,-108],[-103,-484],[86,-281],[508,-390],[-30,-345],[-1243,542],[-629,-821],[-1006,-575]],[[10167,11579],[-403,259],[-204,13],[-625,-457],[-393,9],[-152,-101],[-702,253],[-438,-194],[-407,-14],[-860,354],[-222,-73],[-287,77],[-367,297]],[[72327,48550],[3473,0]],[[68058,54050],[-647,-709],[-102,50],[-123,-199],[-152,96],[-299,-175],[-104,-697],[86,-236],[-371,-415]],[[67150,78265],[-381,1081]],[[69852,82640],[371,-435],[-36,-361],[205,51],[210,-296],[103,4],[84,-294],[-112,-151],[177,-113],[75,99],[41,-166],[158,39],[-7,104],[109,-31],[-129,-176],[59,-187],[-142,8],[57,-181],[204,-84],[-176,-490],[257,10],[154,-244],[574,-355],[118,-392],[-252,-195],[119,-231],[-91,-166],[68,-165],[393,-223],[-67,-131],[157,-81],[14,-139],[-86,-132],[282,-318],[-253,-305],[389,-166],[-38,-237],[114,-316],[-357,-215],[209,-147],[-137,-110],[58,-143],[-103,-268],[281,-237],[-49,-60]],[[72857,75014],[-440,-98],[395,-825],[868,-1342]],[[36582,41957],[-59,109],[-63,-97],[-163,160],[-246,-8]],[[36640,46435],[371,-519],[350,121],[148,-291],[431,-177]],[[59825,52045],[4,-168],[274,-265],[717,180],[331,-532],[552,-114],[119,162],[480,-114],[163,176],[-92,192],[-179,82],[40,108],[-274,211],[439,549],[605,216],[638,-153],[325,-238],[299,-426],[263,-33],[232,-220],[438,-9],[70,-829],[530,-349]],[[65931,49574],[-256,-142],[-831,727],[-551,35],[-186,273],[-662,-97],[-240,-274],[-279,171],[2,-197],[-274,-334],[-18,-279],[273,-335],[43,-342],[101,-75],[65,-611],[-111,-633],[135,-220]],[[63142,47241],[-147,-107],[-367,82],[-220,-140],[-225,109],[-405,370],[-123,354],[-502,343],[-347,456],[-106,363],[-1560,330]],[[58990,16788],[277,63],[-91,351],[127,110],[256,-60],[133,-330],[173,-6],[109,339],[311,116],[-7,320],[160,101]],[[60438,17792],[423,-100],[908,572],[-195,150],[156,276],[-145,-47],[-59,98],[218,349],[160,-132],[254,358],[-39,111],[-319,-60],[263,388]],[[62834,20415],[-35,-214],[230,88],[73,-133],[162,-9],[209,160],[359,35],[327,283],[-116,167],[89,146],[-64,236],[352,176],[7,701],[-106,114],[221,149],[-30,462]],[[66835,15875],[-793,-29],[-115,208],[-383,-102],[-124,141],[-484,-350],[-49,373],[-420,-180],[-211,216],[-319,58],[11,219],[-104,106],[-489,-154],[-498,101],[-181,-229],[-689,-88],[-534,-55],[-283,131],[-187,-190],[-215,71],[-151,-75],[-246,-297],[-159,62],[-124,475],[-485,122],[-138,197],[-330,35],[-145,147]],[[75136,46911],[97,215],[0,650],[80,38],[-69,119],[442,134],[71,190],[145,23],[-165,140],[63,130]],[[75800,48550],[5110,-2],[51,-155],[-150,-89],[103,-106],[-107,-73],[65,-114],[-294,20],[-70,-587],[-200,-62],[32,-216],[108,-6],[-84,-92],[113,-43],[-64,-83],[178,-108],[-117,-190],[144,4],[-87,-234],[194,-102],[-110,-78],[112,-241],[-71,-242],[-91,2],[-6,-142],[-236,-237],[-11,-440],[-178,-327],[-832,-892],[55,-271],[-151,-380],[61,-44],[-232,-106],[-29,-198],[-83,-5],[-70,-557],[184,-186],[25,-309],[187,-10],[19,-154],[199,65],[123,-125],[-9,-37],[-58,19],[-33,-41],[-6,-208],[222,43],[147,-231],[-7,138],[128,-12],[11,-297],[257,180],[196,-64],[93,-339],[232,190],[-26,-209],[211,-86],[-32,-112],[128,92],[41,-152],[105,36],[141,-374],[182,-18],[47,95],[90,-125],[-87,-51],[133,20],[20,-145],[-135,-35],[30,-112],[152,28],[-89,-287],[140,16],[263,-299],[-186,-440],[46,-132],[120,51],[-87,-207],[173,-79],[-43,-372],[180,-158],[-80,-120],[262,42],[-161,-195],[59,-344],[-112,-34],[19,-132],[200,-110],[-129,-97],[127,-106],[-61,-157],[231,94],[98,-226],[180,-21],[-178,-160],[72,-132],[154,-3],[-127,-180],[188,-11],[-76,-135],[200,-1],[19,-122],[212,-97],[-329,-269],[159,-15],[-54,-166],[164,51],[-225,-252],[23,-105],[-210,16],[-57,-236],[-236,155],[21,-230],[97,-20],[-74,-114],[-211,34],[54,-129],[-217,31],[2,-183],[-228,57],[8,-88],[-135,2],[155,-44],[-101,-58],[-230,107],[-21,-232],[-112,64],[-112,-75],[-18,-201],[-100,115],[-118,-133],[93,-42],[-96,-69],[79,-66],[-96,-44],[10,-190],[-179,77],[-157,-288],[-50,179],[-172,-131],[-55,103],[-85,-239],[-246,-17],[4,-218],[157,-76],[-295,33],[162,-243],[-149,-33],[-24,-254],[-182,78],[-127,-139],[86,-130],[-112,-40],[41,-122],[-321,26],[1,-148],[-207,-58],[69,-139],[-226,-82],[207,-270],[-138,-178],[89,-211],[-171,85],[-266,-179],[192,-253],[-262,50],[48,-94],[-102,-71],[-125,157],[-201,-67],[-311,329]],[[60588,32641],[117,-214],[372,353],[402,12],[209,152],[614,-80],[379,-304],[121,285]],[[43513,61598],[-133,-165],[-201,-43],[-328,254],[-149,-27],[-91,125],[95,217],[-146,59],[-53,174],[-340,-15],[-280,331],[-263,-17],[-103,133],[159,19],[49,157],[-324,74],[85,140],[-476,125],[-97,654],[-331,83],[-169,211],[-457,30]],[[68396,16224],[185,119],[91,-52],[-2,123],[487,100],[-352,642],[-236,-88],[-159,86],[-9,133],[-442,-238],[-133,-184],[-37,-407]],[[67789,16458],[-631,-532],[143,-271],[-466,220]],[[66835,15875],[136,213],[-199,-15],[49,199],[-187,25],[7,273],[224,-70],[-4,204],[186,4],[31,150],[-138,195],[451,83],[-175,172],[72,136],[-159,133]],[[70642,17375],[103,-493],[336,67],[183,-124],[233,230],[358,7],[141,-403],[342,-217],[16,-374],[-123,-93],[102,-221],[-525,-60],[-100,-303],[-202,19],[-46,-126],[-303,-147],[-34,-181]],[[71123,14956],[-151,19],[-264,306],[-253,-235],[-473,15],[-487,268],[-208,530],[-813,140],[-78,225]],[[94186,71027],[795,287],[307,-166],[370,79],[58,-162],[327,-49]],[[98449,67977],[-56,-115]],[[53328,45210],[-259,-256],[-344,-7]],[[79556,19097],[-55,-89],[-236,110],[-41,-378],[-242,118],[-176,-251],[-240,-23],[-53,-214],[-438,-66],[1,-164],[-176,-108],[-40,-194],[-89,88],[-16,444],[-252,-220],[-131,77],[-32,-242],[-240,-78],[102,-128],[-358,-151]],[[75421,19254],[50,136],[142,-64],[161,101],[-120,170],[63,107],[190,0],[157,327],[-126,97],[87,152],[-108,179],[80,54],[479,-262],[239,231],[1,150],[153,59],[-42,172],[205,273],[388,208],[913,-643],[78,-427],[184,-266],[513,-333],[448,-578]],[[24770,44742],[-112,62],[-82,-132],[-249,-26],[-107,347],[-375,54],[-623,318],[90,226],[-203,216],[-33,238],[-590,-35],[-59,232],[-142,81],[-51,332]],[[5666,38381],[26,167],[304,253],[102,-93],[196,93],[-39,262],[116,199],[277,62],[-32,321],[103,142],[-223,30],[424,178],[-80,377],[167,-34],[133,-195],[118,98],[-143,359],[-205,54],[140,176],[-127,116],[171,51],[304,-182],[16,395],[190,-189],[257,13],[-23,198],[182,-9],[-125,253],[235,-136],[35,206],[179,-66],[137,279],[-50,203]],[[8431,41962],[281,59],[52,-194],[171,-109],[50,145],[337,101],[-217,-251],[191,-149],[228,28],[36,-118],[426,58],[106,107],[195,-332],[211,131],[284,-33],[301,304],[48,-135],[174,64],[158,-200],[591,281],[333,-133],[162,-418],[77,109],[851,-461],[196,280]],[[13673,41096],[311,11],[184,-260],[222,34],[397,-401],[305,27],[-77,-185],[67,-101],[113,71],[38,-115],[-233,-88],[97,-142],[-81,-177],[247,-491],[-150,-24],[108,-62],[-16,-124],[-194,-85],[140,-106],[-165,-47],[94,-187],[-217,-37],[82,-138],[-378,-117],[150,-401],[-566,-51],[-168,-180],[-98,59],[-340,-225],[-71,-521],[-214,-149],[-327,-756],[-1150,-227],[-63,238],[-216,83],[-119,204],[33,-190],[-97,-61],[166,-34],[-81,-25],[39,-144],[-170,-20],[101,-418],[-34,-110],[-188,-35],[79,-31],[-110,-310],[233,-165],[43,-182],[-154,-159],[137,-60],[116,-299],[-73,-201],[196,-98],[-96,-179],[87,-162],[-78,-14],[236,-253],[-263,-223],[-83,-314],[-110,12],[157,-169],[-92,-130],[218,-152],[81,-243],[-206,-559]],[[48198,32460],[61,-209],[339,-243],[136,-367],[168,-53],[173,-666]],[[42203,26715],[71,97],[233,-168],[216,213],[170,-5],[-69,171],[206,320],[-61,160],[238,92],[54,123],[-113,80],[146,89],[-89,184],[166,137],[-39,186],[-164,124],[54,141]],[[47042,31401],[122,-284],[-129,-500],[574,52],[163,-234],[-81,-581],[-221,-102],[-43,-327],[482,-68],[-30,-401],[330,-151],[-10,-94],[-232,-37],[-91,114],[-470,-193],[-92,10],[-12,139],[-168,-36],[49,-148],[-199,-213],[-725,-202],[-422,-286],[-168,-701],[-396,-515]],[[34294,59727],[221,-183],[248,-35],[257,299],[351,-17],[50,100],[458,-292],[186,81],[88,-251],[141,72],[49,-159],[270,119],[313,-484],[261,68],[280,-459],[255,-142],[184,87],[237,-128],[8,-255],[112,-29],[321,175],[296,347],[501,248],[63,309],[242,-31],[185,153],[13,146],[171,-19],[38,153],[144,18],[80,233],[348,0],[84,164],[1122,-211],[424,146],[137,-79],[527,61],[114,-89]],[[36141,45973],[-204,-580],[132,-428],[-120,-233],[-544,27],[-235,-210],[-177,-4],[-95,-756],[90,-38],[3,-226]],[[39320,39401],[-129,124],[101,531],[-142,257],[-146,-45],[-106,121],[-253,-105],[-64,122],[-180,-102],[-94,-268],[-550,-264],[-223,219],[111,290]],[[86457,72758],[191,-401],[113,-31],[-14,-237],[133,-144],[-149,-70],[131,-172],[-292,-42],[98,-161],[-36,-257],[253,33],[173,-113],[-96,-378],[170,-270],[-282,-149],[77,-143],[-73,-115],[351,-95],[-127,-166],[115,-130],[137,44],[-62,-132],[108,-73],[270,-8],[24,-167],[319,108],[193,-282],[178,193],[-6,-171],[235,-108],[-49,-136],[165,27],[-25,-187],[258,196],[265,-227],[-60,-143],[294,-361],[-102,-451],[286,-565],[-85,-109],[100,-120],[18,-424],[211,-148],[217,71],[211,-661]],[[91567,62537],[-343,-106],[-326,-278],[-895,-56],[-1164,692],[-755,269],[-851,144],[-171,-16],[-928,-665]],[[77336,62667],[-43,1176],[137,363],[219,166],[134,-75],[294,111],[237,222],[121,916],[174,360]],[[83129,69812],[512,-101],[36,109],[161,-92],[-38,-254],[171,-22],[40,-130],[-125,-117],[238,-193],[-63,-110],[-133,66],[98,-241],[-293,-161],[39,-112],[141,60],[22,-211],[-216,-36],[52,-214],[-167,-172]],[[86833,59312],[515,-579],[-164,-285],[-293,-207],[272,-165],[-851,-540],[-236,-400],[-270,-1614],[403,-481],[306,-62],[197,-238]],[[86712,54741],[-432,-197],[-233,-357],[-171,62],[-212,-267],[-64,101],[-101,-92],[-59,196],[-295,-64],[-217,366],[-83,1156],[-371,138],[-332,-273],[-433,-45],[-379,-419],[-686,-174],[270,-698],[426,-289],[206,-846],[171,-122],[-248,-972],[-41,-588],[92,-96],[50,64],[30,-150],[-114,-52],[94,-131],[-39,-325],[-129,-299],[-113,50],[-46,-144]],[[83253,50274],[-476,-370],[11,-282],[-110,-56],[-84,105],[3,-188],[-109,80],[-70,-133],[-143,4],[-122,-385],[-501,-74],[-347,103],[29,77],[-313,-146],[13,-126],[-239,-141],[-431,422],[-281,44],[-128,574],[138,215],[-68,145],[167,155],[-107,73],[49,156],[-128,36],[-79,361],[119,101],[62,643],[163,70],[577,1146],[-108,293],[116,337],[-259,194],[67,435],[-100,324],[250,489],[-72,117],[-758,140],[-358,411],[-204,17],[-9,625],[-1012,-1]],[[61937,82497],[-274,-116],[-54,-285],[-234,-226],[-259,-78],[-134,-182],[-153,52],[-81,-183],[102,-261],[-350,-591],[209,-144],[82,-382],[-207,-204],[-303,28],[-157,-264],[-151,-8],[-43,-151],[-285,-175],[4,-563],[-260,-302],[96,-93]],[[57545,78960],[-21,545],[148,56],[315,536],[-164,286],[363,315],[-42,280],[-149,70]],[[59576,43613],[128,92],[112,-145],[458,56],[323,225],[600,29],[59,191],[-173,135],[169,401],[-250,580]],[[61002,45177],[730,133],[223,-156],[326,81],[322,-99],[296,152],[153,-170],[10,-229],[275,-96],[153,-218],[300,44],[193,-261],[479,116]],[[92556,90721],[56,-10]],[[57908,41790],[-295,123],[39,-219],[-556,-347],[-136,-423],[-153,-28]],[[58113,43545],[-204,-1135]],[[69122,21504],[193,-159],[470,95],[109,-211],[191,26],[237,-412],[138,-31],[-148,-193],[198,-26],[-20,-183],[47,59],[189,-238],[363,-98],[110,-349],[-24,-466],[-121,-227],[-297,-57],[360,-275],[70,82],[191,-329],[-523,-557],[5,-310],[-218,-270]],[[70642,17375],[-936,474],[-842,123],[-441,350],[-216,-72],[27,-121],[-445,-177]],[[56762,61211],[193,103],[202,-42],[130,175],[283,44],[209,214],[71,-298],[352,8],[84,-356],[645,34],[180,-115]],[[55705,38119],[-324,138],[-64,234],[-443,371],[-568,173],[-67,-153],[-297,-166],[-679,-75],[-156,-148],[-214,-758],[-256,-195]],[[52637,37540],[-385,1288],[-238,297],[-201,22]],[[55479,41656],[-161,-162],[243,-96],[79,-285],[545,19],[57,163],[226,37],[135,-85],[-39,-290],[243,-61]],[[49429,42361],[322,-49],[161,141],[94,-199],[305,-92],[539,86],[431,549],[535,67],[-44,224]],[[52126,43542],[317,-280],[97,-204],[-71,-79],[92,16],[46,-165],[434,13],[439,249]],[[53402,41417],[-25,-195],[-318,82],[-527,-468]],[[39412,48150],[-140,54],[-450,-94],[-104,-141],[-208,39],[-282,-193],[27,-168],[-523,-87]],[[37055,55478],[-23,-162],[188,-3],[55,-222],[229,-114],[-41,-225],[248,-434],[99,114],[176,-138],[225,138],[229,-165],[28,116],[301,21],[99,-184],[202,13],[60,-101],[87,17],[-61,82],[114,209],[83,-46],[-45,188],[149,22],[74,-90],[-74,-93],[114,-96],[119,49],[59,-131],[236,54],[81,-238],[153,206],[236,-60],[42,177],[199,81],[290,-178],[232,111],[75,-108],[224,166],[399,71],[332,-74],[305,-248]],[[55486,21260],[-55,-475],[197,-29],[-157,-146],[-18,-429],[-95,-216],[-251,-151],[-86,-243],[-114,-3],[106,-126],[-168,-71],[-51,-270],[-156,-101],[67,-125],[-160,15],[-54,-164]],[[50382,18202],[-402,277],[-106,338],[89,93],[-44,141],[-515,653],[-620,248],[-8,94],[-383,-99],[-62,-120],[-225,104],[-77,-112],[-853,407],[-239,-129],[-493,504],[121,172],[-73,278],[-99,-50],[-62,90],[-261,-85],[59,-122],[-138,65],[-105,-300],[-183,-28],[-101,96],[11,-140],[-120,29],[-255,-297],[21,-121],[-146,11],[10,-134],[-312,-25],[-14,-186],[-273,-55],[77,-198],[-397,65],[2,-269],[-533,208],[60,179],[-397,-128],[-16,-93],[-95,65],[58,-169],[-171,-163],[-112,54],[-47,234],[-555,-228],[24,155],[-111,101],[-261,-225]],[[42050,19387],[5,421],[-112,241]],[[43856,12627],[-292,-592],[-407,-405],[-1147,112],[-471,-208],[-969,-71]],[[42798,16438],[183,-43],[255,-386],[252,2],[133,-332]],[[51909,37142],[42,-137],[-169,-439],[-326,43],[32,-211],[-188,-236],[42,-725]],[[47762,35781],[-91,166]],[[47883,36550],[272,307],[663,64],[505,422],[244,56],[173,373],[-25,185]],[[51024,37986],[108,109],[268,7],[231,-392],[-88,-372],[144,-218],[222,22]],[[43930,52337],[-338,118],[-285,-232],[-180,158],[-63,161],[333,497],[-69,366],[-435,496],[-306,131],[-34,171]],[[42553,54203],[3,441],[-158,295],[61,171]],[[95523,81517],[-369,-375],[161,-29],[383,-402],[-798,-418],[240,-173],[-133,-301],[325,-12],[236,-267],[-404,-573],[67,-93],[-133,-304],[38,-421],[152,-312],[449,-82],[-57,-397],[219,-177],[-257,-462]],[[47319,66778],[72,299],[115,64],[-40,139],[447,359],[-99,110],[68,167],[-167,29],[28,203],[-136,-14],[-30,164],[-95,-122],[-189,4],[110,141],[-215,372],[-237,73],[-147,-72],[-1,163],[-113,-7],[45,118],[-97,68],[58,170],[187,77],[-259,216],[314,378],[185,34],[137,-107],[-30,260],[132,212],[102,-72],[38,-304],[96,33],[4,679],[-233,1],[-3,81],[309,53],[312,-168],[144,293],[200,-148],[78,126]],[[46625,51941],[-186,109],[-72,279],[-127,-66],[32,121],[-429,336],[-131,-122],[-140,30],[-86,-174],[-108,255],[-229,-157],[67,114],[-118,112]],[[55966,36737],[-65,-183],[228,-48],[-4,-165],[204,32],[-120,-227],[116,-242],[110,-55],[197,157],[68,-132],[-142,11],[24,-123],[281,21],[218,-250],[-93,-306],[-114,-20],[58,-136],[-142,49],[-104,-202],[83,-98],[-151,-14],[-15,-146],[162,-149],[-251,-76],[207,-115]],[[53506,33350],[-1184,-444],[-318,10],[-141,287],[-218,-145]],[[51282,34853],[94,34],[267,-290],[231,75],[230,-163],[351,200],[179,-112],[230,27],[-106,206],[93,254],[-64,389],[128,174],[-67,145],[106,248],[-86,301],[49,348]],[[52917,36689],[136,376],[239,184],[220,31],[-60,-160],[271,-85],[628,315],[261,-218],[85,63],[615,-149],[274,-321],[302,121],[78,-109]],[[87623,72477],[-145,128],[-70,-158],[-93,22],[-120,165],[-112,-51],[47,103],[-86,38],[-172,-103],[-149,328],[-7,-93],[-259,-98]],[[86457,72758],[-434,353],[62,122],[-128,125],[80,209],[-183,45],[83,109],[-63,122],[-176,48],[2,239],[-260,110],[5,201],[-219,227],[82,86],[126,-87],[-77,246],[311,284],[-95,122],[321,80],[-42,117],[210,229],[-99,213]],[[88393,79880],[73,-73],[-65,-108],[223,-190],[-34,-157],[170,28],[162,-135],[43,-233],[240,-299],[520,-158],[75,-191],[199,63],[306,-253],[523,-32],[145,-559],[185,-208],[109,25],[155,-251],[112,90],[298,-45],[412,288],[218,1],[64,-99],[150,89],[189,-614]],[[43621,15679],[310,-153],[120,51],[-63,140],[135,132],[430,124]],[[47345,14115],[230,-91],[11,-296],[-116,-170],[46,-308],[207,-120],[60,-279],[-189,-33],[-46,-307]],[[47548,12511],[-197,-50],[-157,-395],[-201,-37],[-291,160],[-222,-58],[-599,382],[-702,-203],[-575,136],[-104,136],[-644,45]],[[43856,12627],[-3,149],[-320,263],[307,483],[-198,274],[101,468],[-138,521],[-242,280],[263,391],[-5,223]],[[48198,32460],[-176,-177],[-646,-269],[-334,-613]],[[47042,31401],[-323,1],[-76,595],[-354,119],[-65,169],[-849,-15],[-1060,-408],[-249,114],[-110,-550],[392,-783],[-214,16],[-88,-400],[-521,-343],[-24,-987],[-92,-247],[-187,-23]],[[43222,28659],[-22,166],[-102,-62],[-207,245],[-154,-108],[-97,105],[38,107],[-140,85],[143,222],[-195,31],[115,388],[-141,189],[-133,-19],[27,259],[-118,109]],[[45877,35536],[351,-224],[21,-269],[460,-27],[-338,-175],[-124,-245],[314,-118],[116,-244],[-30,-445],[-362,-360],[73,-545],[585,14],[439,336],[252,1],[119,-219],[149,-17],[116,-463],[180,-76]],[[48888,43229],[63,56],[-152,241],[109,202],[67,864]],[[52381,46515],[77,-136],[200,87],[178,-118],[-111,-1401]],[[52725,44947],[-835,-1014],[-211,-79],[447,-312]],[[52126,43542],[-354,-454]],[[51772,43088],[-156,48],[-81,293],[-203,-176],[-149,171],[-165,-200],[-571,-5],[-143,279],[-349,111],[-444,-64],[-203,92],[-118,-155],[29,-160],[-331,-93]],[[72956,36326],[141,-113],[267,3],[756,128],[248,-155],[232,134],[524,-153],[494,231],[96,192],[83,-606],[-168,-242],[-38,-571],[-274,-457],[140,-172],[-52,-119],[227,-174],[30,-183],[520,-199],[-41,-213],[229,-309],[29,-218],[568,-293],[119,-284],[235,-186],[18,-169],[438,-291],[225,-761],[167,13],[132,-156],[-13,-323],[-133,-98]],[[78155,30582],[-26,-130],[109,-61],[-240,-197],[105,-48],[1,-252],[-152,-118],[-93,65],[36,-154],[-135,18],[206,-331]],[[77966,29374],[-341,376],[-70,407],[-1394,831],[-446,471],[182,463],[-153,563],[-414,582],[-60,-315],[-198,-255],[-728,-329],[-788,-658],[-487,-41],[-63,-1652],[-322,-354],[10,-364],[-385,-589],[-59,-844],[-294,-287],[31,-1011],[280,-387],[46,-850],[184,-384],[-147,-511],[-84,28],[39,-173],[-35,-43],[-82,-6],[-40,-38],[148,-64],[-38,-243],[-186,66],[66,-360],[-406,-876]],[[71732,22527],[-150,57],[-460,-430],[-397,163],[-242,-105],[-167,111],[-308,-277],[-44,131],[-96,-91],[-5,132],[-135,-242],[44,-118],[-226,48],[3,-124],[-269,-15],[-158,-263]],[[69122,21504],[-216,-48],[36,-129],[-226,-102],[64,-154],[-147,58]],[[67210,21898],[-258,101],[-186,-141],[-352,-13],[-203,102],[-109,333],[-155,17],[-68,824],[-147,45],[-118,-113],[-281,314],[14,-109],[-285,-278],[-142,-71],[-157,75],[-251,-208]],[[64512,22776],[-10,423],[-275,61],[-15,125],[-346,272],[197,125],[8,213],[462,111],[-170,296],[142,15],[-110,136],[299,198],[15,373],[515,17],[-99,150],[121,20],[53,312],[-243,286],[290,361],[-290,-8],[-88,105],[293,100],[-123,234]],[[49915,60656],[-296,-459],[-363,-143],[-250,-285],[-466,193],[-104,-159],[-305,-64],[-433,209]],[[25225,43342],[-77,228],[-206,158],[73,277],[-387,340],[142,397]],[[24770,44742],[-8,124],[138,-44],[142,168],[-49,333],[156,187],[182,-217],[270,-49],[3418,-308]],[[30651,40339],[-172,-49],[-278,143],[93,793],[-546,298],[43,127],[-191,156],[35,130],[-966,130],[-541,-283],[-317,143],[-196,228],[-146,-16]],[[31349,43650],[-256,-148],[-138,64],[-3,-185],[-164,-64],[17,84],[-271,-23],[-168,176],[-164,1],[20,591],[-296,121],[-231,279],[28,390]],[[31855,46416],[594,-54],[113,-265],[304,-70],[0,-433],[299,-297],[-56,-356],[77,-162],[291,-90],[-6,-182],[157,-166],[328,69],[26,-816],[383,68],[311,-241]],[[46011,45506],[96,219],[-73,260],[-441,5],[-218,185],[-319,-76]],[[43664,48833],[283,240],[247,-14],[152,206],[215,68],[40,155],[152,-27],[-15,162],[207,-8],[86,109],[84,-117],[180,99],[275,-180],[138,88],[161,-174],[61,83],[126,-110],[46,22],[129,383],[262,239],[51,231],[-108,288],[350,-24],[-26,201],[275,97],[39,154],[-271,405],[54,321],[-232,211]],[[46625,51941],[382,295],[1422,-255]],[[47819,45253],[44,-507],[151,-234],[-87,-98],[78,-257],[-178,-200],[19,-145],[152,-13],[-36,-285],[195,-197],[-24,-223],[-324,-85],[-438,128]],[[47371,43137],[-210,329],[-388,188]],[[46773,43654],[-30,231],[231,263],[370,-132],[385,87],[-40,386],[-88,-6],[-21,262],[-283,263],[-291,28],[-309,349],[-326,-113],[-271,60],[-130,-103],[-61,123],[102,154]],[[48545,49151],[29,951],[171,305],[-187,226],[99,267],[-78,238]],[[49600,50895],[-181,25],[-56,203],[-538,-320],[-118,294],[-128,41]],[[48579,51138],[-66,95],[104,156],[-140,297]],[[24519,4758],[-139,-104],[-281,199],[-252,-109],[-55,202],[-165,-47],[-181,161],[-299,-39],[-73,131],[-206,-30],[-99,118],[-210,-9],[-221,-200],[-408,206],[-255,-162],[-477,279]],[[21198,5354],[73,616],[-91,99],[-416,3289],[815,726]],[[32970,2641],[-342,-943],[-312,-525],[100,-266],[575,-526],[-4,-228],[-235,-153],[-1231,426],[-243,359],[-452,158],[-36,323],[-184,-97],[-53,204],[-278,30],[72,231],[-341,548],[-633,503]],[[52257,65468],[41,-6]],[[49583,62750],[-546,-88],[-317,-191],[68,-75]],[[46166,63567],[297,247],[-172,420],[91,249],[-84,123],[102,40],[-114,73],[108,104],[-71,161],[143,81],[-72,336],[130,155],[50,528],[208,167],[-150,49],[8,96],[112,38],[6,144],[234,-4],[327,204]],[[47319,66778],[-25,-398],[-298,-79],[83,-270],[-194,-271],[71,-98],[-190,-116],[88,-29],[-84,-334],[108,-407],[-166,-499],[80,-109],[358,187],[263,-139],[-25,266],[199,153],[242,-87],[438,480],[48,220],[183,105],[186,-55],[101,244],[-62,119],[352,-93]],[[28997,57179],[2625,-174]],[[35576,54942],[-146,-185],[335,-73],[75,-440],[227,23],[21,-292],[-212,-49],[34,-249],[-236,-16],[262,-150],[-137,-401],[557,-99],[151,-431],[606,-271],[264,-431],[-144,-868],[348,-228],[-105,-105],[75,-205],[157,-25],[222,-373],[-47,-198],[-296,-212],[26,-183],[-159,-73],[-88,-241]],[[42459,55110],[-65,177],[-290,171],[64,127],[-118,80],[115,261],[-46,92],[-126,-77],[-3,83],[162,341],[-73,224],[70,147],[-197,204],[109,502],[347,284]],[[46156,57002],[-359,-413],[-33,-411],[140,-170],[337,-186],[202,40],[46,-114],[339,88],[312,-128],[119,105],[100,-176],[535,283]],[[47699,53973],[-29,107],[-225,-50],[2,-104],[-595,-360],[-118,-266],[-352,79],[-75,-216],[-118,97],[36,199],[-309,-300],[87,-138],[-225,-73],[-195,118],[4,-130],[134,-55],[-75,-154],[-280,186],[-268,-135]],[[45098,52778],[-417,-239],[-156,68],[-208,-195],[-387,-75]],[[43930,52337],[356,591],[-126,430],[231,951],[-538,897],[-312,-89],[-238,-224],[-407,-10],[-216,-204],[-193,147],[-28,284]],[[34262,4383],[-106,-139],[-77,-605],[-912,-650],[-197,-348]],[[32970,2641],[-272,-6],[-316,469],[-203,-71],[121,151],[-290,214],[-90,479],[-383,-15],[-99,109],[164,0],[-60,197],[-338,3],[65,405],[-169,-219],[-375,318],[-163,-165],[-107,54],[44,235],[-294,-184],[-150,286],[-161,-19],[-25,306],[-327,-35],[-105,232],[-226,-151],[-239,150],[-51,271],[-302,-97],[73,86],[-149,397],[-152,-47],[-128,144],[-198,-135],[17,147],[-244,-79],[10,222],[-87,-73],[-16,182],[-196,137],[-167,-163],[-63,261],[-159,-96],[-9,115],[-207,100],[-53,-156],[-101,90],[55,117],[-238,-35],[41,176],[-248,-46],[-26,122],[163,215],[-63,220],[-132,91],[-141,-85],[-65,233],[-270,-48],[-124,292],[-287,-102],[0,288],[-357,155],[-227,61],[-217,-170],[98,364],[-300,64],[-225,209],[-137,-141],[-116,87],[-96,-64],[-109,305],[-301,-9],[32,109],[-139,-4],[26,132],[-163,-18],[-127,230],[-151,-86],[-320,125],[99,86],[-211,166],[-7,175],[-200,-171],[-89,112],[51,119],[-236,46],[-41,-98],[-96,91],[-107,-98],[-210,179]],[[21579,10084],[-82,70],[68,145],[-194,80],[-200,-103],[-480,227],[-268,-160],[-261,13],[-166,261],[-213,18],[-57,260],[-355,138],[-67,200],[-338,113],[-21,187],[-352,155],[-184,492]],[[23410,13515],[321,-186],[-13,-183],[1024,-435],[-87,-125],[55,-97],[183,12],[128,-138],[91,103],[92,-166],[150,52],[230,-312],[201,102],[64,-243],[267,-206],[-26,-158],[172,70],[726,-772],[231,3],[291,-203],[242,-572],[407,-28],[-42,-348],[136,28],[145,-133],[108,113],[167,-361],[314,-291],[-30,-259],[384,77],[142,-121],[107,98],[433,-234],[60,-262],[272,119],[177,-154],[221,32],[358,-572],[43,-379],[355,-46],[-69,-402],[256,102],[-107,-273],[226,-32],[134,-194],[181,117],[132,-56],[56,-200],[-260,-91],[97,-82],[281,161],[257,-323],[417,-72],[436,-281],[106,-462],[174,49],[-57,-325],[87,-67],[171,119],[180,-271],[146,-36],[-91,-338]],[[52381,46515],[-705,-441],[-27,181],[-1240,447],[-627,-636],[-344,-83],[-494,149],[186,-194],[274,-763],[-93,-373],[-98,33],[-238,-243]],[[48975,44592],[-202,54],[-17,277],[-278,520],[-310,168],[-211,-15],[-138,-343]],[[47819,45253],[-214,123],[81,178],[-135,419],[48,212],[260,362],[1269,1084]],[[51247,13601],[546,-157],[302,217],[36,1145],[-1163,567],[-343,-63],[-207,-218],[-223,63],[-110,-217],[-122,19],[-80,-123],[-156,65],[-92,-125],[-69,146],[-238,-198],[-1088,534],[-465,965],[-262,-754],[25,-348],[-285,-320],[127,-270],[-35,-414]],[[47345,14115],[-306,-80],[-399,92],[-376,1025],[-942,786],[-448,188],[-321,-153]],[[44553,15973],[-20,127],[208,79],[-16,135],[380,165],[-92,243],[196,102],[108,-91],[127,115],[-31,118],[118,-75],[383,129],[146,311],[675,392],[129,182],[111,-88],[633,282],[700,-442],[27,-244],[769,-172],[542,-421],[68,158],[264,-132],[-221,182],[139,67],[115,-142],[-27,175],[143,-51],[-144,231],[226,84],[-35,542],[275,99]],[[54430,18573],[61,153]],[[54491,18726],[312,-115],[555,109],[382,605],[307,72],[106,180],[331,23],[117,-692],[209,-443],[782,-337],[122,49],[212,-452],[12,-317],[125,-66],[-96,-148],[106,8],[19,-212],[329,-449]],[[58421,16541],[-336,-253],[36,-211],[-197,-205],[-549,-18],[-169,-356],[-386,-271],[-488,241],[63,180],[-246,36],[-389,-290],[-90,-187],[-662,48],[-31,-99],[275,-348],[-76,-159],[-430,-317],[-282,-608],[-485,-180],[-107,-399],[-464,35],[-223,-502],[-561,-679],[-395,103],[-571,857],[-351,244],[-60,398]],[[34292,41000],[-497,-1346],[-201,-160],[-320,81],[-84,-111]],[[29867,35813],[-333,189],[23,167],[-373,484],[-604,34],[-49,361],[-225,0],[-114,335],[-256,54],[-145,421],[-226,-78],[-43,777],[160,330],[-78,95]],[[25479,42709],[30,275],[-297,3],[13,355]],[[25225,43342],[104,-91],[206,43],[-4,-129],[532,-641],[229,42],[44,213],[151,-68],[36,129],[210,-24],[118,129],[204,-262],[-93,-104],[413,-205],[94,-235]],[[27469,42139],[-163,-367],[3,-322],[387,-168],[409,-1109],[372,181],[281,-17],[33,-409],[150,-109],[-3,-358],[151,-255],[-71,-221],[253,-77],[-92,-107],[6,-317],[228,-269],[-113,-131],[333,-112],[106,-300],[243,344],[-29,696],[332,746],[-173,504],[51,130],[196,-35],[271,156],[21,126]],[[30651,40339],[484,169],[218,478],[-168,225],[-205,-3],[149,538],[-348,54],[-177,354],[113,119],[-46,133],[261,126]],[[42236,30376],[-119,-24],[-78,-220],[-314,103],[-256,-190],[-11,256],[79,100],[91,-63],[-35,151],[326,294],[-42,120],[-181,47],[92,336],[-271,129],[14,-409],[-102,-33],[-51,89],[-155,-32],[-24,215],[-179,-119],[-109,229]],[[43309,33997],[-439,-649],[56,-111],[-157,-389],[132,-213],[-114,-192],[14,-707],[-565,-812],[137,-175],[-137,-373]],[[50367,49683],[137,430],[-48,234],[-311,63],[-91,-117],[-235,124],[-86,112],[105,111],[-238,255]],[[49600,50895],[319,569],[73,737],[260,126],[75,406],[117,-59],[8,207],[102,55],[-82,84],[114,234],[-172,104],[-129,345],[102,138],[-80,522]],[[54026,57165],[196,-51],[0,-106],[221,-144],[241,59],[16,-154],[80,7],[126,-304],[-147,-161],[51,-158],[-128,-44],[130,-155],[-107,-57],[92,-208],[-173,-235],[167,-183],[197,73],[341,-492]],[[16648,28261],[413,37],[484,798],[165,418],[-175,163],[84,452],[830,-56],[158,-124],[101,552],[151,-32],[218,156],[-2,368],[936,-307],[284,479],[630,85],[219,155],[135,-97]],[[28508,19243],[-556,186],[-66,216],[-341,1],[-168,291],[-647,8],[-269,-331],[-35,-243],[-214,-161],[-67,-922],[-621,51],[-357,343],[-444,144],[-137,-55],[-102,-222],[159,-33],[-226,-542],[263,-301],[278,-24],[72,-201],[236,18],[369,-321]],[[25635,17145],[-238,-572],[21,-569],[-1642,-1876],[-29,-257],[-221,-120],[-116,-236]],[[23410,13515],[-323,197],[-246,-29],[-12,205],[-192,-17],[-55,194],[-668,44]],[[29723,44936],[-704,0]],[[29019,44936],[-86,136],[37,432],[-144,136],[-63,452],[-216,343],[-269,145],[131,385],[-202,200],[78,314],[-339,353],[57,146],[-144,291]],[[27724,48818],[521,13],[97,-287],[326,-217],[269,35],[401,-565],[221,5],[370,-238],[586,-18],[55,-176],[101,41],[82,-140],[84,-311],[268,-155],[454,0],[288,-149],[8,-240]],[[31855,46416],[168,-215],[-147,-224],[105,-160],[-357,-488],[-140,-494],[-604,280],[-198,328],[-212,-106],[-169,65],[-578,-466]],[[51532,49187],[-75,314],[66,180],[-99,57],[77,319],[1018,519],[-90,211],[83,33],[130,-356],[280,146]],[[50948,24618],[661,-20]],[[51683,23195],[-128,138],[-305,-9],[-148,134],[-283,-328],[-173,0],[-186,227],[-133,-69],[-213,159],[-1023,-486],[-181,-245],[-299,350],[-1095,-108],[-307,-261]],[[21105,56503],[-143,358],[248,403],[-81,305],[377,490],[-54,236],[-189,152],[-13,496],[117,303],[464,353],[-20,119],[-295,27],[-43,96],[289,627],[-6,367],[761,310],[168,378],[492,393],[266,581],[890,158],[554,592],[723,-52],[402,486]],[[26012,63681],[-39,-272],[-201,-258],[-536,-338],[13,-466],[-146,-115],[-61,-552],[402,-879],[-98,-300],[75,-604],[1494,-450],[568,71],[238,-524],[-1274,-217],[67,-1233],[-189,-13],[59,-967],[326,137],[394,-246],[363,52]],[[30624,53255],[770,-141],[-27,-112],[442,-346],[-12,-177],[280,-16],[98,-194],[751,-42],[263,-129],[338,-447],[37,-551],[270,-373],[-78,-465]],[[33401,49237],[-245,-306],[-306,181],[-204,-86],[-295,55],[-178,-417],[-377,-161],[-134,78],[-49,286],[-418,192],[-385,-232],[-302,149],[-347,451],[-421,271],[-232,-150],[-131,139],[-182,-18],[-134,126],[-235,-53],[-277,183],[-128,-106],[-226,89],[-286,-169],[-299,349],[-507,-306],[10,-100]],[[24519,4758],[-133,135],[-46,391],[391,847],[635,-166],[738,9],[152,-377],[667,-278],[98,-309],[590,-137],[245,-430],[495,-101],[141,-215],[736,-140],[181,-676],[-36,-626]],[[29373,2685],[-470,61],[-228,229],[-504,58],[-317,315],[-61,-79],[-239,101],[-351,-207],[-336,177],[-51,172],[-92,-49],[-156,194],[-121,-7],[-4,296],[-408,-59],[-107,118],[-325,-109],[45,153],[-171,254],[-267,-35],[-188,205],[77,77],[-256,139],[-202,-82],[-122,151]],[[59883,40004],[42,303],[-127,62],[-245,-118],[-594,-747],[-754,-8],[-503,463]],[[57702,39959],[109,341],[335,-217],[402,317],[340,-87],[100,169],[-353,185],[-284,611],[-125,2],[-282,-310],[24,130],[-220,327],[160,363]],[[57908,41790],[-82,408],[83,212]],[[57909,42410],[1315,949]],[[75136,46911],[1016,-20],[21,-688],[-110,-404],[317,-524],[-168,-567],[54,-806],[-925,-1233],[8,-755],[-150,-330],[-415,-180],[-155,-184],[-111,84],[-5,447],[-221,141],[-103,-73],[106,-29],[-121,-127],[73,-101],[-144,-54],[82,-71],[-90,-64],[119,-72],[-123,-280],[66,-227],[-241,-207],[30,-274],[-168,-171],[-100,28],[-51,-196],[-257,-190],[39,-121],[-110,13],[-178,-343],[90,-190],[-180,-112],[-61,-251],[119,-15],[-71,-117],[140,-426],[-122,-28],[92,-242],[-242,0],[-67,-146],[179,-99],[-125,-135],[221,-224],[-147,-223],[76,-210],[-103,-72],[138,-20],[-154,-214],[142,-103],[-119,-69],[29,-111]],[[72956,36326],[-115,41],[-131,-143],[154,-358],[-304,-451],[46,-296]],[[66393,44893],[110,-197],[120,119],[401,-166],[59,123]],[[71987,47778],[325,-395],[273,26],[758,-363],[144,-692],[210,-363],[682,-370],[80,217],[-96,169],[199,-9],[322,333],[252,580]],[[49434,31063],[-142,103],[236,185],[-32,231],[-169,155],[172,35],[-84,180]],[[51200,32907],[376,-81],[69,232]],[[51645,33058],[172,64],[96,-285],[386,-282],[37,-231],[-536,-533],[-279,-24],[-53,-206],[-259,-42],[206,-233],[-32,-198],[334,-314],[322,106],[1046,-198],[104,-352],[595,-406]],[[96043,71016],[376,234],[-421,497],[32,554],[239,818],[-200,36]],[[97916,74144],[97,-182],[299,-65],[63,-162],[298,95],[177,-70],[-82,-262],[214,60],[262,-176],[75,-498],[202,-308],[129,13],[62,-112],[178,80],[109,-149],[-347,-770],[-588,-343],[-468,120],[137,-294],[-257,-358],[312,-230],[-55,-484],[338,-228],[-218,-223],[82,-329],[-172,-358],[184,-258],[-142,-250],[72,-270],[-428,-156]],[[98449,67977],[78,345],[-475,374],[-405,127],[-234,-165],[-156,150],[-192,338],[157,342],[-177,459],[-268,174],[-95,238],[-471,238],[-168,419]],[[55948,79372],[418,-369],[6,-754],[143,-15],[1030,726]],[[57545,78960],[331,-231],[385,25],[480,-449],[233,-83],[511,147]],[[59485,78369],[-279,-367],[-369,-110],[186,-273],[1,-307],[-320,-134],[-223,76],[29,-240],[-173,-98],[-657,136],[-15,150],[-142,42],[-188,-95],[-627,92],[-35,-111],[-42,121],[-238,93],[-246,-269],[-148,70],[-508,-80],[-82,-182],[102,-192],[-76,-598],[180,-149],[-149,-401]],[[54073,74300],[53,522],[-85,273],[-523,465],[-594,92],[-358,569],[20,247],[-653,0],[-265,-225],[-896,6],[-504,-239],[-130,37],[-346,-418]],[[49792,75629],[-19,-119],[-159,-35],[-208,119],[-44,304],[-186,-149],[-81,155],[-187,-7],[169,201],[-508,268],[42,210],[-417,49],[-229,-247],[-247,58],[12,-157]],[[46497,78766],[125,-96],[188,78],[94,270],[385,296],[-47,240],[277,-6],[390,-191],[411,74],[401,254],[640,-665],[224,-437],[995,-741],[152,-233],[568,144],[388,-148],[230,113],[234,318],[495,-82],[146,286],[172,-1],[-88,-324],[245,-255],[-16,-128],[269,92],[97,-250],[138,128],[239,8],[138,262],[284,172],[171,758],[-87,124],[457,479]],[[62834,20415],[-323,-252],[38,-308],[-486,-100]],[[62063,19755],[-360,258],[37,154],[-284,498],[69,70],[-110,466],[98,118],[-390,409],[-60,291]],[[61728,23182],[424,-269],[-26,-248],[726,-810],[203,-859],[-66,-121],[-104,31],[129,-240],[-118,-30],[58,-143],[-120,-78]],[[31622,57005],[28,116],[-168,171],[-165,-76],[-80,190],[-57,-40],[-72,740],[-147,199],[-69,54],[-271,-179],[-28,255],[-419,40],[-22,301],[-173,164],[73,113],[-388,460],[78,124]],[[29742,59637],[131,-25],[40,134],[684,-1035],[839,243],[454,-122],[52,856],[-162,470],[32,298],[196,-329],[383,444],[945,-97],[815,1205],[-8,364],[-328,302],[49,145],[-154,166],[-245,80],[-81,241]],[[33384,62977],[303,-36],[2,-150],[133,29],[-50,-89],[168,-13],[3,-94],[112,36],[-40,-173],[259,-34],[-11,-140],[215,-127],[-86,-34],[-14,-318],[43,-142],[137,-24],[-85,-52],[71,-105],[-61,-285],[-421,-456],[134,-302],[-29,-272],[124,-72],[-84,-149],[87,-248]],[[34294,59727],[150,-371],[-169,-142],[90,-113],[-83,-42],[109,-197],[215,-31],[307,-921],[163,-103],[227,-468],[531,-351],[114,-219],[400,-127],[301,84],[370,729],[162,-123],[-131,-402],[-112,-55],[253,-935],[14,-288],[-150,-174]],[[37055,55478],[-275,-150],[-110,50],[-88,-177],[-352,107],[-407,-404],[-247,38]],[[35576,54942],[-178,29],[-82,253],[-331,25],[-770,1133],[-409,19],[-194,174],[-93,-99],[-208,39],[-201,246],[25,-73],[-351,-162],[-5,-184],[-139,-101],[-159,139],[-130,-45],[27,184],[-114,169],[-128,-18],[-4,83],[-259,-91],[-251,343]],[[41682,20248],[-479,-267],[-401,126],[-88,-117],[-303,-5],[-294,-199],[48,-96],[-157,-203],[-205,-28],[-196,-186],[-224,-425]],[[70406,64758],[64,-154],[233,-11],[154,-176],[25,-356],[126,-160],[-62,-96],[-150,58],[59,-137],[-169,-257],[-50,-471],[110,-106],[-21,-298],[-362,-437],[140,-105],[-179,-127],[2,-151],[-161,-25],[101,-98],[-4,-240]],[[69852,82640],[-331,-422],[51,-389],[-90,-243],[137,-708],[-209,-261],[-267,-6],[-109,-154],[-108,14],[-263,-559],[-549,-510],[-602,384],[-382,-207],[-214,128],[-147,-361]],[[66769,79346],[-202,193],[28,172],[-160,89],[30,92],[-221,35],[106,269],[-197,47],[-171,283],[-207,32],[52,113],[-301,129],[91,156],[-94,77],[60,197],[-294,276],[361,110],[-225,43],[-294,484],[103,194],[-36,467],[96,127],[-772,-96],[-296,260],[-355,-75],[48,131],[-95,3],[-259,-258],[26,-224],[-487,-119],[-181,209],[-200,15],[-258,-189],[9,-191]],[[62474,82397],[-179,114],[-358,-14]],[[63589,87077],[134,155],[227,-6],[-1,1399],[323,160],[152,731],[301,44],[230,-222],[36,182],[98,34],[-112,-797],[88,-167],[-52,-411],[255,-184],[-44,-468],[190,-31],[58,-125],[161,298],[178,-59],[123,115],[236,-14],[12,103],[58,-76],[318,329],[300,-75],[-29,282],[338,-10],[129,-117],[-16,140],[280,155],[7,162],[157,68],[-39,-109],[192,20],[38,122],[170,10],[251,391],[518,-55],[-38,151],[124,123],[195,78],[115,-144],[284,81],[-303,-518],[180,-404],[-221,-308],[160,-143],[54,-398],[-227,-310]],[[69177,87259],[79,-492],[-95,-458],[324,-184],[15,-762],[-183,-192],[-147,10],[-129,389],[-105,-22],[-29,-479],[-124,-214],[270,-152],[212,72],[95,-287],[353,-112],[-138,-610],[285,117],[386,-122],[-246,-211],[-23,-752],[-125,-158]],[[5583,15131],[-476,-3129]],[[5107,12002],[-590,78],[33,288],[-348,93],[74,199],[-415,691],[267,426],[402,153],[123,329],[351,282],[77,518],[502,72]],[[11472,31498],[185,48],[199,-146],[29,-171],[353,-320],[171,138],[582,-114],[433,-369],[230,155],[545,-67],[444,194],[302,-210],[72,-472],[555,-362],[73,-416]],[[12814,26923],[87,-366],[655,-371],[98,-211],[437,-326],[11,-109],[-318,-249],[74,-190],[-172,-170],[102,-226],[214,-143],[-93,-290],[-661,-16],[119,-306],[563,-94],[28,-125]],[[6345,20103],[-521,-3383]],[[5824,16720],[-714,-58],[-1103,257],[-814,-416],[-190,-358],[-573,122],[-405,412],[-143,1325],[-267,828],[-183,1111],[267,323],[653,114],[149,932],[-311,578],[-531,395],[52,242],[-217,483],[96,400],[-385,556],[61,152],[-119,277],[-113,3],[5,119],[-344,390],[-515,220],[-5,281],[-120,52],[100,318],[-155,352],[16,525],[92,71]],[[4348,37459],[-2,152],[-211,195],[160,139],[125,-216],[213,109],[17,169],[194,65],[-20,127],[133,122],[233,-68],[66,172],[106,-63],[78,106],[226,-87]],[[5666,38381],[86,-57],[-104,-99],[65,-212],[-116,-242],[110,55],[108,-149],[-115,-370],[199,-210],[-186,-215],[110,-118],[-50,-120],[315,-164],[192,19],[337,-461],[217,-57],[-87,-118],[129,-147],[188,119],[100,-178],[98,90],[293,-137],[331,1],[16,91],[506,-33],[11,-98],[173,73],[111,-126],[-69,-204],[-382,-177],[265,-271],[128,4],[-92,-64],[218,-278],[247,70],[122,-161],[106,32],[326,-212],[-74,-256],[407,-251],[-44,-98],[182,-273],[-98,-60],[155,-158],[93,-369],[-153,-564],[169,-257],[95,-489],[161,223],[156,-9],[274,-177],[54,-334],[290,-17],[233,330]],[[30932,42532],[-35,163],[155,83],[64,208],[-12,351],[245,313]],[[31349,43650],[364,-19],[569,-501],[306,-116],[190,-419],[181,38],[475,-446],[297,-118],[-73,164],[103,306],[250,313],[641,162],[24,407]],[[34676,43421],[271,-30],[44,134]],[[34991,43525],[82,-47],[-27,-510],[-94,-55],[310,10],[62,-651],[156,-21],[-48,-116],[124,-94],[136,25],[-96,100],[53,128],[104,-215],[129,-7],[-71,186],[184,48],[56,-185]],[[36051,42121],[-209,-1197],[-488,-20],[-95,-280]],[[35259,40624],[-545,-115],[-232,213],[-4,172],[-186,106]],[[34292,41000],[-437,28],[-223,-99],[-209,277],[-108,-63],[-103,171],[143,96],[15,352],[-269,322],[-388,-27],[-180,400],[-223,-612],[-398,-34],[-177,26],[-306,316],[-393,37],[-104,342]],[[81401,85402],[-354,225],[-327,489],[-106,11],[38,290],[-340,191],[71,429],[-349,306],[-30,371],[-244,79]],[[79760,87793],[-21,227],[285,252],[278,-294],[204,41],[197,-168],[380,138],[191,-233],[194,240],[-11,148],[269,112],[-51,238],[253,105],[57,146],[625,103],[113,-102],[-122,-131],[206,-95],[440,84],[43,222],[-95,28],[118,129],[322,85],[41,-131],[109,139],[130,-149],[109,65],[-75,77],[70,139],[151,88],[192,-56],[435,254],[51,-61],[158,102],[78,239],[193,1],[122,-143],[-2,140],[686,399],[2,157],[503,422],[171,49],[18,-185],[314,-78]],[[87091,90536],[182,-60],[115,102],[44,-78],[101,178],[261,-393],[532,-72],[381,-252],[61,84],[155,-48],[186,358],[465,277],[687,-99],[231,398],[389,-47],[273,238],[748,298],[645,-207],[-62,-210],[139,-48],[-68,-234]],[[92556,90721],[-102,-267],[-617,-332],[-337,-823],[-797,-819],[-231,18],[-130,-177],[-176,62],[-245,-233],[-487,-78],[57,-140],[-102,-116],[130,-328],[-176,-194],[-193,-8],[-84,-390],[188,-389],[-124,-374],[-140,-72]],[[27113,49682],[252,94],[42,-429],[387,-132],[-143,-348],[73,-49]],[[27724,48818],[135,-549]],[[27859,48269],[-340,-318],[-77,-399],[95,-136],[-423,-766],[-157,221],[-153,36],[-251,-285],[-123,-355],[-205,244],[-536,-224],[-112,292],[-125,25],[-130,-8],[5,-104],[-213,-153],[-299,-5],[-74,95],[-34,-98],[-157,299],[304,289],[-255,122],[28,179],[-297,299],[-110,-18],[-68,188],[-127,-43],[-23,-184],[-156,3],[-3,-213],[-164,-103],[-218,-17],[-234,141],[107,-216],[-144,-31],[-32,-165],[-421,-21],[7,-151],[-154,-102],[-356,68]],[[22234,46655],[-212,74],[-180,253],[26,317],[-643,278],[-12,136],[-136,-18],[-1,102],[-227,121],[-48,208],[-489,-123],[-560,830],[-306,-63]],[[19446,48770],[-119,148],[132,183],[-135,310],[-452,277],[168,384],[171,26],[-118,-180],[71,-65],[264,493],[-592,148]],[[18836,50494],[200,85],[-8,301],[271,242],[-193,227],[-89,-168],[-210,54],[-140,271],[185,299],[-132,-135],[-86,56]],[[18634,51726],[55,312],[233,206],[337,614],[418,283],[16,273],[620,998],[39,296],[-349,803],[35,287],[224,70],[71,-385],[222,-27],[188,214],[-158,244],[15,237],[413,174],[92,178]],[[21105,56503],[682,-323],[162,-201],[-24,-316],[-192,-215],[247,-25],[255,-357],[234,162],[138,-92],[-41,-335],[76,-21],[36,139],[108,-191],[-117,-94],[83,-62],[-68,-151],[124,-110],[-109,-94],[251,-40],[-89,-262],[148,-181],[-240,-63],[-5,-221],[577,-217],[77,-126],[-81,-347],[-182,-28],[161,-75],[-126,-166],[41,-107],[84,-49],[-67,126],[182,-2],[101,-108],[-205,-133],[100,-308],[421,18],[211,-137],[199,-201],[63,-271],[276,22],[44,110],[142,-45],[-49,-69],[112,-78],[-114,-277],[176,13],[158,-312],[142,-10],[-106,-65],[99,-92],[182,111],[-38,-241],[162,-181],[228,-105],[380,213],[51,-179],[255,-5],[-53,-178],[118,86],[28,-215],[213,40],[247,-256],[140,76]],[[23453,30245],[176,237],[511,-189],[719,166],[216,405],[282,233],[512,216],[59,-59],[87,133],[202,-14],[144,328],[198,42],[37,284],[190,52],[-129,113],[-18,385],[303,-120],[78,155],[-119,237],[97,129],[352,141],[167,238],[1015,66],[264,161],[-92,365],[326,58],[-7,185],[268,139],[-2,379],[156,240],[-51,329],[-236,329],[451,130],[132,-68],[126,143]],[[63589,87077],[142,-193],[128,-853]],[[59507,94062],[129,195],[325,-85],[49,-468],[311,-13],[78,-283],[1078,-810],[17,-822],[227,-312],[138,-39],[165,132],[101,-101],[29,118],[144,15],[256,-268],[238,-24],[158,-541],[361,-98],[-23,-259],[92,-5],[101,-281],[-104,-125],[158,27],[111,-274],[-81,-239],[-206,-128],[170,-128],[101,-394],[-100,-562],[-211,-163],[173,-217],[-149,-650],[165,-301],[81,118]],[[55486,21260],[-1550,589],[-1011,-181],[-269,359],[-125,0],[-68,276],[-507,-35],[-150,291],[-149,1],[125,218],[-68,155],[-125,-48],[136,190],[-42,120]],[[51683,23195],[215,321],[-2,208],[-233,382],[424,-33],[-29,162],[-222,2],[242,87],[-56,135],[77,90],[-75,98],[-211,-24],[-60,-116],[-144,91]],[[51609,24598],[375,161],[-187,257],[54,159],[163,-109],[143,81],[-57,185],[113,90],[46,523]],[[58850,26728],[195,-151],[18,-217],[285,-117],[102,-449],[176,11],[59,-134],[104,44],[144,-118],[137,-578]],[[59957,22392],[-33,-248],[201,-154],[-163,-107],[-145,-516],[86,-18],[-185,-159],[113,-46],[-54,-510],[-85,-17],[72,-168],[-222,-121],[84,-130],[-196,-356]],[[59430,19842],[-389,-45],[70,156],[-200,167],[35,157],[-268,51],[180,130],[-102,196],[86,155],[-151,93],[-120,-87],[-139,495],[-205,-96],[-112,192],[-229,-157],[-403,277],[-137,-81],[-261,364],[-185,-156],[-216,68],[-408,-405],[-203,9],[-289,210],[-298,-275]],[[45502,58121],[-350,45],[-56,132],[-555,-214],[-94,114],[-373,-143],[-61,211],[-430,15],[-58,-123],[-812,-38],[-305,-394]],[[42408,57726],[194,527],[-178,260],[427,371],[-45,422],[295,345],[-28,192]],[[43073,59843],[278,269]],[[39211,47250],[41,104],[-96,78],[97,39],[-169,357],[149,258],[179,64]],[[39412,48150],[265,-188],[538,124],[532,-152],[414,239],[412,22],[784,290],[423,271],[140,22],[159,-166],[297,227],[288,-6]],[[43664,48833],[185,-506],[-120,-297],[72,-210],[-92,-403],[109,-762],[420,-228],[398,-1],[98,-249],[215,21],[107,-99]],[[45056,46099],[-353,-197],[-336,50],[-138,-89],[-624,214],[-570,46],[-245,-377],[158,-245],[-69,-230]],[[42879,45271],[-479,-384],[-40,-253]],[[42360,44634],[-31,101],[-334,2],[-288,297],[-450,-99]],[[33345,64703],[-103,415],[59,237],[-187,121],[-176,375],[88,200],[-39,494],[-192,200],[120,340],[-161,131],[116,176],[-81,-8],[-156,332],[-104,-10],[26,220],[-305,100],[315,499],[147,-55],[77,123],[-94,84]],[[38183,67213],[-45,-227],[149,-104],[52,-222],[173,-35],[71,-441],[116,-58],[271,150],[96,-308],[312,21],[-23,-234],[256,-119],[-151,-205],[146,20],[89,-334],[197,-49],[-12,-165],[229,-136],[-143,-163],[105,-229],[-205,-162],[94,-96]],[[39960,64117],[-1178,-1176],[-665,-263],[-392,-74],[-110,91],[-362,-146],[-492,146],[-366,332],[-53,229],[-203,212],[-723,90],[-195,227],[-720,246],[-736,-113],[-281,427],[-118,10],[-21,348]],[[40766,83808],[-275,-443],[115,-63],[98,183],[204,-159],[147,-572],[-124,-305],[78,-169],[62,117],[238,-65],[20,217],[181,-297],[157,223],[547,-267],[-19,216],[164,-499],[202,-104],[125,-12],[-19,303],[131,121],[303,-415],[117,112],[125,-80],[113,-283],[158,37],[203,331],[144,-117],[655,-29],[121,-193]],[[44737,81596],[113,-356],[-60,-223],[187,-138],[139,96],[207,-189],[-143,-381],[60,-142],[-180,-1],[-27,-239],[-218,-10],[257,-220],[-275,-239],[-20,-282],[-188,-220],[332,-437],[110,1]],[[55948,79372],[-1136,-67]],[[54812,79305],[-1494,-69],[183,161],[86,388],[246,230],[20,198],[-66,285],[-425,214],[-391,-87],[-211,-285],[-322,-2],[-172,-368],[-264,33],[-156,-107],[-214,158],[-188,-189],[-500,-16],[-171,-148],[-309,251],[0,206],[-183,36],[-85,288],[-346,-15],[191,227]],[[56143,81884],[-458,-216],[-24,-217],[-168,-16],[-73,-169],[49,-477],[-80,-122],[320,-193],[-11,-719],[250,-383]],[[44476,41359],[347,71],[606,423],[164,-100],[106,187],[698,72],[161,-73]],[[46558,41939],[459,28],[404,-614],[507,-268]],[[55234,44375],[212,-17],[5,-183],[327,-418],[569,-518]],[[56135,42021],[-656,-365]],[[55479,41656],[-253,266],[-26,379],[325,190],[-22,185],[-545,187]],[[67150,78265],[119,-83],[106,115],[177,-100],[111,67],[59,-134],[347,-173],[-42,-239],[121,-219],[403,-86],[-36,-258],[339,-59],[-15,-132],[190,-207],[-50,-182],[184,-121],[-53,-300],[217,-301],[-58,-115],[206,-161],[118,63],[29,-215],[255,-224],[-105,-205],[574,-291],[249,-318],[215,21],[65,-297],[229,35],[111,-143],[207,-16],[27,-347],[119,156],[172,9],[46,-101],[131,30],[247,-339],[385,138],[58,-106],[120,21],[-31,-229],[-208,-47],[260,-534],[216,70],[258,-268],[111,62],[-27,148],[363,20],[11,79]],[[73680,72749],[159,-281]],[[74597,68375],[-168,-646],[-97,-111],[-192,53],[-110,-88],[-173,-440],[-491,-573],[-378,-114],[-236,-286],[-198,72],[-504,-128],[-369,-277],[-238,241],[-95,-58],[-398,-395],[80,-110],[-79,-185],[-284,-15],[-261,-557]],[[70406,64758],[-187,215],[122,58],[47,228],[-259,197],[-512,31],[-126,-100],[-497,79],[-722,-476],[-266,102],[-507,-404],[-437,82],[-166,-202],[-234,65],[-350,-531],[-576,155],[-79,-199],[-637,-230],[-69,-314],[-250,47],[-60,-261],[-236,-203],[-368,152],[-105,-140],[-124,45],[-151,249],[-181,-70],[-247,106],[-61,-143]],[[61175,65262],[-54,213],[222,57],[-78,99],[138,125],[0,203],[376,142],[-128,56],[-74,268],[221,216],[-138,139],[126,391],[-256,249],[60,484],[-134,-44],[-44,159],[-256,170],[20,107],[-207,51],[-128,-338],[-238,97],[-219,-49],[-89,-254],[-282,-110],[-444,-67],[-126,77],[47,129],[-331,120],[-609,-134]],[[61645,75605],[203,-468],[200,150],[288,-301],[1013,-191],[7,235],[204,57],[225,450],[221,60],[104,188],[237,-149],[323,245],[81,385],[-107,144],[245,88],[162,654],[346,60],[205,-117],[104,160],[407,100],[506,399],[527,-23],[-76,379],[80,155]],[[46166,63567],[52,-215],[249,-77],[-195,-308],[2,-405],[212,-69],[164,-308]],[[43513,61598],[-80,226],[130,583],[785,598],[-22,79],[345,-48],[61,300],[458,185],[275,296],[107,-239],[318,-81],[63,114],[213,-44]],[[67210,21898],[343,354],[-145,-268],[3,-297],[390,-234],[221,-328],[308,93],[89,-112],[152,89],[62,-66]],[[68633,21129],[123,-273],[-124,38],[-324,-272],[132,-55],[222,-465],[-381,-179],[45,-568],[-186,-21],[-49,87],[-182,-88],[-53,-249],[-133,-76],[62,-374],[-80,-108],[120,-164],[-78,-75],[144,-159],[-159,1],[57,-177]],[[67789,17952],[-143,-67],[44,-121],[-221,84],[85,-198],[-425,-73]],[[67129,17577],[-238,675],[-293,425],[-228,-27],[-17,312],[-256,99],[-12,231],[380,287],[22,272],[457,137],[143,330],[354,282],[-297,694],[143,251],[-77,353]],[[32695,68677],[-203,-26],[-16,172],[-228,146],[18,186],[99,21],[-70,112],[110,70],[-52,135],[183,64],[-80,83],[152,408],[-116,38],[118,61],[1,507],[195,159],[-134,101],[159,77],[-75,130],[52,325],[299,220],[-39,145],[126,-79],[173,128],[-78,174],[109,-1],[115,317],[-117,15],[12,112],[234,-59],[149,215],[117,313],[-96,161],[105,124],[-145,30],[-43,700],[-258,37],[112,306],[-97,-15],[-59,315],[-75,-42],[-11,328],[-381,457],[19,120],[-293,218],[99,255]],[[32785,75940],[129,431],[-327,742],[121,299],[-238,223],[-37,219],[369,629],[-5,843],[-251,494],[75,954],[-269,402],[163,194],[751,349],[308,1034],[206,350],[129,1059],[602,406],[426,651],[267,145],[-19,836],[739,779]],[[37861,83564],[136,-631],[-29,-190],[-113,24],[-17,-96],[148,-192],[-86,-119],[86,-105],[-238,-227],[255,-324],[-223,-221],[101,-77],[8,-294],[-248,-166],[319,-73],[278,-248],[248,-747],[707,-378],[-175,-397],[533,-1236],[287,-226],[519,-151],[1704,-96]],[[42293,75638],[-2876,-3207],[228,-241],[-13,-271],[118,-38],[247,-649],[154,-71],[39,-308],[-127,-380],[405,-268],[-51,-130],[203,-233],[-291,-259],[-99,-363],[761,-523],[-29,-386],[89,-43],[-544,-1166],[-382,-101],[-306,199],[-375,13],[-803,-49],[-165,-113],[-293,162]],[[38183,67213],[-220,32],[-105,-141],[-211,181],[-271,-9],[224,236],[20,166],[-162,141],[-126,-37],[-56,91],[100,160],[-211,231],[-244,-13],[-99,117],[16,259],[-118,173],[7,-101],[-100,32],[-65,-190],[-112,-10],[15,-256],[-136,-105],[153,30],[-73,-166],[-199,-67],[21,-97],[-232,48],[-171,-120],[-305,156],[-108,-266],[-179,44],[-47,-258],[-359,91],[-133,-207],[-208,64],[-26,-166],[-190,27],[-14,179],[-195,-43],[-208,337],[-112,-62],[-24,95],[-95,-68],[-85,89],[93,146],[-66,609],[-270,19],[-438,260],[-133,-21],[-31,-146]],[[50385,60739],[-470,-83]],[[49915,60656],[-131,159],[-92,-47],[108,175],[-175,189],[11,149],[-338,328],[-103,330],[226,350],[-61,189],[80,192],[143,80]],[[49583,62750],[261,29],[119,297],[271,128],[59,213],[196,-9],[17,118],[167,-56],[73,-172],[613,80],[246,-38],[38,-100],[89,111],[192,-18],[-55,139],[108,29],[62,233]],[[54073,74300],[219,107],[342,452],[-46,431],[285,151],[-103,188],[152,316],[180,93],[72,-159],[225,-106],[67,-230]],[[55466,75543],[-80,-90],[105,-237],[-169,-56],[-7,-181],[103,-24],[-109,-91],[120,-10],[20,-244],[236,-193],[-154,-779],[162,-129],[-193,-371],[39,-265],[-213,-210],[-14,-477],[-113,-156]],[[52095,73640],[316,165],[224,-16],[-11,62],[77,64],[175,-33],[53,-184],[466,58],[127,246],[551,298]],[[83386,85295],[346,115],[468,-212],[-124,-149],[86,-139],[-195,-269],[452,-561],[207,-35],[120,-183],[537,-112],[100,-151],[343,39],[368,-475],[309,86],[278,-274],[233,-46],[28,76],[50,-149],[152,-22]],[[87496,79598],[-80,-201],[-336,-128],[-169,-242],[419,-361],[-7,-813],[-181,-256],[259,-289],[79,-321],[-244,-262],[-135,190],[-291,26],[-181,-328],[19,-186],[-177,-125],[-310,22],[6,-181],[-204,-185]],[[85963,75958],[-312,199],[-102,-96],[-123,94],[-4,-120],[-99,131],[-33,-97],[-100,184]],[[83558,76043],[-169,130],[-312,1010],[-689,729],[308,111],[82,583],[-162,237],[8,221],[-138,15],[71,129],[-73,191],[-70,-42]],[[53328,45210],[-150,246],[380,-171],[-50,-399],[190,13]],[[54763,44751],[-103,-153],[-94,61],[-252,-167],[151,-186],[-87,-296],[64,-323],[-81,-110],[-311,58]],[[53808,43096],[-492,439],[1,243],[-383,53],[-74,147],[124,463],[-63,107],[275,152],[132,510]],[[33401,49237],[160,18],[34,307],[-9,299],[-129,203],[200,4],[99,194]],[[33756,50262],[377,141],[4,258],[261,335],[163,-335],[376,-35],[1,-700],[870,-151],[207,-509],[177,-155],[120,-425],[124,-36],[930,517]],[[37366,49167],[24,-212],[-167,-127],[359,-160],[184,-387],[-34,-721]],[[37732,47560],[-149,-394],[-202,-86],[-183,-305],[-429,-91],[-129,-249]],[[36640,46435],[-499,-462]],[[36141,45973],[-55,500],[-269,300],[161,393],[-196,28],[-131,-173],[-5,225],[-286,470],[-366,-48],[-1754,332],[-198,178],[339,681],[93,313],[-73,65]],[[70336,48552],[912,0]],[[71465,47324],[-355,-938],[-1534,483]],[[49059,86520],[-137,-259],[-207,6],[-340,-530],[-122,40],[-212,-254],[-542,-31],[-91,-190],[-73,82],[-90,-81],[12,-155],[-289,-157],[-151,-22],[-156,153],[-419,-647],[-271,-98],[-27,139],[-134,49],[-381,-217],[-341,223],[-540,-85],[-19,142]],[[45490,91837],[7362,-4183]],[[68840,38920],[536,-58],[58,91],[77,-147],[543,-75],[89,-226],[-82,-36],[235,-46],[141,-236],[-54,-158],[103,-82],[-126,-426],[81,-175],[-146,-162],[149,-330],[-167,-155],[148,-216],[44,-334],[604,120],[197,-87],[196,-328],[1140,-735]],[[72606,35119],[-141,-155],[32,-107],[-148,15],[6,-208],[-510,-421],[-108,-167],[45,-113],[-148,17],[18,-175],[-94,-27],[-41,-363],[-104,-94],[48,-214],[-293,-254],[67,-145],[-191,-145],[9,-145],[-390,-75],[61,-190],[-215,61],[-39,-274],[-189,-86],[33,-184],[-337,-275],[-114,41],[3,-118]],[[54763,44751],[-852,-46],[-213,194]],[[53698,44899],[419,639],[-172,432],[-310,37]],[[55297,47249],[306,-677],[151,-43],[31,-349],[129,-67]],[[55914,46113],[-128,-386],[-347,-188],[182,-712]],[[55621,44827],[-255,-146],[-132,-306]],[[55234,44375],[-285,97],[-186,279]],[[75421,19254],[316,-39],[-2,-206],[159,-111],[-165,-199],[325,183],[169,-385],[167,168],[43,-317],[-209,-302],[303,99],[32,-114],[-187,-66],[206,-36],[-138,-209],[404,-92]],[[76844,17628],[71,-162],[-158,-72],[-51,203],[-106,-170],[92,-138],[-280,-244],[389,-395]],[[73193,17107],[32,430],[-88,111],[133,219],[-84,82],[195,97],[-6,282],[152,125],[202,527],[611,403],[447,63],[150,-145],[329,42],[155,-89]],[[68058,54050],[-70,187],[-430,125],[-266,219],[-559,-205],[-481,351],[44,-162],[-135,-312],[-239,-148],[-975,499],[-508,134],[-102,-81],[5,148],[-287,-19],[15,333],[-201,-10],[-96,158],[72,47],[-291,210],[-56,261],[-63,-70],[-95,100],[107,58],[-1,219],[143,71],[1,390],[319,164],[48,134],[-244,348],[146,47],[-62,157],[91,35],[-98,108],[81,159],[-110,15],[86,51],[-128,12],[83,76],[-58,174],[-328,163]],[[63221,61179],[276,-8],[182,-240],[41,180],[195,-110],[-10,-102],[119,94],[43,-127],[143,48],[20,122],[256,107],[31,-86],[178,136],[-91,118],[248,205],[9,170],[798,278],[81,150],[229,-275],[67,106],[475,117],[69,-134],[85,45],[-11,-136],[224,143],[18,-178],[128,90],[85,-150],[80,142],[133,-143],[13,240],[258,-228],[-5,161],[194,-96],[346,-285],[271,13],[-66,102],[173,-32],[59,128],[31,-177],[186,-14],[232,-220],[175,32],[92,-94],[121,155],[100,-110],[94,111],[271,-74],[53,-187],[109,88]],[[70751,56259],[-1984,0],[3,-1699],[-356,-105],[-122,-417]],[[68292,54038],[-234,12]],[[22769,39924],[162,224],[185,57],[-21,197],[175,79],[2,256],[186,53],[269,314],[5,592],[215,-75],[258,188],[295,48],[440,451],[-68,130],[124,128],[483,143]],[[25479,42709],[306,-266],[143,77],[-62,-200],[169,-81],[-31,-157],[207,18],[-57,-67],[129,-140],[161,48],[-69,-91],[159,-345],[159,-62],[-279,-146],[484,-703],[218,-19],[35,-284],[-101,-144],[271,-197],[178,-478],[114,-14],[-118,-203],[109,-273]],[[27604,38982],[-192,-137],[-291,-617],[-562,-5],[-297,-147],[-32,-136],[-373,19],[-196,-359],[-269,165],[-312,-89],[-142,-78],[-2,-387],[-510,-119],[-109,-165],[-237,-51],[-42,-144],[-269,63],[-345,-115],[-141,91],[-135,-112],[-178,216],[-351,29],[-319,-158],[-304,-520],[-161,-34],[-191,86],[118,318],[-105,26],[20,429],[-191,347],[116,276],[109,18],[-82,340],[354,349],[25,209],[424,15],[181,224],[-156,246],[17,285],[-241,247],[136,47],[6,177],[394,93]],[[47959,39805],[-112,-121],[68,-181],[-201,-124],[-265,-412],[46,-256],[-243,-231],[-40,-228],[99,-288],[95,15],[137,-225],[-99,-112],[126,-18],[17,-368],[369,-287],[-163,-155],[90,-264]],[[47883,36550],[-27,-227],[134,-208],[-167,-182],[-152,14]],[[47671,35947],[-383,318],[-28,209],[-310,69],[-296,-277],[43,-425],[-234,-75],[-240,196],[-346,-426]],[[45877,35536],[-264,283],[-377,-90],[-55,-370],[-205,-116],[34,-318],[-181,-294],[-1133,-606],[-387,-28]],[[43309,33997],[-150,105],[86,141],[-105,255],[151,316],[84,-4],[71,450],[353,465],[-56,350],[-459,267],[-244,-39],[9,-241],[-227,-222],[-523,279]],[[44157,40515],[448,437],[379,-161],[295,-393],[70,144],[208,17],[272,-335],[1441,43],[385,-218],[284,223]],[[42299,36119],[-117,-96],[-361,82],[-119,169],[-381,-1],[-624,408],[-155,-96],[-159,52]],[[40389,37930],[299,335],[98,664],[382,184],[173,240]],[[42205,39668],[-127,-587],[755,-1066],[63,-1305],[-73,-125],[-650,-172],[126,-294]],[[54430,18573],[-75,-189],[263,-171],[11,-261],[-226,-105],[-413,26],[-154,-237],[-429,-301],[-43,-195],[-487,-157],[-132,-275],[-159,-43],[66,-106],[-164,-224],[-176,-52],[-118,197],[70,186],[-65,340],[-811,253],[-151,440],[-306,389],[-215,48],[-221,-177],[-46,74]],[[50449,18033],[-67,169]],[[50382,18202],[167,171],[-50,239],[195,-23],[188,231],[-176,81],[207,116],[-128,123],[157,123],[-55,190],[282,70],[-287,279],[207,190],[74,-133],[476,-63],[111,-252],[367,-166],[125,-254],[413,-74],[113,109],[323,-630],[249,167],[188,-6],[73,187],[322,181],[507,-485]],[[34584,7081],[-396,334],[-386,100],[-276,344],[-377,-10],[-282,338]],[[32867,8187],[101,198],[-40,273],[172,196],[-289,1753],[756,1258]],[[39449,10391],[-358,-765],[-612,-254],[-245,-818],[-431,-432]],[[40911,31355],[-208,310],[-226,0],[-560,-363],[-228,-332],[-266,-55],[-515,1600],[-399,-553],[-117,-824],[-280,-293],[-104,-323],[-778,-213],[202,-412],[-135,-390],[-231,-96],[6,-298]],[[31349,33904],[-20,233],[-737,718],[-393,732],[-332,226]],[[29867,35813],[-57,998],[114,190],[-76,137],[732,222],[413,504],[68,238],[596,123],[366,399],[615,366],[453,815],[99,-341]],[[33190,39464],[-93,-383],[219,-216],[-51,-226],[223,-593],[-109,-358],[856,218],[335,-29],[453,-176],[308,-261],[185,56]],[[35516,37496],[890,-183],[56,219],[304,57],[166,199],[435,23],[307,214],[450,-3]],[[40363,36714],[20,-77]],[[40383,36637],[-110,-142],[152,-209],[53,-355],[-120,-264],[101,-16],[-62,-59],[122,-132],[-310,-188],[87,-222],[-124,-171],[134,-165],[-108,-122],[146,-108],[-198,-107],[-103,-209],[114,-157],[169,66],[-51,-172],[-85,22],[-17,-234],[212,60],[-53,-106],[185,-70],[-118,-80],[18,-136],[-217,-76],[266,-117],[99,-191],[-361,-348],[530,-411],[-23,-222],[170,2],[-48,-145],[241,-20],[-72,-253],[124,-66],[-215,-159]],[[12814,26923],[-10,313],[-485,519],[-261,53],[-99,130],[-119,442],[181,415],[-20,399],[-866,64],[-341,218],[-334,-67],[-67,180],[-587,366],[201,299],[352,155],[191,227],[277,-78],[329,69],[405,-166],[263,101],[720,-78],[324,-216],[126,79],[60,-269],[88,-17],[-69,-166],[263,-165],[84,-216],[530,146],[55,-197],[126,-6],[-112,-153],[180,-68],[147,-268],[103,132],[359,-94],[108,167],[280,4],[15,134],[258,70],[89,-94],[-24,89],[111,10]],[[15645,29386],[17,-295],[193,12],[277,-182],[-88,-326],[76,-57],[311,135],[57,-95],[-92,-104],[140,3],[112,-216]],[[16648,28261],[19,-145],[246,-11],[-167,-158],[318,-366],[-111,-93],[67,-157],[132,-24],[-239,-547],[9,-285],[180,-99],[3,-271],[-221,-128],[-13,170],[-395,112],[-190,-23],[-3,-123],[-185,-71],[-397,-26],[-669,193],[-214,-88],[-1001,62],[-1003,740]],[[55624,47313],[-327,-64]],[[55297,47249],[-240,-268],[46,-149],[-174,-270],[-151,16],[-219,-251],[-317,106],[-87,-239],[-520,-187]],[[53635,46007],[-124,222],[-271,-45],[-78,151],[-468,158],[-60,123],[-253,-101]],[[52381,46515],[-114,281],[-489,103]],[[52401,49034],[29,168],[187,18],[75,137],[210,-186]],[[49075,65568],[-238,1858],[-518,960],[-242,130],[-232,344],[435,167],[88,-99],[855,346]],[[50219,74129],[12,473]],[[50231,74602],[596,-215],[365,-353],[83,42],[3,-170],[99,29],[58,-141],[-154,-224],[184,-37],[159,-239],[130,63],[-10,114],[69,-32],[49,28],[-40,112],[205,202],[68,-141]],[[52095,73640],[-68,-229],[155,-86],[-109,-130],[133,-49],[30,-243],[-98,-135],[293,-631],[-286,-181],[161,-191],[142,-6],[-148,-402],[717,-979],[-183,-214]],[[51931,68687],[-366,-227],[11,-377],[-308,-76],[38,-212],[-454,-299],[24,-236],[-245,-144],[-4,-293],[104,-122],[-91,-156],[147,-144],[357,58],[316,-316],[192,41],[67,-133],[126,15],[412,-598]],[[52257,65468],[-261,2],[-191,-338],[-138,-2],[-266,126],[-162,344],[-399,47],[-168,290],[-237,-97],[-603,276],[-125,-147],[-196,71],[-357,-225],[-79,-247]],[[53756,28035],[150,-3],[197,482]],[[54812,34012],[437,-761],[236,240],[865,-233],[52,156],[-162,97],[6,308],[151,24],[4,235],[208,78],[36,-83],[76,247]],[[56721,34320],[569,106],[97,-192],[293,-12],[430,-350],[270,89],[28,163],[270,-55],[233,273],[195,-75],[304,231],[367,-14],[218,-181],[35,-344],[558,-1318]],[[60588,32641],[3,-514],[-142,-122],[145,-150],[218,-743],[-300,-376],[177,-368],[-22,-175]],[[61917,28178],[48,-516],[-117,-97],[-274,83],[-431,-511],[-775,-3],[-34,88],[-542,81],[-318,186],[19,104],[-306,95],[4,-188],[-173,-25],[41,-137],[-196,-135],[86,-324],[-99,-151]],[[58850,26728],[-457,427],[-218,-49],[-79,99],[-597,90],[-675,537],[-179,-316],[-243,-2],[-241,195],[-442,-212],[-217,45],[-78,149],[-170,-52],[-190,93],[-288,327],[-321,-50],[-99,-140],[-600,166]],[[15303,42620],[-216,332],[48,202],[252,72],[-21,87],[355,314],[722,527],[291,698],[230,4],[196,233],[185,-63],[153,178],[30,397],[402,81],[207,227],[156,16],[-21,223],[298,252],[-86,76],[102,281],[-248,95],[88,580],[-116,-26],[20,115],[417,246],[87,271],[116,-76],[373,120]],[[19323,48082],[23,-122],[137,95],[289,-110],[55,-522],[306,-611],[110,16],[97,-194],[292,-166],[11,-393],[329,-25],[502,-403],[-78,-209],[156,-131],[-114,-641],[118,-243],[240,-98],[-30,-209],[192,-306],[288,-146],[-804,-257],[125,-222],[-43,-201],[221,-255],[-33,-187],[210,-54],[20,-360],[388,-531],[542,-130],[-61,-298],[-389,-398]],[[22422,40771],[-432,112],[-461,-64],[-90,-529],[-204,44],[-247,-141],[-488,308],[-76,297],[-246,-11],[-1362,-807],[-442,344],[-248,-224],[-591,357],[-189,-43],[-155,333],[-206,157],[73,154],[-115,225],[-135,-43],[-135,319],[-298,12],[-83,780],[-339,68],[-183,162],[-271,-63],[-196,102]],[[60403,56043],[-228,-363],[526,-159],[-162,-281],[166,-151],[-506,-555],[279,-144],[-76,-255],[76,-201],[-208,-311],[-121,-1],[2,-291],[112,-119],[-164,-100],[267,-341],[-208,-490],[24,-179],[-357,-57]],[[59825,52045],[-80,-150],[258,-438],[-357,-50],[15,-382],[-371,-31],[-79,-118],[-2,-916],[160,-126],[-229,-433]],[[59140,49401],[-93,-406],[215,-194],[-66,-362],[-507,-1081]],[[58689,47358],[-315,118],[-360,-20],[-377,-216],[-535,225],[-121,-142],[-432,35],[-70,-172],[-594,310],[-41,-116],[-220,-67]],[[55624,47313],[-256,305],[200,300],[258,127],[85,407],[182,56],[-197,114],[-70,209]],[[54925,51272],[1211,3265],[-198,8],[-81,116],[-81,-170],[-79,85],[-136,-73],[-90,207],[-71,-57],[-89,93],[18,106]],[[55329,54852],[554,228],[599,677],[197,-6],[-398,181],[337,22],[147,178]],[[63218,32048],[71,298],[158,-19],[-13,301],[188,266],[-61,146],[126,313]],[[64814,35144],[1968,-1726],[259,-417],[536,-174],[246,-247],[442,-31],[237,-301],[-31,-397],[474,-537],[-318,-219],[89,-170],[109,41],[-46,-161]],[[66528,27943],[0,-150],[-314,48],[-14,-175],[170,-37],[19,-169],[-236,-358],[-292,43],[224,-215],[-227,38],[-428,-444],[-135,250],[-157,-73]],[[65138,26701],[-29,190],[-234,-48],[-227,282]],[[65846,30348],[308,-51],[-32,-117],[133,-282],[258,547],[-54,368],[-196,82],[131,212],[2,278],[-415,418]],[[78401,56264],[-7650,-5]],[[70751,56259],[114,123],[-53,146],[107,278],[251,-23],[510,285],[176,41],[83,-100],[2,84],[194,33],[42,472],[375,655],[-623,460],[-31,661],[-354,116],[85,85],[-218,272],[81,32],[-178,105],[24,174],[-120,172],[74,28],[-167,65],[-74,-87],[-300,215],[-370,26],[-82,363],[-270,314]],[[70029,61254],[233,157]],[[70262,61411],[258,-203],[213,264],[277,-97],[265,72],[175,177],[-38,74],[152,-52],[96,239],[263,-32],[35,154],[174,-7],[30,146],[211,-20],[46,179],[341,-239],[303,63],[75,-109],[309,64],[31,-147],[195,114],[224,-86],[347,300],[260,73],[238,418],[266,1],[-31,98],[267,75],[48,167],[578,-315],[1466,-115]],[[77336,62667],[21,-384],[585,-1386],[-19,-487],[308,-559],[-77,-289],[-392,-318],[540,-14],[199,-110],[158,-452],[5,-497],[157,-102],[-252,-329],[-88,-352],[-80,-1124]],[[52259,25945],[-117,-73],[-131,337],[-191,35],[-275,-80],[-144,-178],[-393,-49],[-127,-205],[67,-1114]],[[50948,24618],[-360,161],[-44,155],[115,240],[-242,32],[-206,-461],[-18,-613],[-505,465],[-179,-26],[-431,426],[-121,-25],[-37,295],[-504,236]],[[46626,26937],[160,113],[175,-147],[133,148],[429,-120],[196,97],[107,272],[67,-87],[207,217],[286,-45],[186,100],[-20,138],[76,-28],[-34,97],[172,167],[264,17],[-265,286],[61,117],[232,-60],[93,149],[167,-6],[-253,104],[108,208],[-118,59],[-46,229],[74,136],[87,-177],[148,76],[70,284],[-204,26],[-87,149],[179,64],[-29,84],[-307,72],[122,26],[-64,129],[178,103],[-168,578],[63,125],[-92,190],[96,95]],[[49075,30922],[131,-57],[39,145],[189,53]],[[49434,31063],[581,-176],[73,-178],[203,-57],[-32,-108],[591,-244],[33,-108],[813,405],[104,-58],[1956,-2504]],[[53756,28035],[59,-265],[-197,-75],[148,-531],[-234,-31],[-89,-307],[-55,133],[-272,2],[-58,-200],[-197,-14],[57,-140],[-254,-57],[-356,-276],[-49,-329]],[[56728,83649],[-81,-94],[-417,80],[-366,-381],[-110,96],[-322,-148],[-475,96],[-364,-149],[-195,73],[-169,329],[-191,-75],[-259,85],[-387,-172],[-377,160],[-95,-75],[755,-1802],[-135,62],[-385,-292],[-362,271],[-249,-85],[-532,496],[-324,-29],[-237,-248],[-235,54],[-334,-223],[-164,-322],[-160,89],[-178,-376],[131,-163],[-262,-262],[-208,50]],[[50041,80694],[-39,103],[-202,-81],[-36,360],[-186,-104],[17,-109],[-156,-4],[-127,68],[1,157],[-152,-17],[-237,230],[-303,-107],[-57,-263],[-162,67],[-62,-114],[-206,146],[-72,206]],[[48062,81232],[234,161],[195,622],[354,36],[-22,111],[207,66],[93,421],[311,394],[403,192],[76,186],[-137,39],[89,110],[717,472],[-87,401],[-148,-30],[6,155],[-225,26],[-45,315],[-288,101],[-365,383],[239,241],[13,374],[-203,281],[-305,-18],[-115,249]],[[49059,86520],[315,-19],[239,464],[309,134],[-97,144],[172,205],[639,92],[547,416],[655,72],[494,-314],[347,-121],[173,61]],[[52852,87654],[424,352],[-157,426],[23,694],[-118,168],[199,398],[-180,213],[46,333],[978,1412],[-8,302],[415,569],[-5,351],[200,112],[-37,139],[368,83],[1250,1244],[194,-646],[550,-150],[-316,-579],[112,-237],[416,-132],[213,157],[154,-57],[620,-726],[1314,1982]],[[59507,94062],[169,-649],[357,-233],[-128,-116],[77,-141],[-213,-64],[20,-164],[357,-57],[-92,-240],[275,-171],[-238,-92],[-229,-491],[-224,19],[-17,-197],[168,-168],[-214,-116],[-77,-228],[147,-412],[-408,-19],[303,-354],[7,-139],[-218,-88],[166,-137],[5,-150],[-126,-88],[-5,-204],[-164,147],[-209,-112],[440,-615],[230,15],[-91,-107],[268,-291]],[[43253,23924],[248,-371],[444,-92],[284,-390],[153,-561],[250,22],[-118,-402],[-209,-78],[-282,-314],[-407,169],[-371,-59],[-37,-210],[-302,-136],[-33,-170],[-254,-26],[-257,-195],[-74,-388],[-242,-124],[155,-207],[-37,-135],[-221,-208]],[[41943,20049],[-261,199]],[[41682,20248],[-523,651]],[[41404,24319],[384,-114],[421,-401],[228,121],[-31,154],[140,-33],[158,176],[82,23],[17,-187],[258,63]],[[7190,32081],[309,40],[190,226],[361,-568],[154,-42],[-50,-97],[212,-242],[-3,-338],[208,-102],[-37,-172],[126,-201],[1233,-235],[-229,-532],[-218,-337],[-586,-68],[-54,-300],[-312,-256],[-78,-218],[-148,-25],[-195,462],[-240,-250],[-740,247],[-94,131],[-461,56],[-1084,-143],[-505,-658],[-96,923],[397,170],[772,779],[51,365],[-184,284],[58,137],[453,137],[108,236],[363,206],[40,195],[279,190]],[[92865,76859],[210,-97],[530,284],[931,85],[216,-89],[107,-372],[205,-70],[578,119]],[[95642,76719],[36,-789],[375,-353],[148,-359],[379,-70],[354,109],[191,-100],[97,-180],[-159,-252],[300,-13],[-17,-236],[439,200],[220,-119],[-89,-413]],[[97916,74144],[-188,-148],[-117,-326],[-257,-65],[-326,133],[-330,-13],[-157,-178],[-320,-13],[-152,-379]],[[96069,73155],[-316,-139],[-340,-440],[-510,-404],[-910,-7],[-217,-138],[-47,-235],[-379,-55],[-351,-184],[-62,-153],[-90,55]],[[88769,71901],[-192,264],[-23,-148],[-145,2],[-35,-107],[-132,70],[-181,-80],[-182,197],[-229,-1],[79,234],[-106,145]],[[87623,72477],[413,-107],[27,173],[134,9],[21,577],[424,229],[14,555],[214,257],[-45,173],[101,131],[-55,177],[373,480],[394,228],[300,27],[186,231],[533,34],[165,238],[851,-89],[329,122],[88,183],[-410,314],[-16,268],[248,-167],[740,322],[102,-113],[111,130]],[[54103,28514],[-250,255],[53,190],[-202,107],[146,185],[-121,126],[157,203],[-102,344]],[[53784,29924],[124,166],[-125,219],[172,123],[-84,23],[-11,234],[-164,92],[199,125],[-49,111],[215,248],[31,358],[229,199],[-119,349],[175,176],[-214,266],[-60,322],[-303,256],[-256,30],[-38,129]],[[53506,33350],[720,492],[586,170]],[[54812,34012],[185,-554],[8,-768],[208,4],[167,-187],[-54,-58],[142,-173],[-113,-108],[29,-198],[175,-558],[-268,-405],[113,-56],[-215,-204],[92,-8],[-26,-100],[-192,-44],[140,-127],[-57,-272],[-650,118],[34,-331],[299,-424],[-105,-722],[-449,-132],[32,-183],[-204,-8]],[[40570,11463],[-606,-234],[-515,-838]],[[39449,10391],[-182,-13],[-587,363],[-162,-7],[-98,210],[87,151],[-104,141],[-167,-32],[-655,319],[-191,361],[-219,109],[-48,365],[-406,63],[-111,-376],[-370,-530],[-5,-744],[88,-204],[148,-52],[23,-247],[-115,-48],[-403,261],[-309,-13],[0,135],[-183,-56],[-36,-128],[-63,172],[-317,-16],[5,224],[-157,-45],[39,159],[-135,-67],[-153,97],[-295,380],[-440,143],[-361,399]],[[33567,11865],[-95,151],[-484,-47],[-421,396],[-112,-25],[25,253],[-104,149],[-426,347],[-296,92],[-493,441],[-70,234],[855,459],[154,471],[447,-73],[707,270],[224,191],[181,-73],[335,109],[-140,391],[-150,71],[17,147],[-502,247],[-235,1],[47,87],[-108,-9],[-205,254],[-2,338],[-162,160]],[[36222,19181],[296,-211],[58,-242],[273,-170],[307,73],[101,-564],[427,11],[184,-154],[167,58],[118,-125],[517,-46],[89,-144],[326,-85],[105,262],[386,399],[341,-124],[397,184],[171,289],[327,123],[245,435],[359,-127],[89,137],[212,-36]],[[41717,19124],[422,-353],[-141,-514],[321,-17],[156,238],[185,72],[-139,-863],[437,-147],[-33,-318],[-260,-521],[133,-263]],[[42798,16438],[-212,-44],[-180,114],[-174,-180],[-154,46],[-71,-100],[-957,-262],[-197,-171],[-778,-76],[488,-170],[167,-224],[28,-449],[-217,-255],[86,-280],[-59,-556],[-284,-64],[54,-126],[203,-21],[46,-610],[151,-300],[-79,-102],[305,-319],[-349,-549],[-45,-277]],[[50385,60739],[241,-20],[91,170],[190,-132],[71,92]],[[49622,57577],[8,329],[88,-68],[167,200],[-69,301]],[[49816,58339],[-39,171],[264,76],[-200,355],[231,143],[81,290],[182,73],[32,242],[-188,269],[229,500],[-23,281]],[[53244,56411],[18,-101],[-546,49],[-243,-114],[-480,116],[-40,-343],[-281,-204],[-429,295],[-275,-38],[72,192],[-137,66],[-100,-115],[-21,375],[-95,88],[-114,-127],[-117,191]],[[50522,57018],[201,-37],[184,182],[661,80]],[[61728,23182],[105,-704],[-345,-314],[-123,35],[-302,-180]],[[61063,22019],[-234,-23],[-123,213],[-244,-30],[-505,213]],[[59957,22392],[76,137],[-173,122],[43,176],[239,54],[20,206],[-238,34],[248,445],[225,137],[-194,215],[102,21],[17,166],[-94,20],[-271,556],[175,77],[-62,261]],[[60070,25019],[332,-59],[476,141],[554,-499],[-133,-626],[429,-794]],[[37875,21784],[-153,-671],[-377,-299],[938,-438],[36,-327],[370,-753],[132,-10],[275,-371],[287,-67]],[[39383,18848],[-110,10],[-117,-296],[-172,-26],[7,-118],[-470,60],[-120,-192],[-112,154],[-240,-22],[-95,164],[-242,36],[-122,212],[-274,83],[-199,-64],[-819,529],[-76,-197]],[[36222,19181],[-292,-498],[-722,-293],[-302,-43],[-86,118],[-440,118],[-192,-170],[-214,-3],[-316,233],[-504,8],[-133,-307],[42,-248],[204,-164],[84,-254],[-134,6],[-158,-462],[-505,-325]],[[32554,16897],[-381,-305],[-709,73],[-357,227],[-175,265],[-117,-161],[118,-351],[-116,-134],[-376,-98],[-518,119],[-660,-311],[-385,265],[-243,379]],[[28635,16865],[292,289],[-23,269],[-145,-15],[-17,187],[88,170],[144,-59],[-82,354],[187,151],[-138,100],[8,249],[-112,7],[21,215],[-136,-88],[27,253],[-133,7],[51,129],[-159,160]],[[28508,19243],[-116,305],[117,117],[-109,238],[-132,40],[95,160],[-325,236],[-17,348],[-144,-6],[-23,308],[-137,-16],[36,219],[-89,84],[129,26],[-57,117],[88,12],[-250,231],[18,186],[-137,36],[54,436],[-180,62],[152,90],[-148,233],[-227,65],[-288,-118],[-140,403],[-480,0],[-342,-213],[-365,200],[-20,-91],[-143,18],[-192,281],[-229,24],[-94,345],[-55,-112],[-31,134],[-261,129],[-34,359],[-105,80],[52,146],[-173,2],[-101,260],[-474,20],[-17,185],[-517,103],[0,103],[-170,1],[-156,354],[-120,-2],[42,119],[-760,366],[427,835],[-250,82],[-448,345],[-63,172],[-342,163],[-217,339],[137,176],[-10,218],[-375,233],[-78,205],[127,702],[-162,604],[202,155],[28,570],[370,643]],[[21279,31308],[595,-136],[1294,-560],[285,-367]],[[23453,30245],[-146,-405],[876,-195],[305,-236],[13,-296],[242,-145],[-353,-418],[1566,-537],[1071,-150],[319,-197],[323,92],[480,-43],[366,163],[424,-125],[881,47],[521,372],[1134,1174],[-311,347],[-236,-119],[-131,315],[33,336],[214,296],[-42,162],[-215,46],[-107,-113],[-130,101],[30,-93],[-126,-71],[-242,424],[-205,143],[-353,-89],[-303,150],[-305,-62],[-110,231],[97,508],[-145,233],[489,402],[931,218],[132,160],[63,563],[293,315],[181,-35],[372,190]],[[31349,33904],[221,-61],[31,-168],[280,-197],[18,-472],[259,-19],[248,-249],[442,10],[10,-177],[202,-106],[327,165],[287,-106],[329,-628],[314,-66],[148,-192],[-158,-44],[86,-47],[-196,-145],[164,-278],[103,60],[-7,-190],[188,-51],[-10,-95],[197,132],[-95,-307],[291,-151],[-70,-85],[172,-210],[-35,-91],[120,-36],[104,163],[11,-194],[194,-94],[-109,-105],[172,-146],[54,277],[191,-130]],[[46650,62185],[66,-70],[321,145],[47,-106],[371,200],[172,-213],[302,248],[425,84],[186,-271],[33,178],[215,16]],[[48788,62396],[-1459,-2383],[369,-65]],[[47698,59948],[17,-169],[-132,-148],[93,-106],[-210,-9],[-93,-237]],[[45659,58748],[-249,364],[66,107],[-115,252],[208,248],[-109,116],[-188,28],[-301,-207],[-155,70],[-400,-234],[-720,492],[-97,227],[-248,-99]],[[43351,60112],[378,398],[-247,250],[68,267],[206,215],[-243,356]],[[43513,61598],[121,237],[370,89],[278,276],[356,-101],[233,77],[442,-169],[192,143],[133,-87],[52,100],[96,-115],[54,89],[105,-101],[44,132],[80,-100],[42,85],[201,-78],[338,110]],[[41257,44935],[81,-494],[-444,-103]],[[36923,42227],[-16,109],[141,85],[-185,186],[-57,135],[79,83],[-152,181],[140,-4],[166,236],[-98,151],[-46,-97],[-96,77],[-16,227],[199,-102],[-119,248],[271,-56],[23,402],[254,132],[-29,260],[265,129],[-33,532],[326,428]],[[37940,45569],[73,110],[-130,103],[31,133],[369,189],[100,-54],[214,220],[31,240],[110,36],[46,-138],[116,59],[15,107],[-129,64],[162,306],[-69,109],[238,28],[94,169]],[[39211,47250],[116,-251],[311,200],[354,-199],[438,31],[91,-179],[178,4],[24,-322],[182,-95],[462,-826],[145,-72],[-101,-170],[-267,-123],[-11,-232],[124,-81]],[[48508,39806],[-272,108],[-127,-159],[-150,50]],[[47959,39805],[152,317],[-172,150]],[[47939,40272],[-1,363],[-114,60],[139,95],[-35,295]],[[47928,41085],[473,817]],[[61917,28178],[-38,206],[-226,-168],[-447,173],[-377,588],[-275,137],[-72,242],[185,837]],[[60667,30193],[545,1050],[685,586],[1321,219]],[[63218,32048],[2055,307],[76,-200],[632,-352]],[[65981,31803],[-324,-289],[269,-219],[-190,-633],[-229,-43],[102,-234],[237,-37]],[[65846,30348],[-444,-1291],[26,-210],[98,-41],[-56,-643],[-245,-197],[-268,-703],[-309,-138]],[[64648,27125],[-114,43],[177,245],[-89,397],[-187,110],[155,-4],[-57,212],[146,79],[-313,218],[-814,49],[-224,-109],[-225,121],[-1186,-308]],[[27467,56507],[414,224],[374,388],[410,110],[-1,216],[282,-17],[-63,-166],[157,15],[-43,-98]],[[28997,57179],[13,-123],[274,-131],[37,-244],[187,-181],[-54,-135],[163,-41],[13,-108],[126,31],[146,-225],[-99,-88],[88,-321],[120,-79],[-127,-150],[156,-68],[-74,-150],[157,-365],[179,-124],[-74,6],[-20,-20],[144,-361],[-109,-144],[187,-271],[-93,-65],[101,-395],[186,-172]],[[30624,53255],[116,-301],[-154,-551],[-580,-331],[-128,-354],[-44,-302],[122,-284],[-77,-261],[-460,-42],[-371,-264],[-117,49],[5,466],[-120,114],[76,133],[-368,426],[-25,340],[-443,-91],[-371,74],[-368,-121],[-874,552],[-452,500],[-592,128],[-221,506],[-414,255],[-158,857],[351,-66],[393,-247],[62,391],[193,64],[1706,-1103],[883,438],[-553,594],[-333,866],[159,817]],[[39557,21904],[-216,-69],[-162,214],[-182,-64],[-208,127],[-265,-265],[-280,74],[-369,-137]],[[37875,21784],[-284,106],[-281,-124],[-225,30],[-314,-278],[-707,-186],[-576,145],[-351,-70],[-430,84],[-306,282],[927,916],[176,337],[-177,-117],[-177,98],[-92,250],[-900,163],[-193,356],[-407,397],[5,494],[852,647],[279,560]],[[36626,26776],[182,-127],[356,-587],[496,-31],[91,-148]],[[51568,57243],[-34,291],[150,458],[-453,305],[-59,217],[107,222],[-185,190],[-40,283],[-158,-8],[-118,327],[160,259],[212,18],[129,189],[-253,-21],[-124,112],[2,281],[183,108],[-109,375]],[[50978,60849],[-49,70],[170,45],[213,-119],[103,304],[-57,222],[-221,-73],[-102,209],[87,-67],[333,130],[86,247],[161,111],[154,-239],[374,348],[173,-92],[120,273],[-71,172],[148,245],[274,77],[255,229],[337,541]],[[53915,63460],[-24,-638],[-204,-609],[-84,25],[153,-346],[-96,-28],[-59,-326],[86,-602],[-157,-262],[-49,-655],[-285,-580],[10,-274],[-173,-448],[17,-176],[183,-54],[397,41],[210,201],[192,-28],[64,-148],[210,13],[52,-197],[-206,-57],[-179,-211],[152,-243],[-309,-302],[88,-334],[122,-57]],[[54026,57165],[-255,-417],[-114,23],[-69,-388],[-223,137],[-121,-109]],[[53244,56411],[-52,374],[184,190],[-261,-1],[-348,195],[-479,-16],[-169,146],[-551,-56]],[[4348,37459],[108,59],[97,-317],[-198,-371],[284,-709],[-157,-204],[-377,-4],[9,-204],[-201,-126],[130,-762],[-250,-397],[51,-236],[-83,-58],[273,-629],[130,20],[-62,-182],[332,-305],[104,-548],[-169,-368],[172,-330],[295,-197],[94,-395],[-632,-344],[-463,-11],[-139,-183],[-817,-390],[-149,-250],[-302,-70],[-272,84],[-88,-199],[136,43],[120,-143],[-276,-429],[-54,-520],[-433,-727],[-171,68],[-196,-77],[-205,-247],[-51,-384],[1522,-1608],[-625,34],[-210,217],[-372,-4],[-363,439],[-550,57],[-232,174]],[[108,26726],[57,306],[-123,224],[89,165],[-86,343],[106,216],[-70,102],[257,634],[-131,251],[247,515],[125,28],[-100,89],[60,156],[81,-67],[82,138],[-134,109],[149,160],[-147,-13],[62,292],[-210,192],[120,186],[-135,71],[-2,154],[314,296],[-27,229],[148,28],[293,533],[116,707],[199,-9],[200,240],[-51,135],[230,254],[-56,189],[273,58],[-35,104],[243,114],[-79,122],[138,-49],[-10,127],[128,-89],[-30,128],[229,85],[2,142],[-139,33],[69,156],[-150,-35],[46,263],[195,166],[-137,40],[126,23],[38,149],[-64,566],[95,-52],[30,257],[167,96],[-61,419],[277,176],[100,241],[-36,303],[596,-111],[107,44],[-48,106],[162,-13],[-31,134],[66,-137],[89,57],[-103,210],[324,47]],[[55066,65501],[-106,194],[48,209],[619,245],[-286,38],[-178,247],[58,161]],[[57326,69290],[187,-140],[225,159],[5,-283],[165,-44],[81,183],[234,-507],[-216,-11],[22,-284],[286,-34],[8,-277],[228,51],[-113,-195],[112,-90]],[[58550,67818],[32,-220],[361,-190],[126,-357],[274,-118],[-92,-255],[64,-281],[-258,-728],[-442,-275],[-41,-162],[-394,-344],[60,-254],[-235,-46],[49,-108],[-220,-110],[-285,-392],[-124,2],[23,-216],[-160,-92],[-56,-357],[259,-97],[156,-289],[244,-36],[33,-252],[-125,-354],[-293,-61],[-273,-472],[-344,-209],[-127,-334]],[[56762,61211],[-156,-165],[-89,75],[-735,-50],[-171,296],[-365,129],[247,235],[1,486],[299,530],[2,330],[131,35],[4,175],[106,59]],[[51532,49187],[127,10],[149,-169],[593,6]],[[52401,49034],[-251,-510],[-167,-56],[-125,-305],[70,-105],[-106,-152],[31,-189],[-146,-53],[-61,-367],[132,-398]],[[51778,46899],[-366,197],[-171,318],[-352,37],[-172,192]],[[50617,49551],[313,82],[602,-446]],[[60145,84758],[114,-298],[-208,-424],[102,-225],[-223,-55],[-179,-326],[-254,-150],[-64,-244],[-161,7],[22,-133],[-182,-3],[-192,-165],[72,-179],[-127,-470],[-570,-268],[-38,-538],[-243,-95],[-19,-144]],[[57995,81048],[-169,-251],[-648,-82],[-86,289],[-292,97],[-524,-482],[-299,709],[166,556]],[[56143,81884],[249,209],[-150,90],[74,156],[-68,420],[354,81],[232,512],[33,292],[-139,5]],[[56728,83649],[340,550],[378,27],[-6,209],[147,-78],[115,106],[-34,159],[174,339],[-97,232],[192,334],[-92,63],[62,385],[161,9],[61,256],[258,156],[92,225]],[[46716,78254],[8,-147],[304,-263],[-213,-241],[172,-149],[-134,-155],[158,-131],[130,227],[66,-220],[145,45],[35,-219],[334,-248],[-195,-308],[85,-27],[-44,-179],[163,40]],[[47730,76279],[140,31],[27,-450],[-172,-273],[-87,-491],[626,-664],[-478,-280],[-169,-264],[-246,53],[-46,-67],[88,-249],[225,-24],[6,-255],[649,-230],[-93,-456],[125,42],[237,-144],[61,393],[209,226],[1212,175],[168,226],[82,472],[-75,79]],[[50219,74129],[879,-314],[331,-2926],[-197,-141],[-175,141],[-296,-176],[-100,86],[-55,-4],[-64,73],[-40,5],[-96,-231],[61,-79],[-152,-221],[185,-185],[-27,-265],[119,-158],[-185,-126],[-100,-220],[32,-271],[-308,-527],[126,-275],[-525,-266],[-146,-235],[-128,70],[-96,395],[86,234],[-258,59],[133,702]],[[49223,69274],[4,172],[-386,501],[32,684],[-351,29],[-113,190]],[[48409,70850],[-248,174],[30,186],[-141,-149],[-171,17],[-75,308],[147,34],[-177,202],[-326,-62],[122,327],[-353,60],[98,96],[-5,448],[-123,18],[-4,110],[149,192],[-366,-34],[117,328]],[[35832,29871],[255,-95],[-73,-225],[192,54],[27,-235],[94,105],[329,-4],[-43,-143],[256,7],[71,-200],[132,-22]],[[37072,29113],[-3,-506],[-224,-158],[297,-10],[-50,-183],[138,-399],[-183,-205],[-284,6],[-122,-117],[173,-532],[-188,-233]],[[36626,26776],[-587,-208],[-105,-208],[-367,10],[-372,-220],[-117,-225],[-384,-51]],[[34694,25874],[-477,1011],[-265,174],[53,621],[277,322],[401,142],[172,297],[242,-69],[156,121],[193,250],[-115,665],[123,-63],[126,89],[82,336],[170,101]],[[53402,41417],[-179,127],[5,403],[-400,252],[115,251],[272,156],[265,486]],[[53480,43092],[328,4]],[[53808,43096],[242,539]],[[54050,43635],[908,-772]],[[54958,42863],[-510,-510],[-169,-368],[-281,-221],[-47,93],[-310,-65],[-239,-375]],[[70336,48552],[-216,-277],[-441,-178],[-231,-246],[128,-982]],[[69576,46869],[-463,-620],[-38,-409],[-155,-116],[-69,-422],[-147,-206],[60,-226],[-529,-206],[-231,175],[-161,-174],[-397,180],[-128,-135],[-235,62]],[[67083,44772],[62,269],[-91,486],[-295,289],[-216,36],[-163,379],[112,347],[184,44],[-49,229],[92,262],[-9,566],[-248,556],[44,785],[-75,296],[-371,290],[-129,-32]],[[65931,49574],[-195,408],[63,489]],[[65799,50471],[547,1294]],[[66346,51765],[551,-19],[211,-162],[113,177],[431,-124]],[[67652,51637],[-33,-329],[172,-419],[-75,-334],[106,-79],[-96,-256],[212,45],[145,-276],[-303,-864],[-73,-572],[2629,-1]],[[92612,90711],[2053,-122]],[[94665,90589],[-240,-383],[-265,-94],[218,-92],[335,-530],[-293,-583],[187,-44],[-18,-276],[-338,-598],[398,-130],[-1,-354],[-244,-315],[346,-165],[2578,837],[314,-230],[162,-304],[-268,-475],[-647,-653],[-365,-100],[-590,-481],[-266,56],[-333,-260],[340,-116],[-18,-147],[231,-219],[-383,-304],[140,-35],[21,-189],[-300,-262],[139,-468],[-141,-335],[214,-64],[606,110],[268,-202],[65,-195],[-1020,-683],[-354,-553],[313,-42],[67,-194]],[[95523,81517],[-435,-48],[-457,161],[-196,-250],[-355,-35],[-883,-793],[-256,39],[-48,-136],[-87,27],[30,-110],[-447,-303],[-668,-33],[-105,174],[-250,111],[-101,-143],[-497,-58],[-229,-201],[-192,144],[-47,-115],[-176,13],[-268,181],[-95,-173],[-418,70],[-557,-313],[-107,175],[-286,-21]],[[88393,79880],[-244,127],[-336,-237],[-195,47],[-122,-219]],[[87496,79598],[-362,222],[475,461],[-278,458],[225,208],[130,322],[353,67],[10,232],[-303,259],[-18,154],[176,98],[4,132],[-278,20],[-480,347],[-6,256]],[[87144,82834],[189,157],[-73,121],[99,96],[593,-42],[143,360],[-97,220],[220,158],[-21,147],[-131,-53],[95,166],[-104,165],[58,156],[188,2],[-55,133],[106,93],[-137,32],[130,181],[-104,276],[103,-22],[14,168],[214,145],[-63,209],[262,196],[-37,149],[254,14]],[[88990,86061],[4522,40],[-77,420],[74,292],[-159,289],[176,425],[-49,607],[129,288],[-356,1226],[-131,127],[30,189],[-191,91],[-31,215],[-215,63],[-100,378]],[[52902,49171],[16,302],[108,122],[-90,396],[243,150],[-257,469]],[[52922,50610],[66,83],[211,-36],[160,383],[-123,225],[478,441],[334,-109],[377,248],[59,-277],[350,-114],[91,-182]],[[54925,51272],[269,-556],[-15,-471],[250,-53],[16,-403],[358,-261],[-7,-119],[247,-100],[-217,-478]],[[55826,48831],[-125,-88],[64,-167],[-79,-214],[-326,-323],[-495,96],[-96,103],[1,295],[-342,73],[-132,363],[-128,-30],[-31,160],[-1235,72]],[[83558,76043],[344,225],[119,260],[184,-36],[129,330],[130,-18],[10,98],[68,-78],[41,133],[453,-162],[122,-158],[117,111],[59,-381],[-144,-114]],[[85190,76253],[-162,-109],[-345,13],[-379,-299],[-315,-428],[-28,-400],[-605,-444],[-144,-756],[-451,-214],[-24,-481],[-201,-377],[99,-280],[-125,-276],[29,-476],[115,-283],[-35,-226],[361,-392],[57,-904],[92,-109]],[[83129,69812],[-176,-166],[-172,50],[27,118],[-215,-67],[19,-128],[-101,-44],[70,-60],[-168,-143],[84,-121],[-144,-21],[-17,-367],[-210,39],[45,-344],[-199,-37],[84,-43],[-132,-165],[98,-206],[-29,-186],[-106,-1],[66,-136],[-239,-256],[-391,127],[-166,-122],[-244,-711],[-119,171],[-77,-157],[163,-131],[-56,-97],[-112,58],[-37,-153],[-121,117],[-59,-109],[-159,30],[-148,-468],[-837,-365],[-400,188],[-342,0]],[[78609,65906],[40,192],[-665,378],[-147,549],[-283,106],[-143,-356],[-641,-519],[-305,-543],[-177,-29],[101,1061],[113,200],[-374,517],[-462,-527],[-166,1022],[-167,255],[-736,163]],[[74597,68375],[-96,131],[208,520],[-129,89],[96,241],[-91,39],[154,398],[-859,494],[-153,985],[-328,453],[-74,315],[184,137],[-26,98],[242,16],[7,172],[107,5]],[[73839,72468],[239,-55],[13,-350],[423,-291],[-18,-223],[108,142],[34,-167],[344,168],[145,-85],[142,-269],[-83,-139],[346,-211],[-24,-92],[612,55],[198,316],[411,133],[335,-33],[132,-262],[122,-14],[9,-144],[139,129],[108,-68],[88,83],[-97,65],[65,276],[451,-109],[487,204],[308,1023],[326,44],[122,267],[323,2],[160,128],[-57,760],[-201,331],[72,180],[-526,333],[-170,752],[143,-35],[14,-159],[425,-104],[131,288],[473,241],[476,-252],[81,-193],[549,26],[194,176],[249,-18],[103,97],[636,-128],[81,203],[261,-169],[305,395],[256,46],[19,131],[237,151]],[[38124,38022],[276,617],[303,313],[16,229],[333,-153],[268,373]],[[39320,39401],[153,-384],[-120,-190],[341,-207],[671,-155],[24,-535]],[[40389,37930],[-246,-253],[87,-247],[-109,-255],[163,-51],[79,-410]],[[40363,36714],[-423,-43],[-317,148],[-210,-157],[-449,-12],[-110,-203],[-316,-103],[-147,210],[-351,190],[65,240],[-99,382],[206,476],[-88,180]],[[37645,40281],[-379,235],[8,108],[-124,-12],[111,303],[-379,295],[57,138],[-187,183],[-167,-74],[-3,500]],[[36582,41957],[64,-39],[107,164],[96,-51],[74,196]],[[36923,42227],[233,27],[198,-164],[100,260],[-65,89],[173,56],[-95,96],[93,37],[-13,191],[230,348],[199,61],[-67,242],[-91,-48],[-92,59],[95,333],[118,-64],[-89,90],[114,239],[235,-101],[77,62],[-63,59],[96,199],[-79,-23],[-53,277],[146,-28],[-68,140],[424,550],[605,-50],[778,-497],[292,211],[555,-143],[-41,-155],[127,-88],[-101,-154]],[[40894,44338],[278,-184],[-109,-150],[184,-170],[-28,-202],[-200,-74],[-108,-245],[326,161],[194,-111],[226,40],[216,-305],[-51,-270],[162,-131]],[[41140,42898],[-230,17],[-257,-301],[-44,-334],[-205,-168],[-13,-297],[-273,-428],[-511,-84],[-87,-180],[-387,31],[-329,-252],[-412,97],[-202,-115],[-263,-520],[-282,-83]],[[52039,63734],[32,152],[-98,56],[200,767],[-326,230],[331,97],[120,426]],[[52298,65462],[324,353],[271,27],[258,196],[289,-209],[90,126],[943,-114],[171,-624],[422,284]],[[55066,65501],[350,-352],[-199,-78],[-140,-322],[1368,647],[225,-103],[-82,-133],[134,-117],[8,-109],[-123,-46],[56,-264],[-155,-103],[16,-247],[-312,-202],[59,-235],[-107,-44],[-128,-447]],[[56036,63346],[-2121,114]],[[53915,63460],[-449,22]],[[53466,63482],[-456,-154],[-88,-161],[-296,4],[-103,131],[-201,-43],[-238,134],[-45,341]],[[45490,91837],[899,-2490],[-25,-163],[346,-257],[22,-864],[-103,-281],[93,-233],[-441,-673],[-154,-888],[-268,-244],[-259,-573],[-257,-143],[-374,-17],[-440,-383]],[[44529,84628],[-276,16],[-166,-220],[-112,85],[-58,-108],[-146,47],[4,-210],[-190,85],[-134,-223],[-338,171],[-73,-63],[-409,124],[-84,-189],[-180,-14],[-60,-183],[-261,62],[-100,-300],[-465,275],[-319,-67],[-140,-276],[-214,20],[-42,148]],[[40766,83808],[-35,114],[-207,42],[-383,-218],[-807,-40],[-185,-82],[-79,-247],[-473,477],[-152,-141],[-247,112],[-177,-190],[64,-57],[-224,-14]],[[37861,83564],[-387,153],[-219,430],[-392,224],[145,85],[168,487],[-330,76],[20,218],[-119,26],[-90,291],[-237,217],[-294,58],[103,180],[164,3],[-189,209],[19,118],[-287,180],[-12,460]],[[35924,86979],[60,581],[190,259],[116,603],[-296,425],[168,336],[-81,388],[108,396],[-251,670],[161,135],[298,-47],[100,164],[-302,401],[9,191],[568,107],[151,217],[185,53],[-30,559],[175,297],[34,367],[169,134],[-169,230],[206,229],[28,378],[136,102],[-129,378],[250,182],[-32,161],[130,72],[-268,129],[304,201],[-184,275],[242,260],[299,-67],[85,85],[-39,447],[117,103],[-99,43],[-55,-122],[-30,82],[196,150],[99,-136],[88,42],[-78,335],[159,160],[212,23],[-102,144],[202,318],[236,76],[-46,224],[164,77],[-116,90],[263,38],[7,143],[200,-40],[41,306],[211,-101],[-156,193],[191,166],[391,243],[273,13],[118,220],[337,105],[51,114],[232,-27],[-112,90],[54,84],[378,50],[-197,204],[51,82],[105,-144],[189,-5],[25,237],[159,11],[22,59],[221,72],[-217,-229],[-12,-267],[-279,-109],[-39,-214],[-256,-85],[-39,-224],[-190,-167],[-12,-386],[-151,-231],[217,-217],[32,-193],[114,110],[149,-136],[-177,-27],[-260,-298],[-185,90],[-97,-262],[114,-369],[-138,-94],[-100,99],[-100,-185],[36,-122],[-135,-93],[43,-428],[-168,62],[-30,-149],[-118,90],[-48,-92],[-1,167],[-95,-50],[79,-216],[-81,-140],[217,-174],[-67,-241],[-197,-161],[113,-105],[-163,-179],[-5,-746],[292,-327],[272,16],[543,-258],[13,-185],[554,-342],[69,89],[82,-86],[202,57],[148,-143],[484,-114],[455,80],[83,-160],[312,-71],[81,-168],[273,78],[437,-230],[164,85],[395,-289],[230,37],[275,-119],[56,-141]],[[63687,33353],[-420,191],[-8,-256],[-282,-383],[-175,-60]],[[62802,32845],[-147,236],[127,114],[-9,149],[-551,133],[18,248],[-409,354],[-61,503],[-857,491],[141,204],[-189,270],[183,444],[-274,361],[-244,6],[229,1112]],[[45502,58121],[249,47],[-173,267],[81,313]],[[45659,58748],[472,-129],[407,369],[414,185],[178,234],[243,-128]],[[47373,59279],[305,-84]],[[47678,59195],[-149,-119],[32,-518],[-285,19],[-110,-127],[-12,-265],[138,-143],[-120,-346],[59,-262],[-144,-48],[-108,-362],[-598,105],[-225,-127]],[[46156,57002],[-2,808],[-319,-129],[-432,254],[99,186]],[[37803,8122],[-510,-242],[143,-599],[-54,-328],[122,-118],[-134,-533],[-412,-678],[-717,-578],[-788,73]],[[35453,5119],[74,185],[-203,199],[61,382],[-191,26],[-74,214],[84,213],[-58,147],[-170,69],[41,188],[-119,152],[-221,44],[-93,143]],[[34584,7081],[382,530],[89,392],[-57,232],[1041,-188],[496,285],[365,-66],[607,257],[296,-401]],[[55770,37650],[-94,-103],[-144,183],[96,80],[92,-62],[-80,139],[65,232]],[[55705,38119],[66,593],[204,-8],[-138,63],[93,78],[-165,128],[-40,213],[-268,-137],[10,179],[-279,285],[281,245],[132,330],[275,60],[931,748]],[[56807,40896],[124,-73],[-102,-257],[154,-108],[-105,-180],[392,41],[129,-205],[153,29],[150,-184]],[[57702,39959],[-144,-324],[-404,-426],[-26,-264],[-196,-144],[162,-186],[-98,-192],[36,-262]],[[57032,38161],[-320,217],[-153,-13],[-161,-239],[-267,-135],[83,-143],[-176,-248],[-268,50]],[[12756,14041],[-325,441],[-665,75],[-344,322],[-307,88],[-256,328],[-185,32],[-54,71],[96,57],[-138,66],[77,160],[-160,174],[16,189],[-226,216],[-98,-68],[-350,97],[64,158],[-148,251],[-180,-17],[-491,414],[-328,638],[-205,1],[-170,246],[-145,-90],[-79,233],[-241,153],[-101,302],[-245,148],[-63,-82],[-33,123],[-117,-8],[-7,170],[-516,345],[-411,534],[-76,295]],[[6345,20103],[963,1393],[396,21],[229,-123],[99,287],[891,384],[176,248],[538,115],[544,-165],[462,516],[520,129],[579,657],[6,-199],[173,114],[-12,-171],[135,24],[44,-206],[121,7],[513,344],[715,-189],[327,375],[194,67]],[[13958,23731],[473,-285],[-55,-602],[-122,-182],[115,-508],[-125,-218],[581,-514],[-59,-359],[163,-214],[980,-397],[559,-399],[245,-572],[-109,-354],[656,-288],[211,81],[277,-75],[310,35],[318,304],[589,20],[196,-202],[-34,-170],[222,-717],[360,3],[143,-210],[37,-613],[351,283],[362,95],[317,-99],[99,-174],[337,-10],[46,-159],[341,-198],[181,-619],[-364,-97],[-125,-221],[-255,-100],[362,-101],[230,-251],[-25,-598],[293,-601],[-125,-336]],[[21914,14109],[-318,-4],[-321,213],[-71,-151],[-249,215],[-226,-42],[-7,98],[-135,-123],[-192,18],[-43,141],[-597,-266],[81,-290],[-131,-248],[43,-188],[-478,-405],[-157,-25],[-1109,445],[347,-657],[58,-660]],[[18409,12180],[-614,240],[-213,322],[-389,106],[-75,249],[-92,-54],[-383,176],[66,124],[-137,89],[-36,192],[-197,40],[-61,181],[-264,138],[-356,-121],[-160,-185],[-316,120],[-351,332],[-248,-159],[-185,127],[-102,-161],[-229,109],[-66,-106],[-262,59],[-262,-108],[-50,177],[-397,-41],[-32,138],[-242,-123]],[[63376,36247],[-455,124],[-238,411],[-546,-89],[-475,655],[-544,32],[-181,-231],[-178,321]],[[60759,37470],[-22,374],[-168,190],[-348,-6],[-138,139],[174,119],[-69,181],[-332,208],[-190,-230]],[[59666,38445],[56,139],[-208,230],[-163,103],[-193,-52],[-155,186],[608,954],[272,-1]],[[59883,40004],[320,-16],[328,360],[204,34],[906,-797],[87,874],[-117,292],[-406,-26],[-385,213],[-159,454],[-198,7],[-241,493],[-159,15],[12,248],[-335,227],[4,502],[-278,147],[-242,328]],[[59224,43359],[352,254]],[[59576,43613],[113,-60],[-113,-88],[51,-142],[663,-191],[350,-366],[117,68],[149,-181],[-19,-139],[151,-10],[188,-298],[161,121],[59,-82],[105,76],[110,-82],[479,40],[53,-184],[296,42],[732,-461],[276,365],[387,118],[46,-97],[185,149],[-240,409],[-481,124],[-144,247],[368,370],[546,55],[211,290],[87,768]],[[64462,44474],[-66,81],[347,185],[53,355],[341,-10],[136,172],[148,-116],[122,138],[342,-63]],[[65885,45216],[188,-91],[16,-135],[231,25],[73,-122]],[[66393,44893],[-353,-199],[-16,-846],[354,-239],[228,-11],[232,-599],[189,-127],[299,0],[250,-424],[239,-84],[397,-1238],[695,-1101],[-62,-162],[125,-575],[-132,-167],[2,-201]],[[68840,38920],[-144,4],[-79,-124],[-95,80],[-184,-69],[-96,107],[-247,-69]],[[88769,71901],[162,85],[105,-93],[281,117],[125,-61],[329,266],[574,-221],[165,43],[82,196],[265,-247],[186,249],[214,19],[291,-320],[389,26],[410,-167],[74,128],[520,61],[32,-374],[-126,-153]],[[92847,71455],[-72,-480],[-282,-290]],[[92493,70685],[-258,108],[-61,-140],[-167,55],[-131,-169],[-130,182],[-415,-162],[-374,316],[-21,-286],[-119,105],[-224,-40],[-49,-122],[-178,31],[-30,-131],[-383,-271],[-81,185],[-277,4],[-42,154],[-311,-87],[-32,129],[72,-101],[26,126],[-84,223],[-358,110],[187,215],[-79,189],[77,44],[-291,303],[183,43],[39,120],[-175,-17],[-38,100]],[[91567,62537],[-427,380],[-171,395],[38,370],[-280,586],[36,157],[-129,137],[40,179],[-131,110],[36,183],[-222,387],[73,206],[-151,91],[14,165]],[[90293,65883],[147,-83],[257,167],[403,-33]],[[91100,65934],[26,-100],[336,-86],[168,-323],[-121,-458],[-162,-173],[-57,-414],[77,-369],[321,-299],[-184,-456],[384,-661],[-175,-135],[-146,77]],[[91877,67496],[55,557],[231,346],[397,229],[140,-160],[305,10],[221,426],[484,309],[-162,179],[30,165],[-132,245],[166,298],[-133,160],[110,281],[-275,166]],[[93314,70707],[163,43],[-53,221],[110,168],[288,67],[364,-179]],[[94186,71027],[225,-583],[-22,-404],[368,-219],[152,-420],[255,-183],[90,-308],[776,-179],[489,-717],[1874,-152]],[[98393,67862],[57,-183],[209,29],[88,-379],[-77,-195],[104,-162],[-139,-136],[114,-244],[-50,-388],[-226,-102],[7,-217],[-307,-112],[198,-456],[-298,-273],[-188,-419],[-231,45],[-120,-444],[-284,-21],[-154,251],[-347,-91],[-234,287],[19,-351],[-191,-259],[-412,173],[-254,-65],[-126,285],[-359,-120],[-365,27],[-107,275],[-155,-42],[-181,157],[16,242],[241,354],[-333,145],[37,468],[-446,286],[-147,-16],[-528,493],[-342,108],[-241,296],[-215,7],[-81,323],[-468,58]],[[49128,47631],[-244,201],[99,327],[-384,513],[494,130],[97,155],[-645,194]],[[48545,49151],[408,125],[48,199],[1366,208]],[[50367,49683],[24,-103],[226,-29]],[[50617,49551],[-13,-105],[117,16],[107,-191],[-124,-413],[-106,-34],[-91,-536],[210,-645]],[[50717,47643],[-361,-192],[-309,367],[-425,-77],[-107,-180],[-295,-28],[-92,98]],[[81401,85402],[189,-251],[822,-37],[653,577],[321,-396]],[[83386,85295],[11,-355],[-221,-406],[58,-1025],[-334,-909],[62,-564],[119,-11],[12,-119],[-621,-583],[-131,-717],[85,-121],[106,40],[-110,-542],[156,-192],[-159,-198],[-5,-236]],[[82414,79357],[-406,-245],[-197,58],[-111,-330],[145,-114],[-29,-502],[-300,-489]],[[81516,77735],[-191,125],[-4,198],[-165,134],[-101,-55],[-141,120],[-141,-102],[-244,159],[366,616],[10,374],[-72,382],[-167,172],[-297,83],[-82,166],[198,316],[313,192],[151,363],[265,57],[100,212],[-300,-102],[-417,38],[68,179],[-105,164],[370,619],[-233,443],[442,591],[-10,164],[314,333],[177,457],[93,506],[-305,434],[-7,329]],[[56347,43239],[206,160],[-58,425],[120,67],[232,-89],[241,181],[110,-9],[108,-322],[273,-228],[158,230],[390,-30],[-14,-79]],[[58113,43545],[-352,-132],[-187,-458],[-377,-50],[-264,-237],[-157,-468],[-447,-507],[-194,328]],[[56135,42021],[209,576],[-72,414],[129,169],[-54,59]],[[76801,16650],[-490,-345],[-11,139],[-145,36],[-178,-418],[-215,0],[-186,-303],[-140,-9],[-88,247],[-323,-25],[99,-169],[-127,-9],[-198,-282],[104,-225],[-131,32],[-271,-196],[-265,111],[13,132],[-178,96],[-280,-197],[-80,-306],[69,-197],[-388,135]],[[73392,14897],[71,316],[-148,205],[125,138],[-71,179],[137,277],[-182,54],[-69,186],[-609,63],[-3,8],[183,324],[229,108],[-48,110],[139,53],[47,189]],[[73193,17107],[2191,-96],[1417,-361]],[[51813,39147],[-384,-261],[-247,-4],[-88,-178],[-280,116],[-321,-109],[61,-281],[-186,-69],[277,-7],[379,-368]],[[51024,37986],[-551,-179],[-17,189],[-324,172],[-113,218],[-229,-186],[-75,-243]],[[49715,37957],[-279,-3],[-215,-132],[-69,361],[307,98],[-460,242],[-98,473],[-239,38],[51,191],[-241,283],[36,298]],[[48508,39806],[266,-26],[155,143],[31,457],[240,463],[464,403],[134,342],[-367,-137],[-255,164],[-156,-102],[-103,159],[-320,31],[-196,199]],[[48401,41902],[67,201]],[[48468,42103],[337,127],[109,-168],[515,299]],[[49429,42361],[348,-543],[1842,481],[58,-599],[506,-49],[-61,-244],[403,-375],[7,-196]],[[52532,40836],[0,-232],[156,-235],[-118,-233],[-170,62],[-601,-423],[78,-316],[-64,-312]],[[60145,84758],[-243,176],[51,112],[-139,300],[-111,92],[-174,-51],[84,154],[-288,-29],[-154,600],[-415,77],[21,324],[-298,108]],[[58479,86621],[-40,199],[211,-116],[37,316],[191,196],[98,-58],[105,267],[167,73],[-99,217],[75,184],[586,120],[33,381]],[[59843,88400],[266,35],[553,-324],[-23,-249],[362,-493],[92,4],[-829,-381],[304,-324],[314,-34],[204,-155],[215,165],[186,-49],[59,-105],[199,-15],[68,-252],[117,25],[794,-479],[282,24],[201,179],[210,-56],[442,115]],[[63859,86031],[-295,-365],[30,-118],[154,46],[51,-198],[227,-22],[121,-291],[-413,-42],[-240,-757],[-330,-296],[-212,-38],[-270,-594],[-293,-220],[-258,-18],[-194,-621]],[[61937,82497],[-90,301],[-310,225],[-6,390],[-217,28],[35,130],[-423,473],[-174,784],[-290,61],[-317,-131]],[[44476,41359],[-319,-844]],[[44157,40515],[-1952,-847]],[[42205,39668],[-137,-96],[-437,27],[-160,-237],[-130,-9]],[[41341,39353],[71,266],[-144,256],[-145,31],[-156,391],[108,363],[-114,139],[-81,724],[205,472],[-152,363],[207,540]],[[41140,42898],[173,-384],[310,164],[361,19]],[[41984,42697],[-80,-247],[320,-221],[425,36],[176,-115],[87,170],[149,18],[83,-179],[138,77],[154,-65],[197,-252],[164,161],[266,39],[413,-760]],[[39557,21904],[-265,159],[1,206],[-287,27],[9,126],[183,79],[-30,104],[-353,172],[-81,-274],[-262,269],[91,438],[271,146],[-600,527],[87,557],[-218,110],[-30,162],[395,148],[73,274],[207,51],[41,134],[-227,-15],[-343,-324],[-186,-41],[-66,155],[82,168],[-164,61],[29,214],[-163,346]],[[37751,25883],[601,597],[518,5],[242,179],[322,-14],[374,167],[79,-342],[337,69],[258,167],[10,301],[126,126],[136,-124],[345,204],[276,3],[114,-128],[515,117],[65,-187],[183,-95],[-116,-47],[67,-166]],[[42203,26715],[40,-158],[-379,-468],[197,-114],[44,-156],[-441,-154],[64,-239],[-274,-113],[13,-249],[297,-210],[-377,-188],[-25,-74],[294,-180],[-252,-93]],[[41404,24319],[-384,-292],[-378,123],[-37,-503],[351,-266],[-189,-206],[309,-224],[-74,-453],[-439,-215],[-266,61],[-109,-162],[233,-427],[-31,-194],[-148,-121],[99,-212],[260,250],[379,-83],[106,-132],[408,86],[-105,-327],[-230,-123]],[[41159,20899],[-330,-250],[-544,22],[-38,215],[142,163],[-182,59],[-142,-147],[-11,265],[-237,66],[-260,612]],[[47083,73105],[-147,29],[-259,-459],[-141,52],[-101,-157],[-468,145],[-629,-200],[62,-173],[-110,-63],[66,-145],[-123,2],[96,-79],[-94,-119],[-1155,1047],[-31,128],[-177,-70],[-114,154],[101,345],[-445,463],[-112,-16],[-33,189],[-626,107],[-31,331],[-80,3],[86,290],[-80,581],[-245,148]],[[42293,75638],[-57,1073],[-175,683]],[[42061,77394],[2854,-293],[163,216],[36,443],[151,177],[83,368],[-317,311]],[[45031,78616],[83,262],[-128,55],[-48,-134],[-82,117],[204,123],[235,-21],[227,-223],[461,59],[89,-231],[213,-2],[83,240],[129,-95]],[[46497,78766],[59,-330],[160,-182]],[[46716,78254],[-199,-217],[-304,111],[-126,-84],[177,-370],[-401,-58],[112,-392],[-155,-308],[150,-149],[-321,-327],[106,-156],[261,12],[-158,-337],[172,-48],[32,-205],[275,65],[362,-360],[-360,-496],[-205,-83],[252,-209],[100,197],[44,-296],[193,51],[135,-105],[27,-193],[-266,-194],[156,-451],[144,106],[32,-330],[-127,-123],[142,27],[273,-190],[-156,-37]],[[57326,69290],[-56,-194],[345,-227],[32,-173],[-361,191],[-168,-168],[328,-237],[222,-386],[-94,-351],[306,-420],[-141,-74],[-434,200],[-248,-190],[-17,-248],[-112,-73],[-276,201],[-300,-95],[-83,-149],[-439,168],[-38,-466],[-166,-79],[-405,75]],[[55221,66595],[-125,367],[-1061,562],[-60,355],[-436,73],[-86,452],[-233,176],[-65,195],[-162,80],[-232,-232],[-128,7],[-109,-197],[-593,254]],[[51931,68687],[41,211],[-298,302],[142,392],[389,272],[245,-58],[116,528],[268,-170]],[[52834,70164],[310,55],[10,456],[280,38],[-109,270],[466,320],[-97,360],[249,56],[99,-161],[197,73],[61,199],[677,60],[20,214],[202,-74]],[[55199,72030],[288,-34],[386,223],[149,-77],[771,651],[14,348],[942,2981],[2858,422],[256,2565]],[[60863,79109],[247,-625],[399,-265],[-85,-178],[171,-80],[-115,-179],[15,-293],[188,-134],[118,-306],[-173,-182],[178,-535],[-71,-158],[200,-273],[-82,-230],[-208,-66]],[[61645,75605],[-583,107],[-10,-384],[-167,-30],[-253,142],[-86,-341],[-279,-187],[-365,258],[-403,-428],[52,-174],[-94,-161],[-144,46],[0,-285],[-477,-347],[-268,36],[-236,-588],[-656,-287],[66,-225],[329,-169],[65,-315],[-170,-336],[209,-415],[-213,-532],[-424,-206],[32,-377],[-420,-62],[183,-383],[441,-170],[1,-262],[-401,-30],[-48,-210]],[[50307,54363],[-608,-533],[-87,-336],[-454,226],[63,-179],[-147,-212],[-28,-666],[-418,-281],[39,-307],[-190,-389]],[[48477,51686],[-96,14],[48,281]],[[48429,51981],[-71,226],[188,414],[-9,129],[-234,180],[87,229],[-310,456],[-404,215],[23,143]],[[47699,53973],[81,293],[188,-120],[363,535],[-73,224],[180,603],[-167,277],[-292,6],[82,151],[-94,-87],[-73,65]],[[47894,55920],[14,294],[162,-56],[136,117],[68,-117],[285,364],[-23,349],[-225,388],[112,175],[312,10],[177,180],[103,-116],[168,160],[31,-109],[132,31],[18,-142],[258,129]],[[49622,57577],[255,-20],[112,-323],[-81,-204],[105,61],[78,-163],[148,52],[-8,-128],[82,27],[-51,183],[260,-44]],[[50522,57018],[-66,-277]],[[50456,56741],[-335,-138],[-87,-317],[31,-270],[318,-354],[-98,-36],[-82,-420],[96,-40],[-95,-262],[92,-99],[11,-442]],[[66528,27943],[-210,106],[197,580],[259,203],[478,20],[118,231],[265,14],[-55,287],[126,0],[29,217],[177,65],[-67,113],[141,333],[215,-34],[-1,465],[516,17],[63,245]],[[68779,30805],[1087,513]],[[69866,31318],[419,-259],[159,-1017],[249,-163],[194,-453],[1,-199],[-581,-98],[-441,-413],[169,-196],[-65,-238],[90,-160],[-129,-603],[-259,-12],[-350,212],[-123,-339],[-650,-332],[-85,-238],[-506,726],[-466,-7],[-122,236],[-468,-37],[-374,215]],[[71987,47778],[-76,-98],[86,-157],[-532,-199]],[[71465,47324],[-60,263],[-327,381],[170,584]],[[71248,48552],[1079,-2]],[[72327,48550],[-340,-772]],[[47762,35781],[326,37],[251,180],[104,-156],[273,-75],[1066,78],[-529,-823],[378,-780],[516,450],[356,-133],[62,255],[194,66],[48,308],[219,14],[156,240],[160,-5]],[[51342,35437],[146,-173],[-206,-411]],[[51282,34853],[17,-345],[-158,-174],[281,-493],[-25,-202],[-297,-191],[222,-147],[-122,-394]],[[51200,32907],[-250,136],[-348,-190],[-417,-551],[-247,-28],[-237,-307],[-286,-15]],[[49415,31952],[-153,41],[9,329],[-187,67],[33,216],[-310,66],[141,103],[-103,196],[149,85],[-256,144],[-55,-95],[-165,174],[32,307],[-185,65],[-39,315],[-257,50],[192,96],[-155,97],[-110,-120],[-91,60],[77,36],[-172,678],[-169,154],[121,765]],[[64814,35144],[-152,-157],[58,-129],[-859,-1059],[-174,-446]],[[63687,33353],[-155,111],[-16,518],[335,307],[-16,90],[99,-6],[88,314],[272,366],[-169,404],[-478,277],[-36,230],[-235,283]],[[63376,36247],[-31,125],[121,47],[-57,223],[229,380],[193,771],[231,308],[120,536],[-110,90],[189,256],[67,673],[277,522],[429,-11],[614,258],[485,-81],[123,79],[56,-149],[141,73],[72,-174],[262,-31],[230,-237],[125,29],[184,-255],[-64,-116],[593,-431],[140,-283]],[[67995,38849],[-105,-223],[123,-280],[-106,-337],[-528,-165],[-101,-439],[-436,-319],[-372,-662],[-411,-121],[-217,-235],[-538,57],[-233,-261],[18,-273],[-275,-447]],[[47209,22697],[-31,-190],[-246,186],[-242,513],[-328,31],[-170,-214],[-416,430],[-29,298],[-375,229],[-362,-28],[-431,320],[-120,-117],[-407,35],[-33,-204],[-766,-62]],[[43253,23924],[-118,20],[-74,177]],[[43061,24121],[35,161],[184,-64],[150,133],[-129,78],[35,91],[-80,-38],[97,385],[-178,235],[161,-16],[72,-149],[60,120],[376,53],[79,162],[-191,190],[43,175],[319,-66],[-42,278],[79,97],[462,-106],[257,502],[170,-11],[-26,-187],[180,-41],[122,387],[-362,220],[339,-67]],[[45273,26643],[248,-111],[92,251],[61,-232],[107,46],[48,-116],[61,186],[229,-60],[2,234],[110,34],[31,160],[196,-74],[64,84],[104,-108]],[[46626,26937],[439,-289],[153,-303],[132,-16],[142,-207],[203,60],[142,-86],[579,-593]],[[48416,25503],[-223,-324],[-244,-134],[-120,-366],[66,-247],[659,-617],[-1290,436],[-73,-60],[-5,-290],[177,-358],[-182,-224],[28,-622]],[[83604,67881],[127,-78],[-69,-47],[89,-154],[-163,-246],[229,-89],[-63,-300],[90,-159],[-304,-380],[234,-348],[203,59],[146,-159],[46,-602],[211,-682],[946,-107],[808,-2068]],[[86134,62521],[-14,-227],[385,-290],[127,-302],[-666,-1258],[53,-260],[-101,-102],[180,-343],[290,260],[203,19],[2,-604],[240,-102]],[[86833,59312],[-565,-311],[-411,-50],[-332,587],[-407,301],[2,367],[-263,345],[140,372],[-295,310],[-18,308],[-217,134],[109,153],[-99,275],[-162,28],[-234,317],[-753,-845],[-237,659],[-112,25],[-198,596],[-211,282],[1,183],[240,238],[-86,128],[-553,215],[82,774],[-339,49],[98,304],[193,86],[-53,237],[198,122],[-219,97],[131,188],[-116,96],[15,339],[326,242],[-21,207],[198,68],[136,401],[294,250],[12,224],[226,90],[-24,150],[103,-78],[77,157],[115,-51]],[[63416,58196],[-367,82],[-542,-156],[-457,-441],[-205,142],[-300,-1024],[-240,-124],[89,-282],[-376,76],[-557,-263],[-58,-163]],[[60403,56043],[-101,149],[-347,-177],[-263,88],[-653,-311],[-276,329],[-316,9],[-496,-376],[-36,-238],[-300,-240],[-288,622],[-360,245],[-202,-11]],[[56765,56132],[25,322],[-164,91],[-9,156],[361,329],[-181,36],[165,261],[-128,266],[75,168],[-208,202],[336,1034],[245,43],[228,379],[196,-85],[172,258],[801,67],[191,125],[114,166],[-38,325],[103,95],[62,608]],[[59111,60978],[334,335],[1,283],[204,163],[24,196],[224,135],[-52,332],[130,274],[73,-53],[130,122],[2,235],[320,261],[-5,753],[191,212],[-15,235],[300,169],[174,245],[-146,149],[175,238]],[[61175,65262],[106,-8],[-12,-145],[190,-148],[-216,-329],[173,-224],[-150,-74],[109,-86],[-89,-79],[330,-22],[56,-146],[222,72],[143,-115],[143,41],[20,-172],[-204,-250],[283,68],[5,-112],[105,18],[259,336],[10,-128],[118,10],[-113,-166],[205,-57],[-20,-210],[100,8],[-9,155],[127,0],[-16,-204],[118,1]],[[63168,63296],[179,-65],[-125,-169],[-98,24],[27,-117],[-160,51],[-115,-132],[-75,106],[-84,-93],[121,-148],[-301,-63],[194,-609],[-150,-164],[104,-70],[45,110],[66,-181],[103,21],[228,-639],[94,21]],[[63221,61179],[-147,-272],[404,-354],[52,-324],[102,43],[-88,-125],[291,-101],[38,-112],[-143,-62],[54,-185],[-102,-136],[-151,-24],[156,-137],[-305,-146],[137,-135],[-119,-72],[110,-50],[-16,-144],[180,-155],[-84,34],[-81,-183],[201,-243],[-193,26],[-101,-126]]]}