{"type":"Topology","objects":{"data":{"geometries":[{"properties":{"cd_mun_ibge":"2100055"},"type":"MultiPolygon","arcs":[[[-90,0,-222,-37,-38,-6,-230,-528]]],"id":0},{"properties":{"cd_mun_ibge":"2100105"},"type":"MultiPolygon","arcs":[[[-87,-95,-4]]],"id":1},{"properties":{"cd_mun_ibge":"2100154"},"type":"MultiPolygon","arcs":[[[-699,-15]]],"id":2},{"properties":{"cd_mun_ibge":"2100204"},"type":"MultiPolygon","arcs":[[[1]],[[-26,-370,-34,2]]],"id":3},{"properties":{"cd_mun_ibge":"2100303"},"type":"MultiPolygon","arcs":[[[-92,3,-100,-78]]],"id":4},{"properties":{"cd_mun_ibge":"2100402"},"type":"MultiPolygon","arcs":[[[-458,-744,-44,-468]]],"id":5},{"properties":{"cd_mun_ibge":"2100436"},"type":"MultiPolygon","arcs":[[[-376,-579,-22,-583,-103]]],"id":6},{"properties":{"cd_mun_ibge":"2100477"},"type":"MultiPolygon","arcs":[[[-673,-466,-49,-36]]],"id":7},{"properties":{"cd_mun_ibge":"2100501"},"type":"MultiPolygon","arcs":[[[-28,-657,4]]],"id":8},{"properties":{"cd_mun_ibge":"2100550"},"type":"MultiPolygon","arcs":[[[-72,-256,-139,-65,-263,-238]]],"id":9},{"properties":{"cd_mun_ibge":"2100600"},"type":"MultiPolygon","arcs":[[[-50,-464,-17,-179,-642,-319,-52,-631,-231,5,-40]]],"id":10},{"properties":{"cd_mun_ibge":"2100709"},"type":"MultiPolygon","arcs":[[[-55,-483,-218,-306,-18,-726,-539]]],"id":11},{"properties":{"cd_mun_ibge":"2100808"},"type":"MultiPolygon","arcs":[[[-708,-473,-283,-42,-45,-275]]],"id":12},{"properties":{"cd_mun_ibge":"2100832"},"type":"MultiPolygon","arcs":[[[-109,-25,6]],[[7]],[[8]],[[9]],[[10]],[[11]],[[12]],[[13]]],"id":13},{"properties":{"cd_mun_ibge":"2100873"},"type":"MultiPolygon","arcs":[[[-333,-365,-753]]],"id":14},{"properties":{"cd_mun_ibge":"2100907"},"type":"MultiPolygon","arcs":[[[-262,-505,14,-698,15]]],"id":15},{"properties":{"cd_mun_ibge":"2100956"},"type":"MultiPolygon","arcs":[[[-463,-271,-250,-217,-180,16]]],"id":16},{"properties":{"cd_mun_ibge":"2101004"},"type":"MultiPolygon","arcs":[[[-63,-727,17,-305,-281,-102,-741]]],"id":17},{"properties":{"cd_mun_ibge":"2101103"},"type":"MultiPolygon","arcs":[[[-53,-412,-442,18,-199,-321]],[[19]],[[20]]],"id":18},{"properties":{"cd_mun_ibge":"2101202"},"type":"MultiPolygon","arcs":[[[21,-578,-41,-244,-584]]],"id":19},{"properties":{"cd_mun_ibge":"2101251"},"type":"MultiPolygon","arcs":[[[22,-569,-440,-479]]],"id":20},{"properties":{"cd_mun_ibge":"2101301"},"type":"MultiPolygon","arcs":[[[-108,-633,-695,-689,23,24]]],"id":21},{"properties":{"cd_mun_ibge":"2101350"},"type":"MultiPolygon","arcs":[[[-500,-371,25,26,-61]]],"id":22},{"properties":{"cd_mun_ibge":"2101400"},"type":"MultiPolygon","arcs":[[[-658,27,28,-433,-328,-134,-602,-444]]],"id":23},{"properties":{"cd_mun_ibge":"2101509"},"type":"MultiPolygon","arcs":[[[29,-554,-655,-534]]],"id":24},{"properties":{"cd_mun_ibge":"2101608"},"type":"MultiPolygon","arcs":[[[-181,-228,-215,-608,-612,-232,-682,-130]]],"id":25},{"properties":{"cd_mun_ibge":"2101707"},"type":"MultiPolygon","arcs":[[[-474,-706,-426,-488,30,-355,-485]]],"id":26},{"properties":{"cd_mun_ibge":"2101731"},"type":"MultiPolygon","arcs":[[[-498,-324,-189,-427,-704]]],"id":27},{"properties":{"cd_mun_ibge":"2101772"},"type":"MultiPolygon","arcs":[[[-208,-389,-620,-457,-316]]],"id":28},{"properties":{"cd_mun_ibge":"2101806"},"type":"MultiPolygon","arcs":[[[-526,-514,-352,-331,31]]],"id":29},{"properties":{"cd_mun_ibge":"2101905"},"type":"MultiPolygon","arcs":[[[-383,-82,-184,32,33,-369]]],"id":30},{"properties":{"cd_mun_ibge":"2101939"},"type":"MultiPolygon","arcs":[[[-210,-669,-364,-394]]],"id":31},{"properties":{"cd_mun_ibge":"2101970"},"type":"MultiPolygon","arcs":[[[-73,-236,34]]],"id":32},{"properties":{"cd_mun_ibge":"2102002"},"type":"MultiPolygon","arcs":[[[-312,-378,-674,35,-48,-39,36,-221,-84,-541,-155]]],"id":33},{"properties":{"cd_mun_ibge":"2102036"},"type":"MultiPolygon","arcs":[[[37,38,-51,39]]],"id":34},{"properties":{"cd_mun_ibge":"2102077"},"type":"MultiPolygon","arcs":[[[-241,-240,-357,-748,-337,40]]],"id":35},{"properties":{"cd_mun_ibge":"2102101"},"type":"MultiPolygon","arcs":[[[41,-285,42,-46]]],"id":36},{"properties":{"cd_mun_ibge":"2102150"},"type":"MultiPolygon","arcs":[[[-743,-360,-460,43]]],"id":37},{"properties":{"cd_mun_ibge":"2102200"},"type":"MultiPolygon","arcs":[[[-97,-86,-276,44,45,46,-125]]],"id":38},{"properties":{"cd_mun_ibge":"2102309"},"type":"MultiPolygon","arcs":[[[-101,-135,-342,-246,-350]]],"id":39},{"properties":{"cd_mun_ibge":"2102325"},"type":"MultiPolygon","arcs":[[[47,48,-465,49,50]]],"id":40},{"properties":{"cd_mun_ibge":"2102358"},"type":"MultiPolygon","arcs":[[[51,-318,-148,-122,-632]]],"id":41},{"properties":{"cd_mun_ibge":"2102374"},"type":"MultiPolygon","arcs":[[[52,-325,-421,-413]]],"id":42},{"properties":{"cd_mun_ibge":"2102408"},"type":"MultiPolygon","arcs":[[[-538,53,-477,54]],[[55]],[[56]],[[57]],[[58]],[[59]],[[-536,-614,-501,60,61]]],"id":43},{"properties":{"cd_mun_ibge":"2102507"},"type":"MultiPolygon","arcs":[[[-209,-314,-366,-728,62,-740]]],"id":44},{"properties":{"cd_mun_ibge":"2102556"},"type":"MultiPolygon","arcs":[[[63,-439,-253,-401]]],"id":45},{"properties":{"cd_mun_ibge":"2102606"},"type":"MultiPolygon","arcs":[[[163,-163,-162,161,-161,-160,159,-159,-158,157,-157,-156,155,-175,-174,173,-173,-264,64,-138,65,-687,-693,-171,-170,169,-169,-168,167,-167,-166,165,-165,-164]],[[66]],[[67]],[[68]],[[69]]],"id":46},{"properties":{"cd_mun_ibge":"2102705"},"type":"MultiPolygon","arcs":[[[-303,-219,-717,-392,-282]]],"id":47},{"properties":{"cd_mun_ibge":"2102754"},"type":"MultiPolygon","arcs":[[[-254,-374,-94,-493]]],"id":48},{"properties":{"cd_mun_ibge":"2102804"},"type":"MultiPolygon","arcs":[[[-128,-594,-129,-430,70]]],"id":49},{"properties":{"cd_mun_ibge":"2102903"},"type":"MultiPolygon","arcs":[[[-257,71,-237,72,73]],[[74]],[[75]],[[76]]],"id":50},{"properties":{"cd_mun_ibge":"2103000"},"type":"MultiPolygon","arcs":[[[-278,-345,-625,-549,-93,77,-99,78,-667]]],"id":51},{"properties":{"cd_mun_ibge":"2103109"},"type":"MultiPolygon","arcs":[[[79]],[[-186,-308,-407,80]]],"id":52},{"properties":{"cd_mun_ibge":"2103125"},"type":"MultiPolygon","arcs":[[[-185,81,-382,-310]]],"id":53},{"properties":{"cd_mun_ibge":"2103158"},"type":"MultiPolygon","arcs":[[[-83,-266,-172,-274]]],"id":54},{"properties":{"cd_mun_ibge":"2103174"},"type":"MultiPolygon","arcs":[[[-234,-267,82,-273,-334,-751,-542,83,-220,84]]],"id":55},{"properties":{"cd_mun_ibge":"2103208"},"type":"MultiPolygon","arcs":[[[-277,85,-96,86,-91,-665,-713,-327,-495,-712]]],"id":56},{"properties":{"cd_mun_ibge":"2103257"},"type":"MultiPolygon","arcs":[[[87,-732,88,89,-527,-211]]],"id":57},{"properties":{"cd_mun_ibge":"2103307"},"type":"MultiPolygon","arcs":[[[90,91,92,-548,-144,-147,-123,-494,93,-373,-104,-663]]],"id":58},{"properties":{"cd_mun_ibge":"2103406"},"type":"MultiPolygon","arcs":[[[94,95,96,-124,97,98,99]]],"id":59},{"properties":{"cd_mun_ibge":"2103505"},"type":"MultiPolygon","arcs":[[[-679,-516,-225,-136,100,-349,-340,-650,-289]]],"id":60},{"properties":{"cd_mun_ibge":"2103554"},"type":"MultiPolygon","arcs":[[[101,-280,-586,-245,-386,-737,-736,735,-735,-734,-742]]],"id":61},{"properties":{"cd_mun_ibge":"2103604"},"type":"MultiPolygon","arcs":[[[102,-589,-393,-715,-664,103,-377]]],"id":62},{"properties":{"cd_mun_ibge":"2103703"},"type":"MultiPolygon","arcs":[[[104]],[[105]],[[106]],[[-634,107,108,109]],[[110]],[[111]],[[112]],[[113]],[[114,-405,-311,-636]],[[115]],[[116]],[[117]],[[118]],[[119]],[[120]]],"id":63},{"properties":{"cd_mun_ibge":"2103752"},"type":"MultiPolygon","arcs":[[[-628,121,-150,-212]]],"id":64},{"properties":{"cd_mun_ibge":"2103802"},"type":"MultiPolygon","arcs":[[[-408,-563,-490,122,-146]]],"id":65},{"properties":{"cd_mun_ibge":"2103901"},"type":"MultiPolygon","arcs":[[[123,124,125]]],"id":66},{"properties":{"cd_mun_ibge":"2104008"},"type":"MultiPolygon","arcs":[[[-363,-233,-610,-239,-396]]],"id":67},{"properties":{"cd_mun_ibge":"2104057"},"type":"MultiPolygon","arcs":[[[126,-403,-546,-595,127]]],"id":68},{"properties":{"cd_mun_ibge":"2104073"},"type":"MultiPolygon","arcs":[[[128,-593,-132,-329,-431]]],"id":69},{"properties":{"cd_mun_ibge":"2104081"},"type":"MultiPolygon","arcs":[[[-681,-288,-131,-182,129]]],"id":70},{"properties":{"cd_mun_ibge":"2104099"},"type":"MultiPolygon","arcs":[[[130,-287,-133,-591,-644,-183]]],"id":71},{"properties":{"cd_mun_ibge":"2104107"},"type":"MultiPolygon","arcs":[[[131,-592,132,-286,-603,133,-330]]],"id":72},{"properties":{"cd_mun_ibge":"2104206"},"type":"MultiPolygon","arcs":[[[-152,-343,134,135,-224,-521,-153]]],"id":73},{"properties":{"cd_mun_ibge":"2104305"},"type":"MultiPolygon","arcs":[[[136,137,138,-259]],[[139]],[[140]],[[141]],[[142]]],"id":74},{"properties":{"cd_mun_ibge":"2104404"},"type":"MultiPolygon","arcs":[[[-623,-151,-176,-410,-145,143,-547]]],"id":75},{"properties":{"cd_mun_ibge":"2104503"},"type":"MultiPolygon","arcs":[[[144,-409,145,146]]],"id":76},{"properties":{"cd_mun_ibge":"2104552"},"type":"MultiPolygon","arcs":[[[147,-317,-436,148,-213,149]]],"id":77},{"properties":{"cd_mun_ibge":"2104602"},"type":"MultiPolygon","arcs":[[[-177,150,-627,-344,151,-154]]],"id":78},{"properties":{"cd_mun_ibge":"2104628"},"type":"MultiPolygon","arcs":[[[152,-520,-178,153]]],"id":79},{"properties":{"cd_mun_ibge":"2104651"},"type":"MultiPolygon","arcs":[[[-313,154,-543,-757]]],"id":80},{"properties":{"cd_mun_ibge":"2104677"},"type":"MultiPolygon","arcs":[[[-156,155,156,-158,157,158,-160,159,160,-162,161,162,-164,163,164,-166,165,166,-168,167,168,-170,169,170,-692,-415,-272,171,-265,172,-174,173,174]]],"id":81},{"properties":{"cd_mun_ibge":"2104701"},"type":"MultiPolygon","arcs":[[[-411,175,176,177,-519]]],"id":82},{"properties":{"cd_mun_ibge":"2104800"},"type":"MultiPolygon","arcs":[[[-643,178,179,-216,-226,180,181,182]]],"id":83},{"properties":{"cd_mun_ibge":"2104909"},"type":"MultiPolygon","arcs":[[[183,184,-309,185,186]],[[187]]],"id":84},{"properties":{"cd_mun_ibge":"2105005"},"type":"MultiPolygon","arcs":[[[188,-323,-198,189,-424]],[[190]],[[191]],[[192]],[[193]],[[-196,194]]],"id":85},{"properties":{"cd_mun_ibge":"2105104"},"type":"MultiPolygon","arcs":[[[195,196,197,-322,198,199]],[[200]],[[201]],[[202]],[[203]],[[204]],[[205]],[[206]]],"id":86},{"properties":{"cd_mun_ibge":"2105153"},"type":"MultiPolygon","arcs":[[[-390,207,-315,208,-739]]],"id":87},{"properties":{"cd_mun_ibge":"2105203"},"type":"MultiPolygon","arcs":[[[-247,-242,-576,-670,209,-399]]],"id":88},{"properties":{"cd_mun_ibge":"2105302"},"type":"MultiPolygon","arcs":[[[210,-530,-229,-629,211,212,213]]],"id":89},{"properties":{"cd_mun_ibge":"2105351"},"type":"MultiPolygon","arcs":[[[-252,-605,214,-227,215,216]]],"id":90},{"properties":{"cd_mun_ibge":"2105401"},"type":"MultiPolygon","arcs":[[[-307,217,-482,-414,-419,-718,218]]],"id":91},{"properties":{"cd_mun_ibge":"2105427"},"type":"MultiPolygon","arcs":[[[219,220,221,222]]],"id":92},{"properties":{"cd_mun_ibge":"2105450"},"type":"MultiPolygon","arcs":[[[223,224,-515]]],"id":93},{"properties":{"cd_mun_ibge":"2105476"},"type":"MultiPolygon","arcs":[[[225,226,227]]],"id":94},{"properties":{"cd_mun_ibge":"2105500"},"type":"MultiPolygon","arcs":[[[228,-529,229,230,-630]]],"id":95},{"properties":{"cd_mun_ibge":"2105609"},"type":"MultiPolygon","arcs":[[[-683,231,-611,232,-362,-560]]],"id":96},{"properties":{"cd_mun_ibge":"2105658"},"type":"MultiPolygon","arcs":[[[-268,233,234,235,236,237]]],"id":97},{"properties":{"cd_mun_ibge":"2105708"},"type":"MultiPolygon","arcs":[[[238,-609,-607,-251,-269,-358,239,-243,-248,-397]]],"id":98},{"properties":{"cd_mun_ibge":"2105807"},"type":"MultiPolygon","arcs":[[[240,-577,241,-249,242]]],"id":99},{"properties":{"cd_mun_ibge":"2105906"},"type":"MultiPolygon","arcs":[[[-585,243,-336,-387,244]]],"id":100},{"properties":{"cd_mun_ibge":"2105922"},"type":"MultiPolygon","arcs":[[[245,-341,-531,-653,-351]]],"id":101},{"properties":{"cd_mun_ibge":"2105948"},"type":"MultiPolygon","arcs":[[[246,-398,247,248]]],"id":102},{"properties":{"cd_mun_ibge":"2105963"},"type":"MultiPolygon","arcs":[[[249,-270,250,-606,251]]],"id":103},{"properties":{"cd_mun_ibge":"2105989"},"type":"MultiPolygon","arcs":[[[252,-438,-320,-640,-545,-402]]],"id":104},{"properties":{"cd_mun_ibge":"2106003"},"type":"MultiPolygon","arcs":[[[-581,-375,253,-492,-361]]],"id":105},{"properties":{"cd_mun_ibge":"2106102"},"type":"MultiPolygon","arcs":[[[-293,292,-292,-291,290,-290,-523,254,-448,-302,-301,-300,-299,298,-298,-297,296,-296,-295,294,-294]]],"id":106},{"properties":{"cd_mun_ibge":"2106201"},"type":"MultiPolygon","arcs":[[[255,256,257,258]],[[259]]],"id":107},{"properties":{"cd_mun_ibge":"2106300"},"type":"MultiPolygon","arcs":[[[260,-506,261]]],"id":108},{"properties":{"cd_mun_ibge":"2106326"},"type":"MultiPolygon","arcs":[[[262,263,264,265,266,267]]],"id":109},{"properties":{"cd_mun_ibge":"2106359"},"type":"MultiPolygon","arcs":[[[268,269,270,-462,-359]]],"id":110},{"properties":{"cd_mun_ibge":"2106375"},"type":"MultiPolygon","arcs":[[[271,-416,-470,-335,272,273]]],"id":111},{"properties":{"cd_mun_ibge":"2106409"},"type":"MultiPolygon","arcs":[[[-710,709,-709,274,275,276,-711]]],"id":112},{"properties":{"cd_mun_ibge":"2106508"},"type":"MultiPolygon","arcs":[[[-338,-540,-724]]],"id":113},{"properties":{"cd_mun_ibge":"2106607"},"type":"MultiPolygon","arcs":[[[277,-666,278,-346]]],"id":114},{"properties":{"cd_mun_ibge":"2106631"},"type":"MultiPolygon","arcs":[[[279,280,-304,281,-391,-587]]],"id":115},{"properties":{"cd_mun_ibge":"2106672"},"type":"MultiPolygon","arcs":[[[282,-476,283,284]]],"id":116},{"properties":{"cd_mun_ibge":"2106706"},"type":"MultiPolygon","arcs":[[[285,286,287,-680,288,-649,-512,-511,510,-510,-524,289,-291,290,291,-293,292,293,-295,294,295,-297,296,297,-299,298,299,300,301,-447,-446,445,-445,-600,-599,-598,-597,596,-604]]],"id":117},{"properties":{"cd_mun_ibge":"2106755"},"type":"MultiPolygon","arcs":[[[302,303,304,305,306]]],"id":118},{"properties":{"cd_mun_ibge":"2106805"},"type":"MultiPolygon","arcs":[[[-404,307,308,309,-381,-637,310]]],"id":119},{"properties":{"cd_mun_ibge":"2106904"},"type":"MultiPolygon","arcs":[[[311,312,-756,-367,313,314,315,-456,-379]]],"id":120},{"properties":{"cd_mun_ibge":"2107001"},"type":"MultiPolygon","arcs":[[[-437,316,317,318,-641,319]]],"id":121},{"properties":{"cd_mun_ibge":"2107100"},"type":"MultiPolygon","arcs":[[[320,321,322,323,-497,-326,-422,324]]],"id":122},{"properties":{"cd_mun_ibge":"2107209"},"type":"MultiPolygon","arcs":[[[-423,325,-496,326,-720]]],"id":123},{"properties":{"cd_mun_ibge":"2107258"},"type":"MultiPolygon","arcs":[[[327,-432,328,329]]],"id":124},{"properties":{"cd_mun_ibge":"2107308"},"type":"MultiPolygon","arcs":[[[330,-354,-550,331]]],"id":125},{"properties":{"cd_mun_ibge":"2107357"},"type":"MultiPolygon","arcs":[[[332,-752,333,334,-469,-454]]],"id":126},{"properties":{"cd_mun_ibge":"2107407"},"type":"MultiPolygon","arcs":[[[-388,335,336,-747,-622]]],"id":127},{"properties":{"cd_mun_ibge":"2107456"},"type":"MultiPolygon","arcs":[[[-723,-616,-535,337]]],"id":128},{"properties":{"cd_mun_ibge":"2107506"},"type":"MultiPolygon","arcs":[[[338,-429,-557]]],"id":129},{"properties":{"cd_mun_ibge":"2107605"},"type":"MultiPolygon","arcs":[[[-504,-385,-372]]],"id":130},{"properties":{"cd_mun_ibge":"2107704"},"type":"MultiPolygon","arcs":[[[-651,339,-348,-552,-353]]],"id":131},{"properties":{"cd_mun_ibge":"2107803"},"type":"MultiPolygon","arcs":[[[-532,340,341,342,343,-626,344,345,346]]],"id":132},{"properties":{"cd_mun_ibge":"2107902"},"type":"MultiPolygon","arcs":[[[347,348,349,350,-652,-553]]],"id":133},{"properties":{"cd_mun_ibge":"2108009"},"type":"MultiPolygon","arcs":[[[351,-513,-647,352,-551,353]]],"id":134},{"properties":{"cd_mun_ibge":"2108058"},"type":"MultiPolygon","arcs":[[[-486,354,355,-701]]],"id":135},{"properties":{"cd_mun_ibge":"2108108"},"type":"MultiPolygon","arcs":[[[356,357,358,-461,359,-749]]],"id":136},{"properties":{"cd_mun_ibge":"2108207"},"type":"MultiPolygon","arcs":[[[-672,-582,360,-491,-561,361,362,-395,363]]],"id":137},{"properties":{"cd_mun_ibge":"2108256"},"type":"MultiPolygon","arcs":[[[-368,-754,364,-453,-418,-380,-502,-617,-721]]],"id":138},{"properties":{"cd_mun_ibge":"2108306"},"type":"MultiPolygon","arcs":[[[365,366,-755,367,-729]]],"id":139},{"properties":{"cd_mun_ibge":"2108405"},"type":"MultiPolygon","arcs":[[[-384,368,369,370,-499,371]]],"id":140},{"properties":{"cd_mun_ibge":"2108454"},"type":"MultiPolygon","arcs":[[[372,373,374,-580,375,376]]],"id":141},{"properties":{"cd_mun_ibge":"2108504"},"type":"MultiPolygon","arcs":[[[-459,-675,377,378]]],"id":142},{"properties":{"cd_mun_ibge":"2108603"},"type":"MultiPolygon","arcs":[[[-503,379,-417,-451,-638,380,381,382,383,384]]],"id":143},{"properties":{"cd_mun_ibge":"2108702"},"type":"MultiPolygon","arcs":[[[-738,385,386,387,-621,388,389]]],"id":144},{"properties":{"cd_mun_ibge":"2108801"},"type":"MultiPolygon","arcs":[[[-588,390,391,-716,392]]],"id":145},{"properties":{"cd_mun_ibge":"2108900"},"type":"MultiPolygon","arcs":[[[393,394,395,396,397,398]]],"id":146},{"properties":{"cd_mun_ibge":"2109007"},"type":"MultiPolygon","arcs":[[[399,400,401,-544,402]]],"id":147},{"properties":{"cd_mun_ibge":"2109056"},"type":"MultiPolygon","arcs":[[[403,404,405,406]]],"id":148},{"properties":{"cd_mun_ibge":"2109106"},"type":"MultiPolygon","arcs":[[[-685,-564,407,408,409,410,-518,-450]]],"id":149},{"properties":{"cd_mun_ibge":"2109205"},"type":"MultiPolygon","arcs":[[[-481,-443,411,412,-420,413]]],"id":150},{"properties":{"cd_mun_ibge":"2109239"},"type":"MultiPolygon","arcs":[[[414,-691,-455,-471,415]]],"id":151},{"properties":{"cd_mun_ibge":"2109270"},"type":"MultiPolygon","arcs":[[[-452,416,417]]],"id":152},{"properties":{"cd_mun_ibge":"2109304"},"type":"MultiPolygon","arcs":[[[418,419,420,421,422,-719]]],"id":153},{"properties":{"cd_mun_ibge":"2109403"},"type":"MultiPolygon","arcs":[[[423,424,-489,425,-705,426]]],"id":154},{"properties":{"cd_mun_ibge":"2109452"},"type":"MultiPolygon","arcs":[[[427,-558,428]]],"id":155},{"properties":{"cd_mun_ibge":"2109502"},"type":"MultiPolygon","arcs":[[[429,430,431,432,433]]],"id":156},{"properties":{"cd_mun_ibge":"2109551"},"type":"MultiPolygon","arcs":[[[434,435,436,437,438]]],"id":157},{"properties":{"cd_mun_ibge":"2109601"},"type":"MultiPolygon","arcs":[[[439,-568,440,441,442,-480]]],"id":158},{"properties":{"cd_mun_ibge":"2109700"},"type":"MultiPolygon","arcs":[[[-660,-659,443,-601,444,-446,445,446,447,448,-661]]],"id":159},{"properties":{"cd_mun_ibge":"2109759"},"type":"MultiPolygon","arcs":[[[449,-517,-686]]],"id":160},{"properties":{"cd_mun_ibge":"2109809"},"type":"MultiPolygon","arcs":[[[-639,450,451,452,453,-472,454,-697]]],"id":161},{"properties":{"cd_mun_ibge":"2109908"},"type":"MultiPolygon","arcs":[[[455,456,-619,-745,457,-467,-676,458]]],"id":162},{"properties":{"cd_mun_ibge":"2110005"},"type":"MultiPolygon","arcs":[[[459,460,461,462,463,464,465,-677,466,467]]],"id":163},{"properties":{"cd_mun_ibge":"2110039"},"type":"MultiPolygon","arcs":[[[468,469,470,471]]],"id":164},{"properties":{"cd_mun_ibge":"2110104"},"type":"MultiPolygon","arcs":[[[472,-707,473,-484,-508,474,475]]],"id":165},{"properties":{"cd_mun_ibge":"2110203"},"type":"MultiPolygon","arcs":[[[476,477,478,479,480,481,482]]],"id":166},{"properties":{"cd_mun_ibge":"2110237"},"type":"MultiPolygon","arcs":[[[-509,483,484,485,-700]]],"id":167},{"properties":{"cd_mun_ibge":"2110278"},"type":"MultiPolygon","arcs":[[[486,487,488]]],"id":168},{"properties":{"cd_mun_ibge":"2110302"},"type":"MultiPolygon","arcs":[[[489,-562,490,491,492,493]]],"id":169},{"properties":{"cd_mun_ibge":"2110401"},"type":"MultiPolygon","arcs":[[[494,495,496,497,-703]]],"id":170},{"properties":{"cd_mun_ibge":"2110500"},"type":"MultiPolygon","arcs":[[[498,499,500,-618,501,502,503]]],"id":171},{"properties":{"cd_mun_ibge":"2110609"},"type":"MultiPolygon","arcs":[[[504,505,506,507,508]]],"id":172},{"properties":{"cd_mun_ibge":"2110658"},"type":"MultiPolygon","arcs":[[[-525,509,-511,510,511,-648,512,513]]],"id":173},{"properties":{"cd_mun_ibge":"2110708"},"type":"MultiPolygon","arcs":[[[514,515,-678,516,517,518,519,520]]],"id":174},{"properties":{"cd_mun_ibge":"2110807"},"type":"MultiPolygon","arcs":[[[521,522,523,524,525]]],"id":175},{"properties":{"cd_mun_ibge":"2110856"},"type":"MultiPolygon","arcs":[[[526,527,528,529]]],"id":176},{"properties":{"cd_mun_ibge":"2110906"},"type":"MultiPolygon","arcs":[[[-654,530,531,532,533]]],"id":177},{"properties":{"cd_mun_ibge":"2111003"},"type":"MultiPolygon","arcs":[[[534,-615,535,536,537,538,-725,539]]],"id":178},{"properties":{"cd_mun_ibge":"2111029"},"type":"MultiPolygon","arcs":[[[540,541,-750,542]]],"id":179},{"properties":{"cd_mun_ibge":"2111052"},"type":"MultiPolygon","arcs":[[[543,544,-646,-596,545]]],"id":180},{"properties":{"cd_mun_ibge":"2111078"},"type":"MultiPolygon","arcs":[[[-624,546,547,548]]],"id":181},{"properties":{"cd_mun_ibge":"2111102"},"type":"MultiPolygon","arcs":[[[549,550,551,552,-656,553,554]]],"id":182},{"properties":{"cd_mun_ibge":"2111201"},"type":"MultiPolygon","arcs":[[[555,556,557,558,-566]]],"id":183},{"properties":{"cd_mun_ibge":"2111250"},"type":"MultiPolygon","arcs":[[[559,560,561,562,563,-684]]],"id":184},{"properties":{"cd_mun_ibge":"2111300"},"type":"MultiPolygon","arcs":[[[564]],[[565,566,567,568,569]],[[570]],[[571]],[[572]],[[573]],[[574]]],"id":185},{"properties":{"cd_mun_ibge":"2111409"},"type":"MultiPolygon","arcs":[[[575,576,577,578,579,580,581,-671]]],"id":186},{"properties":{"cd_mun_ibge":"2111508"},"type":"MultiPolygon","arcs":[[[582,583,584,585,586,587,588]]],"id":187},{"properties":{"cd_mun_ibge":"2111532"},"type":"MultiPolygon","arcs":[[[589,-730]]],"id":188},{"properties":{"cd_mun_ibge":"2111573"},"type":"MultiPolygon","arcs":[[[590,591,592,593,594,595,-645]]],"id":189},{"properties":{"cd_mun_ibge":"2111607"},"type":"MultiPolygon","arcs":[[[-597,596,597,598,599,600,601,602,603]]],"id":190},{"properties":{"cd_mun_ibge":"2111631"},"type":"MultiPolygon","arcs":[[[604,605,606,-613,607]]],"id":191},{"properties":{"cd_mun_ibge":"2111672"},"type":"MultiPolygon","arcs":[[[608,609,610,611,612]]],"id":192},{"properties":{"cd_mun_ibge":"2111706"},"type":"MultiPolygon","arcs":[[[613,614,615,-722,616,617]]],"id":193},{"properties":{"cd_mun_ibge":"2111722"},"type":"MultiPolygon","arcs":[[[618,619,620,621,-746]]],"id":194},{"properties":{"cd_mun_ibge":"2111748"},"type":"MultiPolygon","arcs":[[[622,623,624,625,626]]],"id":195},{"properties":{"cd_mun_ibge":"2111763"},"type":"MultiPolygon","arcs":[[[627,628,629,630,631]]],"id":196},{"properties":{"cd_mun_ibge":"2111789"},"type":"MultiPolygon","arcs":[[[-696,632,633,634,635,636,637,638]]],"id":197},{"properties":{"cd_mun_ibge":"2111805"},"type":"MultiPolygon","arcs":[[[639,640,641,642,643,644,645]]],"id":198},{"properties":{"cd_mun_ibge":"2111904"},"type":"MultiPolygon","arcs":[[[646,647,648,649,650]]],"id":199},{"properties":{"cd_mun_ibge":"2111953"},"type":"MultiPolygon","arcs":[[[651,652,653,654,655]]],"id":200},{"properties":{"cd_mun_ibge":"2112001"},"type":"MultiPolygon","arcs":[[[656,657,658,659,660,661]]],"id":201},{"properties":{"cd_mun_ibge":"2112100"},"type":"MultiPolygon","arcs":[[[662,663,-714,664]]],"id":202},{"properties":{"cd_mun_ibge":"2112209"},"type":"MultiPolygon","arcs":[[[665,666,667]]],"id":203},{"properties":{"cd_mun_ibge":"2112233"},"type":"MultiPolygon","arcs":[[[668,669,670,671]]],"id":204},{"properties":{"cd_mun_ibge":"2112274"},"type":"MultiPolygon","arcs":[[[672,673,674,675,676]]],"id":205},{"properties":{"cd_mun_ibge":"2112308"},"type":"MultiPolygon","arcs":[[[677,678,679,680,681,682,683,684,685]]],"id":206},{"properties":{"cd_mun_ibge":"2112407"},"type":"MultiPolygon","arcs":[[[-694,686,687,688]],[[689]]],"id":207},{"properties":{"cd_mun_ibge":"2112456"},"type":"MultiPolygon","arcs":[[[690,691,692,693,694,695,696]]],"id":208},{"properties":{"cd_mun_ibge":"2112506"},"type":"MultiPolygon","arcs":[[[697,698,699,700,701]]],"id":209},{"properties":{"cd_mun_ibge":"2112605"},"type":"MultiPolygon","arcs":[[[702,703,704,705,706,707,708,-710,709,710,711]]],"id":210},{"properties":{"cd_mun_ibge":"2112704"},"type":"MultiPolygon","arcs":[[[712,713,714,715,716,717,718,719]]],"id":211},{"properties":{"cd_mun_ibge":"2112803"},"type":"MultiPolygon","arcs":[[[720,721,722,723,724,725,726,727,728]]],"id":212},{"properties":{"cd_mun_ibge":"2112852"},"type":"MultiPolygon","arcs":[[[729,730,731,732]]],"id":213},{"properties":{"cd_mun_ibge":"2112902"},"type":"MultiPolygon","arcs":[[[733,734,-736,735,736,737,738,739,740,741]]],"id":214},{"properties":{"cd_mun_ibge":"2113009"},"type":"MultiPolygon","arcs":[[[742,743,744,745,746,747,748]]],"id":215},{"properties":{"cd_mun_ibge":"2114007"},"type":"MultiPolygon","arcs":[[[749,750,751,752,753,754,755,756]]],"id":216}],"type":"GeometryCollection"}},"bbox":[-48.7551507,-10.259627412571513,-41.79631266809957,-1.0493281000000003],"transform":{"scale":[6.958907620976644e-05,9.210391416485678e-05],"translate":[-48.7551507,-10.259627412571513]},"arcs":[[[10487,59512],[3006,1776],[339,308],[554,-48],[47,-105],[373,-64],[645,-24]],[[62269,85169],[24,-111],[-57,-33],[-57,91],[90,53]],[[59072,86461],[241,58],[63,256],[483,263],[20,157],[650,359],[196,395],[630,143],[186,-66],[126,85],[444,-240],[495,-521],[-84,-48],[123,-47],[162,-484],[-96,-87],[188,-43],[205,-353],[86,-304],[-312,-166],[103,-275],[-205,-294],[-291,-114],[-16,101],[-425,10],[-44,-82],[-535,49],[-296,-160],[24,-101],[347,78],[208,-66],[169,-81],[50,-173],[-251,-252],[-66,48],[-158,-95],[-205,-398],[-315,-146],[-164,103],[-158,-22],[-298,-747]],[[76534,65538],[3144,-1541]],[[40477,15991],[-321,-338],[227,-210],[-70,-84],[-123,50],[-222,-294],[93,-96],[-229,-133],[52,-164],[-222,-253],[56,-252],[682,-705],[-31,-109],[144,-158],[-73,-167],[168,-163],[-55,-168],[142,-48],[-79,-517],[446,-518],[-121,-64],[104,-193],[-73,-234],[101,-49],[-19,-294],[-89,-45],[115,-152],[-165,-181],[237,-367],[-41,-117],[434,-189],[231,33],[335,-203],[367,-453],[-36,-214],[187,-238],[-105,-20],[180,-214],[-539,-408],[-164,-213],[50,-116],[-188,-168],[120,-268],[-45,-158],[235,-172],[-189,-373],[53,-310],[-125,-168],[141,-88],[105,-746],[-349,-385],[-296,-674],[345,-770],[-545,-1270],[148,-116],[-124,-446],[-167,-118],[-142,-343],[-348,-200],[-99,-213],[-208,-61],[-139,-239],[130,-435],[-398,110],[-320,-21],[-145,-101],[-164,209],[-79,619],[-115,79],[-984,-400],[-520,71],[-428,-73],[-649,471],[-893,-129],[-576,95],[-208,-118],[-580,162],[-231,528],[-528,427],[-352,38],[-175,326],[4,318],[-290,306],[78,176],[-74,227],[162,170],[-185,143],[82,505],[-269,80],[163,143],[-242,143],[50,177],[-276,324],[-424,-139],[-498,56],[110,385],[-82,121],[-303,123],[-518,-18],[-219,201],[-85,401],[579,300],[100,387],[212,270],[-15,197],[800,327],[-560,429],[-1,101],[238,166],[-69,136],[-412,-33],[-112,141],[-390,52],[-294,203],[2,216],[218,168]],[[26559,57131],[-200,475],[119,166],[-193,215],[115,100],[-181,168],[106,119],[-102,354]],[[51145,95235],[300,-79],[324,272],[289,-157],[421,127],[93,191],[124,-19],[239,-104],[25,-156],[299,-99],[610,46],[240,-271],[-256,-108],[6,-117],[153,-33],[256,111],[215,-126],[4,-220],[149,-39]],[[51923,95413],[13,-24],[-15,-44],[-16,27],[18,41]],[[52548,95693],[29,-35],[-3,-14],[-29,21],[3,28]],[[52066,95559],[112,210],[195,185],[108,-459],[-376,-82],[-39,146]],[[52922,95648],[-37,-104],[-124,136],[67,209],[122,-110],[-28,-131]],[[52589,95881],[134,49],[-42,-222],[-93,41],[1,132]],[[52627,96044],[-117,-211],[-27,123],[302,482],[146,42],[-304,-436]],[[52450,96153],[-86,-101],[-87,234],[-134,48],[193,264],[287,-215],[-173,-230]],[[92628,77816],[435,153],[708,0],[1188,238],[301,247],[143,-48],[863,349],[118,197],[-1143,9],[41,231],[-168,259],[824,256],[-252,540],[38,267],[323,306],[-369,617],[-280,23]],[[93874,82161],[140,56],[1450,-85],[600,85],[558,-570],[213,22],[-50,229],[86,42],[434,-114],[1802,17],[792,-140],[-309,-133],[-18,-115],[-309,-198],[35,-417],[-301,-608],[444,-490],[415,-253],[143,-230],[-381,-634],[-598,-372],[-449,-453],[-398,-175],[-24,-318],[-214,-191],[63,-289],[-164,105],[-106,-32],[-262,-178],[-15,-164],[-171,-154]],[[34850,53479],[-259,409],[384,348],[116,470],[379,220],[128,243],[831,467],[521,759],[241,124],[424,-14],[339,100],[643,499],[184,332],[437,389],[210,764],[-86,105]],[[57583,75586],[806,-884],[838,-502],[568,-221]],[[66199,81338],[269,40],[208,174],[292,-53],[231,102]],[[66960,81535],[15,-3],[-26,-7],[-2,2],[13,8]],[[67000,81552],[-15,9],[1,7],[19,1],[-5,-17]],[[61337,66554],[99,-1132],[-291,-231],[-81,-258]],[[61212,78537],[670,490],[515,718],[97,328],[-54,927]],[[49309,94052],[799,-17],[188,67],[330,489],[384,315],[135,329]],[[51145,95235],[202,-592],[126,120],[314,-470],[0,-135],[-268,-56],[209,-245],[-154,-339],[262,42],[114,176],[140,-26],[122,-172],[240,36],[376,185],[152,224],[410,23],[410,212],[876,161]],[[58120,82866],[58,-110],[143,-2],[50,160],[135,-29],[83,87],[61,-121],[140,109],[207,-54],[-7,211],[386,74],[210,182],[346,23],[420,-195]],[[60352,83201],[-437,-678],[-146,-55],[-154,-278],[-287,-136],[40,-400],[-378,-717]],[[35470,16303],[-691,-580],[-264,-404],[-692,-530],[-410,-194],[-1060,-162],[-209,-135],[-368,-1301],[-182,-109],[-200,35],[-110,-140],[-465,-41],[-193,-98],[20,-207],[171,-56],[55,-336],[-218,-227],[21,-151],[-180,25],[-188,-280],[41,-589],[-367,-207],[201,-594],[640,-310],[-283,-135],[-140,-192],[100,-178]],[[30499,9207],[-606,226],[-306,-84],[-389,24],[-327,-196],[-282,87],[101,273],[-582,460],[-171,349],[-349,-16],[-141,91],[7,170],[369,262],[-143,217],[88,445],[-401,78],[-25,406],[-564,152],[25,175],[-241,-121],[-281,6],[-79,75],[118,327],[-115,131],[279,34],[-136,173],[-268,33],[-512,-195],[-193,71],[-259,-76],[-90,44],[49,85],[-192,-63],[-675,153],[389,385],[-54,108],[-291,67],[337,39],[167,223],[-47,80],[56,-11],[0,-92],[147,-3],[120,238],[-73,150],[339,81],[-34,139],[189,8],[22,130],[174,60],[-232,171],[-94,215],[299,134],[178,-97],[261,174],[384,69],[-46,146],[155,122],[-92,61],[156,90],[-20,390],[-389,563],[202,7],[41,190],[394,240],[-126,290],[-117,-21],[18,92],[-198,53],[53,300],[214,157],[-45,96],[-222,18],[29,94],[198,-56],[109,236],[57,-70],[82,111],[66,-63],[47,187],[182,-41],[39,150],[198,112],[-80,621],[163,132],[245,-96],[330,221],[73,262],[-168,321],[175,-48],[114,62],[-67,141],[133,196],[802,-163]],[[84334,40769],[205,-96],[-230,-251],[48,-365],[-329,-388],[-158,-683],[-408,-357],[-484,-213],[-301,-365],[-663,-76],[-249,130],[-263,8],[-309,-228],[-612,-146],[-441,178],[-956,4],[-412,-290],[-536,-81],[-517,37],[-266,-240],[-332,23],[-28,-176],[-414,-110],[-361,65],[-148,-86]],[[82489,84719],[2724,-956],[892,-8],[204,-166],[176,74],[238,-37],[1131,-738]],[[64750,35385],[-196,-20],[-11,-180],[-232,-286],[82,-271],[-447,-516],[-392,99],[-440,-139],[-330,6],[-640,-333],[-452,-92],[-621,-290],[-286,-382],[-561,-63],[-742,-879],[-674,-246],[-372,-690],[-323,-35],[-270,80],[-174,316],[-551,-183],[-519,191],[-59,-159],[-394,-119],[-312,-397],[-441,-25],[-351,-490],[-927,-129]],[[58594,86632],[478,-171]],[[59072,86461],[-321,-357],[10,-175],[262,-325],[-275,-497],[115,-164],[-616,-269],[-269,-314],[18,-203],[338,-66],[161,-345],[-375,-879]],[[36382,90601],[-78,287],[-231,71],[425,391],[61,161],[-90,122],[-187,182],[-411,88],[-371,-63],[-187,72],[-207,-125],[-166,426],[170,361],[129,53],[532,-49],[263,129],[379,-112],[216,120],[38,162],[464,75],[229,249],[-124,234],[38,337]],[[44738,72023],[-45,50],[-250,-128],[-348,-73],[-91,67],[-174,-87],[-394,70],[-469,-103],[-670,96],[-324,-140],[-97,-173],[-59,72],[-617,-18],[-349,-332],[-449,-165],[-689,244],[-316,-248],[-510,57],[-176,-41],[-101,-140],[-476,-1],[-128,-203],[-787,-518],[29,-119],[-107,-194],[-126,-34],[-53,-316],[-296,-317],[-26,-586],[-659,-250],[-235,-410]],[[27489,63682],[-470,-416],[-208,59],[-615,-174],[-63,112],[-1155,137],[-208,347],[-409,239],[-40,233],[-120,25],[-39,220],[-197,141],[59,270],[202,227],[-50,292]],[[26223,58728],[171,374],[-152,314],[56,207],[-207,320],[108,211],[-44,273],[131,108],[-124,108],[-153,614],[158,121],[-72,230],[610,742],[-104,127],[85,206],[570,324],[-2,249],[212,195],[23,231]],[[27489,63682],[280,185],[321,38],[473,16],[410,-116],[94,117],[161,-29],[315,208],[201,8],[104,143],[666,74],[558,279],[487,395],[284,36],[93,329],[774,440]],[[32910,58723],[-6687,5]],[[53794,66726],[133,-30],[237,-378],[335,-221],[-1664,-847],[-35,-512],[2874,-605],[109,-343]],[[82453,70803],[128,112],[-98,473],[443,590],[7,187],[-227,166],[55,76],[-131,233],[253,172]],[[87975,71957],[-534,-367],[-161,-233],[-17,-172],[201,-371],[-222,-302],[181,-287],[-229,-181],[-493,-826]],[[45412,65835],[-3,-275],[-346,-143],[111,-77],[-140,6],[-69,-232],[286,-275],[282,77],[625,-28],[348,141],[102,-169],[632,101],[136,-54],[439,324],[25,-149]],[[80930,71328],[1523,-525]],[[82453,70803],[4248,-1585]],[[86701,69218],[-140,-373],[-716,-389],[-184,-409],[-287,1],[-116,-81],[-328,-411],[-158,-456]],[[32710,65805],[-6,154],[419,171],[327,512],[780,388],[210,334],[802,383],[200,6],[304,330]],[[35746,68083],[300,-5],[45,-135],[257,-90],[193,-334],[-297,-501],[-496,-456],[-110,-378],[-135,-89],[23,-579],[-237,-242],[106,-338],[262,-249]],[[38307,58684],[-5397,39]],[[32910,58723],[38,93],[-143,1],[-172,417],[66,211],[276,275],[-107,237],[-262,159],[75,329],[-173,209],[243,234],[-196,338],[-91,611],[216,178],[-246,565],[104,237],[-230,319],[196,195],[-176,520],[245,653],[-81,324],[269,127],[-145,279],[94,571]],[[26574,53250],[113,-349],[-46,-306],[-133,-36],[26,-138],[-108,-2],[-206,-255],[66,-222],[-146,-115],[68,-185],[-227,-85],[23,-445],[-140,-367],[168,-144],[-52,-121],[122,-15],[-113,-44],[16,-101]],[[67476,79845],[-26,62]],[[59830,78376],[625,-46]],[[60345,78273],[-351,-11]],[[58789,79235],[43,51],[-7,-253],[-78,84],[42,118]],[[59376,79599],[24,-65],[-110,-99],[11,113],[75,51]],[[58859,79643],[267,100],[8,-93],[-320,-235],[45,228]],[[61459,81591],[-11,-2314],[-1177,-702],[-314,-101],[-133,181],[-711,462],[398,240],[188,495],[160,110],[134,384],[-112,442],[743,704],[437,271],[304,46],[126,-85],[-32,-133]],[[59896,80242],[-22,-77],[-40,-21],[48,123],[14,-25]],[[56565,81013],[2100,80],[325,-156]],[[58990,80937],[253,-510],[-280,-445]],[[55791,75740],[-84,-159],[235,-335],[-22,-187]],[[19750,43534],[-610,975],[-142,522],[41,475]],[[41380,92018],[67,224],[-101,119],[365,418],[-83,83],[61,103],[-164,109],[225,213],[-21,89],[347,143],[-56,142],[113,186],[-79,66]],[[45184,97553],[238,86],[110,-45],[-178,-312],[99,-31],[609,287],[68,-276],[199,-84],[178,87],[63,-75],[-178,-551],[181,-207],[155,19],[395,557],[429,141],[-209,59],[67,107],[345,34],[313,-91],[38,-249],[-204,-308],[-189,21],[-229,-188],[-348,-38],[-170,-519],[75,-10],[-81,-229],[93,-168],[-118,-147],[193,-98]],[[46768,96701],[72,72],[-55,-166],[-4,51],[-13,43]],[[46941,96839],[26,3],[-74,-90],[9,58],[39,29]],[[45706,97562],[-22,126],[80,18],[16,-100],[-74,-44]],[[45428,97909],[193,225],[24,290],[205,20],[361,-137],[103,-167],[-88,-101],[-571,-10],[-227,-120]],[[28000,25065],[-485,-161],[-259,70],[-116,-109],[-87,155],[-338,-335],[-318,43],[-37,-146],[-473,-114],[-1,-216],[-179,-81],[39,-74],[-372,-80],[-132,-212],[-59,102],[-96,-52],[-520,102],[-316,598],[-108,-23],[-139,135],[-327,-29],[125,119],[-129,109],[59,166],[-145,-51],[-54,71],[132,167],[-134,-24],[-65,187],[-299,-32],[-3,322],[-199,15],[-280,240],[-69,108],[80,62],[-172,-29],[-22,178],[-135,-77],[-125,169],[-404,109],[69,82],[-213,3],[-25,77],[165,49],[-178,43],[106,65],[-214,334],[130,59],[-296,-27],[94,193],[-192,-31],[-14,167],[-560,-5],[-32,145],[143,44],[-159,120],[200,-3],[6,135],[-412,52],[-102,201],[342,74],[-621,478],[-230,-86],[310,-193],[-17,-69],[-410,-70],[-88,245],[78,343],[-318,143],[87,197],[-588,142],[192,137],[22,161],[-517,111],[-202,-169],[-77,460],[-241,131],[-61,431],[-388,68],[-493,-186],[-413,115],[411,367],[730,207],[412,240],[76,308],[-310,465],[-581,305],[-743,19],[-222,-88],[-283,-311],[-258,-48],[-661,727],[-757,325],[-82,387],[157,181],[485,219],[637,-169],[229,84],[678,871],[323,142],[381,342],[279,452],[40,446],[286,380],[-13,316],[-193,343]],[[39358,94849],[-113,55],[-144,-1610],[-316,-810]],[[38606,92636],[83,360],[-81,187],[-347,11],[-231,335],[-756,243]],[[37274,93772],[206,135],[-115,181],[306,164],[-150,660],[-463,466],[525,337],[-7,120],[-199,112],[178,113],[166,383],[203,105],[177,325],[-362,32],[-3,237],[-261,33],[-171,235],[5,143],[270,292],[-132,236],[233,170],[804,153],[29,383],[102,115],[22,-131],[145,335],[256,-450],[-108,563],[376,423],[240,57],[103,246],[254,54],[200,-113],[-288,-68],[107,6],[132,-236],[-227,-263],[316,-3],[-38,-304],[185,-42],[-118,-166],[78,-28],[-51,-366],[118,-86],[755,921],[145,395],[237,91],[-83,61],[67,166],[274,-23],[128,-306],[-98,-210],[-210,-66],[4,-243],[-501,-208],[-180,-179],[88,-60],[329,243],[121,-5],[-132,-309],[208,82],[-85,-237],[187,124],[-75,-282],[274,-68]],[[40250,98549],[10,-47],[-34,-49],[-4,51],[28,45]],[[41101,98884],[37,17],[-173,-142],[3,17],[133,108]],[[39431,99753],[15,-42],[-97,-26],[38,68],[44,0]],[[74299,60802],[436,-186],[777,-75],[290,382],[404,27],[459,180],[314,-5],[2079,-950],[197,245],[402,196],[112,513],[1005,726],[175,574],[565,690]],[[83440,63778],[308,3],[678,-334],[128,-153],[-88,-344],[340,-137],[46,-110],[-26,-234],[-329,-331],[123,-324],[-93,-167],[-620,-757],[-528,-342],[84,-218],[321,-175],[55,-141],[-77,-202],[-327,-171],[15,-240],[134,-224],[592,-363],[109,-566]],[[60635,89436],[-43,-9],[-41,22],[27,10],[57,-23]],[[60404,90888],[156,-11],[183,116],[194,-75],[365,-775],[-80,-75],[-238,64],[432,-313],[-398,-249],[-382,-106],[-455,36],[-150,-140]],[[57393,86738],[-123,-160],[-419,-195],[-267,51],[-397,-176],[-11,-148],[-332,-99],[89,-219],[-510,-293]],[[37470,87259],[-165,-407],[-289,-302],[-155,-914],[-549,-632],[-10,-339],[-697,-192],[-24,-332],[500,-844],[-105,-245],[271,-235],[395,-147],[329,-392],[1539,-2]],[[29585,71166],[-608,-870],[169,-239],[35,-349],[391,-200],[-175,-221],[-689,-294],[-53,-766],[-629,-251],[-561,-48],[-370,-314],[-318,-129],[-199,-426],[-309,-37]],[[24782,72256],[45,63],[-200,87],[203,107],[-176,79],[79,53],[-70,72],[293,-37],[0,184],[118,-9],[93,165],[135,-49],[269,97],[-38,131],[136,36],[-193,211],[194,61],[129,-62],[-133,232],[296,-34],[-113,169],[133,20],[-59,122],[131,18],[-191,89],[-14,135],[236,55],[-126,167],[-7,144],[161,-50],[27,58],[-117,155],[235,-5],[152,177],[166,-67],[228,349],[221,-115],[97,206],[131,-174],[134,65],[2,202],[143,-62],[134,137],[216,0],[38,103],[-206,45],[226,85],[-133,174],[259,87],[-59,238],[156,41],[135,-75],[97,55],[9,275],[334,6],[-233,132],[188,102],[-210,175],[309,-111],[106,103],[-77,146],[425,135],[-149,97],[14,177],[-217,-100],[-53,169],[232,-30],[189,167],[91,-69],[-57,-117],[126,-8],[14,287],[434,71],[-79,214],[127,77],[-60,359],[144,50],[-73,150],[196,54],[-221,116],[81,80],[267,-35],[10,137],[-197,95],[223,53],[-14,92],[-276,72],[-78,104],[275,152],[-125,302],[-266,105],[4,114],[178,78],[417,-83],[69,142],[-71,-12],[-15,106],[73,-73],[62,75],[-126,117],[274,-95],[143,48],[-55,280],[363,-178],[199,46],[-96,136],[-107,-49],[-86,79],[75,72],[-132,17],[-40,313],[-327,-188],[-137,110],[-17,446],[-89,56],[-139,-76],[-99,173],[69,133],[-301,-31],[106,56],[-55,223],[119,137],[229,39],[-50,103],[234,-54],[-2,122],[228,96],[-52,222],[232,59],[194,-282],[197,369],[1035,159],[-37,285],[320,169],[-197,208],[139,199],[253,-98],[780,154],[-248,186],[104,176],[-154,187],[110,177],[-118,142],[-22,359],[470,521],[-54,78],[-269,-3],[-350,-242],[-159,113],[44,141],[469,310],[-11,410],[237,303],[-230,349],[306,90],[208,-195],[200,-25],[257,231],[246,62],[214,337],[704,397],[-252,137],[399,235],[64,275],[-128,168],[32,237],[175,89]],[[79861,70319],[-160,-2556]],[[78857,67150],[-2323,-1612]],[[12767,53791],[-115,382],[-900,331]],[[10013,59232],[474,280]],[[10487,59512],[651,-70],[869,-483],[843,-276],[81,-177],[331,-147],[268,-398],[129,-12],[-29,-77],[405,-177],[34,-122],[846,-321],[57,-237],[230,-231],[2050,-713]],[[74158,65483],[1133,452],[1243,-397]],[[76534,65538],[877,-852],[-4711,-2070],[-95,26],[17,112],[-213,-15],[-58,140],[-469,-42],[156,-38],[906,-808],[533,-350],[402,-559],[253,-95],[167,-185]],[[74299,60802],[-298,-202],[-532,-790],[-223,-45],[-610,254],[-1938,-269],[-90,-76],[209,-293]],[[63698,58901],[297,-118],[251,226],[438,92],[808,943],[-23,415],[-135,179],[63,182],[-322,133],[-105,259],[196,177],[-152,131],[206,501],[295,213]],[[79678,63997],[-142,665],[-210,303],[94,426],[-126,383],[190,336],[-28,478],[-110,126],[-160,-13],[-40,182],[-289,267]],[[78857,67150],[844,613]],[[79701,67763],[407,-89]],[[83525,66147],[-552,-469],[-90,-195],[85,-779],[262,-310],[5,-515],[205,-101]],[[83440,63778],[-1926,-659]],[[81514,63119],[-1836,878]],[[67250,48244],[16,-375],[149,-206],[268,-81],[177,-214],[1844,-1172]],[[56580,71463],[146,-111],[-76,-51],[97,-130],[171,43],[-77,76],[93,34],[12,-105],[159,-50],[101,80],[-38,197],[227,43],[140,-66],[-101,-52],[352,-67],[76,-52],[-197,-10],[52,-129],[-220,-104],[31,-116],[147,78],[39,-106],[203,81],[5,-128],[232,-44],[-60,-68],[147,-98],[2,-129],[313,32],[78,-154],[257,-66],[90,-158],[-170,-69],[145,-50],[-64,-96],[210,42],[113,-183],[352,-67]],[[64484,64947],[-1078,1930],[-1496,-317]],[[69238,64327],[-2250,-1736]],[[56274,94482],[148,-3],[60,-76],[-83,-31],[-125,110]],[[55448,94756],[-26,18],[30,28],[19,-35],[-23,-11]],[[56867,94798],[40,-187],[-203,-167],[-268,50],[-126,147],[397,285],[-64,118],[471,294],[90,-94],[-296,-278],[-41,-168]],[[55001,93932],[-153,53],[24,257],[-196,137]],[[54676,94379],[-40,75]],[[54636,94454],[70,235],[-358,390],[56,267],[152,42],[143,-84],[-89,-103],[255,15],[245,302],[478,217],[81,180],[-74,58],[372,96],[327,-106],[107,-119],[-189,-611],[-599,113],[175,-121],[-134,-10],[71,-64],[-252,-166],[66,-57],[-141,-205],[-262,-41],[87,-616],[145,-119],[176,34]],[[55801,95200],[51,19],[67,-26],[-86,-9],[-32,16]],[[55815,95239],[16,3],[7,-7],[-28,-10],[5,14]],[[53246,96539],[117,-49],[-42,-289],[-38,21],[-37,317]],[[54290,97655],[235,-71],[457,54],[629,-155],[181,-128],[82,-390],[-153,-17],[-215,-208],[-28,128],[-315,-72],[-388,-224],[-55,-152],[-146,11],[-456,-256],[-233,8],[-231,182],[106,375],[-285,125],[44,182],[707,8],[37,100],[-326,209],[218,281],[135,10]],[[56064,93830],[181,157],[78,327],[474,-179],[343,119],[147,186],[60,-364],[637,428],[215,18],[-71,-272],[85,-44],[314,184],[661,-550],[-319,-469],[-145,28],[-92,172],[-1031,-102],[-93,-185],[-350,-135],[-319,-261],[209,-98],[323,95],[120,-146],[238,-44],[307,95],[224,-140],[-45,-160],[-73,56],[-722,-513],[30,-69],[531,104],[78,-114],[168,237],[321,-45],[500,81],[-73,392],[-108,67],[88,81],[746,-269],[-211,-251]],[[57660,92947],[-220,103],[280,111],[98,-99],[-158,-115]],[[57615,93179],[6,-19],[-72,-11],[47,32],[19,-2]],[[57699,93272],[-30,35],[202,72],[15,-146],[-187,39]],[[57093,94296],[23,-16],[-70,2],[34,14],[13,0]],[[57402,94245],[-26,247],[131,213],[234,4],[47,-191],[-386,-273]],[[57500,94909],[-588,-61],[323,411],[-294,155],[40,58],[337,90],[212,-113],[134,-264],[-164,-276]],[[21185,51238],[204,-96],[205,58],[-2,-157],[114,66],[96,-159],[196,-14],[212,-184],[154,80],[179,-136],[90,78],[298,-167],[339,-540],[234,-65]],[[63188,58246],[738,-184]],[[83525,66147],[-1285,-139],[-195,156],[-203,508],[67,294],[-84,81],[-283,-35],[-175,-228],[-332,-116],[-163,39],[-177,401],[-326,197],[-261,369]],[[80108,67674],[2585,-261],[2079,-313]],[[84772,67100],[-198,-268],[-457,-161],[187,-375],[-504,5],[-275,-154]],[[17742,37123],[-132,62],[130,372],[388,534],[-72,869],[509,697],[97,747],[449,444]],[[26070,35188],[-179,-36],[-11,-100],[-372,219],[-84,-134],[-109,-11],[-58,103],[-268,-81],[-288,57],[-318,-111],[-312,129],[-204,-55],[-192,141],[-259,-9],[-140,159],[-243,-120],[-514,267],[-456,-117],[-254,92],[-530,-26],[-540,375],[-175,-23],[-572,230],[-355,16],[-143,247],[-808,341],[-329,271],[-155,-12],[53,91],[-513,32]],[[29326,32820],[140,97],[-371,457],[10,277],[-637,334],[110,324],[-179,219],[-950,210],[-601,467]],[[48561,46980],[902,167],[251,-34],[61,-545],[274,-288],[1293,1303],[1331,266],[2369,688]],[[41900,42973],[250,-840],[-268,-2400]],[[33781,35407],[922,642]],[[35187,36395],[79,115],[-84,99],[234,172],[-64,194],[269,11],[117,111],[395,-79],[-106,228],[139,369],[92,21],[-99,105],[162,365],[221,-258],[880,65],[-57,604],[179,23],[120,-113],[191,252],[-68,82],[-120,-27],[208,74],[17,112],[178,91],[-21,-61],[200,33],[-102,-150],[224,27],[-47,-59],[131,13],[26,-105],[141,100],[-62,76],[267,130],[-55,-64],[215,-16],[-183,-169],[200,-64],[144,108],[569,126],[-1,126],[198,83],[-177,59],[6,151],[131,-93],[592,60],[189,-96]],[[41454,32257],[-2894,1398]],[[70895,51145],[-362,-282],[-572,-162],[-164,-638],[-217,-44],[-529,-614],[-315,-159],[-43,-163],[-709,-290],[-117,-289],[-287,-56],[-330,-204]],[[67250,48244],[-274,-48],[50,-209]],[[42745,98437],[235,-29],[108,325],[113,21],[92,254],[195,65],[-48,62],[125,-3],[-50,170],[97,33],[421,-415],[-604,-553],[-75,-222],[388,-496],[349,-70],[558,383],[261,1230],[155,-117],[80,-309],[-61,-190],[-286,-174],[-90,-329],[150,-253],[-118,-252],[202,-116],[242,101]],[[45184,97553],[-150,-363],[77,-374],[-190,-253],[-128,-69],[-370,30],[-189,-96],[134,112],[-373,-25],[-52,-174],[157,-120],[-253,30],[-885,-543],[-149,-929],[165,-360],[-288,-189],[-391,123],[73,-158],[-94,22],[-224,-304]],[[42054,93913],[-1529,368]],[[44628,98044],[3,-45],[-41,-11],[9,47],[29,9]],[[43960,97718],[-193,164],[-19,193],[327,466],[197,-113],[90,-539],[-247,-211],[-155,40]],[[42921,98460],[-10,-56],[-63,20],[23,57],[50,-21]],[[45204,98853],[66,40],[-2,-96],[-66,0],[2,56]],[[67378,57172],[270,33],[185,142],[200,-25],[484,-333],[176,-336],[215,-96]],[[67378,57172],[-2058,-1096],[-973,30],[-719,-258],[-299,-76],[-62,51]],[[63303,55909],[539,934],[84,1219]],[[63926,58062],[541,-13],[44,-138],[98,2],[225,207],[376,-12],[132,271],[314,38],[286,-234],[-58,-125],[324,72],[145,-70],[243,107],[106,-82],[-67,-286],[-114,25],[-229,-193],[-12,-141],[428,-58],[65,-197],[445,29],[160,-92]],[[23504,50002],[481,-196]],[[18866,48085],[-734,1089],[4,222],[278,522],[-86,437]],[[19533,50099],[364,64],[226,-100],[425,106],[321,-219],[2635,52]],[[63923,53509],[2528,1102]],[[70214,51970],[-2244,1036]],[[67970,53006],[-45,-400],[109,-23],[591,-866],[287,-18],[252,-398],[-43,-114],[-381,53],[-110,255],[-186,91],[-237,-160],[-165,25],[15,-356],[-342,-603],[-231,8],[-261,-225],[-533,-143],[-428,-315],[-297,-389]],[[65358,52065],[302,9],[-30,119],[104,76],[57,-83],[187,97],[41,-184],[408,82],[142,-84],[362,48],[277,-119],[149,112],[-60,315],[451,159],[-191,91],[54,224],[111,-38],[84,116],[164,1]],[[46156,73501],[-8137,44]],[[44094,89849],[0,0]],[[44094,89849],[160,-843]],[[44254,89006],[0,0]],[[44254,89006],[-77,-80]],[[44177,88926],[0,0]],[[44177,88926],[-38,-65]],[[44139,88861],[0,0]],[[44139,88861],[-43,-142]],[[44096,88719],[0,0]],[[44096,88719],[23,-41]],[[44119,88678],[0,0]],[[44119,88678],[324,-208],[-31,-203],[156,-11],[-34,-93]],[[44534,88163],[0,0]],[[44534,88163],[71,-219]],[[44605,87944],[0,0]],[[44605,87944],[137,-190],[118,-14]],[[39618,86706],[20,524],[-122,127],[181,421],[-136,55],[57,135]],[[41425,91840],[71,-124],[729,-258],[436,-773],[802,-315]],[[43463,90370],[0,0]],[[43463,90370],[432,-212],[199,-309]],[[63184,54095],[173,-5],[566,-581]],[[63923,53509],[1435,-1444]],[[65358,52065],[-35,-1]],[[32844,48950],[175,135],[101,-31],[182,187],[453,1],[349,286],[98,225],[374,-13],[81,113],[161,18],[32,3608]],[[34850,53479],[243,-129],[75,-170],[1025,166],[448,222],[143,506],[118,92],[251,-94],[344,16],[56,-70],[414,74],[224,-160],[473,-16],[261,-103],[365,82],[345,-105],[-34,135],[199,38],[569,-249],[109,91],[84,-95]],[[45715,49164],[2846,-2184]],[[48561,46980],[-403,-97],[-110,72],[-192,-170],[-90,43],[-364,-161],[-118,43],[-428,-356],[-433,-119],[-14,-224],[-446,-402],[-106,-227],[-710,-288],[-28,-152],[-647,-339],[7,-123],[-237,-146],[-938,-282],[-200,-344],[-566,-36],[43,-129],[-326,-268],[-209,-27],[-146,-275]],[[41900,42973],[-121,-320],[-554,-137],[-240,527],[-168,115],[-806,278],[-429,30],[-320,-83],[-594,204],[-5557,-243],[-101,-42],[24,-129],[-122,17]],[[58594,86632],[-214,-75],[-379,158],[-608,23]],[[57393,86738],[88,135],[218,-29],[118,99],[-346,82],[-404,-41],[-216,281],[215,384]],[[57966,88863],[894,110],[236,71],[67,150],[143,-25],[8,101],[89,-59],[78,85],[391,-31],[159,95]],[[60031,89360],[173,81],[647,-149],[272,129],[240,-188],[-719,-481],[-263,-52],[-193,-387],[-310,-97],[122,-107],[-293,-478],[-488,-435],[-729,-319],[104,-245]],[[61384,88832],[198,107],[60,-31],[-34,-68],[-224,-8]],[[76141,78994],[-263,30],[-174,-86],[-204,-308],[-311,10],[-351,132],[-56,-187],[-290,-179]],[[72688,84087],[132,-40],[518,399],[52,-154],[313,-154],[162,22],[505,538],[116,-192],[-389,-250],[290,-74],[295,285],[77,397],[349,267],[178,-63],[67,-182],[-134,-167],[173,-211],[675,-112]],[[72946,84178],[-20,-21],[-7,0],[18,38],[9,-17]],[[75936,84484],[12,88],[80,-157],[-32,5],[-60,64]],[[74850,85410],[-222,-334],[-168,-17],[-399,136],[-166,373],[209,126],[579,124],[229,-56],[-62,-352]],[[75231,85270],[-249,3],[179,386],[261,-151],[4,-221],[-195,-17]],[[71753,85131],[67,129],[438,221],[23,201],[-207,191],[240,274],[68,395],[1223,400],[416,-62],[151,-321],[-431,-173],[-75,-598],[-236,-483],[-609,55],[-328,-321],[-278,30],[-165,-116]],[[71753,85131],[297,-178]],[[72050,84953],[-271,-334],[-227,-74],[-12,-116],[222,-127],[211,16],[341,205],[190,-137],[169,49],[-77,-266],[92,-82]],[[72688,84087],[-228,-108],[112,-39],[-46,-113],[115,-135],[-88,-156],[71,45],[257,-138],[-95,-323],[-797,-364]],[[67609,80908],[-326,37],[82,265],[-166,391]],[[67199,81601],[808,991],[268,157],[681,180],[364,651],[220,78],[320,-22],[36,228],[213,186],[376,90],[115,666],[153,92],[-95,256],[541,286],[127,-43],[-241,-480],[144,-13],[524,227]],[[72506,84425],[-11,-14],[-9,-1],[20,31],[0,-16]],[[70432,84566],[2,16],[26,1],[-27,-43],[-1,26]],[[70461,84596],[-1,18],[15,30],[-7,-42],[-7,-6]],[[70420,84802],[-9,-9],[-21,1],[15,19],[15,-11]],[[70541,85017],[-158,-158],[-187,-19],[284,203],[-36,68],[97,-94]],[[71357,85163],[8,7],[11,0],[-6,-8],[-13,1]],[[71744,85564],[-184,-311],[-188,-78],[113,232],[-101,163],[244,98],[243,-97],[-127,-7]],[[51859,70880],[-2039,142]],[[52199,72661],[239,105],[689,-160],[384,14]],[[57589,61813],[-782,-30],[51,-422],[619,-1121]],[[12767,53791],[93,-192],[259,-111],[332,76],[952,830],[194,34],[186,190],[304,-69],[267,860],[363,-128],[244,78],[1519,51]],[[19381,51579],[-268,-143],[-225,-611],[645,-726]],[[19533,50099],[-360,85],[-196,-68],[-52,162],[-201,-34],[-396,111]],[[18328,50355],[-120,785],[-869,854],[-168,82],[-291,-74],[-548,112],[-692,412],[-1114,452],[-1196,-70],[-545,424],[-18,459]],[[49210,55783],[223,-136],[15,-319],[-179,-143],[-18,-243],[-177,-84]],[[43326,52734],[-846,-500],[-619,512],[18,-114],[-647,-345],[-1664,886],[204,70],[15,255],[185,-63],[590,275]],[[40562,53710],[14,281],[224,53],[149,295],[261,66],[23,111],[185,88],[106,-41],[153,318],[90,-71],[380,239],[128,279],[284,113],[-51,314],[406,124],[238,404],[203,-14],[218,348],[191,-22],[741,235],[158,231],[245,20],[145,157],[200,-56]],[[59934,73921],[699,561],[609,705],[19,334],[194,-127],[350,338],[-205,220],[348,-81],[317,308],[-286,206],[61,95]],[[67070,72996],[-4456,-17],[-34,83]],[[24782,72256],[102,-235],[-137,-187],[126,-298],[-75,-122],[470,-252],[0,-137],[25,39],[34,10],[224,-225],[-48,-131],[104,-44],[16,-185],[302,-346],[-74,-65],[128,-544],[161,-263],[-129,-478],[386,-818],[82,-428],[-53,-423],[-157,-102]],[[26269,67022],[-307,65],[-194,-111],[-35,-237],[-658,-673],[-280,-497],[-619,-175]],[[24176,65394],[-250,-54],[-156,-256],[-360,-205],[-179,-376],[-707,-760],[-492,-398],[-317,-73],[-139,-817],[414,-1015],[-73,-389],[-883,-720],[-672,126],[38,129],[-568,146],[-205,92],[24,70],[-831,171],[-328,-153],[-389,-30],[1,-529],[-1137,-70],[-588,58],[-442,-279],[-138,140],[-271,31],[-285,-135],[-108,89],[39,171],[185,104],[-100,438],[153,118],[39,337]],[[15451,61355],[977,556],[408,374],[285,525],[462,316],[794,967],[-92,90],[115,359],[469,300],[184,6],[-6,116],[175,-24],[415,310],[242,46],[-104,272],[125,15],[35,271],[110,31],[-80,116],[182,42],[84,-76],[101,73],[-99,216],[66,99],[-103,67],[93,171],[-106,118],[72,165],[204,94],[-26,172],[199,302],[206,-120],[400,307],[141,-32],[10,96],[317,135],[82,148],[234,-29],[39,142],[222,-2],[40,161],[62,-129],[103,19],[-37,161],[207,86],[-77,144],[208,46],[-56,213],[355,101],[-3,191],[140,-80],[93,51],[-1,227],[372,-25],[69,213],[239,51],[83,138],[-104,207],[111,-22],[91,98],[-45,151],[180,55],[58,157],[-79,73],[129,45],[-137,154],[168,126],[-105,196],[183,118],[27,135],[-119,233],[252,185],[-171,-8],[-55,60],[98,60],[-147,21],[8,98],[223,28],[-68,116],[-110,-13],[55,162],[259,164]],[[64990,48810],[2036,-823]],[[67026,47987],[-223,-349],[-241,74],[-117,-246],[-388,-270],[-1551,-454],[-418,324],[-702,117],[-716,95],[-652,-164],[-170,36],[-371,386],[73,214]],[[45715,49164],[-281,-158],[-66,-267],[-144,-62],[-1474,2022],[-424,2035]],[[43326,52734],[-1001,997],[489,304],[471,-3],[844,1124],[945,279],[1238,-406],[663,1478],[44,-156],[622,-457],[29,-114],[929,-195],[420,-186],[163,-392],[-108,-149]],[[49074,54858],[-123,1],[-168,-168],[224,-144],[52,-197],[-305,-137],[-90,-137],[-256,-53],[-535,63],[11,-83],[-154,-63],[-376,245],[-342,-311],[457,-885],[-77,-88],[178,-99],[89,-292],[251,-255],[-1470,-674],[1383,-1032],[-542,-191],[-248,3],[-358,-277],[57,-109],[-215,-16],[-123,-203],[-378,-165],[57,-209],[-358,-218]],[[19502,51861],[-202,70],[-82,134],[-193,1424],[302,155],[-36,94],[209,182],[383,146],[107,230]],[[23274,55549],[173,449],[107,11],[-64,132],[334,96],[-42,112],[180,106],[654,-7],[240,120],[960,129],[743,434]],[[26559,57131],[140,-201],[-43,-261],[136,-120],[-37,-100],[316,-382],[-138,-348],[143,-205],[-125,-315],[-195,-131],[51,-215]],[[57366,55136],[-872,387],[54,130],[-107,194],[-439,-81],[-81,485],[110,163],[-193,57],[-57,190],[-273,95],[-383,-77],[-227,187]],[[54931,56953],[56,260],[924,576],[781,62],[122,99],[291,-75],[241,176],[48,-65],[274,21],[-21,64],[170,-19],[185,105],[252,-24],[73,188],[199,14],[81,120],[192,-44],[279,261]],[[38747,89125],[-2937,17]],[[35810,89142],[572,1459]],[[36382,90601],[1277,833],[-96,28],[116,94],[-31,127],[177,45],[139,-88],[642,996]],[[38606,92636],[179,-152]],[[38785,92484],[819,-504],[739,-78]],[[53376,58058],[7,-191]],[[52617,63367],[85,-340],[383,-12],[215,-269]],[[53300,62746],[824,235],[1659,809]],[[56137,63007],[-70,-100],[79,-95],[-142,-30],[218,-107],[93,-154],[-97,-45]],[[53368,60511],[-60,195],[-634,598],[418,466],[208,976]],[[59360,69492],[-247,40],[-14,-211],[-259,-107],[31,-76],[-237,145],[-101,-127],[-247,5],[-20,-175],[-225,-74],[84,-200],[-485,-83],[-387,-369],[-323,-78],[36,-165],[-179,-91],[11,-277],[-92,-76],[110,-124],[-98,-192],[-217,-73],[4,-78],[-189,129],[-242,-179],[-14,-100],[201,-123],[-29,-98],[-2438,-9]],[[54581,69340],[341,-468],[4471,710]],[[72889,47232],[179,211],[-43,253],[-357,66],[-160,179],[-279,-37],[223,311],[-51,179],[149,60],[54,183],[679,159],[709,301]],[[56218,62476],[-255,-662],[-523,-281],[80,-298],[-173,-75],[10,-203],[-369,-174],[-319,-344]],[[53387,60458],[-19,53]],[[53368,60511],[591,520],[25,489],[1016,786],[124,-12],[-120,385],[119,-90],[687,89],[408,-202]],[[45253,57182],[71,160],[198,2],[3,138],[225,231]],[[47841,59602],[251,-287],[865,29],[450,-148],[169,-187],[26,-225],[171,-85],[66,-256],[108,14],[63,-102],[-149,-385],[194,-259],[-66,-145],[547,-240],[89,-143],[-96,-241]],[[49940,56505],[-4687,677]],[[24600,44104],[-373,161],[60,126],[-249,27],[-89,162],[-337,-29],[-72,95],[-120,-18],[-132,222],[-124,-18],[-15,106],[-114,-15],[-97,125],[-474,46],[-204,-126],[-462,30],[-56,68]],[[63337,61902],[-181,-227],[-297,-43],[-95,-250],[-398,-114],[119,-438],[124,-99]],[[52732,29937],[-763,-218],[-254,99],[-354,-311],[-328,-106],[-211,-183],[-199,211],[-422,-240],[-340,52],[-194,-96],[-515,-26],[-109,-171],[-430,-271],[-334,42],[-54,-288],[-235,-43],[16,-112],[-260,-68],[-71,-179],[-264,87]],[[40525,94281],[-1167,568]],[[39358,94849],[1598,2526],[296,77],[-43,195],[500,304],[61,266]],[[41770,98217],[131,137],[186,-30],[-45,279],[242,152],[168,26],[19,-200],[274,-144]],[[42745,98437],[15,-204],[-264,-448],[-217,34],[-64,-136],[-436,-208],[148,-193],[156,-10],[-50,-153],[257,2],[148,-135],[-96,-158],[154,-222],[-401,-619],[-320,-99],[-358,-325],[-244,-720],[-160,73],[-173,-138],[-154,-376],[-161,-121]],[[42099,99039],[15,128],[258,3],[29,-202],[-122,-89],[-186,8],[6,152]],[[97280,76404],[-392,-277],[-405,10],[-402,-187],[-786,-27],[-86,-169],[463,-120],[-28,-237],[-387,11],[62,-295],[-340,-141],[-72,-350],[-220,-105],[-360,11],[-154,-391],[-441,31],[-579,-176]],[[93544,76658],[3736,-254]],[[40343,91902],[1037,116]],[[41380,92018],[-121,-94],[166,-84]],[[41425,91840],[-114,-741],[-199,-292],[52,-222],[-102,-54],[23,-160],[-164,23],[-41,-459],[-205,-159],[202,-252],[-99,-148],[-83,19],[-38,-185],[-634,-487],[-200,-323],[65,-168],[-79,-195],[-191,-69]],[[39618,87968],[-327,-8],[-438,148],[-253,-70],[-815,-701],[-58,-153],[-257,75]],[[37470,87259],[153,267],[-200,37],[613,652],[135,456],[576,454]],[[38747,89125],[140,541],[-472,553],[76,314],[250,267],[121,-133],[982,926],[499,309]],[[49002,60922],[-811,-444],[-240,0],[-50,-237],[89,-165],[-149,-474]],[[47841,59602],[-28,-92],[-402,-104],[45,-172],[-125,-125],[68,-285],[-279,70],[-1,-196],[-158,-186],[-229,75],[-255,-92],[-81,-192],[-385,-75],[-162,-325],[-152,-26],[53,-164]],[[45750,57713],[-165,62],[154,203],[-282,274],[-1655,660],[-75,634],[-1966,339],[-265,1264],[-798,-133],[13,262]],[[39618,86706],[902,243],[-162,507],[1191,248],[910,309],[763,-391]],[[38666,82225],[-156,51]],[[38510,82276],[711,0],[-605,156],[206,893],[-188,120],[85,120],[-117,48],[280,504],[22,442],[239,112],[-60,269],[267,90],[86,380],[172,220],[-18,227],[-136,109],[27,501],[137,239]],[[78225,72988],[464,-204],[281,141],[299,23],[233,223],[141,-64],[257,94],[175,-174],[-62,-88],[549,-188],[204,80],[139,291],[212,14],[191,-106],[128,-571],[-348,-530],[-158,-601]],[[80930,71328],[-1069,-1009]],[[79861,70319],[-44,175],[-202,59],[-231,597],[-1495,257],[-78,233],[-392,127],[14,285],[-403,324],[167,110],[-64,367]],[[72062,53753],[387,-31],[181,143],[1924,741],[552,33],[1167,-665],[155,160],[-207,543],[1422,348],[1238,-157],[530,258],[-1,424],[332,1]],[[83157,52181],[-82,-352],[-306,-242],[-128,-374],[-290,-207],[-126,-329],[-701,-81],[-186,-167]],[[59564,69615],[3,95]],[[59567,69710],[-7,1955]],[[61830,72721],[97,-735],[-206,-422],[294,-204],[53,-212],[202,-72],[261,214],[364,23],[1329,-795]],[[82883,72812],[170,85],[-3,112],[-135,281],[-160,63],[382,193],[-263,162],[146,140],[32,304],[142,80]],[[88986,72746],[-81,-120],[-624,-181],[-102,-364],[-204,-124]],[[87975,71957],[-2360,1104],[-2732,-249]],[[41735,38419],[-1397,511],[317,296]],[[40655,39226],[458,31],[634,475],[135,1]],[[41882,39733],[455,31],[214,131],[234,-42],[231,233],[143,0],[181,278],[241,131],[-108,129],[245,311],[-22,228],[1237,-94],[507,179],[83,145],[478,-62],[152,151],[392,24],[263,194],[263,-105],[178,74],[571,-10],[90,-78],[367,-18],[280,187],[604,70],[102,134],[348,29],[28,200],[475,136],[-174,217],[300,-64],[569,224],[76,107],[90,-143],[141,32],[-26,83],[370,75],[136,120],[328,-66],[24,76],[519,-240],[201,83],[34,-98],[217,-42],[-85,-99],[71,-158],[425,85],[839,-79],[504,170],[22,122],[419,336],[377,914],[172,42],[195,263],[-89,206],[104,61],[110,-80],[135,129],[362,96],[152,201],[207,78]],[[59688,46064],[567,272],[248,-60],[743,142],[610,-133],[345,-196],[238,111],[208,-89],[99,99],[351,14],[483,-236],[240,-12],[1079,-1536],[966,-971]],[[54569,38257],[-96,-30]],[[54473,38227],[0,0]],[[54473,38227],[-660,88],[10,-64],[-733,-260],[9,-140],[-155,-122],[-321,-56],[-169,-201]],[[52454,37472],[0,0]],[[52454,37472],[-215,-87],[-319,91]],[[51920,37476],[0,0]],[[51920,37476],[-264,-38],[-85,186],[-591,-87]],[[50980,37537],[0,0]],[[50980,37537],[-229,70]],[[50751,37607],[0,0]],[[50751,37607],[-360,-3],[-61,93],[-616,-84]],[[49714,37613],[0,0]],[[49714,37613],[-379,152]],[[62580,73062],[-750,-341]],[[61830,72721],[-1139,-526],[-488,56],[-643,-586]],[[59560,71665],[-221,1832],[212,82],[244,400]],[[59795,73979],[139,-58]],[[59934,73921],[398,-31],[503,-190],[304,61],[432,-210],[1011,276],[140,199],[76,-360],[-307,-393],[89,-211]],[[58203,90036],[-246,-89],[38,-289],[99,-273],[420,-277],[-426,-76],[-122,-169]],[[57966,88863],[1,-99],[-471,-387],[32,-185],[-437,-331],[-25,-212]],[[57066,87649],[-203,135],[34,243],[-571,24],[-326,268],[-190,-217],[37,-222],[-449,-268],[-501,-469]],[[55036,90275],[2125,15],[693,596]],[[48152,72560],[-564,-203],[-295,35],[-68,-131],[-320,-75],[-255,384],[-144,-73],[-139,189],[130,221],[-221,184],[-120,410]],[[46156,73501],[14,53]],[[50221,74788],[-164,-229],[2718,-315],[63,-92],[-97,-85],[155,-160],[-106,-74],[-103,94],[-3,-194],[-127,88],[42,-125],[-179,-38],[40,-110],[-363,-250],[163,-216],[-61,-421]],[[52199,72661],[-119,-229],[-440,-173],[-25,-112],[-558,-131],[-350,-197],[-354,-534],[-163,54],[-285,-100],[-85,-217]],[[49820,71022],[-510,244]],[[20302,48241],[78,107],[299,56],[-165,172],[194,21],[-51,80],[120,-74],[220,83],[27,103],[464,-107],[255,61],[-104,77],[255,-47],[39,-91],[432,29],[420,376],[503,98],[697,621]],[[23985,49806],[1594,336],[426,178]],[[26005,50320],[15,-123],[137,13],[140,-229],[-161,-27],[203,-271],[-24,-126],[178,-11],[-168,-211],[145,-239],[-68,-232],[228,-6],[-73,-211],[181,-138],[106,-345],[142,-57],[-170,-243],[-57,-438],[260,-219],[403,68],[238,142],[688,-70]],[[28335,46605],[-281,-57],[-577,53],[-220,-141],[79,-128],[-483,-207],[-450,28],[-49,-90],[-223,62],[-126,-336],[-292,15],[-51,-72],[-122,100],[-112,-138],[-336,108],[-58,-107],[-60,91],[-124,-43],[2,100],[-179,18],[-47,97],[-655,-25],[-148,106],[-252,1],[-311,-154],[-351,69],[-19,-151],[-168,92],[-160,-113],[-143,52],[119,111],[-59,76]],[[67450,79907],[-84,93],[77,145],[254,118],[-119,116],[31,529]],[[67609,80908],[4386,-1],[-6,1849]],[[71989,82756],[2503,-4350]],[[74492,78406],[419,-994],[-926,-460]],[[71778,76833],[88,561],[-319,475],[-1213,271],[-382,145],[-206,188],[-1393,485],[-139,273],[-284,156],[93,265],[-119,205],[-298,118],[-156,-68]],[[71440,76503],[126,-379],[-223,-123],[-131,-358]],[[73984,72103],[-2,-4]],[[38560,33655],[-1815,-1065]],[[33110,34669],[671,738]],[[33781,35407],[900,-1],[1675,-412],[2204,-1339]],[[64750,35385],[-57,264],[-286,218],[-233,-17],[-238,164],[-242,-13],[-70,95]],[[71869,38610],[-302,-124],[-290,139],[-189,-197],[-655,-167],[-376,-240],[-486,55],[-267,-210],[-415,327],[-381,-167],[-656,-34],[-346,-152],[-23,-369],[-153,-141],[-275,196],[-362,-1],[-33,-125],[253,-271],[-28,-122],[-120,-70],[-88,209],[-143,30],[-202,-310],[-462,-226],[-53,-437],[-339,-50],[-138,-436],[-399,-312],[-191,-20]],[[44794,79877],[-187,194],[-95,-18],[203,-263],[-172,-73],[-205,102],[166,-305],[-80,-90],[-171,143],[-265,-173],[-140,56],[-146,-74],[-376,245],[-89,-135],[98,-308],[-119,154],[-139,-87],[-199,132],[-283,5],[0,-91],[127,-28],[-101,-145],[-75,61],[-95,-218],[-118,215],[-155,-49],[-58,148],[-239,49],[-61,-78],[92,-114],[-156,-77],[34,-110],[-361,-37],[49,-64],[-161,-85],[-155,21],[-168,-259]],[[33971,75848],[-139,670],[311,500],[1269,981],[1216,490],[233,216],[156,569],[813,553],[-130,454],[574,626],[13,261],[311,462],[-155,295],[223,300]],[[38666,82225],[1070,-103]],[[53815,68349],[24,-198],[-294,-635],[101,-83],[148,-707]],[[53794,66726],[110,-187],[-115,26],[-211,-195],[17,-104],[-163,-122],[37,-168],[-758,-216],[27,-208],[-187,-199],[152,-162],[-25,-178],[-364,-252],[114,-369]],[[55266,78384],[-78,-64],[100,-51],[-96,-5],[160,-55],[149,-235],[-2199,698],[-354,306],[-187,591],[-174,-5]],[[65692,84672],[142,32]],[[66898,42432],[1918,607]],[[77902,47213],[-3327,-21],[-89,258],[157,-21],[8,91],[147,42],[76,182],[-81,159],[220,135],[-359,332],[-3,355],[-533,-16],[-216,291],[90,97]],[[73992,49097],[263,247],[10,144],[-113,128],[-161,9],[48,143],[-160,144],[-358,87],[-172,195],[-223,55],[-9,353],[-594,39],[-73,82],[-259,-38],[-110,95],[-287,-79],[-383,307],[-516,137]],[[70895,51145],[62,103],[-388,138],[-296,246],[-59,338]],[[70214,51970],[-71,201],[204,243],[-340,490],[99,170],[-120,318],[183,227]],[[70984,54016],[1078,-263]],[[72062,53753],[-255,-77],[509,-757],[1404,403],[711,-298],[12,-164],[314,-125],[233,-3],[80,79],[688,-184],[371,-428],[655,-10],[154,-74],[354,-575],[578,-557],[2189,-434],[1279,-120]],[[81338,50429],[-39,-128],[247,-189],[-117,-298],[184,-694],[-264,-73],[-101,-178],[155,-534],[-88,-239],[310,-412],[-337,-347],[28,-109]],[[70354,43161],[-748,-174],[-790,52]],[[68816,43039],[-201,122],[198,269],[117,-10],[-13,739],[105,54],[-27,111],[131,-20],[202,891],[124,102],[-114,529],[366,370]],[[69704,46196],[863,12],[15,85],[257,7],[0,-114],[319,163],[779,145],[146,-53],[507,308],[-64,76],[185,149],[-4,196],[182,62]],[[72889,47232],[173,-305],[61,-651],[370,-467],[-62,-93],[309,-52],[436,-493],[667,-408],[-14,-192],[-213,-127],[340,-54],[5,-67],[-381,-415],[-183,-508]],[[63624,36096],[-27,167],[-701,466],[-148,346],[-274,93]],[[67500,42236],[1879,-1892],[787,372],[425,-81],[310,47]],[[71337,40330],[-6091,-2156],[-1622,-2078]],[[86186,78214],[37,172],[-319,520],[386,972],[173,-62],[331,219],[1060,2853]],[[87854,82888],[976,-542],[996,-31],[149,-291],[91,17]],[[52130,63476],[487,-109]],[[52617,63367],[-967,-1038],[-756,-362],[265,-134],[-120,-400],[-541,-261],[-268,-265],[-482,-156],[-290,-20],[-456,191]],[[49002,60922],[-270,141],[69,86],[-154,99],[60,129],[-323,233],[-704,141],[-569,-440],[-449,-24],[-636,209],[-205,-153],[-373,22],[-249,181],[-519,-380],[-582,-3],[89,144],[-490,586]],[[43727,61956],[199,565],[864,187],[639,-520],[78,674],[894,455],[1497,-140]],[[60035,62802],[-97,-225],[139,-265],[450,-132],[43,-434],[193,-88],[46,-259],[407,-160],[-54,-265],[189,-73]],[[59092,58658],[-14,14]],[[59078,58672],[6,7]],[[60054,59635],[92,-6],[-85,133],[87,102],[-272,209],[179,199],[-218,163],[83,126],[102,-5],[-241,115],[21,135],[-736,116],[-671,-112],[-485,87]],[[44995,78242],[-201,1635]],[[52912,75949],[-818,-674],[-1224,-62],[-568,118],[-81,-543]],[[50221,74788],[-1078,333],[-406,-277],[-1254,759],[-1852,602]],[[45624,76226],[3183,670],[569,556]],[[54547,84689],[347,-579],[852,-117],[607,92],[-25,-145],[314,-46],[16,-585],[917,12],[7,-124],[175,-144],[281,-55],[82,-131]],[[58120,82867],[0,-1]],[[58120,82866],[-391,-20],[-694,-437]],[[56257,82519],[-421,128],[-76,110],[-46,-55],[51,170],[-1006,89],[-1168,590],[-226,240]],[[66988,62591],[87,-119],[-1560,-238]],[[65515,62234],[-2178,-332]],[[63337,61902],[-1196,840]],[[62487,64475],[100,272],[622,302],[1275,-102]],[[64484,64947],[1257,-638],[1247,-1718]],[[46787,71240],[376,220],[-114,95],[280,139],[-71,96],[83,11],[-3,144],[385,165],[153,-94],[105,148],[255,28],[50,63],[-190,35],[139,59],[-83,211]],[[48152,72560],[216,176],[54,-146],[462,-52],[119,-270],[308,7],[348,195],[-99,195],[230,84],[-103,-108],[119,-95],[62,96],[65,-18],[9,-288],[-308,-169],[-50,-261],[-199,-10]],[[50802,80846],[-443,101],[-432,-33],[-340,231],[-364,96],[-162,247],[-240,94]],[[54437,87820],[15,-868],[445,191]],[[54897,87143],[1,-1044],[164,-339],[361,-261]],[[55423,85499],[-262,-69],[-154,-231],[-404,-159],[-56,-351]],[[54547,84689],[-447,-29],[-53,-175],[-127,145],[-191,-47],[-91,-274],[-37,116],[-217,-74],[89,151],[-87,58],[-156,-188],[161,-227],[-90,-26],[59,-183],[202,-53],[-26,-127],[-171,35]],[[53365,83791],[-119,-58],[27,-223],[-90,-11],[-58,117],[-210,-32],[-49,-530],[-147,-55],[-114,-206],[108,-189],[-366,-104],[90,-205],[-323,-409],[-8,-299],[-517,-242],[-270,-336]],[[53349,70967],[1232,-1627]],[[54581,69340],[-507,-654],[-176,-98],[-83,-239]],[[53815,68349],[-351,134],[-279,1],[-130,232],[-330,-32],[178,177],[-1916,-593],[-22,-666]],[[51857,70877],[2,3]],[[51859,70880],[138,29],[365,-220],[168,222],[161,-63],[0,126],[160,36],[-72,57],[253,-33],[87,81],[120,-165],[35,83]],[[63250,69603],[114,94],[-81,140],[73,209],[230,123],[-79,69],[280,210],[212,47],[127,-63],[98,86]],[[64224,70518],[149,-65],[219,156],[-162,193],[122,119],[-261,13],[-178,255],[233,-35],[222,134],[765,-148],[48,-82],[313,205],[415,479],[217,39],[64,210],[536,60],[713,-875]],[[68436,69673],[-2339,61],[-150,-799],[-385,-204],[-1871,703]],[[57477,60240],[-17,-68],[2594,-537]],[[60054,59635],[-100,-184],[-306,7],[-69,-209],[-348,-151],[-163,34],[16,-453]],[[59084,58679],[-1154,83],[-353,-98],[0,-155],[-198,-84],[-842,416],[-2365,169],[-733,-545],[73,-230],[-136,-177]],[[53376,58058],[-1117,-304],[-97,294],[-437,549],[-15,314],[172,1005],[1505,542]],[[53387,60458],[814,293],[-18,269],[383,-142],[-298,-203],[41,-214],[360,-22]],[[54669,60439],[2808,-199]],[[19111,40848],[128,146],[-257,572],[349,669],[19,451],[431,601],[-31,247]],[[19750,43534],[551,86],[294,-144],[277,45],[474,-395],[2185,576],[344,223],[725,179]],[[24600,44104],[-42,-164],[239,69],[33,-118],[644,-15],[-30,-181],[297,65],[11,-106],[179,150],[122,-45],[26,151],[45,-69],[223,14],[60,130],[318,-23],[52,111],[523,122],[111,-66]],[[22166,40029],[-89,-61],[-135,76],[-83,-83],[-148,181],[-379,-11],[-417,315],[-241,-86],[-355,225],[9,95],[-625,-59],[-312,229],[-265,-80],[-15,78]],[[58203,90036],[82,172],[-118,262],[63,61],[-187,-36],[-17,161],[-194,8],[22,222]],[[57854,90886],[-39,63],[187,92],[23,-140],[121,114],[606,149],[125,282],[505,169],[-45,429],[153,203]],[[59490,92247],[603,-129],[-249,-75],[383,-233],[-2,-349],[169,-33],[116,205],[159,-31],[-265,-714]],[[60404,90888],[-188,-85],[-185,65],[-307,-60],[-325,-276],[10,-110],[-245,-138],[314,-263],[-238,-160],[-281,-80],[-379,85],[-256,-72],[-19,231],[-102,11]],[[61315,55722],[478,-237],[-78,282],[72,462],[107,-29],[-42,-238],[104,82],[293,-273],[461,211],[344,-102],[249,29]],[[63303,55909],[-36,-86]],[[63267,55823],[-232,-211],[62,-64],[222,53],[61,-260],[-252,-141],[304,-222],[-414,-301],[166,-582]],[[63184,54095],[153,-141],[32,-235],[-185,-150],[-64,-313],[-299,-128],[174,-9],[26,-98],[-417,-123],[-124,-332],[92,-301],[-404,-34],[21,-237]],[[66367,79387],[1109,458]],[[67476,79845],[21,-176],[-100,-86],[81,-34],[-208,-182],[80,-32],[-84,-134],[187,-59],[-12,-131],[-152,-74],[18,-106],[-244,-252],[150,50],[-3,-167],[373,-6],[-42,-69],[175,-36],[-130,-72],[170,-1],[90,-234],[447,108],[240,-205],[-429,-222],[327,-193],[-124,-271],[106,8],[-51,-174],[-153,-7],[-76,-131],[101,-148],[-355,-23],[-178,-245],[157,-167],[-127,-172],[169,-153],[6,-385]],[[67654,75665],[-253,1120],[-538,-338]],[[43222,87622],[542,-591],[370,183]],[[40972,85014],[48,165],[693,748],[293,1266],[388,291],[422,161],[406,-23]],[[49645,85215],[45,-188],[324,-140],[241,-367],[218,-140],[-475,-2317],[-1177,-481]],[[48821,81582],[-194,-281],[-192,165],[-14,144],[-245,55],[-325,-61],[-90,-98],[-329,18],[-15,98],[-137,-52]],[[67160,73613],[-46,57],[315,394],[-34,438],[113,364],[270,311],[-124,488]],[[67654,75665],[252,-1]],[[67906,75664],[3872,1169]],[[71778,76833],[-338,-330]],[[71440,76503],[-2303,-2223],[-52,73],[-159,-87],[-222,-389],[-295,-254],[149,-245]],[[76141,78994],[413,345],[148,385],[-58,175],[-482,43],[-60,216],[-33,477],[336,603],[-123,347],[104,169],[-66,422],[139,634],[-243,75],[101,221],[-258,126],[291,292],[-107,83],[-176,789]],[[76067,84396],[138,476],[-460,641],[40,148],[574,306],[165,-35],[390,103],[252,-110],[102,37]],[[80034,79266],[-820,-360]],[[78116,78582],[-1975,412]],[[65834,84704],[314,257],[824,302],[903,3],[114,-461],[-315,-52],[-94,-137]],[[67454,84397],[-45,150],[-164,41],[-20,32],[194,-13],[13,72],[-468,61],[-69,-93],[-135,90],[-254,-12],[-369,-182],[-290,-30],[-13,191]],[[28000,25065],[-573,768],[225,441],[-43,188],[430,197],[136,175],[-140,452],[-372,2],[-161,161],[-757,-178],[-84,225],[-149,9],[-135,151],[-168,-65],[-270,61],[-13,156],[-54,-129],[-243,60],[-10,81],[-98,-129],[-136,128],[-209,-74],[-467,67],[20,136],[-229,174],[26,178],[-550,50],[-136,-200],[-183,200],[-601,-160],[-20,112],[-441,95],[-32,78],[-35,-163],[-205,79],[15,132],[-61,-100],[-222,101],[234,286],[54,276],[805,402],[273,247],[274,1007],[270,235],[874,261],[43,183],[584,117],[169,119],[-43,455],[-220,266],[289,376],[615,290],[3050,-224]],[[29326,32820],[-848,-244],[558,-41],[169,-174],[1772,331],[588,238],[98,412],[-113,198],[323,630],[408,91],[829,408]],[[33110,34669],[2269,-1448],[-150,-248],[55,-110],[-183,-555],[115,-457],[159,-135],[514,-102],[182,75],[674,901]],[[36745,32590],[454,-1168],[-3178,-1086],[-442,-2494],[-409,-190],[-31,-359],[-270,-247],[384,-300],[30,-91],[-264,-313],[265,-102],[33,-317],[196,-264],[-298,-434],[357,-169],[193,-382],[-78,-152],[125,-589],[-265,-335],[274,-282],[-17,-243],[111,-153],[-180,-242],[113,-507],[-318,-880],[135,-405],[-195,-447],[-635,-468],[-437,-84],[-201,6],[-7,106],[-189,107],[-407,65],[-313,-136],[-255,52],[-182,-160],[-432,211],[-872,-115],[-390,351]],[[29150,20374],[218,309],[446,194],[262,19],[407,181],[311,-101],[759,54],[221,57],[367,286],[167,274],[-32,329],[314,377],[-340,211],[-43,182],[417,778],[235,101],[39,158],[-170,181],[18,410],[-184,295],[-435,316],[-435,79],[-402,434],[-443,197],[-587,-185],[-154,95],[-218,-144],[-277,-24],[-187,76],[-258,-151],[-440,8],[-89,-162],[-121,5],[-173,-155],[-343,7]],[[19039,45506],[26,348],[-281,470],[275,798],[-32,546],[-161,417]],[[18866,48085],[184,-24],[130,156],[130,-80],[39,121],[138,31],[53,-160],[167,193],[157,-227],[134,40],[-15,79],[112,-76],[65,110],[142,-7]],[[20302,48241],[179,-244],[320,9],[42,-87],[260,-29],[2,-107],[170,86],[111,-73],[80,111],[197,15],[10,-117],[324,11],[159,-134],[245,73],[321,-49],[175,-297],[-457,-427],[34,-175],[-174,-126],[409,-11],[-188,-277],[134,-228],[-176,-143]],[[22479,46022],[-139,-47],[-19,-218],[-114,125],[-94,-149],[-94,118],[-173,9],[183,-455],[-287,-339]],[[21742,45066],[-119,87],[-428,59],[-70,-58],[-394,327],[-313,-53],[-77,-114],[-287,65],[-442,-67],[-104,82],[-352,-68],[-117,180]],[[64238,78342],[403,832],[-508,141],[269,1119],[-66,88],[-238,-76],[23,198],[-186,87],[347,265],[0,364]],[[64513,81422],[70,-156],[189,-63],[806,173],[621,-38]],[[66199,81338],[142,-276],[202,-33],[-20,-228],[-143,-62],[96,-238],[-82,-57],[105,-106],[-181,-125],[177,-311],[-259,-214],[66,-184],[-108,-74],[173,-43]],[[66367,79387],[222,-21],[-53,-112],[-230,-42],[-36,-302],[-157,-95],[9,-143],[205,-40],[-16,-247],[-258,-365],[349,-17],[34,-156],[276,-89],[-251,-90],[68,-342],[-93,-177],[-202,-12],[180,-134],[193,7],[45,-184],[-91,0]],[[42552,24306],[-333,206],[-52,145],[-350,143],[247,290],[-256,303],[55,479],[-115,397],[-165,139],[300,329],[-116,175],[63,147],[694,462],[60,235],[-182,725],[158,571],[-396,232],[114,461],[-140,77],[104,90],[-90,100],[-147,-24],[-2,205],[146,65],[102,215],[370,-8],[140,119],[340,-94],[175,145],[535,-78],[100,150],[208,44],[-14,183],[181,42]],[[48873,37778],[208,-20]],[[49081,37759],[0,-1]],[[49081,37758],[254,7]],[[49335,37765],[-139,-425],[190,-395],[584,-910],[379,-20],[107,-146],[-41,-329],[-397,-263],[-13,-565],[169,-300],[-194,-440],[57,-62],[-273,-131],[-296,9],[-137,-517],[-4638,-4459],[527,188],[594,6],[283,-128],[182,27],[278,-340],[404,-90],[76,-151],[374,-208]],[[47411,28116],[-69,-76],[170,-90],[-305,-50],[28,-249],[-204,-32],[-71,-139],[68,-238],[-200,30],[172,-163],[-113,-127],[40,-128],[-170,-2],[40,-117],[-173,-45],[-8,-240],[-228,-173],[29,-185],[-191,-56]],[[60444,52796],[107,-551],[188,-258],[292,-1],[-19,204],[94,56],[259,-13],[49,-162],[291,125],[177,-491]],[[54434,87822],[-859,-403],[-1920,-1513],[-2010,-691]],[[49645,85215],[-2721,-906],[21,-101],[-82,4],[165,-145],[-58,-102],[230,-53],[44,-113],[-104,-111],[170,-21],[89,-133],[107,24],[218,-108],[-174,-132],[99,-37],[-127,-63],[-30,-277],[84,-61],[-117,-243],[-178,-6],[-108,-125],[220,-224],[-222,-51],[53,-202],[166,-106],[-210,-308],[100,-45]],[[47280,81570],[-11,-57],[103,32],[25,-238],[200,-28],[78,-182],[-179,-88],[75,-103],[112,43],[-224,-188],[-290,16],[-59,-464],[-219,18],[-37,227],[-324,94],[137,-394],[-387,198],[-350,-69],[139,-228],[-76,-136],[-52,187],[-130,2],[-49,-238],[-358,300],[-204,-160],[-339,-68],[-67,-169]],[[44794,79877],[-55,2683]],[[44744,85756],[34,11]],[[49385,71896],[-176,-386],[101,-244]],[[49310,71266],[-276,127],[360,-1032],[-365,-713],[254,-3]],[[47893,67231],[-359,-85],[-580,126],[-898,831],[-161,-1]],[[46370,69571],[539,299],[930,1057],[326,830],[307,220],[346,-101],[567,20]],[[45412,65835],[-629,-7],[-65,153],[-387,-294],[-1562,-425],[-251,-197],[-68,-300],[140,-135],[2,-319],[-165,-126],[65,-159],[-83,-203],[-180,-82],[25,-174],[-167,-184],[291,-88],[178,-174],[100,-472],[237,-257],[167,-20],[-28,-149],[695,-267]],[[43727,61956],[53,-63],[-83,0]],[[43697,61893],[-2957,5],[-29,-620]],[[40711,61278],[-89,-499],[-409,-162],[-22,-240],[-169,-88],[-83,-197],[-518,-184],[-410,-546],[57,-141],[116,-4],[17,-340],[141,-183]],[[39342,58694],[-1035,-10]],[[38307,58684],[-369,588],[-244,31],[1,80],[-1016,434],[-377,1360],[282,14],[449,254],[272,432],[-490,530],[-142,435],[-203,19],[-225,267],[137,596],[-253,180],[-339,718],[-133,65]],[[35657,64687],[2684,2914],[-25,101],[551,261],[951,170],[1134,502],[-64,84],[163,332],[748,214],[21,675],[512,-16],[344,-149],[186,108],[106,333],[223,-42],[-7,-226],[456,83],[467,230],[108,330],[250,133]],[[45366,68882],[243,-346],[47,-437],[239,3]],[[45895,68102],[-173,-356],[313,-488],[-133,-18],[-117,-370],[-172,-99],[40,-120],[-103,-60],[60,-167],[121,-4],[-267,-179],[78,-223],[-130,-183]],[[44739,82560],[-1625,378],[-621,-304],[-2757,-512]],[[39736,82122],[29,163],[-151,165],[209,583],[587,389],[451,512],[111,1080]],[[40972,85014],[1443,29],[2329,713]],[[44744,85756],[-2,-1057],[1159,-249],[-481,-823],[2,-527],[-683,-540]],[[83194,74232],[-2349,-607],[-122,139]],[[82086,77328],[25,77],[3109,-932]],[[89939,73978],[-200,-350],[-297,-118],[10,-243],[-466,-521]],[[88986,72746],[-2734,1579],[-2572,287],[-486,-380]],[[60345,78273],[110,57]],[[60455,78330],[757,207]],[[61212,78537],[107,-137],[228,19],[2158,-739],[80,790],[215,17],[238,-145]],[[64238,78342],[627,5],[-173,-284],[444,-434],[-279,-248],[406,-14],[-18,-545],[1316,4]],[[66561,76826],[81,-114],[374,-47],[-153,-218]],[[66863,76447],[-224,-114],[215,-157],[4,-108],[-968,-149],[-563,151],[-484,-599],[-277,205],[-445,21],[-47,213],[-530,39],[-54,107],[-273,42],[3,155],[-128,-26],[-82,180],[-206,-7],[-230,175],[-147,-70],[-165,95],[-222,-120]],[[62040,76480],[-92,80],[74,127],[-400,37],[-59,174],[-1126,985],[118,240],[-210,150]],[[87868,74906],[-3085,1384],[437,183]],[[85220,76473],[378,733],[391,130],[116,145],[-13,545],[94,188]],[[86186,78214],[1015,-43]],[[77268,85962],[827,53],[1195,-232],[3199,-1064]],[[82489,84719],[-29,-444],[-121,-127],[-309,-35],[-85,-277],[121,-266],[-80,23],[-70,-111],[61,-155],[-107,-184],[-188,-68],[144,-52],[-86,-241],[431,-201],[-135,-191],[234,-81],[-217,-251],[138,-24],[-14,-244],[-421,-358],[-808,-170],[314,-471],[29,-357],[411,-367],[-437,-342],[-1231,-459]],[[80034,79266],[-387,269],[-186,423],[-842,1042],[-3,190],[409,504],[-908,1006],[-49,413],[-354,541],[143,89],[-64,296],[146,15],[-46,78],[174,80],[-265,33],[13,92],[139,140],[371,30],[-195,994],[-119,69],[167,131],[-213,250],[-697,11]],[[63188,58246],[-13,-119],[-237,-99],[-78,-149],[-467,-239],[23,-271],[-1214,-2]],[[59155,58598],[77,369],[278,206],[183,19],[537,438],[-223,393],[91,245],[1253,633]],[[61351,60901],[1258,-170]],[[62609,60731],[-749,-338],[456,-253],[180,-260],[748,-383],[27,-302],[427,-294]],[[63698,58901],[-37,-126],[-247,-8],[-124,-116],[-140,-229],[38,-176]],[[76275,75382],[-2291,-3279]],[[73984,72103],[-1862,1949],[-41,107],[360,308],[-182,204],[-132,-35],[-140,79],[-4,246],[-292,380],[-427,-103],[-142,241],[90,164]],[[71212,75643],[233,1],[2540,1308]],[[73985,76952],[-81,-664],[112,-28]],[[56257,82519],[292,-151],[486,41]],[[57035,82409],[-356,-358],[87,-356],[-77,-423],[-228,-153],[104,-106]],[[56565,81013],[-6,-13]],[[50858,79819],[-198,810],[142,217]],[[50802,80846],[373,-63],[83,59],[-66,82],[218,-68],[-91,153]],[[51319,81009],[365,-420],[183,29],[3893,1465],[497,436]],[[92628,77816],[916,-1158]],[[93544,76658],[-448,-735],[57,-1931]],[[93153,73992],[-351,-100],[-281,214],[-212,7],[-351,-186],[-454,34],[-219,-305],[-124,14],[-40,180],[-164,44],[-513,-335],[-375,81],[64,293],[-194,45]],[[89939,73978],[-2071,928]],[[87868,74906],[4760,2910]],[[56967,38497],[734,22],[401,164],[51,-58]],[[58153,38625],[0,0]],[[58153,38625],[153,91],[181,-102],[66,120],[168,-92],[33,93],[90,-58],[-1,80],[158,-23],[76,126],[194,5]],[[61040,38113],[1260,-546],[261,-198],[-113,-78],[26,-123]],[[62474,37168],[-476,-254],[-257,-318],[77,-93],[-585,148],[-269,-445],[-327,-979],[-325,203],[-210,0],[-44,101],[-106,-22],[-64,122],[-403,181],[-1174,-144]],[[64990,48810],[-3820,-401],[591,-285],[-238,-263],[27,-111]],[[61550,47750],[-366,-149],[-136,228],[-370,105],[-121,268]],[[61542,50847],[-223,471],[43,229],[113,167],[407,-9]],[[61882,51705],[307,289]],[[62189,51994],[543,67],[161,-60],[338,127],[175,-175],[146,140],[350,-160],[152,-280],[203,-42],[492,57],[185,291],[201,123],[188,-18]],[[65323,52064],[-53,-145],[228,-841],[550,365],[206,31],[2,-363],[310,-398],[-211,-289],[-651,-495],[4,-172],[257,-329]],[[65965,49428],[-545,-96],[-212,-131],[-218,-391]],[[54115,30153],[-205,-157],[-230,5],[-420,-181],[-528,117]],[[52732,29937],[1409,4345],[236,128],[-302,717],[810,1698],[-234,406],[-403,381],[321,645]],[[54569,38257],[195,47],[148,194],[450,87],[138,-68],[122,101],[1345,-121]],[[56967,38497],[319,-1856],[209,-65],[62,-265],[153,-134],[420,-146],[-3,-244],[184,-119]],[[58311,35668],[-192,-758],[-1061,-669],[174,-205],[969,-419],[-221,-61],[13,-181],[145,-40],[157,106],[168,-79],[-261,-537],[104,-203],[-1291,69],[-2900,-2538]],[[17480,55410],[-228,661]],[[17252,56071],[613,361],[254,-165],[180,45],[72,286],[1813,221],[285,-188],[215,-3],[-79,-161],[125,-189],[305,-32],[15,-76],[136,56],[295,-51],[435,-716],[216,-181],[1142,271]],[[23274,55549],[-214,-105],[-88,-280],[-330,-159],[-80,-304],[-241,-93],[-341,-390],[-732,-523],[-112,110],[-410,-38],[-264,443],[-185,35],[69,68],[-231,79],[-125,-96]],[[19990,54296],[-254,-147],[-488,414],[90,189],[-312,-49],[-516,437],[-247,46],[-361,490],[-82,30],[-6,-291],[-160,-236],[-174,231]],[[76987,43255],[1126,158],[84,738],[-215,929],[201,894],[109,52],[-390,1187]],[[77902,47213],[3414,15]],[[81316,47228],[137,-102],[96,-492],[465,-339],[-40,-244],[-367,-305],[409,-626],[797,-149],[179,-168],[142,-480],[507,-155],[507,-342],[339,-30],[306,-261],[114,-357],[-190,-512],[362,51],[75,-167],[-318,-195],[-78,-347],[-302,-304],[178,-691],[-300,-244]],[[84334,40769],[-5895,1764],[-852,-79]],[[55266,78384],[-183,42],[-13,208],[-190,-79],[195,272],[-120,73],[-185,-42],[145,89],[-80,129],[-423,54],[96,47],[-31,177],[-149,128]],[[56955,80035],[139,-85],[624,225],[71,-121],[1127,-5],[47,-67]],[[58963,79982],[-399,-287],[63,-837],[246,-205],[957,-277]],[[59830,78376],[164,-114]],[[59994,78262],[-1351,-1094]],[[56686,78102],[-682,279],[-738,3]],[[38019,73545],[81,-348],[-206,-16],[-146,-470],[180,-290],[190,-61],[-131,-112],[-130,79],[-178,-84],[-147,222],[-188,-34],[-48,96],[-421,70],[-192,-110],[-39,-140],[-121,148],[-121,-73],[-300,47],[31,101],[-204,26],[-37,170],[-218,25],[-74,-72],[-153,154],[-188,-124],[68,209],[-222,-70],[-218,86],[51,-125],[-121,60],[-84,-107],[-229,-12],[-35,-129],[-13,101],[-155,38],[48,-177],[-165,-18],[-90,-115],[-301,138],[7,-232],[-247,-5],[-61,166],[-180,-156],[30,153],[-242,5],[-61,-177],[-256,-25],[55,-148],[-148,53],[-132,-152],[-211,0],[-265,-156],[-116,75],[-469,-134],[-71,-127],[-459,-204],[7,-70],[-248,-48],[-61,-176],[-316,-150],[-238,142],[-526,-96]],[[29585,71166],[44,310],[898,688],[539,239],[1410,1028],[513,115],[656,918],[220,593],[41,600]],[[35591,75058],[66,-843],[-261,-118],[424,-351],[-158,-200],[2357,-1]],[[22166,40029],[-54,49],[183,110],[230,24],[362,304],[242,79],[1100,-279],[-525,1157],[-501,213],[267,416],[891,34],[64,211],[219,99],[34,157],[130,14],[45,226],[92,20],[-119,267],[192,20],[-43,91],[147,-45],[169,105],[170,-107],[172,132],[212,-102],[143,59],[38,-69],[184,15],[-31,-138],[86,59],[94,-140],[44,64],[146,-50],[89,72],[516,37],[226,-75],[85,-270],[1131,-399],[-342,295],[-88,333],[-209,77],[57,602],[-113,121],[-266,32],[-207,192],[-110,-7],[93,95]],[[27411,44129],[431,-31],[62,-69],[76,91],[88,-88],[126,148],[78,-88],[36,78],[292,-49],[82,75],[240,-108],[581,98]],[[26995,38897],[-331,-68],[-883,30],[-72,177],[-294,99],[-882,-186],[-496,91],[-57,80],[-534,-62],[-659,316],[-15,227],[-349,116],[-31,93],[-125,-24],[-101,243]],[[68089,55295],[205,27],[614,1235]],[[68908,56557],[489,267],[345,-2],[445,276],[215,245],[111,366],[247,138],[-27,419],[-263,92],[-21,132],[138,118],[26,553],[204,220]],[[70817,59381],[264,-147],[91,-171],[302,-57],[-181,-2],[-21,-82],[363,-106],[20,-96],[183,-42],[171,114],[447,-207],[657,159],[926,-351],[544,29],[214,-555],[32,-608],[-899,-994],[242,-378],[-396,-84],[-260,72],[-388,-420],[-842,-339],[-70,-166],[-454,-38],[-328,-778]],[[71869,38610],[-532,1720]],[[71337,40330],[-277,403],[-159,-51]],[[70901,40682],[179,492],[351,135],[-396,288],[-380,500],[23,401],[-324,663]],[[70354,43161],[3010,-356]],[[76925,39631],[-755,-2568]],[[76170,37063],[-383,115],[-343,375],[-525,127],[-288,445],[-327,-101],[-763,412],[-475,140],[-402,-32],[-237,118],[-558,-52]],[[65158,84532],[534,140]],[[65692,84672],[79,-514],[-209,-364],[29,-129],[1557,93],[131,219],[199,18],[-24,402]],[[67454,84397],[126,219]],[[67580,84616],[409,-457],[-175,-524],[-187,20],[-68,-109],[-401,21],[-345,-441],[0,-281],[-375,-294],[-78,-271],[-552,-225]],[[58866,56184],[-98,321],[85,65],[299,-124],[-6,250],[321,263],[-56,83],[256,73],[-117,128],[73,49],[-210,163],[135,186],[-106,154],[53,128],[-247,147],[236,228],[-398,158],[6,202]],[[59092,58658],[63,-60]],[[59155,58598],[1788,-1231],[259,0]],[[61202,57367],[161,-452],[-179,-252],[169,-571],[-38,-370]],[[61315,55722],[-180,186],[-168,-11],[-459,-637]],[[62391,81016],[-2,11],[14,11],[13,-17],[-25,-5]],[[65158,84532],[125,-7],[78,-170],[-98,-338],[343,4],[-79,-207],[-199,-34],[23,-259],[183,48],[474,-491],[-25,-111],[-281,-154],[181,-281],[-1,-251],[-174,-105],[100,-121]],[[65808,82055],[-273,-34],[-397,-230],[-392,-43],[-233,-326]],[[64513,81422],[-231,-62]],[[64282,81360],[-671,-172],[-227,177],[-359,98],[-273,-102],[-11,-338],[-301,-23]],[[62440,81000],[100,322],[241,227],[-78,305],[162,569],[176,153],[203,552],[-329,424],[273,107],[130,297],[403,-2],[47,-144],[119,16],[33,233],[-191,159],[226,166],[1203,148]],[[62952,83398],[6,11],[11,-21],[-5,0],[-12,10]],[[63066,83776],[11,11],[26,-22],[-21,-7],[-16,18]],[[63073,83829],[12,-7],[-4,-8],[-16,10],[8,5]],[[63079,83952],[-75,-8],[-26,70],[132,19],[-31,-81]],[[63161,83992],[-6,5],[10,3],[3,-6],[-7,-2]],[[57588,63026],[-1451,-19]],[[56137,63007],[-9,189],[-225,145],[65,137],[-324,-20],[139,332]],[[55783,63790],[1916,1125],[3365,18]],[[61064,64933],[414,2],[55,-282],[954,-178]],[[62487,64475],[156,34],[-399,-1056],[-103,-711]],[[62141,62742],[-2106,60]],[[60035,62802],[-18,140],[-310,112]],[[61910,66560],[-573,-6]],[[61337,66554],[-1,417],[-1309,-15],[70,-237],[-863,0],[89,49],[-88,72],[52,107],[-432,-5],[-348,198],[-218,-204],[-857,37],[87,56],[-58,135],[172,-40],[103,108],[-137,66],[192,74],[-42,316],[176,-156],[146,139],[652,119],[263,12],[342,-185],[137,71],[-272,169],[48,172],[-83,61],[162,85],[-162,415],[235,123],[-76,242],[253,96],[-54,285],[-173,81],[17,75]],[[59360,69492],[33,90]],[[59393,69582],[117,84],[54,-51]],[[59564,69615],[1505,-10],[365,-765],[928,-213],[62,102],[-116,166],[374,191],[80,197],[380,146],[108,174]],[[63250,69603],[441,-169]],[[63691,69434],[47,-188],[-153,-159],[-162,24],[51,-160],[-425,-247],[186,-468],[-409,-245],[-61,-330],[-285,-167],[-18,-135],[131,-121],[-39,-209],[-873,1],[117,-132],[-83,-143],[154,-52],[41,-143]],[[7619,54548],[-984,342],[-395,29],[-618,358],[-1759,-276],[-476,18],[-550,-345],[-156,-641],[-540,-581],[-344,38],[-307,234],[-402,61],[-284,-155],[-186,-357],[-618,41],[4627,2727],[-21,232],[224,-98],[268,125],[2702,1620]],[[32892,37434],[217,171],[448,-183],[192,-207],[191,52],[36,-133],[303,-45],[-29,-158],[114,-146],[-106,-75],[123,-234],[262,-137],[544,56]],[[35187,36395],[-484,-346]],[[34703,36049],[-483,207],[-624,-126],[-117,304],[134,124],[-140,304],[-1064,19],[-375,306],[-739,218],[-349,-25],[-669,-154],[-190,-181],[-297,95],[-213,-203],[-373,-40],[-133,-118],[68,-66],[-168,20],[-19,-151],[-177,18],[-111,-189],[-1122,-260],[-194,-250],[-180,-73],[130,-250],[-429,-79],[-21,-294]],[[26848,35205],[-328,-9],[-168,-129],[-282,121]],[[26070,35188],[233,191],[209,393],[-10,163],[-262,140],[127,139],[-148,191],[140,888],[187,208],[219,-18],[201,410],[178,36],[-6,104],[172,120],[614,56],[-64,184],[-346,11],[46,186],[-305,25],[-260,282]],[[26995,38897],[419,67],[730,-229],[909,93]],[[47456,37786],[0,0]],[[47456,37786],[396,62],[363,177],[434,-4],[122,-139]],[[48771,37882],[0,0]],[[48771,37882],[102,-104]],[[48873,37778],[-210,-391],[-174,-48],[170,-862],[-2231,-4032],[79,-89],[-109,4],[-257,-265],[-214,109],[40,-231],[-119,-135],[-164,133],[-219,15],[-133,-346],[-300,-60],[-438,-509],[-308,-95]],[[44286,30976],[-76,129],[-373,52],[-219,247],[-683,318],[-545,103],[-936,432]],[[41454,32257],[-1275,2583],[348,49],[217,-137],[180,25],[817,499],[454,408],[-143,190],[-288,13],[-68,133],[-356,6],[-392,-161],[-94,95],[-147,-7],[-129,-127],[-171,120],[-399,76],[35,88],[-147,-15],[-175,142],[95,27],[-179,287],[60,143],[-159,157],[16,210],[-352,285],[72,114],[266,61],[146,319],[552,350],[150,200],[207,66],[257,-96],[883,59]],[[41735,38419],[718,22],[782,206],[194,-149],[169,27],[586,-175],[449,-230],[383,-531],[249,-179],[429,-65],[434,180],[624,-4],[103,87],[510,72],[91,106]],[[49210,55783],[72,208],[-92,-18],[42,96],[-269,14],[-9,152],[527,16],[459,254]],[[49940,56505],[281,297],[308,140]],[[50529,56942],[666,178]],[[54396,55856],[-12,-171],[-203,35],[-142,-111],[-32,-291],[-149,-71],[-19,-208],[-181,-202],[-1467,955],[-2981,-9]],[[51195,57120],[1073,71],[195,254],[671,236],[249,186]],[[53383,57867],[169,-339],[211,-12],[1168,-563]],[[54931,56953],[-33,-87]],[[54898,56866],[-260,-32],[-2,-138],[146,-17],[-396,-429],[135,-126],[-125,-268]],[[54396,55856],[-871,331],[-188,161],[138,116],[-1669,576],[-187,-218],[-290,72],[-134,226]],[[56559,81000],[453,-212],[65,-122],[40,-206],[-177,-201],[15,-224]],[[56955,80035],[-1011,-627],[-622,106],[-383,190],[-611,-222]],[[54328,79482],[-228,35],[-83,117],[-307,-122],[-12,412],[-138,120],[-1404,-361]],[[50834,79327],[48,296],[220,9],[105,-129],[-21,120],[138,-5],[-375,61],[-91,140]],[[50858,79819],[657,54],[611,151],[101,117],[223,-49],[950,167],[1008,363],[112,-72],[369,366],[453,146],[857,-165],[360,103]],[[49078,69374],[-18,145],[164,-5],[59,131]],[[49283,69645],[380,492],[619,8],[524,289],[226,-137],[33,109],[192,-28],[103,222],[340,180],[31,103],[126,-6]],[[51857,70877],[-189,-383],[-187,-122],[42,-123],[-118,6],[-297,-216],[-308,-2418],[165,-19]],[[50965,67602],[-12,-356],[-622,-897]],[[66451,54611],[1638,684]],[[68089,55295],[3345,-1161]],[[71434,54134],[-450,-118]],[[70984,54016],[-588,-188],[-227,-209]],[[70169,53619],[-530,24],[-614,-141],[-870,214],[-446,-49],[-116,-148],[-628,-208],[-514,1300]],[[21185,51238],[-206,-55],[-183,93],[-112,-202],[-136,11],[-11,80],[-235,-79],[-109,160],[-126,-68],[-53,92],[-157,-21],[-121,269],[-181,-62],[-174,123]],[[19381,51579],[164,186],[-43,96]],[[19502,51861],[247,210],[296,136],[92,-68],[250,186],[377,584],[567,62],[172,125],[-212,48],[412,201],[282,40],[334,-136],[386,53],[723,361],[885,40],[129,152],[337,60],[31,166],[421,150],[73,156],[669,400],[382,-83],[452,149]],[[26807,54853],[-327,-863],[177,-581],[-83,-159]],[[26574,53250],[-301,17],[-295,-125],[-467,-36],[-937,-375],[-1859,-526],[-878,-484],[-78,-192],[-210,21],[-364,-312]],[[51404,91234],[-19,82],[176,104],[584,48],[521,295],[-17,216],[-426,84],[-134,121],[459,306],[233,508],[289,61],[355,-47],[83,98],[761,129],[7,106],[200,61],[744,58],[132,150],[-351,318]],[[55001,93932],[543,49]],[[55544,93981],[263,24],[141,-182],[116,7]],[[56064,93830],[204,-207],[366,-90],[-201,-258],[262,33],[-12,-217],[-172,-77],[-337,136],[-196,-196],[-288,-111],[-635,-104],[500,-527],[-219,-554],[-342,14],[-665,-190],[47,-118],[609,-362],[196,-20],[17,-430],[-162,-277]],[[55036,90275],[5,-760],[-646,3],[42,-1698]],[[54437,87820],[-3,2]],[[54434,87822],[-1834,1309],[-1365,107]],[[29503,44186],[106,282],[210,89],[120,277],[-299,208],[-275,-17],[-6,127],[-215,165],[196,179],[-260,135],[-157,217],[102,293],[-254,95],[-93,235],[-262,24],[-81,110]],[[28335,46605],[-108,454],[215,119],[-94,169]],[[28348,47347],[-140,68],[-36,186],[169,299],[-44,102],[71,126],[262,94],[92,279],[242,146],[124,341],[520,44],[346,-269],[465,195],[160,-62],[225,53],[347,201],[1151,-93],[195,-138],[347,31]],[[32844,48950],[68,-5760]],[[32912,43190],[-20,-5756]],[[32892,37434],[-212,-51],[-213,91],[-14,231],[-298,185],[-15,213],[-529,132],[-300,209],[8,139],[-248,-104],[-308,130],[-517,-281],[-425,283],[-513,50],[-255,167]],[[29053,38828],[-114,132],[203,169],[-164,44],[-267,294],[-74,295],[137,123],[-1,216],[271,151],[-1,269],[218,245],[-144,430],[36,131],[154,7],[103,124],[-123,271],[318,185],[231,281],[-162,107],[76,86],[-146,22],[26,119],[323,42],[-259,190],[-17,239],[648,241],[508,572],[-68,159],[-963,69],[-133,145],[-166,0]],[[67500,42236],[-1822,-1163],[-13,-125],[-143,26],[-4482,-2861]],[[61040,38113],[-1769,752]],[[59271,38865],[6594,4604]],[[65865,43469],[1033,-1037]],[[66898,42432],[602,-196]],[[73364,42805],[530,-63],[52,241],[451,417]],[[74397,43400],[358,-98],[557,138],[348,-113],[497,99],[480,-23],[350,-148]],[[76987,43255],[416,-132],[34,-117],[456,190],[84,-99],[181,-458],[-584,-83],[13,-102]],[[77587,42454],[105,-339],[106,-42],[-131,-155],[-319,99],[-707,-124],[201,-158],[-64,-432],[230,-123],[392,-651],[-209,-282],[24,-419],[-290,-197]],[[76925,39631],[-540,270],[-353,-104],[-93,236],[-323,-65],[-773,655],[-297,94],[-52,187],[-216,148],[-280,-97],[-297,1185],[-334,397],[-3,268]],[[40477,15991],[-215,43],[-483,-167],[-971,-130],[-23,-64],[-201,66],[-392,-224],[-485,-73],[-996,340],[-802,15],[-439,506]],[[35470,16303],[237,386],[345,132],[185,410],[1249,465],[197,341],[304,257],[-57,547],[279,508],[-8,1282],[199,342],[-336,346],[53,657],[-257,95],[-174,835],[-227,385],[52,406],[628,221],[49,355],[236,-52],[284,-173],[60,-226],[338,-27],[305,-660],[145,-61],[-6,-306],[1101,-377],[187,124],[16,578],[349,26],[516,236],[1053,67],[258,459],[-478,425]],[[42552,24306],[336,416],[-284,499],[-414,47],[-121,101],[-129,789],[187,390],[878,354],[348,27],[313,-105],[735,-11],[340,-170],[289,-11],[903,-449]],[[45933,26183],[0,0]],[[45933,26183],[293,-147]],[[46226,26036],[30,-129],[227,-132],[-328,-126],[281,-147],[-108,-126],[-190,25],[19,-156],[-192,-209],[153,-44],[-24,-111],[-296,-284],[244,-221],[-182,3],[-199,-153],[210,-188],[-101,-308],[-233,-243],[142,-199],[-164,-165],[59,-293],[-422,-322],[47,-205],[-773,-490],[-51,-413],[-334,-514],[-3,-216],[-224,-140],[-3,-205],[-221,-46],[-12,-146],[-152,-83],[40,-177],[-215,-254],[-37,-450],[125,-91],[-257,-266],[50,-158],[-127,-231],[-469,-257],[416,-251],[-163,-85],[-292,48],[-261,-215],[-87,-171],[137,-86],[-401,-641],[-141,58],[-201,-58],[7,-157],[-376,-101],[-29,-255],[-241,42],[-427,-303]],[[74158,65483],[-2266,-148],[-800,-898],[-214,-38],[-178,-192],[-546,-115],[-735,546],[-181,-311]],[[69238,64327],[-1703,-581],[-106,-192],[-133,41],[-29,55],[321,144],[-188,299],[5,688],[264,198],[168,-47],[175,151],[89,-69],[249,209],[1484,3080]],[[72221,68667],[375,-373],[198,-32],[487,-382],[138,15],[630,-407],[109,-665],[-159,-219],[257,-351],[-152,-282],[50,-257],[-107,-86],[111,-145]],[[83157,52181],[-1311,747],[-553,-1],[-767,330],[-546,733],[365,398],[68,536],[-334,351],[-309,25],[-28,251]],[[79742,55551],[911,299],[147,91],[-1,223],[314,168],[221,32],[458,-139],[287,60],[61,1609],[2145,354]],[[84285,58248],[516,-461],[-98,-452],[305,-926],[306,-363],[198,-599],[69,-468],[-429,-471],[248,-468],[-18,-283],[-254,-477],[-480,-178],[-236,-232],[-387,-34],[-299,-480],[-569,-175]],[[57910,60897],[-321,509],[0,407]],[[57589,61813],[-1,1213]],[[57588,63026],[2119,28]],[[59707,63054],[-105,-89],[151,-276],[-152,-151],[31,-160],[-113,-29],[98,-194],[-93,28],[-70,-140],[156,-108],[14,-180],[-328,-154],[-157,106],[56,-160],[-344,-207],[2,-250],[152,-80],[-1095,-113]],[[44465,70724],[273,1299]],[[44738,72023],[282,-147],[89,-428],[423,-14],[465,239],[376,-3],[123,-129],[236,-56],[55,-245]],[[46787,71240],[-159,-72],[-396,18],[156,-937],[-18,-678]],[[46370,69571],[-1004,-689]],[[45366,68882],[-375,1981],[-167,35],[-55,-109],[-304,-65]],[[61542,50847],[159,-350],[202,-59],[-44,-673],[-205,-646],[-900,-212],[31,-112],[-274,-194],[99,-183],[-53,-216]],[[60557,48202],[-194,-79],[-683,-13],[8,-2046]],[[59688,46064],[-240,-128],[-243,14],[-23,-126],[-180,66],[-249,-166],[-262,5],[-183,-150],[-316,-74],[-285,-236],[-376,17],[-83,-177],[-409,-139]],[[56839,44970],[-672,1459],[175,427],[-172,389],[-911,814],[-58,301],[-159,177]],[[55042,48537],[15,1242],[-572,429],[-78,157],[175,555],[-146,733],[203,89],[239,360],[-61,108],[99,68],[-94,20],[169,388],[112,-8],[-79,219],[110,173],[361,9],[-24,170],[359,125],[40,240],[429,230],[90,261],[196,113],[-34,99],[277,-101],[-81,275],[-135,20],[72,88],[-132,56],[182,9],[113,161],[113,13],[14,-79],[264,50],[-63,114],[111,-29],[80,242]],[[57366,55136],[35,174],[287,88],[164,170],[170,-80],[296,258],[3,174],[207,52],[107,161],[219,-45],[12,96]],[[58866,56184],[350,-130],[0,-166],[156,-72],[-60,-78],[266,-129],[182,26],[-42,-82],[350,-85],[263,-249],[177,41]],[[60508,55260],[99,-132],[-21,-413],[-212,-281],[-226,-59],[42,-286],[-270,-181],[441,-86],[17,-213],[206,-96],[-363,-266],[51,-292],[172,-159]],[[60444,52796],[-610,246],[-105,-114],[-520,-175],[-206,39],[-238,-132],[-1141,-980],[-82,-268],[102,-271],[-103,-134],[83,-16],[-197,-336],[544,-158],[-83,-390],[870,-179],[1076,731],[236,-52],[1472,240]],[[44883,88527],[-282,1140],[168,387],[251,159],[-1290,1959],[1587,2289],[1365,671],[377,63],[69,130]],[[47128,95325],[242,97],[46,203],[161,53],[117,205],[185,105],[270,-21],[490,273],[-122,62],[147,98],[-112,22],[1,131],[229,82],[42,143],[242,-65],[-359,257],[49,102],[248,66],[523,-218],[41,-201],[-115,-234],[203,-276],[-11,-426],[-1022,-249],[-241,-142],[740,-39],[407,-212],[-159,-657],[-209,-75],[-135,-245],[283,-112]],[[49309,94052],[-456,-1216],[27,-155],[313,-201],[618,159],[232,-58],[528,-663],[-148,-353],[361,-385]],[[47934,96046],[33,114],[182,20],[-134,-214],[-81,80]],[[44778,85767],[-648,337],[4,1110]],[[44134,87214],[652,322],[74,204]],[[44860,87740],[23,787]],[[44883,88527],[449,28],[883,595],[534,103],[31,89],[363,93],[414,-9],[302,-174],[446,223],[55,-99],[995,-89],[239,185],[302,466],[525,254],[3,138],[423,457],[-59,185],[114,38],[-122,19],[4,151]],[[50784,91180],[162,-47],[458,101]],[[51404,91234],[29,-278],[475,-231],[-227,-254],[57,-251],[-283,-79],[-25,-435],[-252,18],[213,-171],[-29,-202],[-157,8],[30,-121]],[[51235,89238],[-344,-13],[6,-155],[-147,-143],[-83,87],[-113,-76],[-84,54],[-103,-175],[87,-34],[-85,-2],[137,-276],[-223,-143],[57,-83],[-123,98],[-117,-51],[93,-181],[-152,-32],[-47,-137],[-172,14],[132,-90],[-80,41],[-138,-61],[214,-52],[8,-120],[-73,32],[-122,-112],[99,-208],[-366,-275],[-351,-481],[-172,-636],[-465,295],[-74,305],[-99,44],[-555,-303],[-333,77],[-82,-84],[114,-80],[-310,-68],[-165,-164],[-232,-42],[-91,67],[-74,-114],[127,-99],[-203,-134],[-82,68],[-188,-85],[-63,91],[140,32],[-33,80],[-312,-217],[-162,-10],[-19,-119],[-270,-62],[-394,213],[-227,-28],[-143,76]],[[93874,82161],[337,-178],[762,-155],[406,-240],[19,-128]],[[95398,81460],[-146,-95],[-14,-386],[-664,-149],[-80,-176],[74,-104],[-1940,-2734]],[[92628,77816],[-3240,6],[-2322,-908],[-4,1226],[139,31]],[[87201,78171],[1137,305],[290,162],[222,177],[-49,122],[-180,56],[-63,202],[362,201],[-67,278],[428,-67],[523,102],[871,945],[-324,-4],[191,307],[-189,184],[-29,345],[199,105],[274,-26],[43,138],[-774,338]],[[90066,82041],[1708,-116],[411,-375],[1100,-102],[157,216],[-145,111],[74,557],[403,-217],[100,46]],[[76275,75382],[-158,344],[-2101,534]],[[74016,76260],[1241,-55],[82,188],[2409,1321],[948,224],[137,200],[-717,444]],[[78116,78582],[306,5],[792,319]],[[79214,78906],[302,-328],[592,296],[61,-148],[110,54],[63,-273],[291,-357],[48,-176],[-138,-99],[1543,-547]],[[82086,77328],[-3,-278],[179,-104],[-805,-492],[-3,-285],[-361,-2],[-204,-193],[-123,-331],[118,-511],[-483,-222],[-42,-793],[364,-353]],[[80723,73764],[-192,39],[-83,163],[-324,9],[-520,562],[-282,108],[-1097,-1657]],[[78225,72988],[-112,-37]],[[78113,72951],[0,0]],[[78113,72951],[87,-193],[-148,-190],[-161,168],[-372,21],[-143,146],[-243,-50]],[[77133,72853],[-84,3],[-126,299],[177,90],[-251,226],[26,552],[-611,95],[225,127],[-83,177],[123,73],[-40,134],[143,219],[-163,195],[74,49],[-79,162],[-189,128]],[[73982,72099],[-1761,-3432]],[[72221,68667],[-2387,-364]],[[69834,68303],[-612,-345],[-786,1715]],[[68436,69673],[-797,1503]],[[67639,71176],[273,276],[-172,282],[69,54],[-205,937],[-230,28],[-221,280],[-83,-37]],[[67070,72996],[-94,154],[184,463]],[[67160,73613],[452,-25],[476,-273],[596,-142],[7,127],[-133,78]],[[68558,73378],[2628,288],[390,-568],[295,-108],[27,-99],[158,107],[43,-99],[404,-157],[-74,-90],[215,-122],[183,40],[406,-143],[114,110],[105,-285],[156,-82],[152,97],[90,-178],[132,10]],[[49376,77452],[581,506],[30,226],[658,501],[34,438],[155,204]],[[50834,79327],[1322,356]],[[52156,79683],[83,-173],[348,54]],[[52587,79564],[-720,-901],[73,-577],[300,39],[227,-211],[321,-75],[291,-553],[22,77],[244,-78],[66,117],[31,-154],[321,-53],[-87,132],[30,106],[227,-289],[55,190],[170,-38],[-89,-126],[101,-58],[56,56],[193,-373],[270,232],[357,55],[853,753],[873,-351],[-539,559],[453,59]],[[56686,78102],[45,-128],[452,-244],[382,-102],[73,-108],[751,-132],[254,-220]],[[58643,77168],[-368,-354],[-1105,-308],[-38,-145],[451,-775]],[[57583,75586],[-260,-78],[-336,93],[-303,295],[-260,-215],[-362,-69],[210,196],[-231,11],[-257,156],[7,-235]],[[55791,75740],[-254,73],[94,-71],[-180,-197],[-351,-63],[-163,70],[57,93],[-163,-18],[-35,88],[46,-307],[-116,-15],[160,-137],[-254,-133],[-242,113],[-335,-55],[-419,242],[92,155],[-242,643],[-574,-272]],[[52912,75949],[-91,169],[-189,-80],[61,91],[-661,505],[-163,-65],[97,147],[-88,141],[-414,134],[-300,0],[-1047,349],[-741,112]],[[7619,54548],[154,48],[-103,396],[299,367],[-60,278],[159,85],[-166,57],[-95,428],[-181,174],[447,492],[-26,296],[112,132],[-359,619]],[[7800,57920],[2213,1312]],[[10013,59232],[642,-650],[-79,-790],[564,-790],[-62,-411],[552,-451],[497,-681],[345,-252],[-94,-6],[-72,-206],[-240,-49],[61,-171],[-375,-271]],[[11752,54504],[-959,54],[-649,-342],[-431,-97],[-1427,155],[-667,274]],[[54966,70693],[0,0]],[[54966,70693],[183,103],[-95,322],[-209,27],[-195,149],[-470,-155]],[[54180,71139],[0,0]],[[54180,71139],[-198,-57],[-70,97],[-114,-120],[-273,26],[-176,-118]],[[53349,70967],[-75,66]],[[53274,71033],[727,1412],[-490,175]],[[53511,72620],[228,384],[-488,258],[116,122],[-43,117],[165,95],[39,240],[255,10],[15,307],[543,15],[322,-295],[313,-71],[46,240],[374,166],[16,261],[305,189],[-228,96],[22,245],[145,-34],[264,94]],[[55920,75059],[638,-1380],[-154,83],[-21,-182],[-316,-142],[84,-314],[168,-16],[-42,-146],[158,87],[69,-62],[-227,-390],[-213,42],[183,-198],[165,38],[306,-116],[73,-171],[-173,-171],[18,-145],[297,-199],[-36,-144],[-208,59],[48,-170],[-96,98],[-61,-57]],[[56580,71463],[-407,102],[-15,-207],[-268,-72],[99,-234],[-121,-37],[-166,-303],[-263,75],[-282,-141],[-191,47]],[[47898,63177],[-12,257],[-672,-118],[-606,347],[458,288],[146,246],[225,0],[232,174],[67,-61],[209,103],[-360,164],[-77,136],[332,369]],[[47840,65082],[358,711],[-20,146],[213,162],[298,-13],[156,447],[-296,161],[-371,19],[-419,-288],[-200,35],[-29,211],[305,330],[58,228]],[[47893,67231],[271,120],[70,499],[289,211],[299,65],[-216,838],[472,410]],[[49078,69374],[52,-360],[344,-72],[-182,-214],[125,-274],[-94,-117],[212,-166],[-38,-286],[237,-182],[-333,-384],[-21,-123],[127,-46],[-51,-212],[627,-288],[248,-301]],[[50331,66349],[188,0],[344,-170],[75,-217],[185,-53],[-93,-90],[1398,-1427]],[[52428,64392],[-291,-408],[73,-126],[-160,-185],[80,-197]],[[52130,63476],[-1631,212],[-775,-332],[-578,4],[-1248,-183]],[[35591,75058],[-1685,599]],[[33906,75657],[65,191]],[[33971,75848],[595,649],[559,252],[522,28],[112,315],[274,21],[101,-100],[224,88],[344,-95],[1387,184],[168,85],[-18,202],[185,62],[85,149],[202,-70],[80,180],[400,212],[167,-65],[209,205],[183,-133],[95,35],[18,-85],[308,163],[198,-39],[37,232],[184,-74],[104,166],[-129,75],[69,93],[360,-62]],[[40994,78521],[-408,-732],[133,-137],[13,-249],[-434,-481],[347,-668],[1708,70],[365,-88],[26,231],[998,1253],[995,-198],[41,396],[217,324]],[[44995,78242],[294,-1311],[335,-705]],[[45624,76226],[7,-21]],[[45631,76205],[396,-419],[889,-297],[664,-1006],[-1410,-929]],[[46170,73554],[-44,160],[-356,179],[-1296,1250],[-1989,34],[-1148,212],[-443,-680],[-457,140],[-499,-83],[-288,62],[-357,-112],[-573,162],[-1959,1],[-841,500],[-144,-43],[-185,-278]]]}