{"type":"Topology","objects":{"data":{"geometries":[{"properties":{"cd_mun_ibge":"5100102"},"type":"MultiPolygon","arcs":[[[-282,-25,-44,-405,-73]]],"id":0},{"properties":{"cd_mun_ibge":"5100201"},"type":"MultiPolygon","arcs":[[[-150,-19,-22,-124]]],"id":1},{"properties":{"cd_mun_ibge":"5100250"},"type":"MultiPolygon","arcs":[[[-153,-23,-136,-352,-80,-438,-164,0]]],"id":2},{"properties":{"cd_mun_ibge":"5100300"},"type":"MultiPolygon","arcs":[[[-5,1,-67,-4,-11,2]]],"id":3},{"properties":{"cd_mun_ibge":"5100359"},"type":"MultiPolygon","arcs":[[[-335,-334,-16,-228,-328]]],"id":4},{"properties":{"cd_mun_ibge":"5100409"},"type":"MultiPolygon","arcs":[[[-390,-192,-9,3,-66,-174,-60]]],"id":5},{"properties":{"cd_mun_ibge":"5100508"},"type":"MultiPolygon","arcs":[[[-52,-108,-287,-13,-49,-111]]],"id":6},{"properties":{"cd_mun_ibge":"5100607"},"type":"MultiPolygon","arcs":[[[4,5]]],"id":7},{"properties":{"cd_mun_ibge":"5100805"},"type":"MultiPolygon","arcs":[[[-121,-43,6,-162,-436]]],"id":8},{"properties":{"cd_mun_ibge":"5101001"},"type":"MultiPolygon","arcs":[[[7,-14,-147,-30]]],"id":9},{"properties":{"cd_mun_ibge":"5101209"},"type":"MultiPolygon","arcs":[[[8,-191,9,10]]],"id":10},{"properties":{"cd_mun_ibge":"5101258"},"type":"MultiPolygon","arcs":[[[-61,-75,-237,-248,-234]]],"id":11},{"properties":{"cd_mun_ibge":"5101308"},"type":"MultiPolygon","arcs":[[[-252,-424,-112,-48]]],"id":12},{"properties":{"cd_mun_ibge":"5101407"},"type":"MultiPolygon","arcs":[[[-40,-89,-83,-267,-35]]],"id":13},{"properties":{"cd_mun_ibge":"5101605"},"type":"MultiPolygon","arcs":[[[-183,-117,-314,11]]],"id":14},{"properties":{"cd_mun_ibge":"5101704"},"type":"MultiPolygon","arcs":[[[-143,-50,12,-286,-213,-17,-93,-294,-367]],[[-238,-74,-400,-370]]],"id":15},{"properties":{"cd_mun_ibge":"5101803"},"type":"MultiPolygon","arcs":[[[-189,-57,-161,-148,13,14]]],"id":16},{"properties":{"cd_mun_ibge":"5101837"},"type":"MultiPolygon","arcs":[[[-348,-144,-165,-300]]],"id":17},{"properties":{"cd_mun_ibge":"5101852"},"type":"MultiPolygon","arcs":[[[-170,-240,-229,15,-338]]],"id":18},{"properties":{"cd_mun_ibge":"5101902"},"type":"MultiPolygon","arcs":[[[-332,-85,-24,-78,-428,-20]]],"id":19},{"properties":{"cd_mun_ibge":"5102504"},"type":"MultiPolygon","arcs":[[[-204,-58,-107,-47,-94,16,-212,-113,-185,17]]],"id":20},{"properties":{"cd_mun_ibge":"5102603"},"type":"MultiPolygon","arcs":[[[-159,-306,-169,-54,18,-149]]],"id":21},{"properties":{"cd_mun_ibge":"5102637"},"type":"MultiPolygon","arcs":[[[-333,19,-427,-51,-362]]],"id":22},{"properties":{"cd_mun_ibge":"5102678"},"type":"MultiPolygon","arcs":[[[-71,-46,-29,-28,27,-27,-26,-133,-220,-53]]],"id":23},{"properties":{"cd_mun_ibge":"5102686"},"type":"MultiPolygon","arcs":[[[-39,-126,-36,-329,-360,20,-358]]],"id":24},{"properties":{"cd_mun_ibge":"5102694"},"type":"MultiPolygon","arcs":[[[-323,-260,-199,-96]]],"id":25},{"properties":{"cd_mun_ibge":"5102702"},"type":"MultiPolygon","arcs":[[[-56,-230,-243,-31,-122,21]]],"id":26},{"properties":{"cd_mun_ibge":"5102793"},"type":"MultiPolygon","arcs":[[[-416,-33,-137,22,-152]]],"id":27},{"properties":{"cd_mun_ibge":"5102850"},"type":"MultiPolygon","arcs":[[[-87,-79,23,-84]]],"id":28},{"properties":{"cd_mun_ibge":"5103007"},"type":"MultiPolygon","arcs":[[[24,-281,-134,25,26,-28,27,28,-45]]],"id":29},{"properties":{"cd_mun_ibge":"5103056"},"type":"MultiPolygon","arcs":[[[-341,-64,-130,-395,-250]]],"id":30},{"properties":{"cd_mun_ibge":"5103106"},"type":"MultiPolygon","arcs":[[[29,-146,-123,30,-242,-172,31]]],"id":31},{"properties":{"cd_mun_ibge":"5103205"},"type":"MultiPolygon","arcs":[[[-65,-138,32,-420,-380,-132]]],"id":32},{"properties":{"cd_mun_ibge":"5103254"},"type":"MultiPolygon","arcs":[[[33,-41,34,-270]]],"id":33},{"properties":{"cd_mun_ibge":"5103304"},"type":"MultiPolygon","arcs":[[[-330,35,-125,-98,36,-81]]],"id":34},{"properties":{"cd_mun_ibge":"5103353"},"type":"MultiPolygon","arcs":[[[-258,-291,-412,-305,-197]]],"id":35},{"properties":{"cd_mun_ibge":"5103361"},"type":"MultiPolygon","arcs":[[[37,-372,-196,-99,-127,38,-374]]],"id":36},{"properties":{"cd_mun_ibge":"5103379"},"type":"MultiPolygon","arcs":[[[-90,39,40,41,42,-120]]],"id":37},{"properties":{"cd_mun_ibge":"5103403"},"type":"MultiPolygon","arcs":[[[-318,-69,-91]],[[-116,-406,43,44,45,-70,-316]]],"id":38},{"properties":{"cd_mun_ibge":"5103437"},"type":"MultiPolygon","arcs":[[[-95,46,-106]]],"id":39},{"properties":{"cd_mun_ibge":"5103452"},"type":"MultiPolygon","arcs":[[[-142,-365,47,48,49]]],"id":40},{"properties":{"cd_mun_ibge":"5103502"},"type":"MultiPolygon","arcs":[[[-110,-422,-363,50,-426,-256,-141,-109,51]]],"id":41},{"properties":{"cd_mun_ibge":"5103601"},"type":"MultiPolygon","arcs":[[[52,-219,-215,-263,-72]]],"id":42},{"properties":{"cd_mun_ibge":"5103700"},"type":"MultiPolygon","arcs":[[[-101,-320,-227,-55,-167,-145,-408,-251,-398]]],"id":43},{"properties":{"cd_mun_ibge":"5103809"},"type":"MultiPolygon","arcs":[[[-77,-62,-232,-209]]],"id":44},{"properties":{"cd_mun_ibge":"5103858"},"type":"MultiPolygon","arcs":[[[53,-168,54,-226,55]]],"id":45},{"properties":{"cd_mun_ibge":"5103908"},"type":"MultiPolygon","arcs":[[[-217,-158,56,-188,-385]]],"id":46},{"properties":{"cd_mun_ibge":"5103957"},"type":"MultiPolygon","arcs":[[[-210,-231,-104,57]]],"id":47},{"properties":{"cd_mun_ibge":"5104104"},"type":"MultiPolygon","arcs":[[[-155,58,-102]]],"id":48},{"properties":{"cd_mun_ibge":"5104203"},"type":"MultiPolygon","arcs":[[[-254,-218,-387,-187,-391,59,-173]]],"id":49},{"properties":{"cd_mun_ibge":"5104500"},"type":"MultiPolygon","arcs":[[[-76,60,-233,61]]],"id":50},{"properties":{"cd_mun_ibge":"5104526"},"type":"MultiPolygon","arcs":[[[-377,-63,-202,-356,-339,-345]]],"id":51},{"properties":{"cd_mun_ibge":"5104542"},"type":"MultiPolygon","arcs":[[[-431,-203,62,-376]]],"id":52},{"properties":{"cd_mun_ibge":"5104559"},"type":"MultiPolygon","arcs":[[[63,-340,-354,-135,64,-131]]],"id":53},{"properties":{"cd_mun_ibge":"5104609"},"type":"MultiPolygon","arcs":[[[-312,-272,-175,65,66,67]]],"id":54},{"properties":{"cd_mun_ibge":"5104807"},"type":"MultiPolygon","arcs":[[[-266,-92,68,-317,69,70,71]]],"id":55},{"properties":{"cd_mun_ibge":"5104906"},"type":"MultiPolygon","arcs":[[[-404,-115,-277,-114,-283,72]]],"id":56},{"properties":{"cd_mun_ibge":"5105002"},"type":"MultiPolygon","arcs":[[[73,74,75,76,-208,-194,-401]]],"id":57},{"properties":{"cd_mun_ibge":"5105101"},"type":"MultiPolygon","arcs":[[[-429,77,78,-86,-118,-439,79,-351,-157,-200]]],"id":58},{"properties":{"cd_mun_ibge":"5105150"},"type":"MultiPolygon","arcs":[[[-331,80,81,-268,82,-88,83,84]]],"id":59},{"properties":{"cd_mun_ibge":"5105176"},"type":"MultiPolygon","arcs":[[[-119,85,86,87,88,89]]],"id":60},{"properties":{"cd_mun_ibge":"5105200"},"type":"MultiPolygon","arcs":[[[-214,-273,-310,90,91,-265]]],"id":61},{"properties":{"cd_mun_ibge":"5105234"},"type":"MultiPolygon","arcs":[[[-105,-235,-246,-295,92,93,94]]],"id":62},{"properties":{"cd_mun_ibge":"5105259"},"type":"MultiPolygon","arcs":[[[-139,-379,-344]]],"id":63},{"properties":{"cd_mun_ibge":"5105309"},"type":"MultiPolygon","arcs":[[[95,-198,-303,96,-324]]],"id":64},{"properties":{"cd_mun_ibge":"5105507"},"type":"MultiPolygon","arcs":[[[97,-128,98,-195,-206,99]]],"id":65},{"properties":{"cd_mun_ibge":"5105580"},"type":"MultiPolygon","arcs":[[[-179,-261,-321,100,-397,-129]]],"id":66},{"properties":{"cd_mun_ibge":"5105606"},"type":"MultiPolygon","arcs":[[[-381,-418,-156,101,102,-177]]],"id":67},{"properties":{"cd_mun_ibge":"5105622"},"type":"MultiPolygon","arcs":[[[103,-236,104,105,106]]],"id":68},{"properties":{"cd_mun_ibge":"5105903"},"type":"MultiPolygon","arcs":[[[107,108,-140,-298,-288]]],"id":69},{"properties":{"cd_mun_ibge":"5106000"},"type":"MultiPolygon","arcs":[[[-423,109,110,111]]],"id":70},{"properties":{"cd_mun_ibge":"5106109"},"type":"MultiPolygon","arcs":[[[112,-211,-284,113,-276,114,-403,115,-315,116,-182,-186]]],"id":71},{"properties":{"cd_mun_ibge":"5106158"},"type":"MultiPolygon","arcs":[[[117,118,119,120,-435]]],"id":72},{"properties":{"cd_mun_ibge":"5106174"},"type":"MultiPolygon","arcs":[[[121,122,-151,123]]],"id":73},{"properties":{"cd_mun_ibge":"5106182"},"type":"MultiPolygon","arcs":[[[124,125,126,127]]],"id":74},{"properties":{"cd_mun_ibge":"5106190"},"type":"MultiPolygon","arcs":[[[-176,128,-396,129,130,131,-383]]],"id":75},{"properties":{"cd_mun_ibge":"5106208"},"type":"MultiPolygon","arcs":[[[-280,-180,-221,132,133]]],"id":76},{"properties":{"cd_mun_ibge":"5106216"},"type":"MultiPolygon","arcs":[[[134,-353,135,136,137]]],"id":77},{"properties":{"cd_mun_ibge":"5106224"},"type":"MultiPolygon","arcs":[[[-257,-433,-375,138,-343,-299,139,140]]],"id":78},{"properties":{"cd_mun_ibge":"5106232"},"type":"MultiPolygon","arcs":[[[141,142,-366]]],"id":79},{"properties":{"cd_mun_ibge":"5106240"},"type":"MultiPolygon","arcs":[[[143,-347,-409,144,-166]]],"id":80},{"properties":{"cd_mun_ibge":"5106257"},"type":"MultiPolygon","arcs":[[[145,146,147,-160,148,149,150]]],"id":81},{"properties":{"cd_mun_ibge":"5106265"},"type":"MultiPolygon","arcs":[[[151,152,153,154,155,-417]]],"id":82},{"properties":{"cd_mun_ibge":"5106273"},"type":"MultiPolygon","arcs":[[[156,-350,-201]]],"id":83},{"properties":{"cd_mun_ibge":"5106281"},"type":"MultiPolygon","arcs":[[[157,-216,-224,-307,158,159,160]]],"id":84},{"properties":{"cd_mun_ibge":"5106299"},"type":"MultiPolygon","arcs":[[[-437,161,162,163]]],"id":85},{"properties":{"cd_mun_ibge":"5106307"},"type":"MultiPolygon","arcs":[[[-309,-223,-181,-278,-301,164,165,166,167,168]]],"id":86},{"properties":{"cd_mun_ibge":"5106315"},"type":"MultiPolygon","arcs":[[[169,-337,-326,170,171,-241]]],"id":87},{"properties":{"cd_mun_ibge":"5106372"},"type":"MultiPolygon","arcs":[[[-255,172,173,174,-271]]],"id":88},{"properties":{"cd_mun_ibge":"5106422"},"type":"MultiPolygon","arcs":[[[175,-382,176,177,-289,-262,178]]],"id":89},{"properties":{"cd_mun_ibge":"5106455"},"type":"MultiPolygon","arcs":[[[179,-279,180,-222]]],"id":90},{"properties":{"cd_mun_ibge":"5106505"},"type":"MultiPolygon","arcs":[[[181,182,183,184,185]]],"id":91},{"properties":{"cd_mun_ibge":"5106653"},"type":"MultiPolygon","arcs":[[[-392,186,-386,187,188,189]]],"id":92},{"properties":{"cd_mun_ibge":"5106703"},"type":"MultiPolygon","arcs":[[[190,191,-389,-245,192]]],"id":93},{"properties":{"cd_mun_ibge":"5106752"},"type":"MultiPolygon","arcs":[[[-371,-402,193,-207,194,195]]],"id":94},{"properties":{"cd_mun_ibge":"5106778"},"type":"MultiPolygon","arcs":[[[-259,196,-304,197,198]]],"id":95},{"properties":{"cd_mun_ibge":"5106802"},"type":"MultiPolygon","arcs":[[[199,200,-357,201,202,-430]]],"id":96},{"properties":{"cd_mun_ibge":"5106828"},"type":"MultiPolygon","arcs":[[[203,204,205,206,207,208,209]]],"id":97},{"properties":{"cd_mun_ibge":"5106851"},"type":"MultiPolygon","arcs":[[[-285,210,211,212]]],"id":98},{"properties":{"cd_mun_ibge":"5107008"},"type":"MultiPolygon","arcs":[[[213,-264,214,-225,215,216,-384,217,-253,-274]]],"id":99},{"properties":{"cd_mun_ibge":"5107040"},"type":"MultiPolygon","arcs":[[[218,219,220,221,222,-308,223,224]]],"id":100},{"properties":{"cd_mun_ibge":"5107065"},"type":"MultiPolygon","arcs":[[[225,226,-319,227,228,-239,229]]],"id":101},{"properties":{"cd_mun_ibge":"5107107"},"type":"MultiPolygon","arcs":[[[230,231,232,233,-247,234,235]]],"id":102},{"properties":{"cd_mun_ibge":"5107156"},"type":"MultiPolygon","arcs":[[[-293,-249,236,237,-369]]],"id":103},{"properties":{"cd_mun_ibge":"5107180"},"type":"MultiPolygon","arcs":[[[238,239,240,241,242]]],"id":104},{"properties":{"cd_mun_ibge":"5107198"},"type":"MultiPolygon","arcs":[[[243,244,-388]]],"id":105},{"properties":{"cd_mun_ibge":"5107206"},"type":"MultiPolygon","arcs":[[[245,246,247,248,-296]]],"id":106},{"properties":{"cd_mun_ibge":"5107248"},"type":"MultiPolygon","arcs":[[[249,-394,250,-407,-342]]],"id":107},{"properties":{"cd_mun_ibge":"5107263"},"type":"MultiPolygon","arcs":[[[-425,251,-364]]],"id":108},{"properties":{"cd_mun_ibge":"5107297"},"type":"MultiPolygon","arcs":[[[252,253,254,-275]]],"id":109},{"properties":{"cd_mun_ibge":"5107305"},"type":"MultiPolygon","arcs":[[[255,-434,256]]],"id":110},{"properties":{"cd_mun_ibge":"5107354"},"type":"MultiPolygon","arcs":[[[257,258,259,-322,260,261,-292]]],"id":111},{"properties":{"cd_mun_ibge":"5107404"},"type":"MultiPolygon","arcs":[[[262,263,264,265]]],"id":112},{"properties":{"cd_mun_ibge":"5107578"},"type":"MultiPolygon","arcs":[[[266,267,268,269]]],"id":113},{"properties":{"cd_mun_ibge":"5107602"},"type":"MultiPolygon","arcs":[[[270,271,-311,272,273,274]]],"id":114},{"properties":{"cd_mun_ibge":"5107701"},"type":"MultiPolygon","arcs":[[[275,276]],[[-297,277,278,279,280,281,282,283,284,285,286,287]]],"id":115},{"properties":{"cd_mun_ibge":"5107743"},"type":"MultiPolygon","arcs":[[[288,289,-413,290,291]]],"id":116},{"properties":{"cd_mun_ibge":"5107750"},"type":"MultiPolygon","arcs":[[[292,-368,293,294,295]]],"id":117},{"properties":{"cd_mun_ibge":"5107768"},"type":"MultiPolygon","arcs":[[[296,297,298,-349,299,300]]],"id":118},{"properties":{"cd_mun_ibge":"5107776"},"type":"MultiPolygon","arcs":[[[301,302,303,304,-415]]],"id":119},{"properties":{"cd_mun_ibge":"5107792"},"type":"MultiPolygon","arcs":[[[305,306,307,308]]],"id":120},{"properties":{"cd_mun_ibge":"5107800"},"type":"MultiPolygon","arcs":[[[309,310,311,312,313,314,315,316,317]]],"id":121},{"properties":{"cd_mun_ibge":"5107859"},"type":"MultiPolygon","arcs":[[[318,319,320,321,322,323,324,325,326,334,327]]],"id":122},{"properties":{"cd_mun_ibge":"5107875"},"type":"MultiPolygon","arcs":[[[328,329,330,331,332,-361]]],"id":123},{"properties":{"cd_mun_ibge":"5107883"},"type":"MultiPolygon","arcs":[[[333,334,335,336,337]]],"id":124},{"properties":{"cd_mun_ibge":"5107909"},"type":"MultiPolygon","arcs":[[[-346,338,-355,339,340,341,-411]]],"id":125},{"properties":{"cd_mun_ibge":"5107925"},"type":"MultiPolygon","arcs":[[[342,343,-378,344,345,-410,346,347,348]]],"id":126},{"properties":{"cd_mun_ibge":"5107941"},"type":"MultiPolygon","arcs":[[[349,350,351,352,353,354,355,356]]],"id":127},{"properties":{"cd_mun_ibge":"5107958"},"type":"MultiPolygon","arcs":[[[357,358,359,360,361,362,-421,363,364,365,366,367,368,369,-399,370,371,372,373]]],"id":128},{"properties":{"cd_mun_ibge":"5108006"},"type":"MultiPolygon","arcs":[[[374,-432,375,376,377,378]]],"id":129},{"properties":{"cd_mun_ibge":"5108055"},"type":"MultiPolygon","arcs":[[[379,-419,380,381,382]]],"id":130},{"properties":{"cd_mun_ibge":"5108105"},"type":"MultiPolygon","arcs":[[[383,384,385,386]]],"id":131},{"properties":{"cd_mun_ibge":"5108204"},"type":"MultiPolygon","arcs":[[[387,388,389,390,391,392]]],"id":132},{"properties":{"cd_mun_ibge":"5108303"},"type":"MultiPolygon","arcs":[[[393,394,395,396,397]]],"id":133},{"properties":{"cd_mun_ibge":"5108352"},"type":"MultiPolygon","arcs":[[[398,399,400,401]]],"id":134},{"properties":{"cd_mun_ibge":"5108402"},"type":"MultiPolygon","arcs":[[[402,403,404,405]]],"id":135},{"properties":{"cd_mun_ibge":"5108501"},"type":"MultiPolygon","arcs":[[[406,407,408,409,410]]],"id":136},{"properties":{"cd_mun_ibge":"5108600"},"type":"MultiPolygon","arcs":[[[411,412,413,414]]],"id":137},{"properties":{"cd_mun_ibge":"5108808"},"type":"MultiPolygon","arcs":[[[415,416,417,418,419]]],"id":138},{"properties":{"cd_mun_ibge":"5108857"},"type":"MultiPolygon","arcs":[[[420,421,422,423,424]]],"id":139},{"properties":{"cd_mun_ibge":"5108907"},"type":"MultiPolygon","arcs":[[[425,426,427,428,429,430,431,432,433]]],"id":140},{"properties":{"cd_mun_ibge":"5108956"},"type":"MultiPolygon","arcs":[[[434,435,436,437,438]]],"id":141}],"type":"GeometryCollection"}},"bbox":[-61.63334877423598,-18.041576814839015,-50.2248064,-7.349039092580492],"transform":{"scale":[0.00011408656460800586,0.0001069264464870501],"translate":[-61.63334877423598,-18.041576814839015]},"arcs":[[[46991,80810],[3551,-313]],[[72133,458],[-76,38],[-46,-59],[-30,85],[-155,17],[-161,-147],[-92,-330],[-160,-51],[-279,185],[-338,39],[-7,101],[-283,-65],[-233,340],[-395,-12],[-11,-79],[-245,-154],[-16,-105],[-206,69],[-31,77],[-66,-51],[-87,81],[-329,-55],[-85,45],[-81,199],[-38,-39],[-70,105],[-27,-44],[-13,114],[-100,-18],[-23,125],[-101,16],[-17,114],[-45,-49],[-152,176],[-89,-58],[-22,98],[-37,-62],[-189,138],[-35,-80],[-191,-25],[-71,64],[-145,-96],[-30,82],[67,68],[-56,39],[-29,324],[863,1551],[488,299],[130,-53],[454,126],[119,-55],[136,50],[214,3829]],[[75550,11010],[-44,-336],[-178,-116],[37,-282],[-106,-61],[-19,-170],[-61,34],[41,-376],[-24,-99],[-82,-15],[88,-27],[-125,-110],[-29,-175],[96,24],[-44,-104],[89,-22],[-1,-94],[-148,-57],[20,-85],[-82,60],[6,-85],[-89,32],[51,-81],[-156,-75],[22,-69],[-175,-39],[36,-125],[-149,-169],[33,-90],[-129,-160],[-128,7],[-74,-470],[-189,-354],[-95,-18],[17,-152],[-202,-198],[2,-102],[87,-47],[-78,-123],[135,-128],[-40,-194],[95,9],[-96,-107],[87,-72],[-55,-92],[-50,45],[-39,-104],[65,-59],[-81,-18],[26,-44],[-149,-167],[-36,-134],[82,-186],[-159,-404]],[[72501,11119],[31,-154],[305,14],[26,-144],[103,-85],[176,-5],[173,-146],[36,-127],[-277,-239],[-125,2],[0,-104],[-372,-301],[-1743,-2380],[-87,-48],[-1061,230]],[[72133,458],[57,478],[-140,99],[-11,186],[-63,11],[-45,173],[-189,-99],[-137,38],[-169,352],[-364,-81],[50,116],[143,26],[4,211],[-312,140],[110,26],[-22,54],[-198,49],[157,21],[-22,125],[73,58],[-141,126],[173,-15],[13,161],[72,65],[-237,76],[111,57],[-61,129],[124,119],[-136,265],[-70,-36],[-91,89],[244,240],[37,-161],[-69,17],[90,-55],[114,69],[-33,64],[110,-50],[165,183],[181,-434],[594,-242],[150,541],[143,199],[132,417],[405,276],[131,210],[347,275]],[[73553,5026],[28,-435],[-60,-91],[86,-255],[-100,-163],[-10,-348],[102,-348],[-67,-98],[77,-34],[5,-189],[330,-144],[328,-414],[0,-211],[248,-369],[-62,-266],[140,-321],[-34,-160],[342,-263],[200,-384],[-66,-462],[-916,-71],[-120,49],[-73,150],[-375,146],[-505,86],[-380,-120],[-335,-4],[-203,151]],[[27974,86441],[408,172],[357,403],[249,161],[-19,74],[-199,99],[-286,-41],[-248,-137],[-222,161],[419,1016],[-184,228],[47,307],[-88,132],[-23,317],[554,905],[38,440],[310,212],[-115,348],[132,717],[-83,366],[44,145],[265,243],[-11,458],[-292,510],[-85,526],[-207,232],[-159,344],[-13,397],[-88,194],[114,213],[330,157],[351,308],[118,608],[358,495],[329,306],[-180,905],[85,613],[348,600],[286,290],[20,134],[94,-12],[581,-420],[231,-551],[288,-318],[260,-434],[240,-632],[49,-477],[265,-74],[110,-157],[201,-1154],[340,-750],[55,-855],[458,-742],[422,-393],[116,-596],[92,-94],[328,-79],[211,-334],[-190,-774],[-125,-191],[92,-554],[-161,-390],[312,-512],[-67,-275],[218,-173],[-41,-202],[-102,-120],[16,-215],[231,-139],[-22,-445],[171,-225],[102,-417],[-38,-383],[72,-93],[240,-27],[281,122],[586,-342],[315,14],[88,-88],[30,-186],[-51,-379],[311,-248],[583,-57],[161,-265],[520,70],[396,-196],[498,-628],[382,-210],[95,-276],[212,-165],[-32,-134],[211,-184],[-20,-157],[-166,-207],[70,-199],[-65,-224]],[[90138,28536],[-183,-188],[-272,71],[-221,-45],[-151,-252],[-209,-148],[-520,-82],[-171,-386],[-316,-261],[-109,-251],[-473,-182],[-12,-268],[-187,-416],[28,-64],[190,-18],[13,-79],[-299,-234],[-103,-326],[36,-205],[122,-101],[35,-157],[-243,-325],[52,-203],[-159,-268],[88,-266],[-56,-90],[-265,-115],[-10,-158],[101,-162],[-120,-142],[-143,17],[-46,256],[-125,-20],[-43,-95],[226,-655],[-38,-229],[-386,-631],[-10,-181],[-270,-188],[-216,-408],[-150,-136],[-56,-248],[-84,-24],[-181,167],[-311,29],[-66,-79],[9,-188],[-151,5]],[[72501,11119],[1530,2018],[76,297],[189,59],[87,121]],[[76428,11492],[-118,-55],[11,121],[-58,25],[-101,-84],[131,-139],[22,-126],[-228,-6],[69,-133],[-61,-44],[16,67],[-62,21],[26,-81],[-107,4],[26,-78],[-301,7],[-34,57],[-38,-47],[-43,62],[-28,-53]],[[75550,11010],[-36,49],[-171,-35],[-25,110],[-100,-112],[-92,98],[-388,76],[-127,195],[-123,-102],[-83,90],[-183,-39],[-75,134],[-225,-41],[-97,72],[-124,-67],[-146,110],[-567,-115],[-487,-314]],[[52850,6312],[-84,64],[-3,-78],[-110,39],[-120,227],[-54,-184],[-91,198],[-101,-117],[-110,110],[-49,-111],[-61,102],[-71,-133],[-68,155],[-109,-112],[-348,243],[-99,-79],[-71,99],[-33,-81],[-181,193],[-13,107],[-201,-71],[27,157],[-136,-116],[-84,205],[-59,-40],[-146,140],[-39,-144],[-108,29],[6,80],[-79,-44],[117,123],[-273,-9],[-75,65],[-46,-149],[-86,-38],[-127,201],[34,58],[-142,-42],[-111,75],[-54,-110],[-15,158],[-133,-30],[1,103],[-62,-50],[19,233],[-108,5],[135,88],[-338,307],[-60,-145],[-94,152],[-200,-65],[-244,105],[-244,-123],[3,-109],[-113,53],[-214,-98],[-73,63],[-32,-197],[-209,-3],[37,-155],[-124,74],[17,-89],[-266,92],[-9,-142],[-88,28],[51,-118],[-109,37],[8,-77],[-152,6],[33,-150],[-142,-123],[-137,67],[-86,-152],[-102,31],[-8,-71],[-139,116],[77,42],[-121,57],[-34,-129],[-197,-67],[-219,-263],[-93,39],[-207,-181],[-75,46],[-13,151],[-102,-51],[-31,125],[-49,-72],[-220,105],[-31,116],[-45,-78],[-75,17],[82,-123],[-141,-43],[-44,-98],[-46,76],[-163,-93],[-177,71],[-71,-46],[24,-101],[-169,-14],[-256,98],[-47,-113],[-149,161],[17,-210],[-98,168],[-53,-50],[62,-62],[-70,-51],[-171,208],[-112,-97],[35,83],[-190,-6],[-85,96]],[[41253,29038],[-41,-219],[-234,-56],[-3,-266],[-242,-24],[-16,-152],[100,0],[165,-150],[194,55],[108,130],[173,-61],[146,45],[-37,53],[85,63],[159,-93],[64,-306],[192,-261],[48,-195],[81,7],[121,-155],[-71,-54],[-50,-310]],[[84300,30297],[79,-186],[-54,-85],[66,-121],[-18,-153],[-79,-52],[104,-260],[-67,-230],[41,-179],[-169,-166],[36,-90],[-254,-136],[77,-129],[-88,-55],[64,-248],[-109,-101],[76,-202],[-63,-54],[85,-133],[-54,-33],[18,-190],[96,-92],[-77,-469],[68,-84],[-187,-393],[164,-179],[-112,-326],[84,-67],[27,-174],[-64,-57],[-68,-546],[69,-417],[-66,-268],[49,-588],[-73,-125],[-100,69],[-568,-340],[-101,-131],[36,-139],[-51,-137],[-223,-208],[134,-300],[-66,-302],[172,-278],[-101,-226],[47,-207],[-65,-432],[-168,-164],[226,-43],[60,87],[154,30],[203,-128],[130,34],[541,-304],[190,-11],[73,-85],[259,113]],[[84683,20607],[-347,-452],[-600,52],[-166,-77],[-92,61],[-191,-120],[-537,137],[-204,-101],[-336,-19]],[[83378,56612],[202,-124],[329,66],[807,819],[1114,460],[985,-875],[263,-138],[347,-1]],[[36159,23676],[200,-570],[-103,-713]],[[34541,3877],[-79,461],[-150,385],[-81,64],[-105,-62],[-108,-263],[-1149,1075],[-990,-618],[-122,148],[-290,66],[-54,278],[-93,115],[-255,-98],[-238,87],[-57,348],[-198,9],[-53,272],[-297,-64],[-131,79],[46,131],[-62,112],[-221,-8],[-12,90],[-224,-52],[-89,82],[11,126],[-151,117],[19,180],[-191,12],[52,124],[-95,59],[-10,99],[-121,17],[-5,113],[-229,191],[-86,198],[-84,-8],[3,138],[-292,140],[43,1581],[-200,310],[-131,-93],[-113,74],[-15,137],[-146,67],[38,223],[-89,-44],[-69,58],[0,220],[98,17],[45,93],[-74,154],[94,546],[-152,41],[-27,75],[57,197],[91,-12],[20,75],[-117,350],[52,297],[-42,84],[75,514],[236,564],[128,172],[177,56],[280,230],[222,239],[87,263],[-196,589],[107,345],[325,184],[28,576],[-119,158],[-40,242],[-383,-69],[-199,116],[-50,-325],[-318,-249],[-3112,137]],[[74788,41211],[74,-199],[-95,-74],[-99,-656],[179,-122],[-50,-199],[73,-113],[234,-124],[6,-129],[100,-51],[-40,-214],[-66,-14],[189,-16],[77,-444],[85,-136],[70,24],[-70,-187],[218,-231],[-136,-181],[24,-126],[140,11],[50,-116],[-6,-209],[-148,-25],[-6,-102],[-204,-69],[100,-172],[-62,-124],[110,-108],[-26,-115],[-181,-172],[70,-84],[-26,-116],[184,-199],[-8,-190],[250,-279],[-51,-83],[87,7],[-39,-71],[101,-171],[115,1],[47,-100],[51,53],[179,-177]],[[29286,47801],[216,-102],[99,-184],[385,-113],[71,-80],[80,-365],[89,-45],[-40,-144],[150,-80],[-91,-117],[22,-1155],[72,46],[84,-47],[78,-304],[179,-191],[490,32],[130,-87],[1238,346],[1508,-583],[241,539],[218,256],[201,97],[34,114],[706,93],[150,-86],[193,89],[558,-29]],[[22494,36243],[-1,-1]],[[84073,40061],[-277,61],[-259,260],[-214,9],[-305,197],[-247,-34],[-186,81],[-51,-177],[-1761,455],[-5985,298]],[[48817,72024],[5,197],[-290,308],[-312,99],[28,101],[-142,139],[-257,-6],[-103,-115],[-161,-20],[-104,-205],[-204,27],[433,861],[143,179],[486,234],[124,134],[64,245],[185,-47],[141,53],[78,-138],[455,-20],[463,500],[351,185],[91,123],[-52,354],[234,396],[34,357],[93,102],[-58,44],[48,323],[150,209],[68,273],[-29,216],[151,221],[-82,318]],[[28839,66314],[-180,-98],[-190,-297],[55,-148],[-39,-125],[238,-341],[103,-349],[-128,-270],[193,-295],[-18,-171],[-220,-160],[44,-131],[-153,-174],[16,-135]],[[48244,27538],[-394,-62],[-196,81],[-49,251],[-80,53],[198,264],[-26,244],[-146,206],[-297,91]],[[59237,27852],[-855,-116],[-255,-103],[-135,30],[-241,-121],[-297,9],[-175,-98],[-619,-929],[-1443,-1381],[332,-12],[262,-455],[-72,-167],[-148,-107],[34,-386],[-138,-399],[-370,290],[-511,-224]],[[54606,23683],[0,0]],[[54606,23683],[0,0]],[[54606,23683],[25,-204],[-151,-151],[-217,-613],[178,-94],[568,145],[-214,-247]],[[90138,28536],[-2365,-2],[234,450],[-69,269],[110,339],[148,50],[190,290],[-74,141],[124,309],[-44,196],[99,477],[536,531],[70,430],[256,235],[18,240],[127,233],[170,109],[206,327],[-93,252],[66,324],[-86,189],[29,142],[-460,394],[-298,19],[21,-50],[-253,-118],[-49,-104],[-215,7],[-242,-474],[-116,-9],[-173,-184],[-136,-341],[-125,-66],[30,-213],[-630,-143]],[[89098,41376],[-63,74],[26,269],[-147,-82],[-19,50],[253,229],[39,170],[159,-156],[-43,-211],[105,11],[47,243],[126,73],[16,567],[269,303]],[[95975,50441],[324,-28],[-69,-263],[85,-215],[131,-22],[-62,-142],[125,-139],[-114,-348],[212,-38],[-119,-226],[23,-184],[81,12],[89,168],[188,10],[-163,-234],[294,-178],[422,60],[55,-206],[123,-137],[-109,-122],[-22,-244],[-113,-197],[7,-394],[-107,-13],[-97,-144],[-366,-71],[-5,-127],[194,-267],[-64,-108],[-192,31],[-104,-90],[162,-445],[-70,-263],[52,-258],[-108,-223],[191,-282],[-75,-401],[-122,-172],[-17,-361],[-497,-542],[12,-556],[-172,-96],[-274,-432],[-387,-270],[-83,-703],[-133,-233],[-198,-687],[-483,-232],[-105,-129],[173,-267],[-49,-633],[162,-328],[4,-561],[-224,-338],[-5,-185],[168,-188],[-78,-198],[213,-609],[-176,-295],[-169,-3],[-135,-133],[-75,12],[-76,193],[-125,-55],[70,-302],[-33,-188],[-360,-605],[-204,-599],[105,-280],[-193,-307],[32,-154],[-117,-367],[113,-152],[-35,-202],[171,-203],[-32,-280],[91,-175],[-294,-474],[30,-354],[-150,-311],[-146,-128],[-23,-449],[-254,-414],[117,-385],[-227,-160],[-165,-283],[-36,-384],[67,-353],[-547,-254],[7,-225],[-82,-144],[-363,-160],[-180,-205],[-426,-185],[-241,133],[-105,460],[-228,102],[-147,-189]],[[52092,72874],[203,-65],[649,318],[169,332],[-57,170],[109,268],[-18,126]],[[816,75205],[108,278],[-101,59],[141,146],[-14,392],[138,140],[11,286],[-90,356],[-122,30],[63,225],[-196,77],[139,445],[-310,99],[-68,108],[189,99],[61,-77],[120,34],[238,191],[-15,275],[113,24],[148,310],[-163,14],[-64,88],[69,342],[-133,128],[-27,342],[-120,-44],[-197,168],[209,126],[-464,282],[54,75],[-80,42],[219,220],[53,167],[-95,161],[77,123],[-522,294],[-120,-66],[10,248],[118,194],[-6,328],[-125,-32],[-62,126],[44,126],[252,10],[198,173],[445,-77],[58,473],[-314,596],[-3,366],[220,471],[172,616],[188,364],[185,186],[-141,107],[-236,395],[-106,421],[-171,-4],[-351,191],[21526,-43]],[[22879,75395],[-81,-90],[-12,50],[-422,8],[-189,108],[42,-184],[-184,-82],[-104,89],[-43,-76],[-109,-4],[-97,134],[-66,-118],[-72,80],[-48,-64],[-162,133],[-84,144],[17,219],[362,204],[58,509],[-72,426],[123,325],[-22,121],[-205,-167],[-66,80],[-127,-70],[-175,67],[-56,-73],[-301,149],[-11,-70],[-609,-79],[-112,-95],[-244,269],[-159,-78],[-304,49],[-32,92],[65,50],[-139,-101],[89,-101],[-108,9],[-73,101],[-54,-202],[-58,58],[-177,-24],[44,-110],[-196,-211],[-61,89],[-116,-3],[-100,-165],[-8,197],[-49,-4],[-132,-266],[-191,-51],[17,-84],[137,38],[-43,-136],[-101,43],[-12,-222],[-106,79],[-172,-74],[-265,85],[-97,62],[-48,177],[-92,35],[-25,195],[-646,399],[-231,7],[-42,119],[-144,38],[20,88],[-450,1270],[28,118],[200,99],[59,149],[204,122],[140,482],[-58,280],[-578,51],[-157,140],[6,100],[-114,55],[-126,-154],[-294,455],[-421,52],[-190,-83],[-205,350],[-232,-69],[4,-86],[-82,-1],[-188,-263],[-655,159],[-114,91],[-142,-26],[-136,67],[-220,284],[-440,227],[0,146],[-61,23],[-1853,45],[-1862,273],[214,-370],[195,-92],[163,-216],[80,-520],[256,-580],[33,-386],[-91,-116],[25,-206],[-60,-80],[-109,19],[-405,-392],[-43,-242],[123,-85]],[[23686,50503],[-324,-242],[-94,-191],[-468,-157],[-110,-181],[10,-202],[-87,-214],[-489,-543],[-5,-115],[-294,-24],[-369,-484],[-401,-277],[-143,-561],[138,-122],[-139,-90],[8,-364],[-184,-184],[-167,16],[-85,-213],[-108,19],[-77,-98],[-24,-147],[-163,10],[-120,-142],[-79,-307],[-169,-170],[20,-219],[-93,-136],[-3,-210],[-157,-65],[-163,-285],[-16,-166],[114,-68],[9,-233],[164,-237],[13,-97],[-95,-84],[92,-52],[-25,-450],[-92,-106],[170,-363],[-314,-443],[96,-97],[-140,-342],[75,-54],[-68,-83],[79,-119],[-47,-129],[46,-102],[-54,-21],[41,-133],[-344,-601],[79,-329],[-56,-83],[-2,-459],[122,-155],[-60,-87],[56,-170],[87,-10],[-8,-212],[201,67],[77,-121],[78,28],[37,-180],[53,52],[79,-109],[-29,-110],[-71,69],[-33,-89],[113,-77],[61,68],[5,-122],[-128,-129],[121,-498]],[[10959,37864],[-34,116],[-251,1],[-105,167],[64,-12],[8,98],[81,32],[-79,16],[2,103],[-73,-55],[-151,120],[1,-83],[-57,25],[-51,365],[49,125],[-127,13],[-27,-84],[-64,50],[162,309],[-309,-25],[207,212],[-104,0],[-81,99],[205,29],[3,74],[-110,58],[117,35],[-14,56],[-537,36],[97,131],[-48,84],[-221,-13],[-17,-106],[-169,121],[26,101],[-109,21],[36,77],[-260,-5],[-64,212],[-104,54],[-198,-180],[-58,80],[-31,-76],[-215,172],[-81,192],[-62,-146],[-172,307],[173,147],[-44,58],[100,106],[40,222],[356,303],[38,-35],[78,232],[478,61],[257,157],[38,111],[96,3],[13,170],[181,135],[398,136],[294,6],[180,250],[241,117],[25,268],[81,109],[-67,315],[96,155],[22,247],[-65,73],[104,148],[-29,81],[115,77],[0,175],[112,6],[117,178],[-24,215],[177,288],[38,198],[310,312],[-106,88],[-21,515],[135,30],[230,363],[229,108],[14,186],[214,336],[338,66],[95,-57],[199,99],[105,375],[209,282],[-13,343],[150,392],[-22,207],[83,22],[-143,496],[169,277],[-88,91],[7,216],[168,87],[4,185],[144,216],[224,145],[1,101],[190,1],[78,-166],[220,100],[159,184],[293,403],[-19,326],[474,322],[14,396],[87,219],[348,520],[119,41]],[[22492,31733],[-3,-3]],[[20349,33027],[109,488],[-69,225],[143,415],[222,206],[376,155],[93,-58],[166,125],[198,-56],[231,62],[68,169],[333,213],[69,241]],[[24450,73978],[52,199],[64,-35],[91,100],[18,142],[-145,207],[-73,-68],[-75,73],[-142,-30],[-219,358],[-168,-81],[-183,221],[-152,-83],[-46,226],[-131,-54],[12,111],[-80,-65],[-214,7],[-145,65],[-35,124]],[[22879,75395],[199,4],[156,106],[-14,68],[163,158],[28,177],[-58,99],[69,62],[-229,435],[-75,81],[-126,-10],[114,619],[-231,474],[3,89],[117,93],[-35,137],[-94,25],[-129,256],[-32,359],[96,193],[-74,215],[103,290],[405,-30],[40,181],[-120,96],[-62,207],[61,100],[-35,202],[503,369],[-344,597],[-121,-24],[-223,125],[112,105],[116,-69],[82,169],[182,20],[125,160],[-32,116],[-209,104],[-140,308],[-250,133],[-153,-8],[-79,187],[-4,53],[405,-38],[123,66],[-15,128],[-85,-16],[-286,213],[-14,273],[117,222],[268,164],[143,473],[-39,181],[-120,66],[-202,-29],[-63,316],[-147,80],[-86,241],[329,429],[105,2],[50,100],[-281,156],[113,89],[-96,89],[26,150],[-75,77],[-231,93],[-115,199],[-230,-38],[-312,287]],[[21966,86399],[6008,42]],[[27974,86441],[-149,-392],[-305,-289],[-92,-204],[-180,-89],[-170,151],[-143,-20],[-37,-95],[84,-143],[-115,-105],[155,-137]],[[46934,25265],[-62,225],[78,251],[-215,405],[187,134],[128,295],[382,67],[807,538],[128,168],[120,27],[-243,163]],[[48244,27538],[172,142],[165,-52],[160,61],[610,-150],[523,119],[200,128],[29,-698],[92,-284],[-43,-110],[85,-61],[-238,-416],[-106,-70],[-25,184],[-207,-149],[123,-66],[-17,-180],[74,13],[13,-111],[85,51],[99,-95],[316,106],[10,-89],[131,-10],[-19,-90],[90,31],[98,-53],[-38,-54],[197,-24],[-28,-77],[187,21],[-94,-149],[-77,-7],[53,-71],[84,103],[159,-3],[27,-139],[-125,-30],[68,-81],[-67,-94],[-315,-113],[94,-118],[-76,-154],[137,-76],[-225,-93],[79,66],[-83,53],[-12,-71],[-156,-66],[103,-22],[319,-512],[158,-62],[116,82],[234,-89],[31,91],[319,-116],[426,64],[73,-94],[43,86],[55,-64],[109,62],[138,-22],[82,-78],[-15,-79],[166,106],[-25,-186],[133,62],[-38,-219],[80,-1],[15,-238],[228,144],[-142,-220],[195,10],[-120,-150],[39,-70],[251,175],[-10,-125],[133,37],[-97,-140],[229,26],[-69,-123],[260,88],[-243,-335],[316,81],[173,-19],[99,-126],[578,-17]],[[54795,22519],[-213,-92],[-168,-176],[257,-266],[-218,-226],[79,-211],[-81,-155],[307,-153],[-213,-462],[422,58],[423,-259],[104,-126],[-63,-309]],[[33608,21210],[-796,219]],[[41053,33094],[26,-135],[95,-2],[206,-250],[-72,-259],[123,-185],[1585,-536]],[[43016,31727],[-72,-184],[136,-117],[-246,22],[71,-108],[-180,-75],[46,-145],[-78,-26],[11,-221],[-181,-7],[3,-107],[-181,-79],[62,-113],[-152,-41],[-50,-140],[-164,54],[108,-165],[-173,-3],[46,-245],[-151,40],[26,-237],[-92,11],[-43,-193],[-104,-42],[21,-131],[-150,-117],[45,-108],[-111,-47],[-26,-100],[-126,45],[66,-143],[-124,33]],[[41253,29038],[-650,430],[-206,-200],[-153,50],[-70,-87],[-52,44],[-213,-60],[-62,763],[-268,-139],[-138,18],[32,271],[-155,168]],[[34173,35071],[242,337],[306,766],[-73,148],[38,535],[-145,186],[83,203],[134,85],[157,383],[103,94],[89,332],[486,513],[48,387],[569,734],[30,203],[82,-19],[-52,116],[231,201],[47,153],[121,59],[89,196],[-35,102],[140,69],[-10,71],[294,290],[-63,82],[73,181],[250,187]],[[45185,31585],[-107,-200],[-105,150],[-213,7],[519,760],[631,510],[93,261],[-29,176],[-189,283],[-234,-86],[-138,95],[-44,-64],[-133,25],[-121,-162],[-84,122],[161,153],[-103,10],[-174,229],[-140,40],[-137,200],[-103,28]],[[58347,22580],[132,120],[-119,541],[65,209],[103,31],[33,415],[198,39],[236,-133],[1001,541],[298,89],[404,329],[157,-58],[115,100],[263,51],[23,-58],[305,192],[24,-48],[149,77],[41,-42],[8,86],[30,-55],[82,65],[171,-44]],[[74788,41211],[-176,-62],[22,-55],[-131,-47],[37,-56],[-91,23],[-26,-178],[-98,-67],[27,-82],[-119,-45],[-27,-150],[-281,-149],[32,-105],[-178,-147],[-69,-188]],[[70874,56983],[2,112]],[[76332,50864],[47,-207],[-161,-22],[-12,-107],[-103,11],[44,-150],[-156,-137],[126,38],[134,-160],[-42,-244],[30,-58],[109,49],[-12,-344],[194,147],[114,-27],[-238,-266],[176,-45],[42,-233],[366,-176],[28,-106],[119,-43],[-2,-143],[177,-91],[-11,-309],[-106,42],[-49,-187],[36,-346],[-118,101],[21,-73],[-83,-48],[79,-12],[-13,-75],[-194,-92],[79,-115],[-132,17],[10,-108],[-100,-73],[16,-141],[86,-36],[-50,-112],[88,-110],[-171,-113],[96,-156],[-59,67],[-104,-56],[62,-46],[-84,-42],[92,-156],[-112,20],[75,-73],[-114,-48],[32,-159],[-55,-23],[-13,106],[-74,-43],[18,-246],[67,77],[70,-67],[-58,-32],[49,-50],[-61,-99],[30,-109],[-48,57],[-90,-38],[73,-181],[-105,2],[23,-163],[-55,-67],[-48,35],[-48,-101],[-75,13],[36,-105],[-110,139],[-8,-77],[-119,-37],[-12,-68],[119,-28],[-78,-69],[51,-80],[-61,23],[-17,-89],[-128,-56],[75,20],[-34,-47],[89,-84],[-230,-230],[23,-165],[-43,68],[-105,-29],[28,-112],[-115,-76],[65,-24],[8,-107],[-118,-1],[79,-81],[-136,-99],[91,-103],[-52,38],[-97,-65],[58,-70],[-124,-97],[75,-80],[-158,-165],[10,-164],[-169,-81],[49,-56],[-107,-63],[48,-117],[-127,-231],[94,-104],[-204,-62],[14,-117],[99,0],[-52,-79],[90,-57],[39,-201],[-78,-160],[-123,-35],[91,-87],[61,-284],[-79,37],[3,-77],[-107,-77]],[[76211,25929],[109,-13],[51,-220],[-43,-71],[186,69],[39,-105],[275,-47],[134,-76],[49,-201],[-93,-14],[-153,-178],[-133,38],[-108,-56],[-85,-160],[-966,-142],[-284,-401],[-424,-82],[-150,55],[-249,-113],[575,-894],[36,40],[234,-161],[300,196],[50,185],[529,-18],[198,73],[43,-51],[30,79],[328,42],[163,122],[20,98],[108,6],[-30,93],[94,-2],[46,95],[57,-50],[16,81],[222,134],[148,-162],[360,-87],[-43,-68],[214,5],[211,-721],[-169,-100],[23,-80],[-127,-68],[-54,-182],[-122,-41],[30,-100],[-121,6],[46,-220],[-106,-34],[-5,-123],[107,-189],[-60,-82],[251,-172],[-142,-90],[31,-73]],[[30689,20521],[-64,-119],[-137,-41],[-148,-392],[50,-77],[-61,-148],[31,-203],[102,-251],[-38,-227],[90,-206],[-41,-205],[-200,46],[-23,-52],[-314,145],[-19,-61],[-16,135],[-124,-104],[-122,38],[-177,219],[-232,141],[64,119],[-90,167],[98,103],[-88,203],[-213,125],[-232,16],[-269,307],[-94,-28]],[[58182,79833],[7790,-623]],[[73825,14830],[-188,-45],[-120,-151],[-163,147],[-62,255],[-238,-171],[-27,-257],[-193,30],[-10,-128],[-81,27],[-12,75],[120,136],[-412,-197],[-240,-484],[-282,-211],[15,-128],[112,-5],[37,-150],[-86,-133],[17,-210],[83,-107],[-115,-36],[33,-112],[-66,-28],[140,-42],[-13,-117],[-98,62],[30,-128],[-132,66],[-84,-94],[-44,108],[-112,-95],[1,81],[-65,-44],[-21,80],[-74,-53],[-163,64],[-107,-129],[-128,45],[-251,-172],[-147,-16],[-111,-205],[-249,-85],[-409,104],[-420,-89],[-98,-55],[-148,-311],[-765,-304],[-211,298],[-154,93]],[[25483,26991],[64,-36],[115,90],[182,-138],[96,-180],[229,39],[160,-135],[-34,-48],[282,-178],[450,567],[-64,-464],[99,-232],[-47,-351],[131,-255],[-26,-566],[421,71],[62,-409],[-67,-112],[99,-551],[131,16],[-163,-490]],[[26750,23677],[-161,127],[-10,221],[-106,145],[50,34],[-121,171],[-80,338],[-125,127],[-97,352],[-357,320]],[[45968,54776],[-147,-162],[-84,-429]],[[58829,64210],[-359,62],[-499,-153],[-326,-225],[-417,-26],[-425,245],[-158,-409],[-49,-411],[-147,-84],[-90,-184],[-213,-67],[-3,273],[-472,16],[-349,271],[-61,515],[-452,480],[-495,-492],[-145,-344],[-9,-357],[78,-75],[-193,-370],[42,-344]],[[52737,66217],[230,-40],[356,71],[156,-200],[82,-338],[127,-15],[269,170],[278,-137],[119,375],[199,182],[140,284],[1046,457]],[[66761,10363],[368,-390],[-60,-63],[5,-223],[60,-51],[-34,-175],[65,38],[96,-94],[265,-473],[-38,-265],[-176,-347],[97,-47],[36,64],[53,-82],[16,102],[107,-32],[288,291],[442,-185],[28,-85],[238,2],[78,-183],[224,-144],[300,-86],[135,34],[332,-337]],[[69686,7632],[26,-267]],[[69712,7365],[-219,242],[-473,-140],[-233,-415],[-302,-66],[-130,-385],[15,-200],[-396,-169],[-647,-787],[-182,-120],[-193,35],[-373,-168],[-32,-132],[-148,-118],[107,-225],[-82,-310],[-158,-163],[-27,-262],[-507,-27],[-175,120],[-216,28],[-569,-244],[-229,-216],[-194,-9],[-91,-81],[-423,43],[-316,203],[108,250],[-90,68],[15,279],[-182,65],[-156,263],[-398,69],[-126,387],[-483,95],[-156,-104],[-241,193],[-313,-210],[-164,-49],[-166,52],[-113,-125],[-147,-34],[-132,91],[-7,-83],[-160,-113],[-246,-15],[-89,-136],[-16,-291],[-367,-159],[-181,-138],[-32,-115],[-233,-31],[-81,-101],[-174,65],[-124,-44],[-171,123],[-255,-6],[-207,-61],[6,-50],[-69,36],[-154,-199],[-166,84],[-187,-104],[-278,-18],[-78,101],[-181,-41],[-30,78],[-105,-9],[-45,-143],[-117,-82],[-138,63],[8,62],[-250,-14],[33,62],[-78,-7],[-72,141],[-73,-78],[-110,135],[-146,-31],[-37,73],[57,-37],[9,53],[-80,82],[-141,42],[7,-73],[-101,235],[-88,-9],[-45,198],[-56,-78],[-122,45],[50,76],[-111,10],[18,88],[-246,-7],[-62,-56],[48,-43],[-120,73],[-113,-31],[-27,158],[-204,155],[-46,-97],[-201,122],[-339,63],[2,-57],[-254,284],[-278,-48],[-1,52],[-172,-2],[17,85],[-130,34],[-50,112],[-128,43],[60,46],[-214,115],[-4,148],[-103,-27],[5,172],[58,23],[-58,25],[32,179],[-174,109]],[[55906,17479],[-154,-135],[-173,-702],[-241,-332],[-148,-33],[-119,-148]],[[54465,19737],[109,61],[5,134],[149,70],[60,186],[471,8],[87,83],[85,-137]],[[55431,20142],[56,-90],[479,1136],[48,324],[436,326],[399,154],[149,-12],[296,233],[124,563],[41,-58],[94,97],[151,-95],[200,71],[69,-136],[296,64],[78,-139]],[[58347,22580],[44,-86],[-111,-53],[-7,-233],[-183,-51],[59,-155],[-113,-80],[77,-116],[-93,-174],[-2,-270],[-81,30],[-11,-53],[90,-126],[192,-24],[205,71],[61,-83],[24,-150],[-97,-108],[170,-137],[-95,-66],[47,-109],[-55,-85],[74,-99],[-54,-28],[128,-47],[-113,-90],[146,-205],[-5,-112],[-102,-76],[109,-121],[-13,-72],[-96,-6],[11,-129],[167,8],[148,-114],[-45,-36],[88,-142]],[[45429,27103],[129,-163],[214,14],[81,-349],[169,-71],[-159,-65],[-52,-99],[-91,90],[-104,-48],[-195,-472],[143,-194],[27,-269],[302,-618],[369,-269]],[[24360,28445],[1156,1]],[[25516,28446],[-67,-178],[69,-52],[-272,-203],[73,-150],[-42,-92],[74,-1],[-56,-41],[49,-161],[68,10],[-69,-74],[77,-104],[63,-409]],[[25483,26991],[-19,-847],[109,-209],[-2,-190],[74,11],[98,-244]],[[25743,25512],[-73,-116],[-109,5],[-291,291],[-36,-207],[159,-245],[27,-181],[-78,-60],[-172,137],[-233,-214],[185,-694],[-289,-31],[-486,-395],[-56,-263],[46,-110],[-115,-304],[212,-277],[-96,-18]],[[34178,54545],[-134,329],[-298,49],[-181,255],[-225,-44],[0,183],[-129,117],[-240,10],[-70,170],[80,138],[2,457],[53,88],[-62,175],[74,152],[-255,73],[-40,264],[80,125],[-301,111],[-19,63],[137,42],[-207,123],[34,196],[-314,292],[-5,205],[-93,184],[-431,273],[-243,372],[61,242],[-275,202],[90,531],[-156,135],[67,196],[-145,183],[-263,94],[-155,516],[-253,4],[-94,150],[356,409],[-149,351],[203,561],[0,187],[82,36],[-62,179],[29,306],[-209,125],[-284,-204],[-77,17],[-75,97],[31,173],[-226,91],[-101,294],[-201,259],[-169,26],[10,216],[245,343],[-28,718],[-175,168],[-104,272],[-241,-29],[-64,318],[-220,201]],[[28839,66314],[-53,159],[109,221],[-140,364],[188,708],[-353,663],[19,266],[-194,410],[84,271],[-325,532]],[[40931,72546],[-64,-280],[128,-39],[-280,-82],[64,-63],[22,-257],[397,-37],[43,-58],[685,-12],[127,-113],[192,3],[77,-56],[-19,-202],[146,35],[-2,-125],[217,-61],[101,-303],[182,-145],[107,31],[54,-180]],[[24229,54507],[-441,-23],[-113,-88],[-281,15],[-212,-144],[-194,29],[27,-45],[-221,-142],[-9,65],[-130,-45],[2,-91],[-59,42],[-67,-158],[-64,28],[-198,-288],[-203,-65],[77,-80],[-58,17],[-109,-181],[-39,-194],[-48,35],[-236,-133],[-218,90],[-27,208],[-330,292],[-166,-61],[-208,203],[-380,9],[-180,82],[-169,-11],[-98,-99],[-197,72],[-130,-73],[-712,42],[-134,-120],[-511,24],[-127,-107],[-114,76],[-124,-124],[-337,90],[-142,-102],[-70,65],[-233,-108],[-177,94],[-184,-179],[-128,24],[-306,-139]],[[16251,53309],[44,5],[-1035,893],[-162,551],[94,146],[3,502],[-258,362],[-287,207],[-67,223],[-85,28],[112,209],[-114,149],[80,21],[-8,178],[-137,92],[60,154],[-76,133],[26,162],[-230,178],[-425,-18],[-141,91],[-59,251],[-68,-25],[-13,75],[-32,-54],[-43,219],[-67,-39],[83,90],[-35,101],[67,9],[-79,144],[78,29],[-111,62],[65,117],[-71,0],[54,76],[-82,124],[43,96],[-81,184],[37,66],[-81,95],[103,903],[-37,262],[173,15],[-63,80],[87,12],[-66,49],[7,27],[98,-2],[-61,50],[30,74],[36,-57],[256,177],[42,126],[227,214],[-39,117],[101,-35],[301,258],[80,282],[276,64],[24,89],[141,69],[46,163],[2,665],[-64,154],[-278,147],[-74,391],[-124,182],[8,278],[150,137],[-144,89],[-152,264],[113,40],[-37,84],[80,-16],[28,163],[-88,73],[-75,-99],[-178,83],[-63,-134],[-128,124],[-256,-76],[-154,268],[-104,-131],[-145,77],[-261,-29],[-147,94],[-161,-34],[-122,-139],[-104,6],[-311,174],[-282,-36],[-86,67],[-13,258],[-166,64],[-292,-241],[-122,83],[57,-80],[-52,-247],[-222,139],[-160,3],[-111,229],[-89,17],[2,225],[-137,56],[-148,-44],[76,238],[-194,251]],[[10774,67233],[362,-204],[24,-205],[152,-26],[132,-124],[647,-68],[805,141],[237,218],[374,4],[440,146],[145,158],[272,49],[31,108],[173,-70],[38,182],[309,-229],[405,-127],[250,55],[285,253],[483,83],[39,98],[380,9],[42,68],[38,-83],[72,70],[90,-33],[-14,72],[220,142],[-33,231],[105,33],[30,98],[288,-18],[374,98],[183,-76],[283,128],[140,-26],[-42,-59],[65,-54],[147,-24],[115,174],[138,51],[374,-283],[50,75],[196,3],[-44,-149],[169,-136],[-33,-67],[76,-91],[121,-23],[-41,-95],[142,67],[-9,-75],[114,-17],[102,71],[-8,-164],[668,-13],[272,220],[152,25],[325,-144],[-12,-54],[139,48],[271,-95],[320,147],[172,214],[129,43],[458,-140],[43,140],[357,202],[48,183],[150,-30],[124,254],[-20,693],[112,114],[199,24]],[[23883,67812],[567,-30],[129,-164],[-280,-11],[-60,-222],[-624,-275],[-17,-156],[-158,149],[-283,-50],[-63,-83],[130,-114],[224,-37],[91,-159],[96,111],[152,-110],[-97,-96],[-153,-647],[188,-164],[156,66],[409,-132],[37,-165],[202,8],[287,-190],[-118,-128],[-5,-118],[-184,-64],[41,-64],[-57,-48],[358,-607],[-20,-106],[1331,-666],[561,-467],[146,-37],[201,106],[133,-66],[193,63],[144,95],[16,142],[214,89],[667,30],[123,125]],[[28560,63620],[-16,-215],[397,-82],[-7,-110],[-118,-126],[139,-282],[-98,-261],[9,-484],[207,-333],[-144,-276],[-28,-304],[-397,-274],[-50,-647],[-281,-166],[249,-876],[12,-568],[-111,-375],[-193,-148],[-84,-268],[5,-489],[-132,-107]],[[28888,71381],[-3,-273],[-140,-153],[-145,-470],[-342,-348],[-84,-229]],[[28174,69908],[-209,-70],[-17,53],[-130,-184],[8,-97],[-219,-126],[-80,-182],[-119,44],[-180,-33],[-16,-67],[-182,152],[-193,-76],[-86,36],[-6,-71],[-166,-11],[-69,-75],[-133,48],[-213,-143],[-17,-115],[-666,-42],[-111,-257],[-292,17],[-99,-150],[-97,70],[-47,-96],[-304,-25],[-71,-171],[-198,2],[-237,-129],[-142,-398]],[[23883,67812],[231,1611]],[[24114,69423],[-394,573],[195,97],[84,514],[223,560],[-101,367],[290,253],[199,482],[256,307],[-199,238],[-74,485],[-140,130],[11,151],[123,149],[-128,29],[-53,107],[44,113]],[[24450,73978],[4565,30]],[[56761,14955],[-372,-103],[-483,2627]],[[55906,17479],[224,156],[112,-52],[436,175],[271,359],[417,159],[326,-103],[262,58],[281,-127],[102,58],[243,-185],[138,145],[-49,83],[114,368]],[[34680,27175],[-73,-107],[357,-112],[49,45],[113,-187],[234,-1109],[-44,-313],[281,-741],[481,-578],[81,-397]],[[36159,23676],[-1790,519],[100,-229],[-61,-395],[110,-261],[-66,-266],[51,-232],[-139,-417],[81,-488],[-54,-103],[92,-24],[-201,-135],[-334,439],[-340,-874]],[[33608,21210],[32,104],[-65,-9],[34,45],[-72,20],[-41,148],[3,534],[43,-18],[-16,132],[70,63],[-13,134],[146,1],[19,104],[-160,210],[26,54],[-169,38],[25,106],[-148,106],[110,142],[-257,241],[120,93],[1,293],[-47,66],[-144,-33],[-97,116],[-191,8],[-50,170]],[[88653,64186],[84,411],[90,13],[224,411],[95,84],[76,-33],[99,248],[316,101],[84,209]],[[96679,69026],[7,-121],[133,-114],[149,-622],[-199,-470],[-166,-71],[-86,-272],[26,-231],[173,-190],[-13,-152],[-281,-329],[111,-309],[-40,-139],[134,-782],[-71,-172],[-170,-138],[-60,-212],[-151,-107],[-32,-292],[76,-695],[-134,-435],[-250,-247]],[[10959,37864],[68,-235],[224,80],[15,-98],[81,3],[-10,-90],[106,-62],[84,-279],[72,45]],[[17960,30131],[1206,-1303]],[[18970,16479],[-6179,118],[-574,7410],[-2946,3526],[2899,1],[-249,4456],[-153,-47],[-283,146],[-64,524],[-119,199],[72,31],[-66,59],[32,123],[-85,152],[-148,53],[61,148],[-173,75],[-42,237],[-156,61],[64,98],[-56,-22],[-62,101],[68,69],[-56,183],[47,49],[38,-61],[11,216],[-137,-35],[45,118],[-67,-36],[-57,116],[-40,-45],[-145,304],[-114,61],[32,73],[-63,22],[-83,356],[154,141],[-1,87],[-142,63],[35,103],[-98,297],[-175,29],[76,225],[80,40],[-70,231],[86,67],[-101,115],[98,59],[-59,127],[78,61],[78,-42],[191,144],[116,144],[-4,120],[199,182],[8,304],[188,49]],[[72887,66250],[-198,-444],[120,-25],[48,-101],[-284,-76],[-168,96],[33,-230],[-112,-129],[-499,63],[-62,-59],[-358,-3],[-281,-389],[-83,141],[-278,-32],[-291,-338],[-325,-46],[52,-53],[-147,-79],[-23,-117],[-97,8],[-54,102],[-120,-72],[-71,-84],[16,-223],[-170,-86],[-115,121],[40,-175],[-49,-80],[-109,13],[2,-124],[-57,-39],[-57,119],[-115,-49],[46,-194],[-165,-95],[63,-112],[-163,-126],[-13,-189]],[[56935,74777],[4114,-87],[164,370],[-73,44],[108,40],[61,235],[323,-40],[88,146],[494,57],[122,-244],[255,-32],[31,62],[170,-118],[343,87],[101,-46],[192,125],[37,-80],[457,52],[81,94],[80,-61],[481,58],[235,374],[-69,163],[83,172],[-77,187],[-196,14],[104,66],[228,581],[117,84],[348,-76],[184,143],[-24,397],[171,250],[-76,467],[118,266],[-49,422],[34,102],[149,91],[119,-27],[9,95]],[[65972,79210],[4538,-366]],[[30689,20521],[-371,176],[-988,109],[180,432],[-10,301],[180,276]],[[31687,25090],[132,-132],[135,-2],[-19,-112],[204,-84],[-66,-184],[71,-176],[376,22],[-23,-52],[158,-168],[129,-46],[-17,-78]],[[32767,24078],[-154,-186],[-33,-256],[118,-250],[-25,-118],[-261,12],[-201,220],[-283,-324],[25,-378],[735,-436],[93,-135],[-56,-165],[183,-353],[-96,-280]],[[32812,21429],[-387,317],[-279,19],[-96,-557],[144,4],[87,-154],[141,-80],[-81,-211],[-309,79],[-195,-102],[-338,24],[-249,-81],[-142,120],[-220,-255],[-199,-31]],[[45658,30853],[-238,65],[-82,223],[71,78],[-34,194],[-190,172]],[[45185,31585],[234,153],[65,165],[313,-131],[546,333],[-30,-63],[327,6],[353,-161],[380,431],[86,208],[-39,68],[122,182],[933,788],[459,295],[77,225],[463,457],[-66,295],[174,233],[-7,214],[-162,1],[13,180],[-199,37],[-100,212]],[[41145,36257],[42,110],[1451,21],[556,184],[-87,-243],[-130,-126],[208,-260],[253,-4],[193,-155],[448,134],[745,-512],[-171,-67],[-203,-432],[-417,-216],[461,-88],[64,-305],[-115,-124],[92,-52]],[[44535,34122],[76,-555],[-253,-187],[-130,13],[-604,-312],[85,-189],[-116,-278],[28,-96],[-55,7],[40,-121],[-85,-7],[54,-104],[-154,-123],[-113,30],[68,-146],[-199,-88],[-35,-180],[-102,73],[-24,-132]],[[43016,31727],[-46,178],[116,133],[-260,169],[13,61],[58,-19],[-42,84],[-81,96],[-115,7],[94,132],[-329,298],[-139,369],[69,133],[-54,179],[-396,419],[36,198],[-53,107],[-148,154],[-139,-2]],[[40547,20929],[-59,341],[48,241],[-1894,-1023]],[[41165,23389],[96,110],[117,-17],[69,129]],[[43391,23964],[1071,-14],[-39,-94],[87,-106],[-32,-134],[121,-81]],[[48100,21260],[1,-13]],[[49774,17463],[-16,-46],[-23,66],[-78,-10],[24,-140],[-121,-129],[-222,64],[-86,-329],[-50,146],[-50,-147],[104,-87],[4,-125],[-95,0],[60,-59],[-103,-142],[-214,51],[9,-93],[82,-29],[-73,-149],[-180,56],[77,-176],[-155,-21],[40,-146],[-100,-2],[-101,131],[-30,-100],[-66,77],[-7,-118],[-66,-19],[-31,183],[-51,-186],[54,-41],[-130,23],[29,-88],[-102,74],[-85,-48],[110,-215],[-135,-16],[-132,122],[-79,-191],[-2,140],[-120,62],[-131,-158],[33,-61],[-64,-64],[89,-9],[-109,-157],[-144,30],[-6,68],[-174,-75],[-29,-80],[-82,105],[7,-156],[-111,91],[-98,-69],[39,108],[-56,-78],[-89,79]],[[35357,72873],[-23,-457],[-384,-141],[-121,94],[-81,-128],[-105,-13],[-17,-254],[-505,-69],[-284,-211],[-186,42],[-330,-146],[-148,18],[-367,-223],[-199,30],[-773,-258],[-57,43],[-4,305],[-320,107],[-208,10],[-868,-360],[-340,123],[-412,-307],[-226,-4],[-82,-97],[-429,404]],[[28888,71381],[0,291],[-158,278],[-18,759],[111,376],[213,368],[-21,555]],[[29015,74008],[23,84],[233,140],[181,430],[375,564],[-29,432],[151,154],[-90,441],[163,328],[117,82],[-5,384],[-111,121],[-123,762],[-339,546],[-29,465],[101,381],[-45,482],[-258,548],[-339,44],[-173,-120],[-711,19],[-554,451],[-391,88],[-129,289],[-443,310],[-47,236],[-121,182],[-173,732],[-131,77],[28,269],[-60,234],[134,143],[114,330],[271,107],[50,367],[-103,386],[470,622]],[[27022,85118],[229,-175],[-13,-189],[243,265],[221,57],[119,-19],[-90,-111],[12,-131],[75,-39],[180,31],[34,100],[174,-72],[149,77],[-34,-126],[77,-47],[-15,-150],[125,74],[194,-313],[304,62],[64,-296],[142,129],[117,-253],[-19,-249],[263,-124],[3,-96],[131,-90],[103,51],[156,-160],[78,25],[108,-111],[214,-39],[12,-412],[178,26],[-39,-98],[185,-168],[-104,-83],[192,-35],[33,-107],[239,-176],[13,-130],[117,12],[11,-119],[-73,-35],[36,-116],[124,7],[-16,-132],[-114,-97],[31,-281],[192,28],[91,-58],[46,97],[32,4],[17,-153],[140,-7],[-20,-143],[151,-69],[32,-270],[204,-14],[8,-149],[79,-3],[254,-353],[318,-125],[40,-129],[86,91],[186,-5],[144,91],[190,-128],[111,50],[228,-98],[138,55],[250,-84],[129,-192],[-39,-174],[59,-369],[-86,-382],[173,-218],[-112,-280],[192,-302],[166,39],[161,-156]],[[84073,40061],[108,-158],[46,51],[44,-59],[171,18],[95,-81],[26,91],[111,-18],[330,238],[97,-16],[151,-219],[106,-33],[231,99],[237,255],[424,194],[140,212],[279,157],[163,8],[178,119],[191,-29],[120,243],[84,52],[55,-61],[72,162],[173,68],[33,-48],[102,110],[474,-39],[100,95],[246,1],[98,-76],[-15,-78],[220,-112],[127,75],[8,94]],[[89098,41376],[20,-232],[-425,-191],[-356,-477],[0,-542],[-348,-335],[-46,-289],[-141,-191],[16,-234],[-116,-182],[-9,-251],[-159,-162],[-148,-355],[-161,-85],[-179,-385],[51,-622],[-80,-388],[-221,-283],[59,-226],[-61,-180],[253,-385],[-33,-127],[159,-372],[-116,-225],[37,-226],[-196,-114]],[[81542,32798],[173,-46],[557,1106],[677,348],[9,623],[532,133],[355,457],[407,258],[254,70],[90,-49],[48,83],[33,-70],[204,-39],[162,89],[44,257],[304,275],[13,117],[90,66],[-5,138],[73,51],[-23,84],[177,113],[-36,50],[149,336],[165,103],[-246,297],[-540,274],[-287,26],[-39,60],[-525,6],[-103,176],[-389,170],[-112,-151],[-134,342],[284,316],[-22,205],[218,276],[-26,713]],[[11599,37228],[484,120],[763,335],[356,-136],[725,-41],[385,-191],[64,105],[176,-10],[195,-139],[10,-201],[272,-51],[145,-371],[552,-516],[-21,237],[144,309],[-18,358],[178,357],[502,94],[125,-605],[190,-219],[240,270],[507,26],[43,117],[385,189],[385,441],[476,-91],[217,-209],[194,44],[81,165],[479,354]],[[19833,37969],[-10,-133],[95,-98],[-2,-142],[80,-36],[69,-252],[-129,-343],[-80,-30],[8,-237],[-67,-117],[-100,38],[-182,-243],[-135,-502],[5,-241],[30,-134],[70,-5],[214,-797],[163,-113],[0,-133],[209,-401],[-6,-162],[284,-861]],[[20349,33027],[-203,-328],[-198,171],[-440,112],[-276,334],[-137,-136],[-209,220],[-385,142],[-346,-78],[-52,-113],[-547,-217],[-121,-286],[225,-64],[182,-149],[96,-276],[-5,-396],[-145,-266],[37,-199],[-79,-105],[-35,-460],[31,-209],[374,-366],[-156,-227]],[[17960,30131],[-509,-3],[-134,125],[-204,329],[183,212],[-183,317],[-251,194],[-130,217],[-417,269],[-59,121],[27,165],[-199,224],[-53,300],[-276,112],[-84,284],[-203,199],[-217,-65],[-331,142],[-316,307],[-94,234],[-254,162],[-427,-64],[-146,-148],[-499,90],[43,106],[-111,47],[42,144],[-149,144],[-152,-42],[38,229],[-80,97],[-8,256],[-155,-37],[-13,190],[-78,46],[64,24],[-43,139],[-142,29],[12,109],[-168,-18],[81,371],[-126,6],[63,15],[-60,111],[56,122],[-69,-17],[17,127],[-105,4],[-1,162],[-147,-35],[24,95],[-162,52],[92,92],[-12,85],[-126,83],[40,188],[-188,231],[68,96],[-161,52],[31,71]],[[61576,69663],[-93,-70],[75,-130],[-198,-143],[24,-260],[-221,-246],[-589,-343],[37,-146],[-148,-303],[-165,-104],[22,-256],[-182,-225],[-82,-342],[-237,-249],[-235,-61],[-190,-229],[-21,-232],[-298,-175],[1176,-749],[115,-221],[640,-410],[433,-587],[182,-46]],[[60785,63463],[-4,62],[-77,-105],[-19,72],[-117,-56],[-37,92],[-53,-87],[-94,79],[-78,-115],[-55,89],[-14,-106],[-54,103],[-127,-5],[-67,-142],[-65,80],[-25,-99],[-293,-48],[-26,-76],[-210,50],[26,-86],[-72,1],[-429,546],[-66,498]],[[58829,64210],[60,292],[-60,132],[24,215],[-205,264],[3,402],[-418,205],[-271,-104],[-234,209],[-305,-4],[-185,279],[-993,481],[-539,-95],[-146,155],[-13,109],[192,276]],[[55739,67026],[174,95],[16,150],[247,306],[459,288],[88,576]],[[60799,28887],[-346,-168],[-945,-899],[-271,32]],[[59237,27852],[-221,181],[-671,-96],[-139,43],[-16,308],[-192,137],[-817,23],[-257,114],[68,171],[191,12],[36,79],[-100,270],[-188,172],[-107,327],[34,319],[-54,167],[86,86],[-38,135],[-106,40],[65,92],[-231,-77],[-58,-164],[-64,85],[-52,-203],[-187,-29],[-291,176],[-196,-96],[-100,132],[-26,-99],[-96,-38],[9,97],[-96,8],[-81,-89],[69,-38],[-128,-69],[-63,-139],[-68,3],[36,65],[-91,117],[-55,-39],[-16,93],[-123,-41],[57,-54],[-54,-84],[-166,53],[-107,-97],[-185,13],[-6,-101],[-619,-236],[-192,64],[-199,-31],[30,83],[-63,88],[-43,-73],[-73,73],[-215,-145],[-84,120],[97,108],[-19,68],[-424,87],[-92,-41],[-111,83],[113,222],[260,149],[27,-54],[70,106],[68,-47],[33,76],[128,-6],[114,104],[220,21],[244,206],[106,327],[93,-1],[39,273],[105,147],[143,-29],[221,297],[213,56],[75,251],[-135,137],[105,103],[-11,84]],[[52737,66217],[-132,-65],[-148,141],[-122,-279],[-153,6],[-72,112],[-117,-127],[-96,104],[-413,40],[-12,-136],[-95,-22],[-293,160],[-173,-142],[-199,-14],[-90,180],[112,159],[-51,216],[102,256],[-223,-15],[-143,236],[-167,59],[-44,212],[-69,-177],[-115,-64],[-98,-300],[-1235,-540],[-771,-555],[-155,-202],[-506,33],[-302,-278],[-314,-20],[-79,-208]],[[45576,68822],[281,219],[75,204],[-167,189],[66,282],[-48,74],[490,-116],[165,133],[242,-85],[293,39],[116,81],[39,229],[229,170],[-90,129],[34,203],[-122,51],[-183,326],[-107,53],[57,215],[-160,96],[299,163],[80,-42],[120,120],[143,-86],[438,140],[87,-40],[191,187],[270,24],[87,159],[316,85]],[[48817,72024],[83,-239],[198,-39],[131,-235],[647,121],[147,-69],[502,629],[88,242],[296,234],[137,283],[692,86],[354,-163]],[[52092,72874],[-35,-335],[-115,-108],[506,-536],[-114,-321],[107,-193],[40,-410],[87,-46],[-59,-209],[70,-103],[-65,-158],[172,-194],[-128,-255],[-42,-377],[188,-148],[-49,-153],[-177,-108],[-92,-278],[29,-128],[-111,-323],[36,-272],[88,-74],[-72,-116],[39,-187],[-166,-274],[227,-817],[125,-178],[350,-184],[-194,-172]],[[44975,48242],[-387,-599],[-762,-154],[-223,-180],[14,-58],[408,-301],[150,1],[76,-111],[315,-23],[220,88],[225,-143],[336,-43],[148,-105],[184,-342],[291,-181],[388,13],[192,-213],[167,-272],[-22,-62],[84,-3],[17,-194],[128,-129],[-54,-68],[129,-40],[340,-348],[-9,-231],[185,-115],[103,-165],[29,-87],[-59,-81],[338,-615],[547,-189],[-60,-336],[396,-61],[153,217],[228,-144],[182,10],[90,-105],[116,37],[2,319],[129,383],[-34,176],[-70,15],[-1,67],[90,-17],[-34,204],[477,282],[91,226],[117,21],[92,164]],[[54794,36453],[-461,361],[-99,241],[-489,49],[-432,490],[-575,164],[-178,-113],[-235,-4],[-300,-290],[-130,-220],[-16,-429],[-303,-144],[-209,34],[-22,-86],[-113,38],[-249,-75],[-59,-32],[11,-130],[-85,15],[37,59],[-200,-1],[86,-38],[-79,-88],[-68,68],[12,-178],[-177,-77],[-69,81],[28,-91],[-61,-35],[-189,81],[-128,-152],[-198,-21],[-30,-102],[-181,143],[-93,-191],[-413,-67]],[[49127,35713],[-39,117],[-73,-34],[-13,470],[-88,27],[-50,160],[-346,-19],[-125,-79],[-136,61],[-64,-107],[-125,44],[-50,-56],[1,57],[-295,114],[-135,-132],[7,-106],[-111,129],[-113,-70],[-110,254],[-212,50],[-63,220],[-81,-15],[13,164],[-247,175],[42,91],[-54,60],[70,73],[-60,-2],[53,61],[-64,91],[21,122],[-165,92],[-83,253],[-149,42],[99,87],[-13,114],[-145,107],[16,94],[-122,20],[175,155],[-205,94],[-50,176],[-89,22],[100,47],[-46,64],[45,29],[-180,207],[-28,-54],[-77,45],[9,82]],[[39643,32112],[170,-78],[85,-257],[-486,-498],[-195,-408],[-11,-295],[112,-280]],[[39318,30296],[-390,50],[-360,-211],[-24,-375],[-326,-325],[175,-257],[-21,-204],[63,-121],[-281,62],[-452,-62],[-437,258],[-419,62],[85,151],[7,366],[-677,-102],[-314,-166],[-475,-121],[-216,-168],[-324,101],[-875,28]],[[63132,46203],[-137,-10],[-446,-466],[-341,-220],[-134,-44],[-112,88],[-511,-282],[38,179],[-95,221],[-365,377],[-157,-510],[54,-58],[-29,-184],[-152,-218],[-406,-212],[-521,233],[-247,-50],[-168,255],[-272,-307],[-1025,104],[-107,212],[-5,274],[-116,118],[-179,-290],[-189,-542],[-216,-178],[-11,-165],[101,-267],[-1171,552],[-554,-14],[-3,257],[-356,177],[95,354],[142,124],[17,285],[-302,322],[-83,-7]],[[55721,50268],[297,-288],[116,-371],[1888,74],[153,-82],[205,31],[171,-65],[24,107],[84,26],[-79,88],[120,198],[147,19],[83,321],[173,88],[170,-17],[74,102],[334,-6],[44,82],[118,17],[-9,54],[139,-6],[153,177],[141,-33],[120,113],[53,222],[87,-5],[-35,82],[71,51],[-101,142],[156,73],[111,433],[285,161],[125,-61],[293,97],[154,-50],[92,90],[316,-5],[117,130],[111,-25],[62,300],[-42,93],[147,170],[-16,114],[106,-12],[239,244],[142,-63],[87,92],[89,-29],[-14,103],[104,-24],[63,155],[137,-108],[466,424],[86,-65],[219,66],[97,172],[84,-75],[88,24],[41,171],[117,-15],[127,156],[107,-93],[38,86],[62,-25],[-64,125],[141,15],[24,-57],[33,78],[132,-1],[63,-83],[47,139],[99,-34],[21,296],[166,87],[55,158],[130,16],[-49,68],[106,57],[42,-84],[58,110],[49,-50],[92,197],[67,-29],[-65,-52],[24,-79],[33,70],[287,-89],[126,238],[-40,55],[164,36],[-23,76],[185,55],[12,84],[145,-140],[111,12],[-19,-49],[218,21],[37,47],[-56,47],[195,185],[-14,71],[311,-100],[72,123],[194,15],[40,65],[198,-133],[-35,161],[68,101],[118,-203],[56,66],[192,-98],[159,13],[-40,-78],[92,1]],[[86898,34317],[106,-77],[-71,-149],[100,-299],[-129,-15],[97,-222],[-154,-67],[132,-97],[-35,-65],[48,-147],[80,-35],[72,-359]],[[87144,32785],[-46,-407],[-204,-194],[-382,2],[-127,-142],[34,-237],[-78,-36],[-111,98],[-170,-169],[-5,-121],[96,1],[-202,-144],[57,-142],[-85,-62],[-95,87],[-138,-69],[8,-148],[-88,36],[-6,-134],[91,-145],[-323,71],[0,-121],[-127,-133],[28,-82],[-156,-15],[-4,70],[-124,11],[32,-128],[-90,-88],[-144,231],[-125,-208],[-131,-9],[-32,-137],[-197,-24]],[[84300,30297],[-47,-101],[-226,-66],[-94,-81],[9,-80],[-299,-220],[-122,1],[-189,173],[-77,-91],[-228,157],[-84,-21],[-188,225],[-120,-164],[-310,78],[-96,-99],[-81,-301],[-212,-81],[-257,-250],[-123,-228],[-150,-91],[-204,2],[-108,-107],[-558,160],[-281,360],[-99,-37],[-351,-2647],[-194,209],[-57,293],[-312,719],[54,112],[-165,446],[19,465],[-289,144],[-3,403],[-359,160]],[[77303,30512],[185,240],[-38,249],[177,272],[-47,334],[79,55],[160,-33],[68,462],[534,550],[-1150,1492],[121,121],[37,207],[-117,78],[-100,-26],[-95,101],[-252,-68],[-156,69],[-246,307],[45,102],[-114,105],[-106,280]],[[76288,35409],[178,58],[214,-61],[235,3],[102,77],[145,-43],[68,83],[-27,94],[63,-39],[406,123],[174,-77],[86,91],[495,102],[319,278],[216,-29],[12,-110],[267,-120],[162,131],[315,3],[144,156],[187,-128],[98,59],[86,-69],[462,147],[234,-72],[142,38],[60,-77],[-32,-150],[45,5],[-71,-123],[92,-44],[-32,-107],[-47,26],[24,-188],[-105,-75],[-39,-211],[101,-100],[-30,-130],[183,42],[23,-166],[80,13],[50,-126],[90,33],[-1,-110],[195,-82],[-122,-75],[54,-22],[-86,-164],[103,-148],[-66,33],[44,-109],[-71,-33],[125,-63],[-33,-200],[103,-105],[20,-161],[-23,-82],[-79,79],[-26,-303],[-76,-13],[138,-357],[-120,-13]],[[81542,32798],[-58,-147],[84,-11],[-107,-103],[56,-145],[285,129],[62,-167],[267,1],[111,258],[52,-57],[50,49],[106,-130],[115,10],[219,-364],[221,37],[35,-305],[22,234],[36,36],[131,-182],[-44,-59],[168,-79],[-2,-148],[169,18],[-3,-238],[97,-62],[87,120],[274,-4],[78,145],[254,187],[53,332],[311,43],[416,214],[124,131],[-6,158],[327,394],[115,-3],[137,126],[99,-205],[208,200],[-2,70],[-143,49],[243,194],[169,-188],[415,523],[-124,378],[249,80]],[[53255,74673],[8,498],[-266,690],[-373,448],[-132,-1],[-122,-145],[-141,-1],[-513,1027],[-170,152],[-224,62],[-168,246],[-161,60],[-145,-38]],[[50848,77671],[-291,145],[-210,407],[-187,123],[-179,266],[82,30],[-106,226],[21,203],[78,9],[66,250],[60,-61],[-18,135],[163,385],[-123,198],[22,297],[113,119],[179,-32],[24,126]],[[50542,80497],[7640,-664]],[[58182,79833],[-7,-174],[127,-372],[138,-124],[-143,-162],[128,-628],[100,-94],[-298,-997],[44,-177],[-54,-152],[-243,-232],[-73,47],[-62,-94],[-82,20],[28,-287],[-115,-69],[189,-182],[-14,-107],[-56,1],[66,-65],[-42,-171],[-65,-58],[207,-252],[-160,-45],[19,-178],[-109,-3],[-10,-135],[-185,-60],[-52,-166],[-320,-33],[-203,-107]],[[56935,74777],[-235,-243],[90,-1],[21,-92],[-37,-89],[-105,-20],[9,-313],[-69,7],[130,-198],[20,-165],[-70,-176],[-65,0],[26,-68],[-58,-28],[-65,78],[-10,191],[-201,-68],[-119,245],[-176,3]],[[37035,61236],[-18,141],[-272,153],[-4,199],[-299,168],[49,118],[-356,307],[-120,206],[-240,29],[-30,297],[286,31],[228,208],[267,43],[258,-93],[97,74],[141,-23],[58,100],[297,74],[97,131],[106,-28],[196,165],[62,-21],[19,-154],[282,-82],[51,-126],[276,-37],[89,-121],[206,7],[105,-116],[372,56],[156,-58]],[[76211,25929],[-282,-101],[-78,104],[-116,-165],[-11,112],[-231,117],[-209,-115],[-82,246],[-240,-26],[-312,194],[-248,-50],[-47,87],[-120,-31],[-13,106],[-165,-42],[-126,102],[-322,-160],[-15,-78],[-227,-55],[-230,-345],[49,-162],[-119,19],[-53,-89],[96,-67],[-22,-232],[-158,6],[-59,-265],[-180,-24],[-21,-94],[-333,24],[-143,249],[-235,65],[-57,-88],[-115,33],[-40,-85],[-100,90],[-17,-151],[-188,-65],[-25,-120],[-183,45],[26,-160],[-80,-62],[-72,65],[68,97],[-21,212],[-303,-144],[-121,146],[-320,23],[-62,88],[-60,-154],[-74,-12],[-297,228],[-68,-95],[-115,-2],[-130,168],[-28,-73],[-171,16],[-44,-69],[-113,45]],[[73117,29728],[364,-137],[219,77],[279,-57],[130,107],[191,-90],[328,64],[174,-133],[134,152],[-20,110],[449,502],[-28,102],[128,465],[385,-41],[246,170],[292,-137],[92,-140],[169,90],[65,-93],[97,40],[143,-234],[255,65],[94,-98]],[[77303,30512],[77,72],[147,-19],[126,-60],[31,-149],[233,68],[74,112],[61,-95],[122,-24],[96,149],[289,-133],[149,41],[114,-149],[-154,7],[-142,-218],[46,-224],[-73,-151]],[[78499,29739],[-186,-535],[-252,-249],[9,-336],[-59,-242],[-87,-76],[36,-69],[-357,-519],[-545,-449],[-325,-660],[-188,-193],[16,-209],[-201,-41],[-149,-232]],[[40135,79608],[-77,177],[163,88],[-180,205],[86,49],[-9,87],[-66,60],[-236,-13],[-363,372],[74,165],[254,-27],[118,107],[-13,256],[63,90],[-97,2],[-40,328],[121,-70],[76,94],[10,174],[-191,151],[33,385],[-128,281],[45,68],[175,7],[-76,102],[183,11],[28,96]],[[40088,82853],[326,-349],[238,-132],[379,100],[637,-155],[169,75],[352,-137],[359,-663],[60,-690],[131,-142],[404,298],[346,65],[3502,-313]],[[46991,80810],[-42,-151],[162,-252],[43,-281],[-84,-204],[-439,-492],[39,-105],[-135,-404],[-87,-81],[-73,-278],[56,-78],[-71,-142],[25,-217],[-127,-300],[56,-307],[-40,-199],[232,-355],[-25,-151],[-120,-50],[-32,-330],[154,-309],[-427,-164],[-589,112],[-382,-223],[-322,-39],[-564,159],[-538,-97],[-59,-69],[-2106,-112],[-340,111]],[[58062,39546],[69,177],[501,-118],[621,151],[84,139],[910,-887],[555,462],[292,67],[195,207],[-261,592],[76,285],[-138,655],[241,577],[-136,204],[-49,262],[219,166],[-51,403],[148,261],[60,3],[3,199],[83,129],[180,42],[220,401],[167,58],[129,648],[533,282],[102,129],[70,283],[-61,150],[99,86],[161,467],[110,83],[-62,94]],[[63132,46203],[79,46],[5,170],[177,151],[-73,273],[105,196],[-81,63],[396,294],[-83,156],[147,36],[-19,149],[128,157],[53,290],[118,54],[-85,95],[40,196],[-102,45],[96,386],[-121,78],[54,24],[-130,352],[65,18],[-18,186],[85,99],[-64,196],[120,17],[80,140],[-73,191],[108,145],[-78,84],[107,159],[12,261],[113,61],[-60,66],[67,13],[-16,82],[131,-23],[110,182],[143,68],[29,-62],[59,170],[203,-1],[-21,66],[59,-32],[189,269],[-2,100],[76,49],[26,-48],[-9,75],[150,-13],[-68,162],[48,20],[-36,290],[171,126],[-103,90],[161,91],[-86,55],[15,67],[183,53],[-40,52],[86,301],[227,84],[74,-103],[19,85],[76,-43],[14,84],[118,28],[-85,192],[93,-14],[100,198],[47,-85],[20,82],[61,-11],[67,216],[58,-16],[-11,101],[54,22],[40,-81],[23,149],[119,-54],[128,49],[8,169],[66,15],[-37,89],[139,-8],[-5,119],[162,-48],[85,51],[13,-103],[204,168],[39,-44],[-80,-14],[214,-175],[-46,-86],[146,153],[116,-103],[67,142],[136,54],[-3,91],[104,24],[-64,97],[-55,-34],[46,54],[68,-2],[-69,59],[219,57],[-24,88],[95,83],[-50,64],[71,-8],[35,140],[150,119],[65,289]],[[68815,55622],[-17,53],[150,-25],[138,219],[251,119],[-21,181],[129,12],[132,-142],[441,152],[-64,132],[138,149],[160,-18],[-113,244],[224,22],[-110,135],[42,55],[480,-11],[99,84]],[[70874,56983],[181,-341],[40,-269],[-152,-86],[48,-257],[-91,-90],[15,-89],[-65,3],[-26,-182],[-233,-148],[17,-171],[-52,-88],[-86,5],[-32,-195],[22,-160],[54,-3],[-47,-34],[55,1],[-57,-122],[-91,-8],[58,-124],[-32,-104],[-185,-107],[-83,-180],[-104,8],[-57,-268],[-125,-11],[43,-141],[-166,-161],[-127,-420],[-219,-98],[41,-146],[-75,-9],[25,-95],[-46,12],[-31,-157],[-94,-26],[-45,-127],[-131,-11],[-64,-113],[-68,43],[-63,-184],[-74,18],[75,-60],[-74,-32],[15,-129],[-33,44],[-53,-73],[0,-155],[61,-23],[-79,-78],[56,-14],[-27,-249],[101,-19],[-16,-183],[132,-21],[-2,-116],[-278,-431],[46,-334],[-117,-94],[68,-59],[-101,-47],[52,-66],[-33,-73],[-43,36],[22,-94],[-48,-73],[-94,44],[-87,-122],[33,-128],[-73,-11],[43,-212],[123,-69],[-102,-140],[14,-235],[-212,-169],[-71,-266],[-197,-77],[79,-127],[-132,-137],[80,-71],[-54,17],[-103,-187],[-18,55],[-137,-77],[34,-76],[-106,-66],[47,-123],[-73,-247],[-44,23],[-84,-165],[-93,-4],[-96,-134],[-89,9],[-18,-164],[-106,-129],[90,-140],[13,-230],[65,-16],[-2,-280],[-64,-213],[-190,-254],[38,-277],[-83,-100],[48,-100],[-35,-242],[-130,-326],[161,-440],[-81,-562],[80,-53],[-166,-146],[58,-548],[-151,-482],[57,-109],[-53,-12],[-18,-302],[58,-48],[-69,-60],[3,-250],[-78,-59],[44,-260],[-89,-48],[52,-249],[-63,-32],[4,-167],[-216,-161],[11,-190],[-133,-157],[95,-25],[-21,-158],[56,-25],[-125,-133],[72,-7],[-55,-152],[75,9],[36,-194],[-101,-203],[227,-79],[168,168],[212,-62],[56,-106],[131,219],[180,14],[135,-81],[319,205],[71,312],[273,96],[305,235],[3,234],[268,195],[45,216],[129,157],[-35,89],[201,112],[-31,58],[88,51],[0,92],[56,-81],[127,12],[281,136],[-8,73],[152,18],[-43,112],[151,40],[27,210],[71,30],[-32,96],[99,-2],[39,148],[-59,15],[76,172],[219,182],[46,-110],[-50,-51],[114,-38],[-79,-54],[70,-79],[-5,-215],[-158,-339],[91,-177],[-21,-117],[-361,-563],[-11,-156],[-146,-45],[-29,-123],[-71,-3],[112,-73],[44,-219],[-80,-4],[-146,-228],[162,-69],[-36,-87],[60,-170],[378,58],[385,-179],[406,162],[409,390],[113,-9],[310,558],[-14,80],[379,-63],[92,109],[128,-71],[-107,-114],[152,-237],[142,-12],[8,-64],[261,-131],[234,46],[304,-56],[66,-354],[380,-196],[144,4]],[[73710,39903],[-21,-103],[-199,-133],[44,-80],[-160,-311],[63,-134],[-63,-83],[39,-160],[-238,-254],[-129,-454],[-144,-20],[-47,-384],[-203,9],[8,-178],[-136,-50],[43,-74],[-84,-99],[75,-105],[-86,-41],[31,-121],[-60,-82],[84,-56],[-79,-126],[61,-168],[-77,-201],[55,-21],[-105,-218],[-218,-169],[25,-91],[-86,-61],[46,-73],[-122,-40],[-72,-239],[-269,-254],[-73,-479],[102,-352],[-12,-226],[-124,-248]],[[92069,52435],[17,116],[-111,-64],[37,100],[-67,-32],[-86,149],[-87,-24],[21,122],[-242,115],[-60,103],[-241,12],[-178,258],[-196,-23],[-94,62],[-62,-72]],[[95682,59052],[-41,-115],[298,-799],[15,-317],[233,-77],[179,-162],[-11,-170],[-240,-234],[116,-189],[-19,-177],[-235,-269],[51,-223],[-77,-240],[167,-182],[3,-155],[-77,-399],[45,-158],[-140,-574],[72,-156],[306,-39],[-55,-245],[181,-260],[-171,-207],[97,-245],[-59,-193],[155,-356],[-51,-310],[126,-111],[-46,-246],[-164,26],[-95,-70],[62,-207],[-119,-224],[-36,-293],[-200,-297],[150,-108],[12,-143],[-231,31],[-85,-66],[39,-449],[138,-3]],[[95975,50441],[-23,-142],[-108,-57],[-11,-142],[-82,-62],[-11,-298],[-153,-18],[-58,-80],[-20,-131],[90,-20],[-114,-29],[1,-140],[123,-34],[-60,-22],[-38,-231],[-144,0],[26,-84],[-64,-67],[-178,34],[-11,-149],[68,-87],[-34,-118],[-103,-7],[46,-160],[-213,50],[-169,-90],[-153,-197],[-474,400],[-426,1463]],[[65435,14364],[304,33],[76,130],[135,-77],[18,152],[138,-93],[19,114],[256,-18],[57,101],[148,10],[285,-121],[0,-117],[209,-45],[-11,-237],[385,-184],[409,-448],[68,-26],[241,182],[73,-76],[115,23],[-139,-782],[48,-222],[148,-175],[17,-173],[-204,-132],[-116,-174]],[[68114,12009],[-183,-112],[15,-138],[-87,-178],[-428,-210],[-310,-347],[-213,-131],[-60,-146],[48,-225],[-136,-86],[1,-73]],[[66761,10363],[-1233,-1040],[-234,157],[-297,-368],[-446,-17],[-183,-216],[-545,41],[-234,-113],[-611,-34],[-169,-79],[-572,313],[-295,51],[-139,-50]],[[61576,69663],[63,159],[-65,40],[-35,268],[-52,44],[-100,-79],[-34,101],[-54,-15]],[[56794,73095],[191,146],[149,-14],[-41,75],[-229,-29],[-12,77],[120,210],[316,-50],[-5,97],[-92,39],[22,102],[328,-98],[-43,163],[232,201],[110,-53],[-24,-182],[114,-167],[128,31],[35,249],[182,47],[69,-105],[-76,-296],[139,-377],[160,74],[216,-174],[143,-230],[99,215],[349,-71],[1797,-1084],[975,-167],[178,-169],[264,134],[-34,130],[93,-5],[-16,67],[105,91],[112,68],[60,-71],[10,72],[66,-69],[116,201],[346,-58],[134,46],[23,-61],[122,51],[181,431],[109,-43],[115,196],[161,10],[172,201],[298,-151],[212,150],[85,-106],[160,-27],[433,171],[404,-137],[424,194],[124,-32],[119,-172],[72,55],[-458,458],[-217,93],[-201,879],[179,157],[52,224],[139,116],[139,309],[-23,100],[239,127],[87,-64],[126,138],[70,388],[132,116],[44,184],[-59,44],[329,211],[37,244],[267,12],[53,-75],[178,144],[388,-31],[23,172],[-64,102],[102,95],[-11,136],[106,-61],[11,65],[104,-28],[101,-109],[94,162],[-91,14],[172,76],[-26,101],[192,9],[-29,161],[144,117],[-90,27],[27,67],[-119,-25],[56,167],[205,31],[13,-70],[23,158],[165,-93],[132,145],[186,6],[14,119],[185,-11],[121,205],[95,1],[-27,-72],[124,92],[102,-45],[81,109],[-93,216],[84,73],[124,-14],[-21,81]],[[70510,78844],[8501,-666]],[[74812,67934],[-256,37],[-1681,1220],[-2979,1192],[-695,-229],[-436,16],[-644,-223],[-526,-35],[-462,459],[-573,213],[-331,411],[-126,52],[-135,-68],[-411,36],[-244,117],[-328,-81],[-241,105],[-76,-77],[-88,45],[-57,-107],[-254,-54],[-37,-74],[-401,60],[-548,-481],[-67,-247],[-231,-191],[-135,16],[-179,-147],[-361,-36],[-94,-100],[1,-121],[-160,-113],[-145,127],[-73,-76],[-56,48],[2,-101],[-64,54],[-88,-76],[-4,173],[-53,-15]],[[62278,30507],[-440,-113],[-151,41],[-100,85],[-74,219],[103,153],[-64,60],[-389,-166],[-86,-121],[-120,16],[-122,-83],[-12,-99],[-213,-12],[-154,-197],[-344,102],[-108,-88],[-303,36],[-56,133],[-78,-47],[-89,71],[-227,5],[-8,-87],[-127,38],[-86,-102],[-231,31],[-41,234],[-69,0],[7,99],[-122,178],[241,100],[70,116],[-90,329],[120,26],[-9,212],[53,28],[-198,1040],[258,537],[-130,423],[-130,171]],[[59765,35048],[66,-124],[88,269],[178,-384],[98,93],[66,-121],[71,-3],[96,106],[184,-298],[-33,281],[320,-79],[-208,-144],[190,-189],[-109,-5],[-89,-140],[378,-98],[150,-295],[59,198],[86,-210],[65,52],[-15,158],[192,-23],[52,-167],[41,145],[111,-116],[-63,-85],[58,-99],[218,-33],[-109,-217],[86,10],[96,-188],[298,-14],[57,-123],[42,124],[1,-66],[70,19],[-57,-69],[106,-63],[-3,153],[133,-72],[81,136],[88,-15],[100,-321],[159,6],[-39,-88],[290,-125],[79,-161],[-66,-356],[80,-278],[119,-148],[386,-70],[-44,-392],[52,-129],[-63,-68],[-7,-278]],[[44696,16215],[305,125],[32,148],[118,67],[236,-85],[245,238],[495,-55],[53,108],[322,92],[50,106],[-80,79],[11,117],[261,130],[741,53],[-39,-437],[-162,-176],[-81,-230],[2,-361],[-194,-313],[-235,-220],[-37,-221]],[[46739,15380],[-32,-132],[-95,27],[97,-158],[-16,-120],[-93,76],[12,-126],[-106,36],[4,-163],[75,-48],[-146,-352],[-133,108],[-78,-214],[-123,11],[-23,-152],[-188,33],[54,-56],[-74,-120],[66,-30],[-118,-14],[62,-121],[-361,-189],[22,-147],[-101,67],[37,-143],[-93,28],[71,-80],[-87,-79],[47,-61],[-106,0],[97,-65],[-17,-93],[-107,4],[30,-95],[-79,-22],[46,-72],[-107,-38],[97,-51],[12,-241],[-110,34],[-96,-231],[-62,75],[-13,-206],[-68,69],[12,-219],[99,-118],[-115,-65],[102,-74],[-164,-163],[-160,22],[25,-78],[-126,46],[-173,-172],[39,-90],[-126,-14],[-89,-175],[-144,26],[-87,-135],[51,-89],[-131,-59],[123,-225],[-260,-383],[90,-51],[-68,-76],[105,-191],[-103,-114],[390,-338],[49,-371],[-76,-26],[-14,-127],[-97,34],[-64,-216],[-193,-112],[-14,-190],[-131,-264],[55,-136],[-131,-67],[36,-106],[-72,-213],[49,-31],[-137,-80],[23,-90],[-94,18],[-127,-152],[-109,5],[63,-94],[-41,-54],[-104,42],[-62,-63],[116,-19],[-40,-99],[153,-89],[-123,2],[13,-84],[-89,-33],[-27,-123]],[[43038,6856],[-93,-13],[-84,-163],[-125,6],[5,-95],[-109,-51],[59,-172],[-209,-92],[-10,-178],[-367,-17],[-4,-150],[-104,-101],[196,-126],[-186,-97],[136,-158],[-197,-47],[-21,-213],[-103,26],[5,-199],[-127,-259],[-174,-60],[-121,64],[-310,-191],[-47,-147],[-281,-108],[56,-148],[-47,-140],[182,54],[13,-71],[-217,-272],[-38,-163],[-220,-123],[-52,-184],[-124,-24],[-101,-333],[-254,-48],[-52,-128],[-117,-42],[-48,-157],[-131,-12],[-18,-88],[-273,127],[-80,-102],[-166,20],[-258,-121],[-200,60],[-139,-138],[-80,38],[170,-177],[-175,16],[-107,-90],[-166,69],[4,-91],[-89,26],[30,78],[-85,-49],[-73,56],[-150,-171],[-248,-82],[-202,113],[-80,-173],[-113,46],[-107,-175],[-96,36],[-219,-190],[-50,-263],[-221,223],[0,185],[-364,-24],[-137,75],[33,135],[-184,102],[-58,120],[-112,0],[-43,139],[-259,-17],[-59,215],[102,38],[-122,80],[-45,112],[70,42],[-248,308],[-204,-117],[-184,125],[34,296],[104,121],[-209,420]],[[34541,3877],[130,203],[251,-78],[54,47],[99,-99],[44,72],[-52,65],[144,45],[-41,102],[86,-91],[37,148],[104,0],[42,78],[150,-57],[-30,57],[110,53],[58,-77],[-2,127],[128,-14],[57,167],[100,-58],[-38,72],[95,72],[125,-111],[-103,155],[125,-27],[84,102],[109,8],[-65,71],[26,68],[51,-48],[-33,158],[69,252],[150,1],[27,74],[-80,39],[64,77],[104,-82],[-34,77],[150,78],[-94,90],[75,-15],[48,142],[185,79],[8,106],[66,-34],[111,74],[15,153],[147,-39],[-6,282],[262,-55],[22,141],[-70,113],[180,70],[-146,90],[98,-22],[-64,109],[39,216],[-157,-20],[91,121],[-89,248],[134,209],[-94,40],[88,97],[-176,40],[52,115],[-58,54],[62,47],[-74,81],[-61,-29],[-37,217],[81,50],[-130,233],[42,79],[-238,338],[92,42],[-47,217],[-129,-142],[51,164],[-67,40],[266,125],[-69,45],[75,86],[-141,104],[151,6],[20,104],[-93,-29],[2,119],[-122,9],[85,74],[-141,101],[-90,-94],[-104,42],[126,62],[2,110],[-69,-8],[-25,-99],[12,179],[-140,34],[112,85],[-82,137],[139,-46],[-120,135],[209,144],[5,141],[109,-75],[94,51],[-39,68],[51,-31],[87,140],[-31,193],[104,123],[-125,170],[27,201],[-104,-11],[-102,97],[76,110],[-175,274],[120,520],[-121,10],[-22,91],[116,49],[-25,282],[508,188],[107,-21],[154,187],[130,-28],[263,151],[262,347],[225,27],[215,129],[16,502],[104,48],[-58,61],[103,209],[135,-42],[31,101],[309,8],[148,120],[201,7],[-77,814],[112,608],[-78,498],[-136,385],[-259,309],[129,528],[-97,114],[11,219],[-251,144],[43,108],[-79,193],[197,173],[16,254],[103,-36],[118,145],[-16,128],[137,112],[133,411],[194,88],[14,163],[199,62],[185,343]],[[40547,20929],[261,80],[150,246],[120,-30],[240,115],[242,-79],[-16,-117],[117,-109],[-47,-90],[133,18],[112,-204],[135,25],[123,-68],[351,388],[54,-90],[46,61],[182,-7],[73,-162],[500,211],[338,-58],[279,64],[499,-366],[36,-111],[214,31],[-265,-486],[85,-263],[-47,-284],[118,-141],[332,-142],[122,-216],[99,19],[268,-212],[540,-240],[-1,-216],[96,-102],[23,-238],[-59,-168],[-234,-180],[-205,-248],[-22,-129],[-69,-7],[-26,-65],[60,-28],[-128,-292],[-267,-134],[-102,59],[-160,-114],[-13,-291],[-122,-106],[-67,-189],[51,-49]],[[75838,17846],[-166,101],[4,79],[-62,-14],[37,57],[-56,74],[-93,-31],[-424,335],[-35,214],[250,398],[-116,403]],[[75313,21545],[359,110],[44,-144],[320,176],[25,-113],[72,104],[200,43],[19,98],[208,-75],[147,130],[209,47],[325,-359],[94,-6],[8,166],[66,-62],[148,33],[163,-120],[137,126]],[[77857,21699],[199,-65],[60,-126],[257,207],[267,-146],[133,13],[-56,-47],[34,-56],[378,-274],[-17,-234],[104,-128],[252,-163],[183,0],[43,-143],[328,-165],[532,-98],[90,55],[74,-121],[482,-54],[25,-167],[115,75],[426,-149],[323,133],[72,-56],[49,98]],[[82210,20088],[-23,-348],[-293,-324],[1,-168],[-181,-220],[-115,-288],[-52,-322],[-189,-114],[-138,10],[-60,-143],[-217,49],[-357,-156],[-184,-165],[-98,9]],[[76428,11492],[-163,191],[-32,224],[-188,-30],[-35,77],[-293,56],[-13,218],[-268,67],[-41,104],[-273,191],[7,94],[-237,150],[77,91],[-81,171],[54,166],[-115,201],[-178,180],[-266,-29]],[[74383,13614],[-160,461]],[[78015,13614],[-65,-49],[82,-73],[-92,-100],[135,-46],[97,-227],[-81,-76],[-85,129],[-108,23],[53,-246],[-273,-116],[142,-27],[-72,-140],[31,-157],[-227,-97],[-5,-261],[-126,-62],[-66,62],[-196,-168],[-10,-111],[-151,57],[-51,-70],[-68,42],[-43,-114],[-149,45],[-259,-340]],[[22266,24079],[47,-101]],[[18939,17715],[-267,-78],[-90,-159],[-395,-49],[-36,-206],[-656,362],[-279,-26],[-187,286],[-154,67],[-54,145],[-230,220],[-171,1],[-20,365],[-328,268],[-23,270],[-133,107],[-68,220],[-598,-271],[-177,-9],[-134,171],[-73,-24],[0,363],[-99,46],[39,133],[-99,126],[17,254],[-209,84],[67,225],[-90,271],[-300,260],[81,433],[-56,113],[-114,33],[-59,306],[-106,72],[-46,380],[161,358],[2,182],[122,181],[4613,1124],[502,2001],[-132,74],[-803,1603],[-294,393],[-26,262],[82,-57],[47,83],[100,-10],[37,125],[304,17],[283,-212],[276,230]],[[19166,28828],[443,-34],[241,76],[-7,257],[185,134],[114,329],[183,15],[27,83],[244,79],[3,81],[174,155],[206,-47],[119,128],[92,-49],[116,45],[235,360],[298,231],[-4,76],[-155,4],[-60,173],[37,332],[109,243],[372,113]],[[82862,70635],[191,-169],[239,-91],[91,-321],[382,123],[185,-113],[231,104],[557,-107],[-15,-557],[191,-433],[185,-17],[184,107],[332,-212],[250,48],[56,-190],[94,-71],[-44,-180],[108,-29],[-40,-120],[4057,-201]],[[93150,68059],[-12,-149],[-197,-38],[-29,-106],[66,-38],[-73,-40],[51,-100],[-79,-15],[17,-117],[-213,-73],[28,-169],[-105,-68],[-29,-201],[-148,-13],[-33,67],[-76,-102],[-103,16],[-74,-135],[-137,30],[-86,-193],[-164,-91],[-194,57],[-66,97],[-67,-297],[-225,-25],[-129,-321],[-175,-43],[-112,-185],[-256,-27],[-158,-97],[-75,121],[35,186],[-107,122],[27,-261],[-205,-49],[-26,-109],[-254,53],[-46,-116]],[[89721,65630],[-102,-56],[-60,71],[-6,-77],[-24,45],[-63,-52],[-58,77],[-221,-102],[-63,73],[-205,-156],[-16,78],[-58,-52],[-225,83],[-22,-84],[-251,8],[-126,68],[-15,272],[-144,65],[-10,-51],[-241,-15],[-112,121],[-127,-77],[-203,31],[-306,243],[-272,24],[-117,248],[-206,31],[-338,-91],[-139,55],[-87,-109],[-216,47],[-164,-50],[-128,-158],[-863,-484],[-365,61],[-170,181],[-76,-179],[-93,182],[-374,12],[-267,112],[-402,407]],[[37056,59122],[-72,107],[180,318],[-151,215],[184,230],[-269,224],[238,163],[19,102],[-88,68],[-251,-101],[-116,136],[65,176],[130,107],[110,369]],[[37035,61236],[373,-281],[508,82],[255,133],[561,708],[267,-33],[516,-289],[485,225],[233,-119],[137,363],[-259,198],[-26,273]],[[49689,60094],[-125,-186],[-175,-72],[-148,-239],[-544,-256],[14,-269],[-200,-182],[-66,-485],[61,-268],[-227,-78],[-287,-230],[25,-426],[-425,-87],[-79,-71],[-10,-177],[-261,-169],[-128,-446],[-562,-1006],[62,-293],[-190,-52],[-456,-326]],[[45968,54776],[-89,223],[-79,652],[-334,365],[1,196],[-136,68],[55,227],[-419,176],[-352,-67],[-240,263],[-115,15],[-107,-138],[-149,41],[-194,-67],[-56,-149],[-201,68],[-219,-40],[-243,122],[-283,323],[-232,48],[-95,206],[-223,10],[-183,-129],[-502,77],[-575,-382],[-314,42],[-105,-85],[-353,-65],[-175,90],[-384,-354],[-325,-72]],[[28422,20171],[-1031,-563],[-427,-48],[-216,71],[-134,-198],[-297,-162],[-67,-208],[-113,-96],[-285,-58],[-99,-124],[80,-365],[-155,-192],[-93,-452],[-421,-313],[-79,-379],[-216,-334],[68,-337],[-53,-77],[77,-124]],[[24961,16212],[-5991,267]],[[18970,16479],[160,164],[-139,602],[-208,209],[35,174],[121,87]],[[18939,17715],[-69,253],[-340,109],[-61,348],[302,226],[247,-110],[484,-72],[75,85],[52,461],[367,309],[314,157],[280,668],[203,191],[494,867],[422,382],[17,611],[-112,304],[257,26],[214,162],[0,488],[228,798]],[[22313,23978],[548,-170],[162,-377],[687,-444],[628,-157]],[[24338,22830],[512,-188],[181,-212],[309,-61],[197,-369],[1398,-35]],[[26935,21965],[75,-309],[117,-98],[28,-267],[99,-133],[161,-11],[110,-258],[300,-193],[-52,-207],[171,-86],[36,89],[86,0],[205,-149],[58,36],[93,-208]],[[40829,24095],[-100,86],[-7,-93],[-220,-166],[-59,42],[34,-69],[-104,20],[66,-85],[-64,-103],[-68,16],[42,-68],[-90,-15],[25,-72],[-107,17],[70,-89],[-215,-25],[38,-65],[-89,-6],[98,-55],[24,-80],[-70,-70],[50,-60],[-242,-82],[22,-76],[-65,-3],[7,-99],[-90,-82],[37,-70],[-88,-29],[-39,-170],[-84,-15],[39,-37],[-52,-40],[94,-86],[-79,-203],[-109,58],[-71,-111],[52,-133],[-345,-524],[-45,-328],[-370,-261],[-13,-376]],[[38642,20488],[-74,334],[128,189],[-230,25],[-358,-653],[56,270],[-328,286],[83,226],[-127,147],[3,109],[-420,338],[-323,-43],[-123,-187],[-234,-72],[-31,-71],[-611,87],[11,146],[113,68],[-102,30],[63,84],[-82,50],[91,107],[70,-26],[-1,104],[76,-33],[25,29],[-65,119],[110,138],[-109,19],[3,85]],[[36256,22393],[19,77],[180,-17],[-96,35],[-14,78],[30,-59],[188,43],[-12,111],[229,125],[-52,57],[46,129],[-97,10],[72,79],[-90,76],[73,14],[-7,129],[84,30],[-18,112],[144,-54],[116,112],[53,-69],[12,66],[224,-50],[-6,167],[119,73],[-91,213],[108,-13],[8,65],[164,36],[-63,36],[104,84],[116,-2],[-33,113],[115,89],[-146,291],[291,93],[20,121],[-132,32],[86,128],[-2,331],[145,65],[69,-82],[-7,73],[53,-41],[28,66],[109,-88],[22,80],[183,53],[-51,13],[67,58],[-53,119],[-153,115],[-21,150],[55,-24],[58,85],[-72,48],[330,-36],[664,332],[133,-154],[217,-25],[356,-236],[271,443],[-235,186],[9,106],[231,-166],[124,29],[108,-99],[232,-31],[35,-109],[-143,-125],[80,-59],[-63,-266],[137,-7],[18,-84],[-66,-91],[-153,-19],[2,-152],[-122,-24],[-44,-83],[250,-97],[-92,-275],[74,-60]],[[62706,18454],[39,246],[223,342],[-29,254],[122,101],[-162,242],[-1,184],[-1035,379]],[[60808,20129],[108,82],[-43,91],[91,61],[3,132],[194,374],[253,208],[341,103],[158,174],[24,97],[-425,271],[32,132],[-161,197],[-50,334],[-258,191],[797,350],[187,227],[60,294],[-153,302],[189,228],[39,229],[275,478]],[[67794,26002],[191,-38],[19,154],[116,33],[42,-78],[306,-74],[114,-71],[-2,-129],[106,31],[88,-118],[-4,-187],[102,94],[39,-157],[147,-6],[51,-110],[126,9],[-62,-107],[76,-13]],[[69249,25235],[-168,-56],[-45,-148],[-43,47],[-365,-91],[-90,-406],[-253,-172],[32,-58],[-102,-38],[21,-82],[-216,-98],[-65,-222],[-63,40],[-72,-88],[-102,12],[-69,-580],[-86,-121],[80,-74],[-6,-140],[-183,-265],[40,-212],[110,-12],[149,-175],[51,-138],[-75,-18],[-55,-199],[245,-231],[39,-220],[-76,-17],[5,-166],[81,-20],[142,-232],[88,-337],[276,-197],[176,-13],[308,-343]],[[68623,17129],[-222,77],[-52,94],[-99,-31],[-236,112],[-43,-83],[-266,-92],[-129,50],[-160,-102],[223,-426],[-243,-131],[45,-95],[-160,-289],[131,-146],[7,-140],[-117,-224],[-378,-2],[-239,-92],[-57,162],[-50,-53],[-100,112],[-144,-37],[0,183],[-182,57],[4,83],[-239,20],[-52,-60],[-86,153],[-105,-64],[-75,125],[-177,-42],[-131,82],[-37,-113],[-115,-19],[-133,-162],[-87,36]],[[62469,24684],[-34,64],[-148,-56],[-34,222],[-110,67],[-68,-42],[-9,88]],[[62066,25027],[54,384],[221,374],[229,120],[72,146],[-463,104],[728,367],[-120,309],[-152,126],[-61,236],[133,134],[358,86],[-16,426],[-107,162],[-247,100],[-37,80],[-182,-69],[-505,626],[-496,-118],[-315,212],[-359,-50],[-2,105]],[[60799,28887],[361,337],[1380,503],[15,198],[-140,419],[-137,163]],[[62278,30507],[200,-41],[659,223],[277,-29],[233,142],[208,31],[95,111]],[[63950,30944],[1197,412],[148,337],[346,80],[93,150],[212,70],[12,63],[130,-67],[310,27],[236,123],[128,-107],[492,118],[293,-172],[36,-131],[290,115],[126,-43],[-16,66],[400,43],[479,-171]],[[67567,27667],[-164,-269],[46,-82],[-50,-108],[94,-80],[-61,-243],[125,-120],[-173,-342],[35,-87],[-73,-186],[134,34],[64,-99],[156,70],[-43,-126],[137,-27]],[[67794,26002],[-17,-109],[-186,-12],[-355,-230],[-467,-141],[-164,-185],[-11,-214],[-196,-324],[221,-720],[34,-430],[-8,-262],[-158,-371],[36,-315],[-627,-122],[-155,43],[-42,-177],[-402,-308],[-150,-2],[70,74],[-84,22],[275,120],[-14,47],[-151,-30],[-31,92],[-112,16],[-167,-34],[44,296],[-74,28],[82,92],[-12,219],[253,125],[-15,180],[-151,125],[-13,-90],[-134,3],[-66,-166],[-137,42],[-46,-100],[-130,38],[-53,-99],[-27,100],[-88,-11],[85,-33],[-742,-346],[-217,117],[-109,-24],[-44,75],[-110,-41],[-32,-102],[-8,87],[-142,31],[-301,-44],[392,279],[121,366],[145,176],[199,86],[170,353],[144,87],[168,-7],[363,233],[1,309],[160,277],[8,255],[-119,-34],[-30,74],[-160,-96],[13,79],[-112,-31],[-2,59],[-231,-187],[-50,48],[-23,-81],[-74,78],[-225,-272],[-290,-68],[-94,-138],[59,-127],[-99,-54],[-148,122],[-200,-41],[-19,86],[-103,-107],[-72,59],[-29,-99],[-140,68]],[[76332,50864],[-168,165],[-228,18],[38,250],[-291,350],[-83,-55],[-8,-189],[-74,7],[12,305],[-225,-1],[84,222],[-488,250],[-24,156],[-146,136],[-43,357],[101,148],[-167,101],[-6,157],[-205,35],[5,216],[-164,-32],[-96,101],[-145,-2],[-14,477],[-176,-51],[-122,-137],[-35,187],[-140,82],[-139,252],[-154,56],[-35,-105],[-237,56],[97,213],[-192,165],[177,215],[-342,169],[-30,487],[-174,131],[54,219],[-262,91],[-5,250],[-208,32],[-27,119],[-219,103],[-118,163],[-229,-82],[-106,361],[-138,-33],[-186,73],[-59,97],[-116,-54]],[[70876,57095],[-5,137],[-160,163],[-68,267],[-124,157],[7,315],[-185,765],[343,863],[-20,332],[80,112],[213,73],[7,129],[-93,123],[482,468],[6,154],[146,-142],[295,498],[23,309],[141,64],[200,-104],[194,417],[298,299],[272,423],[148,43],[143,266],[222,89],[30,105],[-90,263],[147,197]],[[82245,58103],[-23,-241],[156,21],[-85,-272],[249,-162],[12,-193],[169,-30],[59,-271],[126,63],[17,-178],[175,14],[220,-117],[58,-125]],[[83378,56612],[-277,94],[90,-136],[154,-54],[-61,-21],[25,-92],[79,28],[-24,-35],[139,-148],[6,-34],[-77,-48],[30,-193],[-91,-77],[72,-133],[-73,12],[18,-154],[-108,-42],[-8,51],[-47,8],[24,-187],[-108,2],[-73,-92],[89,-97],[-161,-247],[77,-63],[-166,-166],[99,-33],[-25,-253],[66,-55],[-54,-69],[42,-90],[105,19],[-11,-156],[95,20],[63,-159],[105,34],[-12,-114],[110,14],[51,-107],[166,-1],[42,65],[110,-98]],[[83346,46148],[-166,-151],[38,-243],[-111,-89],[-78,-204],[-261,-9],[-786,-554],[-105,258],[-300,25],[-78,179],[-129,50],[-4,256],[-263,46],[-95,89],[-68,229],[-111,82],[-135,524],[-192,21],[-78,191],[-81,374],[71,75],[-139,214],[64,381],[-157,175],[51,262],[133,58],[-16,79],[68,33],[-84,55],[-12,160],[-201,70],[-37,230],[-81,78],[136,274],[-64,307],[-300,163],[-409,-175],[-3,57],[-179,53],[-177,226],[19,89],[-176,125],[11,71],[-391,4],[-153,129],[-153,-90],[-58,101],[-96,53],[-38,-75],[-13,93],[-94,38],[-140,-129],[-97,67],[-71,-51],[-86,90],[-88,-30],[35,63],[-96,82],[-239,55],[-46,105],[-268,-110],[-93,38],[18,76],[-71,-65],[-71,111],[-160,-37],[-60,64]],[[29680,21815],[-2745,150]],[[26935,21965],[106,167],[-102,81],[54,51],[-32,92],[-104,77],[111,227],[-33,158],[64,48],[-50,124],[-87,-6],[-123,154],[-12,116],[62,31],[-94,193],[65,34],[-10,165]],[[26750,23677],[853,-48]],[[27603,23629],[1718,-97],[589,1637]],[[30940,24646],[219,317],[56,-77],[294,237],[178,-33]],[[31687,25090],[-1312,-3284],[-404,129],[-291,-120]],[[29396,26722],[-361,22],[-16,237],[-109,59],[43,46],[-57,60],[-221,-30],[-198,163],[-263,43],[-106,-48],[-252,144],[-126,-35],[-100,111],[-274,-80],[-112,198],[-35,363],[216,228],[-41,243],[-1868,0]],[[25516,28446],[99,224],[117,-12],[121,148],[80,-27],[79,266],[201,160],[-80,153],[75,43],[-72,37],[167,179],[-39,54],[112,31],[45,351]],[[83346,46148],[47,61],[-120,43],[-15,32],[69,-4],[-50,59],[50,50],[-135,-7],[86,60],[-37,56],[66,95],[-92,203],[75,90],[-41,-25],[-56,107],[80,149],[-98,163],[87,88],[-76,85],[110,287],[-101,480],[252,543],[-2,302],[-55,66],[64,185],[-50,59],[-19,-73],[-11,69],[69,139],[-82,110],[74,47],[-72,140],[150,241],[-30,272],[105,-46],[47,109],[-42,50],[86,95],[86,-25],[-4,71],[138,33],[32,118],[-60,140],[81,1],[4,125],[78,70],[-117,121],[3,165],[121,42],[-62,60],[91,96],[-73,61],[66,10],[37,129],[-130,188],[105,154],[-94,-38],[-44,61],[115,66],[-98,107],[117,146],[-89,-22],[20,138],[-105,230],[155,87],[-149,116],[41,105],[-62,61],[-7,202],[81,145],[-132,42],[-2,91],[100,56],[-63,125]],[[83859,53805],[279,138],[265,-330],[165,-42],[30,356],[219,266],[128,21],[30,-98],[-61,-53],[193,-165],[7,-88],[-86,-51],[115,-298],[-27,-128],[66,15],[25,-175],[74,-25],[-131,-46],[98,-189],[-127,-201],[58,10],[74,-239],[-65,-209],[148,-248],[-74,-186],[137,-180],[203,4],[416,-283],[334,110],[318,-88],[375,82],[424,244],[59,93],[-20,272],[976,259],[1000,-127],[-22,-56],[62,-19],[328,37],[901,595],[741,-341],[159,56],[416,-63]],[[92069,52435],[86,101],[149,-155],[46,62],[185,-9],[41,221],[170,-65],[66,85],[62,-43],[-40,91],[78,-40],[36,75],[60,-57],[54,41],[-15,-59],[87,205],[22,-63],[129,-1],[-12,-102],[132,-65],[-140,-754],[130,-76],[-70,-116],[76,-136],[111,-24],[54,123],[55,-53],[-30,-135],[60,-90],[-106,-153],[323,-593],[-75,-116],[-11,-223],[101,-195],[-201,-93]],[[93682,50023],[-151,-197],[-281,-125],[179,-298],[-62,-85],[-193,20],[109,-155],[-149,-48],[-141,-243],[241,-471],[-26,-71],[-152,34],[-142,-213],[-25,-120],[73,-158],[-151,-101],[-194,20],[-137,-233],[-293,-116],[47,-79],[-70,-121],[64,-100],[-125,-202],[187,-168],[-119,-87],[146,-323],[-332,-141],[-43,-105],[58,-227],[-317,-162],[-60,-192],[-172,-6],[110,-298],[-173,-176],[35,-213],[-151,46],[-206,-103],[-272,16],[125,-234],[-77,-242],[-286,-228],[-351,-160],[11,-114],[250,65],[60,-132],[-352,-318],[-38,-306],[-270,-237]],[[89866,42916],[-996,422],[-191,-19],[-250,426],[-338,92],[-321,-150],[-41,-94],[-184,-21],[-129,-235],[-65,63],[-257,-239],[-153,-17],[-194,106],[-396,-113],[-299,55],[-241,-224],[-301,-638],[48,254],[-241,121],[-101,345],[198,544],[-176,153],[56,391],[-131,228],[29,336],[-154,121],[9,316],[-225,98],[-78,220],[-170,60],[-120,192],[-324,261],[-189,-4],[-71,136],[-175,-27],[-75,67],[-221,-72],[-53,78]],[[78468,16272],[-50,-130],[38,-267],[-96,-68],[7,-151],[133,-126],[-94,-151],[115,-141],[290,-15],[30,-222],[190,-113],[-33,-147],[65,73],[75,-55],[-76,-63],[64,-153],[-81,-161],[-193,8],[102,-174],[-8,-126],[-74,-45],[-6,-114],[-120,40],[-10,-133],[-152,101],[-20,-71],[94,-108],[-118,6],[15,-132],[-149,-14],[-149,129],[-21,-266],[-221,131]],[[78015,13614],[-158,27],[89,93],[-93,-8],[-88,-70],[100,-90],[-143,2],[-6,-119],[-260,52],[-42,-99],[-226,13],[27,-69],[-83,-6],[19,-55],[-41,72],[-282,-51],[-216,117],[-366,-74],[22,157],[-131,119],[51,177]],[[32191,26375],[-45,-124],[-470,-255],[-99,-210],[-133,-70],[15,-73],[-314,-287],[-74,-551],[-131,-159]],[[30940,24646],[-200,-68],[-121,93],[-157,-8],[-63,105],[-229,58],[-21,121],[-177,-34],[28,156],[-90,100]],[[29910,25169],[-189,157],[-1,124],[-84,31],[-81,236],[-123,-10],[37,320],[-111,101],[230,161],[-192,433]],[[29396,26722],[187,316]],[[57555,59337],[471,197],[91,88],[13,153],[383,-410],[158,-112],[138,2],[380,-269],[68,-183],[123,-14],[-29,65],[132,124],[269,-315],[71,-238],[-36,-70],[306,-115],[188,66],[-11,181],[-140,178],[-4,174],[159,576],[243,368]],[[64399,57700],[-123,-88],[87,-47],[-88,-36],[-115,-268],[-387,-289],[-4,-71],[-194,-116],[3,-81],[-207,-167],[-204,-16],[-142,-106],[-513,37],[-310,-214],[-201,-19],[-270,-153],[-253,-14],[-305,-205],[-524,46],[-183,-248],[-590,-245],[-250,-29],[-41,-68],[-434,80],[-408,-98],[-378,-342],[15,-342],[-105,-202],[-243,-193],[-193,468],[56,203],[-42,168],[-205,15],[-253,-251],[-352,32]],[[40811,33724],[250,-381],[152,29],[4,-113],[-164,-165]],[[63940,16052],[80,3],[78,-158],[98,-7],[82,129],[204,-153],[187,256],[69,-51],[161,81],[20,-80]],[[64919,16072],[62,-223],[-35,-121],[155,-80],[298,79],[73,-90],[-19,-234],[-254,-83],[-216,-296],[117,-144],[-16,-200],[-149,-76],[-101,34],[-9,-96],[57,47],[95,-171],[111,79],[347,-133]],[[65435,14364],[-187,-1144]],[[45772,39309],[-386,-19],[-366,-180],[-278,80],[-255,-404],[-374,233],[-164,18],[-95,-66],[-226,83],[-187,-59],[-165,237],[41,443],[-116,72],[26,223],[174,137],[-11,58],[93,-28],[56,227],[-41,249],[-296,268],[-70,-19],[-68,161],[-198,65],[-206,-146],[-129,-361],[-289,-265],[-31,-133],[-487,-192],[-207,-256],[-98,-43],[-58,58],[-179,-94],[-172,105],[-207,-144],[-152,-242],[-200,72],[-361,-284],[-455,2],[-373,-204],[-232,19],[-276,-418],[-1182,286],[269,228],[315,521]],[[42892,47574],[119,-101],[-19,-243],[79,28],[54,-71],[-126,-71],[35,-210],[-151,-59],[53,-160],[-106,-203],[104,-158],[-82,-112],[169,-175],[-61,-107],[144,-63],[0,-146],[120,-42],[103,-194],[109,-393],[109,-11],[143,-178],[-77,-120],[126,-7],[-9,-334],[148,-459],[136,-94],[6,-483],[243,-59],[52,-258],[198,-32],[-17,-57],[107,-60],[23,-76],[-136,-140],[137,67],[83,-37],[-1,-254],[84,-188],[176,-170],[203,-50],[5,-112],[128,-71],[33,-138],[71,80],[155,-78],[-22,-89],[176,-32],[-67,-234],[198,-40],[-131,-106],[223,-258],[79,-637],[-289,-341],[94,-163],[-17,-183],[-57,-23],[146,-234],[-123,-126]],[[83177,72675],[-189,-270],[52,-76],[-75,-115],[27,-377],[-217,-30],[163,-172],[-112,2],[-138,-121],[-45,-70],[117,-93],[-169,-61],[182,-84],[-248,-152],[245,-159],[-9,-154],[101,-108]],[[82862,70635],[-176,4],[2,-90],[132,-62],[8,-162],[-167,-28],[87,-95],[-10,-134],[135,-91],[-148,-248],[109,-169],[-65,-187],[-123,-28],[101,-113],[-102,-149],[252,-183],[-61,-42],[-104,89],[-23,-76],[138,-88],[-75,-43],[-19,-182],[149,-73],[42,-125],[-160,-69],[86,-71],[-74,-52],[131,-301],[-125,-119],[10,-295],[-125,-21],[171,-426],[-125,-172],[77,-205],[-141,-114],[117,-83]],[[82786,66432],[-180,-24],[71,-39],[-27,-89],[-222,-281],[98,17],[-35,-158],[128,-46],[-77,-99],[-6,-201],[-53,40]],[[74598,67439],[-1,119],[215,376]],[[74812,67934],[133,693],[-103,161],[26,367],[317,307],[45,154],[-85,170],[-242,129],[43,618],[365,1355],[209,338],[300,22]],[[58911,19253],[100,311],[681,101],[360,199],[179,-26],[135,142],[5,96],[437,53]],[[60808,20129],[176,-6],[55,-67],[445,110],[103,-132],[276,168]],[[61863,20202],[123,-286],[-27,-185],[-150,-28],[-14,-243],[-195,-191],[-1568,-134],[-456,-144],[-135,77],[-131,-134],[-61,139],[-146,69],[-234,-333],[68,-184],[-154,-52]],[[58783,18573],[-92,6],[-86,184],[81,152],[-70,180],[256,36],[39,122]],[[8643,78606],[92,-22],[-21,-302],[-193,-441],[-223,-292],[125,-432],[-287,-257],[73,-101],[204,-63],[134,-472],[-275,-395],[-24,-240],[69,-65],[464,66],[-70,-220],[200,-167],[68,-181],[-57,-152],[-208,-43],[247,-338],[-50,-278],[-271,-295],[178,-562],[-93,-425],[104,-170],[-99,-294],[111,-219],[196,-150],[-40,-350],[58,-382],[358,-205],[309,-342],[-13,-138],[-89,-84],[156,-678],[-170,-260],[175,-451],[-43,-279],[141,-170],[162,-53],[59,-204],[330,25],[148,-252],[263,-167],[-198,-237],[-94,-293],[225,-343]],[[10774,67233],[-54,-176],[-165,-71],[-65,-189],[-122,-83],[144,-236],[-261,-442],[33,-87]],[[10284,65949],[-9556,35],[31,80],[146,-13],[22,204],[71,70],[45,395],[-87,25],[43,119],[-65,70],[33,362],[114,84],[-22,137],[80,129],[-66,138],[115,108],[78,-159],[132,15],[-62,499],[-66,72],[141,201],[-237,153],[42,196],[113,80],[24,244],[-93,124],[117,207],[-33,360],[120,261],[-112,106],[-15,394],[167,635],[-126,13],[41,125],[-224,145],[-41,335],[-89,32],[-38,149],[-154,24],[-126,145],[-46,87],[81,57],[-286,490],[24,370],[195,105],[-70,44],[10,155],[-377,186],[201,724],[-50,183],[250,193],[137,363]],[[816,75205],[968,1],[157,-163],[191,22],[270,-237],[80,117],[64,-45],[328,58],[43,131],[424,-98],[-236,179],[2,347],[-95,133],[65,103],[453,-150],[152,-132],[-19,-184],[291,-117],[63,-164],[414,-263],[-78,172],[140,83],[29,293],[215,16],[280,169],[70,-98],[140,77],[35,112],[105,4],[226,322],[99,33],[173,308],[488,410],[-13,82],[-108,-17],[-30,86],[406,519],[313,84],[182,154],[310,111],[6,95],[174,95],[-81,117],[159,74],[108,29],[27,-77],[259,-113],[-20,134],[122,-23],[17,115],[96,17],[-30,44],[129,114],[-80,145],[71,-14],[0,123],[95,34],[108,-72],[70,106]],[[65248,13220],[-52,-295],[-2258,934],[-280,-143],[-133,173],[-107,-106],[-181,-22],[43,-131],[-225,-237],[123,-306],[-257,-247],[-169,-47],[-96,-276],[80,-83],[-74,-171],[105,-244],[36,-3011]],[[61803,9008],[-547,-204],[-159,24],[-253,164],[-282,375],[-1027,-308],[-472,-11]],[[58398,14688],[-43,280],[57,33],[-1,140],[103,41],[3,123],[121,8],[10,129],[53,-7],[15,164],[-82,168],[69,135],[-39,119],[83,36],[47,152],[114,-14],[36,383],[202,-22],[28,55],[219,-110],[-9,58],[215,60],[-5,51],[72,-40],[189,256],[67,238],[498,232],[138,174],[261,-54],[340,369],[91,-49],[116,104],[287,51],[576,371],[118,-26],[359,158]],[[62706,18454],[-15,-378],[196,-241],[356,-96],[-57,-279],[-224,-165],[-116,-480],[204,-300],[112,89],[287,-272],[43,-306],[287,-56],[82,116],[79,-34]],[[63940,16052],[-33,-72],[163,-186],[-121,-69],[-71,-179],[120,-319],[-187,-120],[-39,-374],[-92,-137],[106,-167],[-219,-65],[-25,-188],[93,30],[46,-151],[141,-6],[89,-109],[1,-139],[79,-40],[-37,-76],[118,-20],[60,-148],[170,178],[100,-104],[191,76],[286,-195],[19,-125],[350,-127]],[[43391,23964],[-288,12],[-2,-152],[-97,-127],[-268,-132],[-58,83],[-152,-31],[-255,157],[-4,123],[-116,149],[-704,-435]],[[41447,23611],[466,610],[145,69],[80,157],[116,106],[56,-26],[179,221],[123,-140],[62,39],[169,-97],[96,129],[71,-67],[130,50],[231,-222],[250,-24],[67,-68],[-297,-384]],[[59236,35820],[12,-96],[205,-69],[79,-300],[77,86],[159,-15],[53,-143],[-56,-235]],[[59765,35048],[-92,-13],[-49,-219],[-132,-23],[23,-85],[-130,17],[80,-103],[-96,-36],[45,-102],[-93,-6],[-49,-281],[-214,-184],[-13,93],[-82,-115],[-58,51],[-19,-106],[-127,-61]],[[58759,33875],[-80,-97],[-162,2],[-9,-87],[-247,27],[-75,-63],[-6,-340],[-105,-157],[-104,-2],[-122,-361],[-104,-87],[-204,82],[-322,-110],[-10,-135],[-267,-137],[-216,-409],[20,-80],[-258,-79],[-367,12],[-636,326],[-460,359],[-139,-66],[-30,136],[-190,-122]],[[54666,32487],[-2504,-1606],[-285,-105],[-255,-269],[-205,-64],[41,-252],[-194,-227],[-266,-48],[-133,-162],[-41,129],[-80,-93],[-154,169],[-444,-294],[-332,-89],[-173,54],[-297,-267],[-95,9],[84,-239],[491,-707],[10,-147],[73,-36],[-26,-122],[-2627,545]],[[47254,28666],[-20,-98],[-204,-82],[-39,-112],[-346,-170],[-48,-161],[-74,58],[-122,-83],[-219,44],[-218,-304],[-181,99],[-291,-102],[13,-123],[-200,11],[-8,-108],[128,-96],[-153,-104],[143,-126],[14,-106]],[[45429,27103],[-310,230],[-249,-153],[-267,-51],[-97,-214],[-155,-61],[-2,-174],[-169,-350],[-147,-126],[-354,70],[-208,-207],[-137,-283],[-173,25],[-440,-562],[-1182,-1190],[-441,-629],[67,-39]],[[41165,23389],[-99,-22],[-119,122],[66,145],[-136,50],[-48,411]],[[40829,24095],[163,87],[-252,218],[-25,116],[85,21],[-105,90],[88,245]],[[40783,24872],[965,1450],[355,375],[-40,102],[181,154],[-49,136]],[[42195,27089],[244,202],[735,1329],[415,557],[686,672],[736,565],[423,197],[224,242]],[[45658,30853],[516,-211],[283,-17],[125,172],[270,-199],[142,244],[156,111],[-78,112],[134,107],[-76,63],[227,87],[26,109],[94,-15],[-6,105],[193,22],[209,-95],[43,163],[181,-4],[71,91],[142,-93],[6,-102],[91,16],[-30,-72],[124,-170],[335,32],[28,75],[265,44],[-30,58],[118,85],[209,-120],[42,100],[522,-142],[102,37],[9,111],[145,-73],[67,140],[95,-44],[43,98],[45,-79],[1,65],[75,-16],[8,120],[76,-110],[14,76],[60,-40],[62,300],[62,19],[-117,159],[106,39],[-149,151],[102,35],[-155,248],[246,326],[394,114],[104,-73],[14,118],[119,11],[-48,65],[69,7],[5,73],[73,-51],[0,168],[86,-26],[57,131],[58,8],[39,-117],[97,134],[98,-176],[87,58],[44,198],[95,-66],[96,136],[75,-98],[53,77],[75,-87],[19,60],[65,-24],[10,86],[181,-36],[58,125],[86,-17],[6,84],[129,-42],[-2,124],[274,65],[21,-57],[28,219],[185,28],[38,84],[67,-30],[16,135],[66,-64],[0,88],[84,-16],[33,101],[89,20],[82,-102],[-38,221],[83,-112],[50,191],[30,-138],[94,-47],[45,281],[126,-92],[50,77],[30,-135],[175,33],[42,-59],[29,74],[113,-74],[61,19],[-36,154],[106,-55],[6,142],[128,-136],[78,-4],[16,107],[30,-69],[15,145],[92,-85],[14,238],[144,-33],[18,-82],[37,69],[23,-90],[33,132],[76,-59],[52,67],[35,-95],[215,132],[112,-24],[70,245],[116,108],[-353,102]],[[75820,72248],[214,130],[41,270],[-159,201],[-71,833],[-40,71],[-118,5],[-40,140],[102,296],[-3,349],[636,629],[203,97],[71,337],[167,79],[92,272],[300,136],[223,233],[199,447],[373,264],[256,-3],[153,132],[261,80],[236,476],[-11,314],[106,142]],[[79011,78178],[3178,-238]],[[83860,74289],[39,-76],[-91,-120],[97,-76],[-111,-180],[24,-117],[-202,-132],[258,-301],[-469,-257],[-7,-235],[-101,-124],[-120,4]],[[83177,72675],[-66,106],[-445,-29],[-174,-110],[-112,-255],[-398,-124],[-336,-333],[-353,221],[-372,-227],[-191,183],[-485,83],[-212,-263],[-116,159],[-122,-148],[-360,25],[-741,-258],[-243,31],[-183,-171],[-269,-70],[-735,196],[-238,-38],[-54,-74],[-152,20],[-165,-141],[-95,106],[-11,151],[-158,-2],[-87,169],[-133,-46],[-75,135],[32,93],[-177,-52],[-46,89],[-143,-1],[58,148]],[[29583,27038],[-36,186],[80,208],[-299,106],[-228,303],[-107,971],[-177,404],[98,305],[142,103],[189,371],[-51,116],[42,166]],[[29849,30597],[121,-285],[-64,-210],[-130,-113],[-81,-350],[88,-373],[943,210],[597,-323],[60,-93],[-45,-237],[74,-87],[109,2],[171,-294],[2514,0],[-38,-58],[318,-220],[88,-486],[196,-320],[-15,-137],[-75,-48]],[[34680,27175],[-171,36],[-403,-144],[-707,54],[-123,-527],[-845,-368],[-240,149]],[[32191,26375],[-145,56],[-144,-88],[-209,24],[-172,144],[-14,137],[-851,-45],[-61,173],[-258,-12],[-263,189],[-251,-21],[-94,-107],[-146,213]],[[59236,35820],[-521,-274],[-226,185],[-207,-29],[-426,-295],[-57,241],[-264,234],[-207,-89],[-245,101],[-187,-169],[-179,99],[-169,-110],[-165,47],[-226,-194],[-128,-13]],[[56029,35554],[-116,-84],[-462,58],[-229,308],[-141,45],[73,144],[-153,288],[-207,140]],[[54794,36453],[-430,410],[-207,707],[-218,197],[-120,385],[-285,194],[-50,279],[-74,43],[140,403],[-59,142],[28,293],[-176,225],[-36,211],[69,50],[-219,181],[33,277],[-356,200],[37,461],[-65,142],[58,151],[-204,483],[-199,244],[-4,287],[-172,130],[22,110],[-190,268],[36,214],[-62,125],[-430,179],[-95,255],[-120,92],[58,55],[-90,10],[-15,91]],[[54601,43246],[117,-44],[-36,-332],[121,-143],[-126,-205],[168,-49],[178,173],[103,-11],[33,-558],[86,-193],[330,-74],[2,-171],[81,-40],[156,145],[49,-83],[-61,-96],[104,-126],[114,68],[120,-73],[102,113],[352,-200],[124,-250],[99,57],[-4,-104],[161,24],[125,-153],[93,140],[199,-108],[11,-241],[-139,-113],[146,-154],[-28,-124],[348,-173],[-14,-263],[189,-73],[-20,-62],[178,-204]],[[58062,39546],[114,-94],[-42,-240],[252,-170],[-56,-99],[-230,47],[-96,-37],[18,-62],[190,-45],[178,66],[82,-135],[-108,-153],[11,-177],[229,-225],[129,198],[7,-285],[218,-49],[1,-64],[-124,-50],[198,-137],[-180,-36],[82,-302],[-180,40],[77,-296],[-47,-300],[200,-21],[-28,-139],[176,25],[-90,-198],[100,-162],[-37,-92],[196,-224],[-66,-310]],[[94554,77071],[5445,-379],[-6,-120],[-340,-510],[-336,-1187],[-456,-390],[-42,-162],[-287,-370],[-58,-281],[82,-101],[69,-412],[-364,-1015],[42,-269],[-263,-330],[-223,-125],[-124,-590],[46,-206],[-294,-130],[-31,-548],[-125,-207],[-9,-160],[-56,-71],[-191,-19],[-170,-306],[-184,-157]],[[96679,69026],[-126,13],[14,-109],[-192,-160],[-173,24],[-11,127],[-124,-68],[-120,82],[-110,-47],[40,154],[-136,113],[-162,-71],[-488,52],[-303,-152],[-49,-204],[-168,-45],[-17,-103],[54,-42],[-18,84],[77,-10],[-10,-105],[-201,59],[-65,-73],[-268,-15],[-53,-136],[-122,-18],[4,-111],[-401,-115],[-120,-200],[-281,109]],[[93150,68059],[-3054,147]],[[90096,68206],[64,281],[-126,168],[45,299],[-128,275],[289,171],[106,-110],[187,31],[-181,450],[304,124],[47,76],[-70,217],[269,320],[-87,69],[-25,210],[-513,416],[378,139],[131,124],[432,1057],[311,128],[177,-5],[156,184]],[[71579,34024],[119,-50],[-8,-190],[150,-187],[-70,-67],[16,-209],[100,-51],[100,94],[116,-71],[117,-347],[248,-259],[130,-300],[-21,-359],[-122,-190],[-93,-519],[-160,-73],[-44,-235],[263,-95],[160,-152],[-61,-330],[568,-589],[30,-117]],[[73117,29728],[-2017,-876],[-395,-39],[-580,-793],[-399,-286],[-191,-55],[-19,-150],[-278,-327],[-244,114],[-311,-91],[-536,241],[-96,171],[-484,30]],[[67567,27667],[-155,26],[-34,68],[46,135],[-54,187],[126,448],[-440,237],[-174,341],[-136,44],[33,99],[-104,145],[-655,277],[-145,128],[-409,71],[-288,210],[1053,-31],[305,85],[215,249],[245,74],[95,156],[166,5],[808,432],[55,167],[279,152],[68,128],[238,21],[157,336]],[[68862,31857],[487,213],[210,347],[662,93],[389,190],[231,313],[-81,99],[87,162],[150,197],[141,7],[-15,103],[63,8],[-43,58],[155,24],[61,177],[220,176]],[[56761,14955],[358,-62],[171,89],[429,-106],[237,-376],[44,-259],[174,127],[-24,133],[147,-31],[-72,156],[173,62]],[[58398,14688],[302,-597],[-213,-87],[101,-153],[-220,-82],[61,-57],[-51,-84],[195,-196],[-146,-32],[123,-174],[-126,-41],[-34,-185],[-188,-97],[-26,-181],[183,75],[238,-91],[-96,-203],[232,37],[-150,-194],[43,-154],[-109,-126],[97,61],[92,-74],[0,-210],[158,68],[14,-124],[164,57],[-122,-122],[142,-103],[-72,-160],[83,-52],[-54,-107],[132,-42],[-162,-186],[71,-156],[-207,-42],[-113,-217],[108,-40],[-101,-202],[136,47],[-21,-162],[-78,-23],[-46,-140],[228,-81],[-191,-120],[-50,-215],[10,-126],[241,0],[-148,-397],[72,-163],[163,13]],[[59063,9048],[-205,-164],[-20,57],[-130,-5],[-68,-101],[51,-53],[-107,-56],[-158,20],[4,-60],[-208,-36],[-327,130],[-251,-172],[30,-65],[-248,-49],[20,-83],[-179,-87],[36,-37],[-169,-274],[-97,-30],[-41,61],[24,-69],[-72,-67],[-168,51],[-121,-158],[-165,-44],[57,-104],[-86,2],[-142,-174],[-21,-78],[73,-73],[-57,-6],[-2,-104],[-126,18],[-49,-82],[-23,45],[-255,-232],[-52,67],[-117,-81],[-182,74],[-56,-302],[-176,-129],[-252,14],[23,-118],[-35,37],[-99,-192],[-112,90],[-135,-90],[-139,60],[-195,-132],[-67,103],[-65,-41],[-5,60],[-134,39],[26,61],[-219,-33],[-72,60],[-54,-75],[-33,84],[-170,22],[-63,128],[-265,-83],[-17,-74],[-84,21],[43,-48],[-80,-63],[-127,10],[9,-156],[-51,101],[-48,-78]],[[52860,6305],[-10,7]],[[52850,6312],[965,9142],[-123,137],[-188,5],[-194,118],[-35,-43],[-121,144],[-246,-67],[-323,305],[-93,-34],[-173,271],[-255,-1],[-1710,1653],[-88,-12],[-17,85],[-60,-33],[29,-118],[-119,66],[-56,-93],[-119,35],[121,-101],[-271,-308]],[[49774,17463],[-396,760],[-389,566],[-73,520],[-380,448],[-102,434],[48,53],[-59,213],[39,191],[-118,285],[-165,125],[-78,189]],[[48101,21247],[435,14],[1780,650],[1604,-57],[343,-205],[175,109],[154,-3],[124,-205],[705,2],[-24,-167],[102,-24],[-356,-179],[-48,-140],[148,-55],[-110,-8],[127,-70],[-220,0],[170,-35],[-33,-83],[109,92],[-30,-115],[73,-38],[-60,-39],[131,-62],[-46,-47],[51,-117],[-159,16],[103,-86],[-218,-99],[76,-112],[-67,-1],[-90,-240],[134,-15],[-15,-92],[173,9],[54,120],[91,-65],[18,110],[112,-44],[20,211],[88,-17],[2,-139],[63,58],[9,-114],[91,56],[39,172],[168,108],[-35,-126],[-74,-14],[40,-187],[-148,-353],[-146,-101],[-116,-263],[77,-50],[81,85],[15,-98],[58,172],[263,195],[29,95],[43,-63],[118,18],[29,121],[134,5]],[[54465,19737],[31,-90],[-88,-16],[101,-78],[-114,-30],[-58,-213],[138,85],[-3,-91],[136,-127],[266,91],[-216,-221],[104,-38],[-24,-82],[113,35],[-23,-150],[249,103],[-69,-63],[93,-55],[-213,-78],[32,-210],[-79,-140],[106,-92],[-78,-168],[120,-21],[-147,-112],[-44,90],[-133,6],[-134,-311],[-156,-20],[-73,-167],[-322,-160],[-146,-152],[-124,-293],[-304,-108],[-39,-43],[163,18],[-20,-120],[93,-62],[-198,-226],[188,111],[0,-335],[301,129],[116,149],[-59,-312],[472,75],[72,-20],[-72,-140],[266,77],[73,-172],[131,64],[30,141],[148,-66]],[[55071,16129],[-115,-356],[-68,-31],[165,-86],[-94,-172],[-227,-7],[29,-102],[191,-119],[153,16],[-6,-129],[269,12],[37,-157],[197,315],[-37,-288],[249,47],[-195,-133],[56,-121],[-95,76],[-55,-33],[130,-93],[12,-172],[-55,-54],[109,-78],[-119,-67],[17,-89],[-119,-149],[269,55],[191,-143],[204,123],[395,-52],[-30,189],[-102,94],[219,-55],[2,-138],[85,30],[178,147],[-165,-18],[71,81],[-47,70],[244,161],[-17,112],[-88,-137],[-104,10],[92,114],[-152,-61],[16,214]],[[82245,58103],[8,120],[-220,215],[11,123],[-193,-92],[-20,145],[-133,99],[-68,-68],[-133,169],[-187,36],[-47,200],[-227,56],[-5,107],[-114,-103],[-106,77],[-43,-150],[-152,262],[-108,28],[-145,-90],[-63,88],[158,106],[-75,46],[-178,-93],[-189,34],[-107,-181],[-249,347],[-252,-105],[24,-132],[-91,-88],[-220,188],[-84,-82],[-195,101],[-201,307],[-94,-6],[-74,-226],[-247,150],[-181,234],[-44,-123],[-190,26],[-161,125],[-190,-55],[-55,85],[71,166],[-114,16],[18,-137],[-79,33],[-7,110],[-143,49],[-90,-151],[-308,357],[-91,-127],[-400,175],[-151,-369],[-110,138],[27,289],[-153,204],[103,239],[-191,21],[-170,-171],[-137,218],[-148,55],[-26,280],[-141,103],[-16,107],[-96,47],[-110,-101],[-171,71],[47,303],[130,-21],[58,116],[-165,92],[-41,-93],[-80,-4],[-55,120],[30,247],[-77,-53],[-282,157],[-14,265],[-126,-57],[-21,120],[-101,-15],[-58,152],[-315,301],[-77,-126],[-95,265],[62,39],[101,-81],[17,198],[-182,350]],[[73528,63880],[24,591],[-192,343],[4,150],[-222,161],[57,293],[-294,433],[-18,399]],[[72887,66250],[166,264],[535,543],[384,126],[272,-9],[295,116],[59,149]],[[74598,67439],[44,-93],[-98,-148],[111,-48],[127,-256],[131,4],[5,-123],[250,117],[272,-88],[164,69],[44,-95],[52,23],[217,-175],[105,-175],[217,-103],[131,-253],[-57,-106],[114,-270],[6,-244],[188,-47],[189,-287],[-7,-114],[196,-138],[25,63],[291,-114],[104,51],[261,461],[128,91],[445,-100],[320,-244],[227,97],[189,-71],[574,94],[139,-39],[74,-159],[271,-57],[393,131],[86,123],[35,-278],[189,52],[66,153],[241,190],[675,10],[751,209]],[[82483,65552],[98,-166],[78,-14],[-68,-41],[95,-150],[-79,2],[122,-42],[-27,-122],[72,23],[60,-102],[86,40],[84,-168],[-63,-49],[163,-106],[-10,-69],[44,44],[204,-128],[65,-171],[72,14],[-40,-306],[-64,-43],[99,-420],[191,-200],[196,-63],[6,-76],[171,-3],[28,-105],[126,-42],[30,-172],[-107,-153],[50,-31],[-23,-280],[120,-209],[-42,-65],[235,-461],[119,-61],[353,-519],[55,-206],[755,182],[622,-107],[159,117],[97,191],[192,38],[133,144],[506,65],[223,357],[-24,375],[54,117],[425,121],[168,256],[-7,150],[266,207],[158,236],[228,120],[7,434],[-291,251]],[[88653,64186],[7182,-1260]],[[95835,62926],[-109,-437],[-142,-212],[3,-322],[-97,-172],[39,-715],[-54,-238],[219,-390],[400,-24],[117,-181],[-75,-753],[-454,-430]],[[95682,59052],[-102,7],[-101,-123],[140,-137],[-56,-110],[-295,-184],[1,-151],[-125,-113],[-236,-8],[-121,-283],[-74,-20],[-25,-169],[-121,-130],[4,-250],[-134,-217],[-10,-338],[-144,-93],[21,-250],[-144,-90],[-19,-182],[-147,3],[66,-95],[-156,-38],[25,-159],[-163,-37],[55,-58],[-40,-39],[-111,-5],[-19,-138],[66,-73],[-165,-73],[-196,40],[-230,-174],[-356,-31],[-217,150],[-91,236]],[[92462,55720],[-155,207],[-276,186],[-70,208],[-187,135],[-160,-41],[-197,234],[-186,-15],[-621,-531],[-36,188],[327,250],[71,230],[435,345],[176,864],[543,342],[-165,19],[-122,138],[-420,-253],[-815,-71],[-340,-223]],[[90265,57932],[-35,291],[-149,-52],[-53,128],[-91,35],[76,62],[-47,501],[196,180],[549,77],[-10,444],[158,192],[-498,-39],[310,372],[-489,-105],[-193,-152],[-232,337],[54,172],[-144,95],[-70,-30],[-90,-354],[-210,-171],[-67,-392],[-1226,-83],[-103,-126],[-1019,-274],[-360,126],[-1949,-113],[-37,-338],[-91,-141],[-234,-108],[-392,116],[-351,260],[-410,21],[-238,-132],[-403,-561],[-172,-67]],[[22682,37798],[60,220],[123,-1],[-61,160],[79,-30],[50,89],[1,165],[-101,25],[102,83],[-37,182],[93,46],[125,381],[133,49],[22,163],[-193,490],[36,68],[-121,100],[65,131],[-59,64],[21,182],[-86,35],[-1,97],[121,34],[-93,77],[21,71],[108,40],[-148,142],[-43,206],[105,43],[-46,117],[93,62],[-124,217],[-161,104],[53,43],[-39,194],[83,75],[-93,70],[97,88],[-18,221],[104,66],[-131,147],[135,31],[-25,290],[106,12],[59,199],[-76,469],[-88,12],[31,168],[-105,92],[61,50],[-26,82],[-98,-3],[137,151],[-115,47],[-50,120],[201,571],[-41,65],[-65,-59],[-109,64],[159,335],[212,-106],[101,163],[16,83],[-192,108],[387,526],[-28,385],[-116,36],[-40,136],[118,31],[-96,45],[89,120],[4,206],[64,15],[11,284],[240,201],[54,454],[90,29],[15,163],[-144,437],[31,157],[-92,105],[52,218],[-154,422],[-34,435],[38,173],[162,213],[-15,254]],[[23686,50503],[-60,57],[124,142],[-67,461],[202,373],[-30,282],[177,217],[256,161],[76,221],[-43,245],[68,141],[-44,155],[87,442],[-263,687],[60,420]],[[24229,54507],[65,73],[209,22],[116,183],[258,106],[74,145],[310,195],[132,-41],[247,206],[91,292],[118,-93],[203,402],[160,-6],[141,91],[93,-57],[144,147],[106,-33],[55,252],[140,-59],[126,89],[5,212],[172,-115],[271,574],[178,33],[192,145],[84,-41]],[[27919,57229],[-156,-318],[35,-295],[-59,-205],[-167,-171],[97,-147],[-97,-105],[-33,-641],[153,-236],[-5,-170],[-95,-78],[-254,-663],[-127,-75],[11,-197],[123,-62],[64,-191],[174,26],[15,-123],[-85,-163],[29,-214],[164,-48],[53,-368],[197,-297],[-117,-361],[157,-322],[138,-33],[-224,-414],[128,-218],[57,-340],[120,-151],[7,-354],[119,-92],[-96,-227],[63,-125],[-17,-236],[79,-104],[-55,-244],[90,-103],[-69,-84],[151,-273],[245,-10],[12,-251],[113,-267],[112,-45],[135,-234],[85,31],[71,-71],[-30,-142],[56,-17]],[[29286,47801],[145,-275],[-82,-151],[15,-267],[93,-121],[-96,-148],[17,-488],[113,-237],[-71,-272],[33,-134],[-60,-32],[34,-188],[-242,-494],[60,-78],[-69,-25],[14,-140],[-86,-21],[-81,-158],[91,-148],[-210,-301],[-148,-1392],[-158,-149],[41,-80],[-98,-34],[-23,-96],[67,-76],[-154,-112],[46,-73],[-112,37],[-95,-213],[194,-258],[604,-1503],[129,-964],[589,-732],[581,-312],[809,-81],[-65,-287]],[[87425,56819],[71,378],[348,2],[525,174],[-107,381],[770,-529],[657,526],[409,8],[166,173]],[[90264,57932],[1,0]],[[90265,57932],[339,223],[815,71],[420,253],[122,-138],[165,-19],[-543,-342],[-176,-864],[-435,-345],[-71,-230],[-327,-250],[36,-188],[621,531],[186,15],[197,-234],[160,41],[187,-135],[70,-208],[276,-186],[155,-207]],[[92462,55720],[-394,127],[-305,-246],[-372,-118],[-219,37],[-651,-612],[-29,-467],[118,-110],[67,-219],[-129,-253],[-65,-352],[64,-158],[173,-92]],[[90720,53257],[-61,-51],[-137,48],[-95,177],[-148,-44],[-43,62],[-98,-47],[-95,58],[-84,458],[-168,352],[-76,-29],[-27,62],[118,303],[-70,146],[-232,78],[-174,263],[-278,147],[-599,698],[7,102],[-141,228],[-255,49],[-147,359],[-492,143]],[[51715,59066],[-119,353],[100,56],[144,-121],[72,90],[-4,157],[101,51],[-35,94],[-440,32],[63,414],[-196,66],[-106,323],[-143,157],[1,215],[-145,270],[158,314],[149,30],[-10,116]],[[50816,62946],[331,18],[394,-199],[50,93],[235,39],[263,163],[588,-77],[296,-500],[667,-414],[197,258],[184,62],[66,142]],[[54087,62531],[303,-287],[50,-322],[-63,-321],[146,-335],[214,-87],[48,60],[284,3],[15,-160],[311,-122],[178,-627],[68,-709],[1049,-41],[207,-222],[488,118],[170,-142]],[[57555,59337],[-100,-302],[-198,-194],[-30,-356],[-147,-155],[-429,-79],[-329,27],[-440,-508],[-117,-366],[-301,-102],[-159,-143],[-75,-181],[-307,-104],[-147,-142],[-59,-227],[93,-512],[-259,-250],[6,-77],[896,-2]],[[51399,43947],[-116,103],[-223,18],[-53,290],[-117,-24],[-98,141],[-106,1],[56,81],[-62,-6],[-112,185],[-131,14]],[[50437,44750],[-52,35],[80,85],[-76,85],[50,201],[-162,210],[156,270],[-86,189],[76,125],[-60,7],[20,138],[-104,88],[80,27],[-43,206],[141,-61],[22,76],[-135,14],[42,100],[-97,72],[31,130],[-143,-74],[24,417],[-125,152],[-2,205],[-133,125],[-9,157],[-99,78],[18,106],[-93,65],[-29,-47],[-14,144],[-156,18],[41,117],[-214,130],[134,196],[-101,16],[30,71],[-68,57],[72,153],[-76,104],[38,135],[-148,13],[-19,223],[-146,31],[-77,-94],[66,302],[84,62],[-116,36],[-39,317],[-115,-39],[-9,161],[-167,83],[-87,-52],[71,-15],[-70,-80],[-95,102],[49,175],[-242,237]],[[48854,52494],[86,61],[-67,37],[-22,226],[160,-50],[-66,146],[88,7],[30,128],[69,-44],[102,76],[-48,76],[94,381],[69,-22],[69,165],[57,-81],[276,250],[55,227],[197,219],[110,18],[-73,128],[175,105],[-67,99],[77,35],[9,-94],[85,11],[-20,165],[-72,42],[-6,175],[70,96],[-67,127],[135,-20],[-12,115],[-134,13],[87,78],[-145,42],[124,19],[-129,96],[83,70],[-76,87],[118,84],[-97,30],[30,88],[-58,44],[98,210],[-65,64],[96,2],[-91,205],[110,-69],[-49,150],[114,102],[-43,179],[114,140],[-92,134],[86,12],[-119,137],[25,120],[108,-8],[11,199],[62,-1],[8,97],[-87,-32],[25,122],[148,84],[-25,129],[144,-32],[78,78],[43,311],[85,-29],[-175,197],[24,110],[92,-64],[45,54],[-65,258],[132,-73],[-18,186],[71,-88],[156,-11],[-67,115],[153,14],[96,120],[133,30],[154,-126],[50,91]],[[51715,59066],[79,-36],[-99,-121],[165,51],[49,-33],[-48,-83],[157,22],[-81,-61],[231,-254],[-146,71],[-28,-52],[246,-270],[-162,-171],[194,-189],[-225,-64],[-145,-219],[203,16],[258,-125],[13,-79],[-170,-171],[170,-184],[-94,-171],[102,5],[119,-129],[-29,-151],[222,-50],[32,-190],[172,-163],[-62,-92],[30,-275],[178,-432],[514,-292],[15,-104]],[[54186,49045],[-147,-202],[3,-302],[105,-54],[98,-312],[169,-54],[-13,-86],[210,-179],[268,-470],[181,-134],[-91,-218],[90,-151],[-54,-63],[33,-231],[131,-119],[-48,-125],[48,-34]],[[55169,46311],[-189,-577],[79,-263],[-93,-336],[59,-470],[-207,-844],[118,-143],[-174,-112],[-24,-178],[-137,-142]],[[54601,43246],[-120,3],[-113,-119],[-93,114],[111,303],[-206,115],[-106,-191],[-109,26],[-184,219],[1,292],[-483,96],[-54,132],[-254,-3],[-205,-211],[-46,-307],[-241,-108],[-406,230],[-212,-140],[-228,76],[-140,179],[-114,-5]],[[40085,62496],[-87,190],[-244,-54],[-82,-115],[-197,43],[-75,75],[-6,249]],[[39394,62884],[239,100],[248,327],[317,84],[-195,268],[-41,288],[473,582],[151,68],[-144,251],[-38,461],[-78,6],[-184,456],[-185,128],[89,85],[142,-11],[-52,261],[100,1],[68,-140],[213,28],[116,-141],[56,113],[223,-19],[100,97],[174,-96],[-128,316],[215,-17],[49,-145],[203,155],[104,-171],[141,114],[164,-14],[29,-208],[113,-52],[184,64],[76,-132],[146,17],[28,192],[110,94],[-44,154],[125,15],[204,283],[54,366],[-619,784],[-149,426],[137,218],[0,342],[151,449],[-45,266],[86,286],[173,229],[102,25],[13,163],[300,302]],[[43108,70602],[37,-165],[113,-145],[45,26],[10,-95],[87,-5],[-2,-130],[97,-7],[-39,-61],[216,-208],[-3,-77],[236,-188],[30,77],[334,-39],[275,-131],[48,-185],[86,63],[116,-138],[332,-98],[138,-150],[312,-124]],[[45576,68822],[192,-187],[72,-908],[-370,-443],[-485,-223],[-181,-357],[-427,-384],[75,-209],[-252,-269],[-40,-145],[78,-123],[478,-302],[288,-363],[540,136],[323,-130],[697,72]],[[46564,64987],[1814,-755],[359,12],[279,-299],[309,-80],[99,-181],[174,5],[147,-125],[303,5],[405,-315],[324,-93],[39,-215]],[[50816,62946],[55,-415],[390,-616],[44,-232]],[[51305,61683],[-103,-2],[-330,-350],[-88,-649],[-198,-245],[-589,-280],[-98,172],[-132,-2],[-78,-233]],[[49689,60094],[-1452,-268],[-525,41],[-1729,786],[-401,79],[-908,-132],[-1127,372],[-841,-100],[6,388],[-296,-89],[-446,40],[-127,-117],[-223,159],[-216,48],[156,346],[-66,306],[83,334],[-37,121],[-392,-205],[-185,56],[-610,-42],[-90,218],[-178,61]],[[22288,35212],[-20,115],[69,42],[-130,86],[37,78],[-73,116],[103,347],[219,246]],[[22493,36242],[1,1]],[[22494,36243],[-101,253],[101,74],[-47,63],[100,34],[-51,97],[92,70],[-67,73],[86,42],[-49,52],[128,128],[-40,161],[105,-34],[-64,81],[64,154],[-61,21],[77,206],[-85,80]],[[22682,37798],[8429,0]],[[31111,37798],[-44,-52],[62,-100],[-75,-85],[56,-95],[-81,-28],[39,-118],[-96,-167],[70,-97],[-80,-100],[117,-62],[-55,-227],[40,-100],[-117,-119],[49,-129],[-127,-60],[-5,-146],[-132,-180],[-153,-41],[-88,-199],[-138,-55],[-70,-258],[-265,-209],[-186,-582],[-19,-399],[3479,816],[182,-39],[699,104]],[[34173,35071],[16,-111]],[[34303,34287],[183,-683],[-109,-490],[88,-24],[104,-185],[87,-8],[-33,-103],[93,-166],[159,-116],[82,18],[-18,110],[65,68],[123,-19],[-8,102],[67,-3],[105,187],[65,-13],[31,103],[-73,111],[68,-54],[42,52],[-14,-80],[107,-28],[169,158],[28,135],[112,44],[76,-64],[199,154],[92,192],[96,-77],[71,81],[39,-142],[248,123],[95,-144],[-80,-172],[141,5],[20,-179],[211,80],[311,-180],[66,98],[113,-31],[-61,86],[140,81],[172,-298],[-47,-149],[191,-85],[12,-112],[123,40],[93,-120],[337,64],[118,97],[287,-84],[275,69],[118,-64],[52,-281],[158,184],[214,-27],[8,260],[258,132],[139,-72],[243,122],[155,-161],[423,262],[121,3]],[[41053,33094],[-152,-255],[-119,7],[-81,-106],[-76,13],[23,-64],[-181,-26],[-47,-80],[-173,51],[-76,-59],[36,-153],[-90,-104],[-474,-206]],[[39643,32112],[27,-174],[-214,-171],[-93,10],[-195,-212],[-333,216],[-306,-10],[-252,-131],[3,-163],[-226,-53],[-55,-198],[-340,148],[-345,-33],[-293,-112],[-231,-352],[-257,109],[-342,-7],[-118,-33],[-135,-236],[-84,-18],[-239,120],[-131,-66],[-99,83],[-417,-282],[-76,-276],[-63,-24],[109,241],[-78,46],[190,180],[-48,160],[78,60],[37,-75],[175,35],[-174,122],[-189,-40],[-107,-215],[-150,-49],[-89,-137],[-131,17],[-167,-101],[-53,-196],[-192,-250],[44,-268],[-279,-85],[75,-125],[-30,-135],[169,-66],[38,-104]],[[34057,29262],[129,-178],[-27,-158],[94,-104],[-85,-144],[23,-109],[-107,55],[28,100],[-119,2],[-21,142],[-194,-58],[-254,369],[6,136],[-200,520],[-105,-3],[-77,60],[41,72],[-180,9],[-34,99],[-64,-18],[-55,75],[52,67],[-201,-28],[-68,-142],[-354,219],[-30,122],[-48,2],[15,-73],[-140,126],[-105,-42],[-214,282],[-783,146],[-248,229],[-230,73],[-332,-89],[-321,-424]],[[29849,30597],[-227,-26],[-386,-294]],[[29236,30277],[-325,43],[-78,136],[-222,60],[-26,245],[-278,125],[97,274],[-765,246],[-208,-150],[-142,-409],[-263,-69],[-7,-237],[-157,3],[-12,-126],[-186,-85],[-163,-273],[-80,-7]],[[26421,30053],[-214,249],[-39,242],[-185,154],[70,137],[-207,426],[-329,425],[-266,182],[-37,377]],[[22333,31581],[-195,31]],[[22138,31612],[107,78],[168,-50],[76,90]],[[22489,31730],[3,3]],[[22492,31733],[247,117],[21,233],[-125,168],[14,554],[-96,105],[-141,5],[68,99],[-31,293],[70,53],[-65,289],[106,127],[-70,76],[21,333],[105,224],[-77,313],[55,32],[-9,133],[-116,201],[-181,124]],[[44975,48242],[-343,70],[-319,-70],[-309,51],[-351,196],[-481,90],[-258,249],[-152,-2],[-162,-132]],[[40997,53704],[21,102],[178,-6],[130,-219],[43,42],[49,-158],[85,64],[8,-137],[217,-108],[143,-221],[116,-49],[130,117],[214,-136],[88,115],[45,-47],[181,126],[-2,100],[172,48],[27,93],[46,-58],[121,30],[47,108],[70,-74],[113,80],[14,-53],[59,86],[194,-70],[100,-181],[265,-54],[-64,-116],[114,-70],[133,121],[57,171],[183,-1],[133,-116],[159,62],[138,-58],[154,185],[283,68],[576,695]],[[45737,54185],[279,-158],[236,-14],[235,-570],[421,-352],[21,-139],[233,-299],[75,-280],[476,557],[133,-149],[326,-81],[148,40],[0,-244],[125,-62],[203,100],[206,-40]],[[48854,52494],[14,-72],[-62,18],[-9,-59],[53,-161],[-136,14],[50,-88],[-86,-35],[101,-75],[-150,-37],[81,-75],[-150,-125],[-7,-160],[115,-130],[-44,-61],[106,-53],[-23,-116],[63,-88],[-127,-96],[18,-121],[-134,-43],[18,-106],[-142,61],[-13,-70],[83,-27],[-94,-60],[90,-203],[-114,8]],[[48355,50534],[-361,-159],[-213,-332],[-290,-65],[-134,60],[-333,-102],[-140,-128],[-187,-303],[39,-118],[-289,-155],[-59,-329],[-238,-262],[-88,-354],[-110,-98],[-114,15],[-126,359],[-371,-487],[-366,166]],[[56723,68441],[33,217],[-156,256],[-131,72],[-11,171],[-199,208],[-9,131],[-124,84],[-85,333],[-374,232],[-248,62],[-199,213],[28,96]],[[56685,73168],[109,-73]],[[56794,73095],[1061,-719],[2736,-1042],[97,51],[38,-144],[108,48],[248,-102],[84,-141],[-102,-85],[177,-272],[22,-196],[-72,-23],[108,-289]],[[61299,70181],[-28,-182],[-174,-15],[-85,-99],[16,-233],[-112,-37],[-24,51],[-171,-170],[-132,68],[-72,-106],[-43,87],[-116,-62],[-149,61],[-186,-134],[-125,35],[-64,-163],[-83,-26],[-22,-318],[-137,-79],[-81,-262],[-173,-55],[-120,-135],[-220,88],[-294,-102],[-178,111],[-351,-89],[-846,77],[-90,-222],[-96,-22],[-364,83],[-56,110]],[[68623,17129],[-3,101],[-132,38],[230,59],[3,56],[-237,-1],[84,11],[0,61],[-142,9],[81,62],[-175,40],[112,144],[-98,47],[-75,-89],[-128,34],[86,101],[-25,146],[70,68],[93,-65],[206,316],[-170,266],[-155,14],[-306,432],[36,104],[142,-14],[108,77],[-10,-132],[63,-29],[66,101],[205,-5],[76,428],[172,66],[-148,160],[169,69],[137,361]],[[68958,20165],[165,212],[-298,444],[126,478],[-115,60],[79,146],[-74,29],[21,167],[233,89],[580,-118],[216,82],[259,-24],[280,227],[215,72],[-58,160],[100,155],[460,102],[179,444],[461,196],[700,-49],[188,-117],[266,41],[526,-63],[92,-342],[427,-61],[-3,-267],[269,-289],[27,-276],[188,5],[-26,-127],[218,3],[43,-70],[83,170],[269,-66],[109,58],[150,-91]],[[75313,21545],[-48,-74],[45,-136],[-100,-49],[241,-202],[-102,-80],[74,-133],[-20,-387],[-58,-133],[-132,-26],[-140,-138],[-81,-195],[54,-234],[192,-195],[-61,-101]],[[75177,19462],[-82,-63],[-76,103],[-278,-37],[-345,-197],[-97,-143],[-398,-20],[-101,-136],[-238,37],[-109,-92],[-141,-302],[25,-146],[-212,-87],[-155,-383],[65,-384],[131,-108],[6,-117],[-330,-318],[-350,-142],[9,-118],[146,-175],[-119,-136],[-289,84],[-287,361],[-214,36],[26,180],[-101,111],[-15,164],[-266,291],[-150,71],[-80,-56],[-163,36],[-244,190],[-91,-23],[46,-155],[-100,-87],[88,-85],[-159,-54],[-44,-247],[-122,-5],[-49,-215],[122,-29],[-165,-106],[-1,-70],[-176,92],[22,64],[-198,41],[-43,100],[-93,-15],[-46,135],[-209,-36],[33,68],[-50,28],[-887,-238]],[[78468,16272],[-228,29],[-151,-117],[-46,-182],[-122,-27],[-302,-264],[55,-37],[-83,-184],[157,-263],[-128,-201],[-203,-11],[-313,-191],[-109,-182],[-175,-107],[-221,-363],[-202,-95],[-38,-154],[-171,-121]],[[76188,13802],[-174,-38],[-179,105],[-7,75],[-462,-72],[-151,126],[-239,-15],[72,157],[-59,30],[-480,-140],[-286,45]],[[74223,14075],[-25,83],[-91,-7],[-74,247],[-152,82],[13,111],[-64,59],[68,76],[-73,104]],[[73825,14830],[171,361],[61,63],[242,2],[0,132],[85,41],[-55,79],[57,26],[6,23],[-74,56],[59,26],[-66,179],[51,45],[-80,79],[49,290],[-190,208],[54,215],[210,175],[23,182],[231,60],[125,215],[70,-49],[47,76],[115,-48],[127,66],[79,163],[171,-92],[124,146],[96,-56],[98,127],[-32,47],[182,66],[-23,113]],[[75838,17846],[127,84],[145,-74],[118,32],[-5,-58],[283,19],[84,77],[-113,115],[213,11],[36,93],[-96,190],[82,56],[125,-41],[-108,139],[26,51],[500,303],[24,-116],[38,63],[124,-143],[110,50],[-33,-209],[204,-76],[95,-181],[350,89],[185,-142],[293,108],[-8,-149],[60,-50],[136,97],[76,-155],[107,-32],[102,162],[268,-6],[-1,212],[113,87],[105,-165],[95,71],[171,-11],[49,-75],[252,-27],[10,-162],[86,-32],[38,-143]],[[80304,17908],[-243,-146],[-139,82],[-93,-70],[-5,-134],[-195,-82],[30,-547],[-187,-17],[-30,-61],[188,-296],[-131,-19],[-124,141],[-101,-186],[-186,-21],[-125,-141],[-291,63],[-204,-202]],[[64399,57700],[-905,-109],[-322,77],[-418,-88],[-225,196],[-500,22],[-198,-143],[-502,-98],[302,385],[191,68],[125,334],[-149,70],[-73,146],[-148,-30],[212,271],[-46,233],[113,470],[-237,-57],[-211,-204],[-204,-70],[-206,467],[-89,58],[-275,-23],[-106,108]],[[60528,59783],[132,742],[-160,292],[104,265],[72,4],[-103,133],[119,93],[-71,130],[138,184],[-58,279],[57,156],[111,44],[-106,9],[-24,152],[105,-11],[-69,192],[75,63],[-73,65],[117,43],[-65,134],[70,125],[-34,58],[72,-2],[-98,70],[19,93],[-81,106],[33,97],[-53,63],[115,-5],[-87,106]],[[60785,63463],[223,74],[84,226],[128,-15],[9,185],[225,-26],[-8,137],[122,-13],[53,105]],[[61621,64136],[157,-68],[178,-356],[69,-300],[-34,-172],[146,-227],[-103,-305],[41,-170],[191,-343],[204,-205],[247,145],[63,142],[208,168],[224,354],[-3,168],[266,-146],[244,44],[125,-237],[107,-82],[188,-6],[133,-137],[866,448],[104,199],[110,53],[406,-68],[173,164],[316,3],[41,96],[389,139],[75,97],[51,-69],[238,62],[158,-94],[-7,55],[168,88],[544,15],[305,-94],[-14,-59],[221,28],[91,-116],[251,-47],[-35,-127],[120,-32]],[[68843,63144],[-68,-43],[-97,-451],[-334,-258],[38,-212],[-79,-39],[106,-38],[-126,-86],[75,-207],[-80,-57],[78,-75],[-211,-190],[67,-61],[-66,-166],[73,-57],[-164,-35],[-8,-99],[-127,-44],[-46,56],[-233,-8],[-244,-254],[-65,70],[-72,-65],[-89,41],[-116,-257],[-92,46],[-12,-158],[-142,17],[58,-116],[-103,-110],[-137,40],[-117,-219],[-201,-9],[-204,-170],[-184,-45],[17,-85],[-132,-70],[29,-95],[-110,5],[-52,-197],[-90,-48],[31,-80],[-136,-283],[-101,29],[24,-138],[-169,-73],[-69,-328],[-55,35],[-34,-126],[-101,-7],[6,-75],[-242,-278],[-199,-70],[30,-54],[-95,-44],[8,-111],[-82,-92]],[[22333,31581],[272,108],[787,629],[864,-121],[803,-24],[155,72]],[[25214,32245],[-44,-595],[-123,-208],[113,-225],[-2,-196],[-323,-469],[146,-315],[-596,-1057],[-73,-405],[48,-330]],[[24360,28445],[-228,-124],[-33,-101],[89,-365],[-65,-866],[-145,4],[-92,-110],[-130,20],[-320,-178],[-19,-101],[68,10],[139,-147],[121,2],[-81,-133],[75,-203],[-7,-274],[-143,-207],[-329,-147],[-34,-79],[-363,-27],[194,-385],[-55,-280],[-88,-40],[53,-181],[-123,-39],[-24,-107],[-261,-237],[-294,102],[1,-173]],[[22266,24079],[-101,252],[-304,338],[-506,346],[32,327],[282,108],[-183,198],[-269,61],[-122,347],[124,43],[116,-118],[223,-62],[223,387],[131,-93],[-6,92],[139,-30],[157,136],[321,-74],[189,-197],[193,7],[73,461],[192,300],[24,190],[209,165],[-262,635],[-220,87],[-139,209],[-79,650],[136,361],[-113,952],[114,852],[-507,572]],[[48100,21260],[-109,168],[-126,-18],[-180,-237],[-468,186],[16,224],[-172,208],[3,256],[447,464],[-40,220],[-92,-28],[-1849,580],[-249,-61],[-206,-160],[-148,118],[-423,-490],[-179,441],[274,404]],[[44599,23535],[84,90],[291,48],[438,605],[203,105],[230,-6],[153,216],[264,-3]],[[46262,24590],[672,675]],[[46934,25265],[320,-272],[87,-421],[-112,-161],[-18,-238],[248,-128],[159,-264],[146,-92],[-81,-142],[186,-103],[72,-220],[194,-29],[69,-166],[-87,-178],[92,-242],[93,-39],[152,114],[309,-276],[-2,-319],[-377,-131],[89,-218],[-67,-234],[-138,-138],[-144,2],[-24,-110]],[[55453,55664],[173,-225],[292,-92],[252,81],[320,-123],[417,71],[98,-156],[-26,-86],[58,-3],[-101,-15],[-8,-115],[115,-160]],[[57043,54841],[4,-167],[53,-17],[-134,-64],[0,-205],[231,-232],[-51,-54],[68,-65],[-58,-29],[228,-372],[-57,-91],[111,-203],[-39,-73],[142,-127],[-96,-314],[-135,-95],[-32,-627],[-150,-166],[-3,-179],[-113,-228],[-90,-36],[-21,-194],[-87,2],[-37,-186],[-183,-35],[-37,50],[-142,-207],[-306,-23],[-68,-83],[101,-75],[-29,-181],[-157,-133],[-228,-54],[-7,-110]],[[55721,50268],[-51,-146],[-480,-468],[-237,-48],[-108,-112],[-189,-471],[205,-305],[-21,-223],[-409,83],[-69,115],[22,211],[-198,141]],[[54186,49045],[-26,80],[86,76],[-58,16],[19,99],[-367,291],[47,188],[-139,49],[-20,253],[-512,380],[-154,400],[54,172],[-81,186],[30,228],[317,327],[55,300],[123,173],[-23,386],[-210,240],[-187,568],[49,185],[-43,243],[53,46],[-83,131],[-117,-48],[-32,50],[40,699],[103,89],[341,-17],[124,235]],[[53575,55070],[96,-26],[156,85],[156,-108],[204,35],[83,-106],[103,149],[279,-42],[219,-305],[582,912]],[[91862,72830],[-105,103],[-338,25],[-422,165],[-490,-263],[-269,143],[-284,334],[94,100],[8,199],[-418,-47],[-490,474],[-74,-66],[-482,73],[-323,-219],[3,-67],[-205,10],[-128,73],[-210,332],[-290,113],[-97,-52],[-58,250],[-299,-40],[-76,101],[-120,-27],[-144,-193],[49,-113],[-103,-135],[-264,44],[-102,92],[-455,-81],[-425,147],[-71,-94],[-66,94],[-40,-74],[-334,100],[-189,189],[-268,-172],[-144,71],[4,69],[-377,-199]],[[83860,74289],[-226,110],[-98,297],[-281,185],[-135,-68],[-41,363],[-149,-32],[-124,-189],[-238,101],[49,272],[-136,339],[15,679],[-197,227],[168,152],[113,-136],[177,121],[10,384],[-144,216],[-68,-153],[-306,11],[-199,113],[-31,79],[111,71],[175,-51],[227,47],[-96,310],[-179,72],[-68,131]],[[82189,77940],[12365,-869]],[[94554,77071],[13,-624],[170,-15],[180,-482],[210,-181],[101,-260],[-21,-250],[1420,-759],[-407,-1188],[344,-494],[250,-77],[-31,-91],[190,-478],[-85,-35],[-19,95],[-237,2],[-88,57],[7,98],[-139,-43],[-28,89],[-345,35],[-84,-68],[-114,51],[-93,-115],[-138,8],[-76,116],[-89,-30],[-171,218],[-159,-64],[-82,138],[-220,-109],[-388,107],[-183,-103],[-73,62],[-204,-41],[-95,89],[-98,-14],[-6,228],[-209,249],[-194,68],[-350,-238],[-127,63],[-43,-122],[-53,42],[-85,-134],[-232,-54],[-107,-112],[-137,9],[-77,150],[-290,-34]],[[53147,74023],[108,650]],[[53255,74673],[214,-170],[91,-208],[224,12],[159,-271],[199,4],[341,-360],[357,-41],[220,-184],[663,374],[87,294],[189,213],[136,-228],[-117,-131],[3,-137]],[[56021,73840],[208,-577],[-38,-160],[139,-38],[35,200],[320,-97]],[[56685,73168],[-11,-540],[111,-218],[-147,-130],[33,-391],[-296,-235],[-221,-589],[-379,-423],[-67,-233],[-274,103],[-155,-56],[-31,60]],[[55248,70516],[-87,147],[-322,232],[-197,8],[-276,174],[-63,467],[-182,395],[-30,476],[-98,90],[22,186],[-103,203],[152,169],[-91,162],[-278,205],[-83,272],[-269,266],[-196,55]],[[34303,34287],[-114,673]],[[34189,34960],[502,155],[163,474],[342,339],[326,31],[253,-303],[439,71],[406,292],[256,42],[142,212],[182,88],[108,-19],[120,-228],[93,-41],[1005,152],[397,-204],[160,33],[299,250],[197,-131],[293,162],[50,-44],[-40,-232],[207,-125],[457,42],[437,292],[162,-11]],[[41145,36257],[-109,-71],[362,-238],[333,-343],[-29,-146],[79,-135],[-124,-320],[15,-500],[-72,-81]],[[41600,34423],[-65,-86],[-110,2],[-130,-183],[-523,-278],[39,-154]],[[40811,33724],[-132,11],[-103,172],[-102,-87],[-1003,115],[-109,-72],[-44,135],[63,108],[-65,16],[-470,-190],[-420,-77],[-295,36],[-177,-84],[74,456],[-153,-19],[-191,213],[-159,-47],[-34,305],[-322,-199],[-381,405],[-65,-231],[46,-138],[-551,199],[-74,98],[6,-102],[-115,-81],[-15,-112],[-127,-64],[3,-115],[-174,239],[-237,22],[91,-231],[-110,-174],[-241,-163],[-280,255],[-63,-310],[57,-279],[-206,138],[-80,247],[-350,168]],[[38156,39597],[-641,649],[-39,376],[82,185],[-30,116],[92,89],[-40,84],[140,243],[-35,200],[-139,-8],[-139,134]],[[37407,41665],[187,288],[-270,2],[-670,-229],[-802,-19],[2,512],[-112,138],[-91,538],[-257,175],[-125,188],[-143,-25],[-49,90],[80,125],[7,316],[72,75],[-40,139],[180,173],[183,355],[193,107],[94,218],[95,52],[-54,65],[133,56],[80,197],[83,32],[-28,88],[97,164],[105,4],[-10,212]],[[36347,45701],[130,50],[-2,69],[182,39],[164,194],[193,6],[-39,43],[78,144],[191,76],[315,370],[183,39],[-1,117],[151,183],[-8,177],[73,8],[-89,45],[81,138],[-33,89],[63,29],[-24,206],[91,126],[-677,684],[-354,795],[39,350],[88,155],[-79,98],[47,116],[-115,94],[-36,484],[-119,134],[-97,324],[78,560],[-68,486],[-243,170],[-28,173],[-200,82],[-5,90],[-322,70],[-53,201],[-232,22],[-235,265],[-316,116],[128,129],[-106,52],[-78,272],[-162,34],[85,285],[-233,98],[-155,230],[-295,26],[-125,101]],[[34178,54545],[265,270],[183,63],[281,329],[310,99],[11,253],[109,1],[352,271],[166,51],[332,-191],[890,-129],[-173,334],[128,422],[-175,191],[62,346],[-134,501],[70,167],[-21,248],[298,229],[44,162],[-25,276],[-180,462],[85,222]],[[37056,59122],[156,-37],[207,128],[96,-196],[-136,-114],[159,-266],[372,154],[505,-456],[124,-197],[339,-176],[84,-437],[195,-383],[185,-702]],[[39342,56440],[96,-172],[1,-248],[254,-301],[311,-678],[-53,-277],[145,-46],[108,-135],[1,-168],[86,-75],[-41,-219],[337,-305],[194,-34],[60,-111],[110,72],[46,-39]],[[40997,53704],[-214,-154],[88,-188],[-35,-285],[94,-112],[-41,-185],[189,-77],[43,-205],[-136,-101],[88,-117],[-51,-162],[83,-83],[9,-313],[-135,-114],[230,-28],[-54,-166],[49,-145],[134,40],[138,-69],[70,-392],[-75,-64],[-9,-173],[314,-269],[29,-152],[164,-32],[-8,-233],[108,-101],[64,-232],[248,-170],[-4,-316],[223,-412]],[[42600,48694],[94,-40],[82,-240],[-91,-213],[58,-118],[-50,-90],[199,-419]],[[42892,47574],[-112,-240],[-72,45],[-167,-112],[-431,-512],[-73,-182],[20,-186],[-283,-438],[-72,-251],[45,-56],[-174,-161],[0,-118],[-143,-159],[-391,-202],[7,-231],[-106,-147],[17,-199],[-229,-126],[-100,-344],[-166,-214],[3,-140],[69,-21],[-108,-215],[70,-79],[-81,-269],[20,-54],[83,31],[-59,-59],[51,-27],[-25,-129],[169,-166],[-58,-208],[46,-23],[-60,-40],[78,-98],[-277,-356],[-69,19],[-18,143],[-254,-12],[-109,-259],[-280,-118],[30,-60],[-244,-368],[-76,-299],[-251,-54],[-16,-128],[-85,-11],[-68,-144],[-221,-10],[-83,-124],[-159,-3],[-84,-109],[20,-201],[-238,-269],[-22,-284]],[[35357,72873],[-21,458],[111,155],[28,198],[84,-2],[-105,201],[81,64],[-16,201],[-46,-6],[38,134],[-187,271],[16,186],[-156,138],[42,321],[-80,-71],[-6,86],[-82,-21],[-97,142],[34,88],[-176,159],[111,227],[-57,220],[106,71],[-19,53],[-150,134],[-172,-4],[77,110],[-28,65],[-182,-28],[216,351],[-8,96],[517,545],[-47,155],[-432,279]],[[34751,77849],[145,167],[56,-115],[121,73],[123,-341],[198,-23],[-11,-131],[311,-207],[113,144],[336,122],[114,137],[424,71],[210,355],[145,-59],[270,135],[365,-37],[118,-541],[-75,-173],[107,-162],[236,3],[-20,-265],[216,-126],[-26,173],[147,141],[91,-56],[171,51],[34,-81],[122,102],[165,-45],[-47,386],[83,35],[19,183],[128,160],[34,393],[173,48],[109,451],[202,201],[-46,117],[50,93],[168,31],[45,-52],[2,108],[242,190],[16,103]],[[40135,79608],[63,-89],[265,-37],[-4,-135],[124,46],[34,-123],[161,56],[13,-165],[138,14],[-19,-117],[215,-52],[22,-240],[108,-58],[-12,-115],[80,-63],[-96,-176],[132,-62],[165,-417],[117,-92],[-65,-142],[108,-108],[-78,-149],[23,-131],[154,-144],[142,23],[-20,-196],[-121,-65],[129,-284],[87,-45],[-33,-107],[-110,58],[-34,134],[-269,-40],[-159,-240],[152,-137],[-27,-147],[-364,-261]],[[41156,75802],[-20,-145],[152,-112],[-61,-299],[218,-355],[-63,-133],[115,-81],[-339,-119],[-161,-364],[-165,-100],[166,-66],[105,-196],[99,46],[42,-49],[-160,-52],[38,-128],[-87,-137],[75,-115],[9,-318],[101,-137],[-89,-31],[131,-227],[-331,-138]],[[40931,72546],[-591,-144],[-181,-109],[-214,75],[-180,-112],[-494,30],[-81,-122],[-332,245],[-360,84],[-8,-53],[-317,234],[-309,-95],[-163,38],[-166,-88],[-197,31],[-136,-233],[40,277],[-600,229],[-412,-177],[-373,-41],[-326,149],[-82,114],[-92,-5]]]}