{"type":"Topology","objects":{"data":{"geometries":[{"properties":{"cd_mun_ibge":"3100104"},"type":"MultiPolygon","arcs":[[[-283,0,-194,-921]]],"id":0},{"properties":{"cd_mun_ibge":"3100203"},"type":"MultiPolygon","arcs":[[[-138,-1083,-1339,-820,-1430]]],"id":1},{"properties":{"cd_mun_ibge":"3100302"},"type":"MultiPolygon","arcs":[[[-1482,-1997,-1443,-107,-841,-1198,-2136,-625,-1749]]],"id":2},{"properties":{"cd_mun_ibge":"3100401"},"type":"MultiPolygon","arcs":[[[-803,-29,-1347,-417,-246]]],"id":3},{"properties":{"cd_mun_ibge":"3100500"},"type":"MultiPolygon","arcs":[[[-866,-644,-53,-408,-387,-1614,-1835,-393,-1251,-974,-33]]],"id":4},{"properties":{"cd_mun_ibge":"3100609"},"type":"MultiPolygon","arcs":[[[-2029,-100,-13,-775,-361,-531,-1948,-1648]]],"id":5},{"properties":{"cd_mun_ibge":"3100708"},"type":"MultiPolygon","arcs":[[[-2381,1,-162]]],"id":6},{"properties":{"cd_mun_ibge":"3100807"},"type":"MultiPolygon","arcs":[[[-210,-85,-188,-37]]],"id":7},{"properties":{"cd_mun_ibge":"3100906"},"type":"MultiPolygon","arcs":[[[-206,-1034,-642,-367,-768]]],"id":8},{"properties":{"cd_mun_ibge":"3101003"},"type":"MultiPolygon","arcs":[[[-1189,-12,-1606,-227,-35,-1918,-994,2,-253]]],"id":9},{"properties":{"cd_mun_ibge":"3101102"},"type":"MultiPolygon","arcs":[[[3,-961,-1337,-1722,-571]]],"id":10},{"properties":{"cd_mun_ibge":"3101201"},"type":"MultiPolygon","arcs":[[[-39,-5,-22,-222,-875,-2169,-2141,-130]]],"id":11},{"properties":{"cd_mun_ibge":"3101300"},"type":"MultiPolygon","arcs":[[[-38,-536,-23,4]]],"id":12},{"properties":{"cd_mun_ibge":"3101409"},"type":"MultiPolygon","arcs":[[[-597,5,-11]]],"id":13},{"properties":{"cd_mun_ibge":"3101508"},"type":"MultiPolygon","arcs":[[[-147,-793,-1746,-728,-2529,6]]],"id":14},{"properties":{"cd_mun_ibge":"3101607"},"type":"MultiPolygon","arcs":[[[-2161,-256,-20,-8,-123,-86,-88,-322,-1119,-770]]],"id":15},{"properties":{"cd_mun_ibge":"3101631"},"type":"MultiPolygon","arcs":[[[-1463,-2133,-237,-27]]],"id":16},{"properties":{"cd_mun_ibge":"3101706"},"type":"MultiPolygon","arcs":[[[-1193,-262,-24,-591,-1553,-635]]],"id":17},{"properties":{"cd_mun_ibge":"3101805"},"type":"MultiPolygon","arcs":[[[-2334,-106,-287,-333,-391]]],"id":18},{"properties":{"cd_mun_ibge":"3101904"},"type":"MultiPolygon","arcs":[[[-44,-1154,-1870,-1945,-125,-1018]]],"id":19},{"properties":{"cd_mun_ibge":"3102001"},"type":"MultiPolygon","arcs":[[[-915,-1014,-160,-124,7,-19]]],"id":20},{"properties":{"cd_mun_ibge":"3102050"},"type":"MultiPolygon","arcs":[[[8,-300,-97,-1420]]],"id":21},{"properties":{"cd_mun_ibge":"3102100"},"type":"MultiPolygon","arcs":[[[-238,-2131,-98,-1493,-150,-52,-279,-863]]],"id":22},{"properties":{"cd_mun_ibge":"3102209"},"type":"MultiPolygon","arcs":[[[-2257,-179,-1335,-481]]],"id":23},{"properties":{"cd_mun_ibge":"3102308"},"type":"MultiPolygon","arcs":[[[-1804,-269,-30,-801,-135,-1582,-1517]]],"id":24},{"properties":{"cd_mun_ibge":"3102407"},"type":"MultiPolygon","arcs":[[[-2175,-1563,-267,-165]]],"id":25},{"properties":{"cd_mun_ibge":"3102506"},"type":"MultiPolygon","arcs":[[[-624,-1203,-2261,-1350,-1053]]],"id":26},{"properties":{"cd_mun_ibge":"3102605"},"type":"MultiPolygon","arcs":[[[9,-1330,-75,-457,-1706,-1064,-598,10]]],"id":27},{"properties":{"cd_mun_ibge":"3102704"},"type":"MultiPolygon","arcs":[[[-856,-1607,11,-1188]]],"id":28},{"properties":{"cd_mun_ibge":"3102803"},"type":"MultiPolygon","arcs":[[[-1265,-1674,-740,-42,-16,-735,-2138,-2167,-2069,-774]]],"id":29},{"properties":{"cd_mun_ibge":"3102852"},"type":"MultiPolygon","arcs":[[[-2086,-776,12,-99]]],"id":30},{"properties":{"cd_mun_ibge":"3102902"},"type":"MultiPolygon","arcs":[[[-441,-28,-1783,-36,-1717]]],"id":31},{"properties":{"cd_mun_ibge":"3103009"},"type":"MultiPolygon","arcs":[[[-340,-196,-2275,-599,-1798,-1001,-1640]]],"id":32},{"properties":{"cd_mun_ibge":"3103108"},"type":"MultiPolygon","arcs":[[[-319,-2311,13]]],"id":33},{"properties":{"cd_mun_ibge":"3103207"},"type":"MultiPolygon","arcs":[[[-192,-629,-2184,-1136]]],"id":34},{"properties":{"cd_mun_ibge":"3103306"},"type":"MultiPolygon","arcs":[[[-865,-2218,-1785,-1048,-1094]]],"id":35},{"properties":{"cd_mun_ibge":"3103405"},"type":"MultiPolygon","arcs":[[[-1356,-1079,-108,-1031,-621,-355,-2498,-197,-569]]],"id":36},{"properties":{"cd_mun_ibge":"3103504"},"type":"MultiPolygon","arcs":[[[-2341,14,-133,-316,-474,-2387]]],"id":37},{"properties":{"cd_mun_ibge":"3103603"},"type":"MultiPolygon","arcs":[[[-43,-736,15]]],"id":38},{"properties":{"cd_mun_ibge":"3103702"},"type":"MultiPolygon","arcs":[[[-91,-626,-2134,-1197,-342,-880,-296]]],"id":39},{"properties":{"cd_mun_ibge":"3103751"},"type":"MultiPolygon","arcs":[[[16,-2339,-908,-141]]],"id":40},{"properties":{"cd_mun_ibge":"3103801"},"type":"MultiPolygon","arcs":[[[-121,-2287,-850,-1506]]],"id":41},{"properties":{"cd_mun_ibge":"3103900"},"type":"MultiPolygon","arcs":[[[-1236,-1764,-41,-721,-1021]]],"id":42},{"properties":{"cd_mun_ibge":"3104007"},"type":"MultiPolygon","arcs":[[[-2237,-1572,-1239,-442]]],"id":43},{"properties":{"cd_mun_ibge":"3104106"},"type":"MultiPolygon","arcs":[[[-927,-421,17]]],"id":44},{"properties":{"cd_mun_ibge":"3104205"},"type":"MultiPolygon","arcs":[[[-1087,-464,-758,-614,-1759,-348,-204]]],"id":45},{"properties":{"cd_mun_ibge":"3104304"},"type":"MultiPolygon","arcs":[[[-255,-69,-916,18,19]]],"id":46},{"properties":{"cd_mun_ibge":"3104403"},"type":"MultiPolygon","arcs":[[[-1744,-2100,-812,-1928,-729]]],"id":47},{"properties":{"cd_mun_ibge":"3104452"},"type":"MultiPolygon","arcs":[[[-2028,-520,-101]]],"id":48},{"properties":{"cd_mun_ibge":"3104502"},"type":"MultiPolygon","arcs":[[[-2411,-2397,-64,-350,-145,-2419,-1467]]],"id":49},{"properties":{"cd_mun_ibge":"3104601"},"type":"MultiPolygon","arcs":[[[-235,-423,-1306,-2361,-1538,-272,-524]]],"id":50},{"properties":{"cd_mun_ibge":"3104700"},"type":"MultiPolygon","arcs":[[[-2264,-120,20,-997,-505,-1966,-363,-1073]]],"id":51},{"properties":{"cd_mun_ibge":"3104809"},"type":"MultiPolygon","arcs":[[[-710,-61,-242,-893,-1774,-193]]],"id":52},{"properties":{"cd_mun_ibge":"3104908"},"type":"MultiPolygon","arcs":[[[-169,-2063,-223,21,22,-535,-1383,-137]]],"id":53},{"properties":{"cd_mun_ibge":"3105004"},"type":"MultiPolygon","arcs":[[[-373,-631,-1664,-1688,-588,-848]]],"id":54},{"properties":{"cd_mun_ibge":"3105103"},"type":"MultiPolygon","arcs":[[[-281,-1315,-2014,-852,-2244,-200,-760,-463]]],"id":55},{"properties":{"cd_mun_ibge":"3105202"},"type":"MultiPolygon","arcs":[[[-657,-592,23,-261,-828,24]]],"id":56},{"properties":{"cd_mun_ibge":"3105301"},"type":"MultiPolygon","arcs":[[[-48,-81,-76,-1328]]],"id":57},{"properties":{"cd_mun_ibge":"3105400"},"type":"MultiPolygon","arcs":[[[-1853,-1589,-73,-45]]],"id":58},{"properties":{"cd_mun_ibge":"3105509"},"type":"MultiPolygon","arcs":[[[-957,-1173,25,-1100]]],"id":59},{"properties":{"cd_mun_ibge":"3105608"},"type":"MultiPolygon","arcs":[[[-440,-1896,-1391,-31,-110,-1464,26,-236,-1599,-1049,27]]],"id":60},{"properties":{"cd_mun_ibge":"3105707"},"type":"MultiPolygon","arcs":[[[-1485,-1348,28,-802,29,-268]]],"id":61},{"properties":{"cd_mun_ibge":"3105905"},"type":"MultiPolygon","arcs":[[[-1390,-275,30]]],"id":62},{"properties":{"cd_mun_ibge":"3106002"},"type":"MultiPolygon","arcs":[[[-504,-1002,-1796,-1516,-649]]],"id":63},{"properties":{"cd_mun_ibge":"3106101"},"type":"MultiPolygon","arcs":[[[-834,-2202,31,-1596,-673]]],"id":64},{"properties":{"cd_mun_ibge":"3106200"},"type":"MultiPolygon","arcs":[[[-1007,-1006,-1005,-55,-455,-186,-1474,-2476,-1632,-1560]]],"id":65},{"properties":{"cd_mun_ibge":"3106309"},"type":"MultiPolygon","arcs":[[[-867,32,-976,-439,-62,-489,-1684]]],"id":66},{"properties":{"cd_mun_ibge":"3106408"},"type":"MultiPolygon","arcs":[[[-618,-1270,-46,-56,-889,-1068,-175]]],"id":67},{"properties":{"cd_mun_ibge":"3106507"},"type":"MultiPolygon","arcs":[[[-662,-212,-398,-2500,-357,-144]]],"id":68},{"properties":{"cd_mun_ibge":"3106606"},"type":"MultiPolygon","arcs":[[[-2391,-766,-1623,-330,-1488,-1102,33]]],"id":69},{"properties":{"cd_mun_ibge":"3106655"},"type":"MultiPolygon","arcs":[[[-2228,-1919,34,-226]]],"id":70},{"properties":{"cd_mun_ibge":"3106705"},"type":"MultiPolygon","arcs":[[[-185,-453,-2080,-809,-1937,-670,-298]]],"id":71},{"properties":{"cd_mun_ibge":"3106804"},"type":"MultiPolygon","arcs":[[[-674,-1225,-741,-1718,35,-1782]]],"id":72},{"properties":{"cd_mun_ibge":"3106903"},"type":"MultiPolygon","arcs":[[[-1231,-672,-143,-1931,-1536,-811,-424]]],"id":73},{"properties":{"cd_mun_ibge":"3107000"},"type":"MultiPolygon","arcs":[[[-2292,-944,-1081]]],"id":74},{"properties":{"cd_mun_ibge":"3107109"},"type":"MultiPolygon","arcs":[[[-87,-126,-469,-415,-211,36,-187,-1653,-90]]],"id":75},{"properties":{"cd_mun_ibge":"3107208"},"type":"MultiPolygon","arcs":[[[-537,37,38,-129,-733,-1146,39]]],"id":76},{"properties":{"cd_mun_ibge":"3107307"},"type":"MultiPolygon","arcs":[[[-1039,-244,-60,-654,-290,-152,-933,-379,-419,-507,-50,-2344,-117,-245]]],"id":77},{"properties":{"cd_mun_ibge":"3107406"},"type":"MultiPolygon","arcs":[[[-764,-278,-822,-722,40,-1763,-892]]],"id":78},{"properties":{"cd_mun_ibge":"3107505"},"type":"MultiPolygon","arcs":[[[41,-739,-1037,-1524,-1711,-1148,-737,42]]],"id":79},{"properties":{"cd_mun_ibge":"3107604"},"type":"MultiPolygon","arcs":[[[-1991,-595,-1155,43,-1017]]],"id":80},{"properties":{"cd_mun_ibge":"3107703"},"type":"MultiPolygon","arcs":[[[-72,-666,-503,-1854,44]]],"id":81},{"properties":{"cd_mun_ibge":"3107802"},"type":"MultiPolygon","arcs":[[[-205,-1276,-815,-2279,-115,-2425,-291,-114,-1439]]],"id":82},{"properties":{"cd_mun_ibge":"3107901"},"type":"MultiPolygon","arcs":[[[-308,-79,-2095,-59,-472,-2302]]],"id":83},{"properties":{"cd_mun_ibge":"3108008"},"type":"MultiPolygon","arcs":[[[-985,-458,-465,-1248,-1739,-1047,-2058]]],"id":84},{"properties":{"cd_mun_ibge":"3108107"},"type":"MultiPolygon","arcs":[[[45,-1269,-220,-1498,-57]]],"id":85},{"properties":{"cd_mun_ibge":"3108206"},"type":"MultiPolygon","arcs":[[[-1619,-51,-264,-977,-2398,-2409,-1466]]],"id":86},{"properties":{"cd_mun_ibge":"3108255"},"type":"MultiPolygon","arcs":[[[46,-902,-173,-611]]],"id":87},{"properties":{"cd_mun_ibge":"3108305"},"type":"MultiPolygon","arcs":[[[-471,-1059,-502,-2110,-174,-1378,-309,-2304]]],"id":88},{"properties":{"cd_mun_ibge":"3108404"},"type":"MultiPolygon","arcs":[[[47,-1332,48,-67,-258,-82]]],"id":89},{"properties":{"cd_mun_ibge":"3108503"},"type":"MultiPolygon","arcs":[[[-660,-723,-2345,49,-510,-400,-213]]],"id":90},{"properties":{"cd_mun_ibge":"3108552"},"type":"MultiPolygon","arcs":[[[-1618,-65,-650,-2401,-263,50]]],"id":91},{"properties":{"cd_mun_ibge":"3108602"},"type":"MultiPolygon","arcs":[[[-191,-1913,-84,-2365,-750,-1814,-615,-1156,-878]]],"id":92},{"properties":{"cd_mun_ibge":"3108701"},"type":"MultiPolygon","arcs":[[[-280,51,-149,-2120,-1407,-2105]]],"id":93},{"properties":{"cd_mun_ibge":"3108800"},"type":"MultiPolygon","arcs":[[[52,-647,-338,-277,-409]]],"id":94},{"properties":{"cd_mun_ibge":"3108909"},"type":"MultiPolygon","arcs":[[[53,-1123,-171,-70,-1301,-1296]]],"id":95},{"properties":{"cd_mun_ibge":"3109006"},"type":"MultiPolygon","arcs":[[[-1497,-558,-459,-1939,-810,-2082,-452,54,-1004,-506,-887,55,56]]],"id":96},{"properties":{"cd_mun_ibge":"3109105"},"type":"MultiPolygon","arcs":[[[57,-939,-1061,-473,58,-2094,-951]]],"id":97},{"properties":{"cd_mun_ibge":"3109204"},"type":"MultiPolygon","arcs":[[[-715,-655,59,-243,60]]],"id":98},{"properties":{"cd_mun_ibge":"3109253"},"type":"MultiPolygon","arcs":[[[61,-438,-116,-490]]],"id":99},{"properties":{"cd_mun_ibge":"3109303"},"type":"MultiPolygon","arcs":[[[-2396,62,-351,63]]],"id":100},{"properties":{"cd_mun_ibge":"3109402"},"type":"MultiPolygon","arcs":[[[-689,-2446,-1305,-2444,-712,-2324,-1841,-651,64,-1617,-1355,-445]]],"id":101},{"properties":{"cd_mun_ibge":"3109451"},"type":"MultiPolygon","arcs":[[[65,-2394]]],"id":102},{"properties":{"cd_mun_ibge":"3109501"},"type":"MultiPolygon","arcs":[[[66,67,-967,-917,68,-259]]],"id":103},{"properties":{"cd_mun_ibge":"3109600"},"type":"MultiPolygon","arcs":[[[-353,-487]]],"id":104},{"properties":{"cd_mun_ibge":"3109709"},"type":"MultiPolygon","arcs":[[[-1298,69,-172,-183,-310,-1381,-1730]]],"id":105},{"properties":{"cd_mun_ibge":"3109808"},"type":"MultiPolygon","arcs":[[[70,-92,-104]]],"id":106},{"properties":{"cd_mun_ibge":"3109907"},"type":"MultiPolygon","arcs":[[[-2182,-1130]]],"id":107},{"properties":{"cd_mun_ibge":"3110004"},"type":"MultiPolygon","arcs":[[[71,72,-1588,-1479,-1435,-1557,-2246,-667]]],"id":108},{"properties":{"cd_mun_ibge":"3110103"},"type":"MultiPolygon","arcs":[[[-324,-113,-302,73]]],"id":109},{"properties":{"cd_mun_ibge":"3110202"},"type":"MultiPolygon","arcs":[[[-156,-2487,-1988]]],"id":110},{"properties":{"cd_mun_ibge":"3110301"},"type":"MultiPolygon","arcs":[[[-1702,-456,74,-1329,75,-83]]],"id":111},{"properties":{"cd_mun_ibge":"3110400"},"type":"MultiPolygon","arcs":[[[-548,-1818,-95]]],"id":112},{"properties":{"cd_mun_ibge":"3110509"},"type":"MultiPolygon","arcs":[[[-321,-553,-78,-203,-1126,-384,-2071,76]]],"id":113},{"properties":{"cd_mun_ibge":"3110608"},"type":"MultiPolygon","arcs":[[[77,-552,-2096,78,-312,-182,-201]]],"id":114},{"properties":{"cd_mun_ibge":"3110707"},"type":"MultiPolygon","arcs":[[[-80,-2320,-168,-636,-705]]],"id":115},{"properties":{"cd_mun_ibge":"3110806"},"type":"MultiPolygon","arcs":[[[-362,-1257,-603,-529]]],"id":116},{"properties":{"cd_mun_ibge":"3110905"},"type":"MultiPolygon","arcs":[[[79,-704,-1858,-897,-2314]]],"id":117},{"properties":{"cd_mun_ibge":"3111002"},"type":"MultiPolygon","arcs":[[[80,81,-257,-2159,-769,-1325,-499,-1703,82]]],"id":118},{"properties":{"cd_mun_ibge":"3111101"},"type":"MultiPolygon","arcs":[[[-1394,-157,-546,-1826,-582,-2406,-1734,-435,-572]]],"id":119},{"properties":{"cd_mun_ibge":"3111150"},"type":"MultiPolygon","arcs":[[[-2366,83,-1912,-190,-1352]]],"id":120},{"properties":{"cd_mun_ibge":"3111200"},"type":"MultiPolygon","arcs":[[[-990,-189,84,-209,-96,-1678,-94]]],"id":121},{"properties":{"cd_mun_ibge":"3111309"},"type":"MultiPolygon","arcs":[[[85,-122,86,-89]]],"id":122},{"properties":{"cd_mun_ibge":"3111408"},"type":"MultiPolygon","arcs":[[[-370,-158,-1392,-2469,-161,-1287]]],"id":123},{"properties":{"cd_mun_ibge":"3111507"},"type":"MultiPolygon","arcs":[[[-1503,-1866,-1732,-199,-2242,-1401,-443]]],"id":124},{"properties":{"cd_mun_ibge":"3111606"},"type":"MultiPolygon","arcs":[[[-2329,-1121,-323,87,88,89,-1652]]],"id":125},{"properties":{"cd_mun_ibge":"3111705"},"type":"MultiPolygon","arcs":[[[-1985,-1202,-623,90]]],"id":126},{"properties":{"cd_mun_ibge":"3111804"},"type":"MultiPolygon","arcs":[[[-906,-577,-105,91,92,-142]]],"id":127},{"properties":{"cd_mun_ibge":"3111903"},"type":"MultiPolygon","arcs":[[[-991,93,-1677,-1247]]],"id":128},{"properties":{"cd_mun_ibge":"3112000"},"type":"MultiPolygon","arcs":[[[94,-1817,-1675,95,-208,-345]]],"id":129},{"properties":{"cd_mun_ibge":"3112059"},"type":"MultiPolygon","arcs":[[[-1926,-2001,-1184]]],"id":130},{"properties":{"cd_mun_ibge":"3112109"},"type":"MultiPolygon","arcs":[[[-248,-747,-1421,96,-305]]],"id":131},{"properties":{"cd_mun_ibge":"3112208"},"type":"MultiPolygon","arcs":[[[-1700,-1490,97,-2130,-112,-109]]],"id":132},{"properties":{"cd_mun_ibge":"3112307"},"type":"MultiPolygon","arcs":[[[-519,-2464,-2348,-873,98,99,100]]],"id":133},{"properties":{"cd_mun_ibge":"3112406"},"type":"MultiPolygon","arcs":[[[-450,-134,-1398,-2037,-2062,101]]],"id":134},{"properties":{"cd_mun_ibge":"3112505"},"type":"MultiPolygon","arcs":[[[-299,-2188,-1426,-846]]],"id":135},{"properties":{"cd_mun_ibge":"3112604"},"type":"MultiPolygon","arcs":[[[102,103,104,-576]]],"id":136},{"properties":{"cd_mun_ibge":"3112653"},"type":"MultiPolygon","arcs":[[[-288,105,-2333,-542]]],"id":137},{"properties":{"cd_mun_ibge":"3112703"},"type":"MultiPolygon","arcs":[[[-1883,-607,-360,-937]]],"id":138},{"properties":{"cd_mun_ibge":"3112802"},"type":"MultiPolygon","arcs":[[[-1942,-1869,-2429,-1314,-412]]],"id":139},{"properties":{"cd_mun_ibge":"3112901"},"type":"MultiPolygon","arcs":[[[106,-1442,-2474,-785,-842]]],"id":140},{"properties":{"cd_mun_ibge":"3113008"},"type":"MultiPolygon","arcs":[[[-1363,-1032,-136,-516,-1025,107,-1078]]],"id":141},{"properties":{"cd_mun_ibge":"3113107"},"type":"MultiPolygon","arcs":[[[-111,-214,-1701,108]]],"id":142},{"properties":{"cd_mun_ibge":"3113206"},"type":"MultiPolygon","arcs":[[[-1465,109,-274,-1388,-692,-131,-215,110,111,-2129]]],"id":143},{"properties":{"cd_mun_ibge":"3113305"},"type":"MultiPolygon","arcs":[[[-326,-1208,-1830,-341,-249,-303,112]]],"id":144},{"properties":{"cd_mun_ibge":"3113404"},"type":"MultiPolygon","arcs":[[[-470,-482,-493,-2207,-1592,-1712,-1591,-1440,113,-292,-2426,114,-2278,-495,-1686,-491,115,-437,-478,-2373,-1262]]],"id":145},{"properties":{"cd_mun_ibge":"3113503"},"type":"MultiPolygon","arcs":[[[-2466,-523,-2113,-239,116,-2343]]],"id":146},{"properties":{"cd_mun_ibge":"3113602"},"type":"MultiPolygon","arcs":[[[-1726,-2017,-2196,-1861,-436,-982]]],"id":147},{"properties":{"cd_mun_ibge":"3113701"},"type":"MultiPolygon","arcs":[[[-2388,117,-972,118,119,-2274,-1182,-207]]],"id":148},{"properties":{"cd_mun_ibge":"3113800"},"type":"MultiPolygon","arcs":[[[-276,-336,-166,-265,-2124]]],"id":149},{"properties":{"cd_mun_ibge":"3113909"},"type":"MultiPolygon","arcs":[[[-2438,-2332,-993,-718,-476,-752,-1786,-2316]]],"id":150},{"properties":{"cd_mun_ibge":"3114006"},"type":"MultiPolygon","arcs":[[[-127,-1045,-1820,-551,-155]]],"id":151},{"properties":{"cd_mun_ibge":"3114105"},"type":"MultiPolygon","arcs":[[[-2050,-271,-219,-1043,-638,-167,-2213,-1982]]],"id":152},{"properties":{"cd_mun_ibge":"3114204"},"type":"MultiPolygon","arcs":[[[-1845,-461,-563,-556,-514,-153,-252]]],"id":153},{"properties":{"cd_mun_ibge":"3114303"},"type":"MultiPolygon","arcs":[[[-1505,-2155,-1160,-695,-1165,-2288,120]]],"id":154},{"properties":{"cd_mun_ibge":"3114402"},"type":"MultiPolygon","arcs":[[[121,122,123,-159,-1019,124,-1944,-411,-467,125]]],"id":155},{"properties":{"cd_mun_ibge":"3114501"},"type":"MultiPolygon","arcs":[[[-1142,-1046,126,-154,-512,-1280]]],"id":156},{"properties":{"cd_mun_ibge":"3114550"},"type":"MultiPolygon","arcs":[[[127,-743,-581]]],"id":157},{"properties":{"cd_mun_ibge":"3114600"},"type":"MultiPolygon","arcs":[[[-987,-1889,-773,-2067,-874,-221,-755,-584]]],"id":158},{"properties":{"cd_mun_ibge":"3114709"},"type":"MultiPolygon","arcs":[[[-1327,-772,-2351]]],"id":159},{"properties":{"cd_mun_ibge":"3114808"},"type":"MultiPolygon","arcs":[[[-734,128,129,-2140]]],"id":160},{"properties":{"cd_mun_ibge":"3114907"},"type":"MultiPolygon","arcs":[[[130,-691,-294,-1434,-216]]],"id":161},{"properties":{"cd_mun_ibge":"3115003"},"type":"MultiPolygon","arcs":[[[131,-405,-317,132]]],"id":162},{"properties":{"cd_mun_ibge":"3115102"},"type":"MultiPolygon","arcs":[[[-449,-232,-1152,-559,-1399,133]]],"id":163},{"properties":{"cd_mun_ibge":"3115201"},"type":"MultiPolygon","arcs":[[[-986,-2056,-1532,-1891]]],"id":164},{"properties":{"cd_mun_ibge":"3115300"},"type":"MultiPolygon","arcs":[[[-732,-526,-273,-429,-884,-1655,-709]]],"id":165},{"properties":{"cd_mun_ibge":"3115359"},"type":"MultiPolygon","arcs":[[[-800,-1583,134]]],"id":166},{"properties":{"cd_mun_ibge":"3115409"},"type":"MultiPolygon","arcs":[[[-565,-1072,-1290,-708]]],"id":167},{"properties":{"cd_mun_ibge":"3115458"},"type":"MultiPolygon","arcs":[[[-517,135,-2271]]],"id":168},{"properties":{"cd_mun_ibge":"3115474"},"type":"MultiPolygon","arcs":[[[-909,-844,-1092]]],"id":169},{"properties":{"cd_mun_ibge":"3115508"},"type":"MultiPolygon","arcs":[[[-1382,-2215,-170,136]]],"id":170},{"properties":{"cd_mun_ibge":"3115607"},"type":"MultiPolygon","arcs":[[[-1080,137,-1429,-2294]]],"id":171},{"properties":{"cd_mun_ibge":"3115706"},"type":"MultiPolygon","arcs":[[[-375,-250,-860,-789,-1907,138,-180,-1838]]],"id":172},{"properties":{"cd_mun_ibge":"3115805"},"type":"MultiPolygon","arcs":[[[139,140,-907,141]]],"id":173},{"properties":{"cd_mun_ibge":"3115904"},"type":"MultiPolygon","arcs":[[[-198,-382,-1932,142,-677]]],"id":174},{"properties":{"cd_mun_ibge":"3116001"},"type":"MultiPolygon","arcs":[[[-284,-1979,-164,-959,-701]]],"id":175},{"properties":{"cd_mun_ibge":"3116100"},"type":"MultiPolygon","arcs":[[[-725,-659,143,-356,-622,-1029,-872]]],"id":176},{"properties":{"cd_mun_ibge":"3116159"},"type":"MultiPolygon","arcs":[[[-1810,-1279,-2420,144,-349,145,-609]]],"id":177},{"properties":{"cd_mun_ibge":"3116209"},"type":"MultiPolygon","arcs":[[[146,147,-1670,-794]]],"id":178},{"properties":{"cd_mun_ibge":"3116308"},"type":"MultiPolygon","arcs":[[[-1492,-2121,148,149]]],"id":179},{"properties":{"cd_mun_ibge":"3116407"},"type":"MultiPolygon","arcs":[[[-446,150]]],"id":180},{"properties":{"cd_mun_ibge":"3116506"},"type":"MultiPolygon","arcs":[[[151,-289,-358,-627,-1873,-934]]],"id":181},{"properties":{"cd_mun_ibge":"3116605"},"type":"MultiPolygon","arcs":[[[-550,-251,152,-513,153,154]]],"id":182},{"properties":{"cd_mun_ibge":"3116704"},"type":"MultiPolygon","arcs":[[[-1834,-1177,-2488,155,-1987,-295]]],"id":183},{"properties":{"cd_mun_ibge":"3116803"},"type":"MultiPolygon","arcs":[[[-522,-364,-1975,-1925,-1179,-1531]]],"id":184},{"properties":{"cd_mun_ibge":"3116902"},"type":"MultiPolygon","arcs":[[[-547,156,-1393,157,-369]]],"id":185},{"properties":{"cd_mun_ibge":"3117009"},"type":"MultiPolygon","arcs":[[[-1549,-1576,-1609,-855,-567]]],"id":186},{"properties":{"cd_mun_ibge":"3117108"},"type":"MultiPolygon","arcs":[[[-1020,158,159]]],"id":187},{"properties":{"cd_mun_ibge":"3117207"},"type":"MultiPolygon","arcs":[[[-639,-1041,-218,-1210,-981]]],"id":188},{"properties":{"cd_mun_ibge":"3117306"},"type":"MultiPolygon","arcs":[[[-1320,-1288,160,-2468,-2374,161,162]]],"id":189},{"properties":{"cd_mun_ibge":"3117405"},"type":"MultiPolygon","arcs":[[[163,-1978,-1680,-492,-2232,-960]]],"id":190},{"properties":{"cd_mun_ibge":"3117504"},"type":"MultiPolygon","arcs":[[[-176,-1662,-388,-230,-1414,-2176,164,-266,165,-335,-2043,-1771,-949,-1691]]],"id":191},{"properties":{"cd_mun_ibge":"3117603"},"type":"MultiPolygon","arcs":[[[-720,-1313,-1050,-1111,-460,-1848,-1023]]],"id":192},{"properties":{"cd_mun_ibge":"3117702"},"type":"MultiPolygon","arcs":[[[166,-637,167,-2319,-2064,168,169,-2214]]],"id":193},{"properties":{"cd_mun_ibge":"3117801"},"type":"MultiPolygon","arcs":[[[170,-1129,-184,171]]],"id":194},{"properties":{"cd_mun_ibge":"3117836"},"type":"MultiPolygon","arcs":[[[172,-901,-885,-511,-612]]],"id":195},{"properties":{"cd_mun_ibge":"3117876"},"type":"MultiPolygon","arcs":[[[-1224,-698,-2480,-1947]]],"id":196},{"properties":{"cd_mun_ibge":"3117900"},"type":"MultiPolygon","arcs":[[[-1379,173,-2109,-501,-307]]],"id":197},{"properties":{"cd_mun_ibge":"3118007"},"type":"MultiPolygon","arcs":[[[-1055,-178,-1788,-619,174,-1067]]],"id":198},{"properties":{"cd_mun_ibge":"3118106"},"type":"MultiPolygon","arcs":[[[-1690,-1663,175]]],"id":199},{"properties":{"cd_mun_ibge":"3118205"},"type":"MultiPolygon","arcs":[[[-1569,176,-234,-2378]]],"id":200},{"properties":{"cd_mun_ibge":"3118304"},"type":"MultiPolygon","arcs":[[[-1789,177,-1057,-564,-1696,-217,-1432]]],"id":201},{"properties":{"cd_mun_ibge":"3118403"},"type":"MultiPolygon","arcs":[[[-1724,-1336,178,-2256,-543,-2337,-376,-1839,179,180,-224,-381,-1458]]],"id":202},{"properties":{"cd_mun_ibge":"3118502"},"type":"MultiPolygon","arcs":[[[-202,181,-311,182,183,-1128]]],"id":203},{"properties":{"cd_mun_ibge":"3118601"},"type":"MultiPolygon","arcs":[[[-454,184,-297,-1475,185]]],"id":204},{"properties":{"cd_mun_ibge":"3118700"},"type":"MultiPolygon","arcs":[[[186,187,188,-989,-1650]]],"id":205},{"properties":{"cd_mun_ibge":"3118809"},"type":"MultiPolygon","arcs":[[[-687,-444,-1353,189,-1914,190,-877,-935,-1876]]],"id":206},{"properties":{"cd_mun_ibge":"3118908"},"type":"MultiPolygon","arcs":[[[-1135,-228,-1658,-630,191]]],"id":207},{"properties":{"cd_mun_ibge":"3119005"},"type":"MultiPolygon","arcs":[[[-1856,-2353,-771,-1117,-286,-898]]],"id":208},{"properties":{"cd_mun_ibge":"3119104"},"type":"MultiPolygon","arcs":[[[-1773,-229,-947,-332,-2326,-711,192]]],"id":209},{"properties":{"cd_mun_ibge":"3119203"},"type":"MultiPolygon","arcs":[[[-970,-806,-394,-2077,-1186,-2519]]],"id":210},{"properties":{"cd_mun_ibge":"3119302"},"type":"MultiPolygon","arcs":[[[-431,-1169,-922,193,194,-425,-2455,-685,-1163]]],"id":211},{"properties":{"cd_mun_ibge":"3119401"},"type":"MultiPolygon","arcs":[[[195,-339,-645,-869,-496,-2276]]],"id":212},{"properties":{"cd_mun_ibge":"3119500"},"type":"MultiPolygon","arcs":[[[-1545,-566,196,-2504]]],"id":213},{"properties":{"cd_mun_ibge":"3119609"},"type":"MultiPolygon","arcs":[[[-383,197,-676,-1259]]],"id":214},{"properties":{"cd_mun_ibge":"3119708"},"type":"MultiPolygon","arcs":[[[-1893,-1534,-1454,-693,-1386,-2284]]],"id":215},{"properties":{"cd_mun_ibge":"3119807"},"type":"MultiPolygon","arcs":[[[-2243,198,-1731,-315,-761,199]]],"id":216},{"properties":{"cd_mun_ibge":"3119906"},"type":"MultiPolygon","arcs":[[[200,201,-1127,202]]],"id":217},{"properties":{"cd_mun_ibge":"3119955"},"type":"MultiPolygon","arcs":[[[-1088,203,-347]]],"id":218},{"properties":{"cd_mun_ibge":"3120003"},"type":"MultiPolygon","arcs":[[[-1438,-247,-1277,204]]],"id":219},{"properties":{"cd_mun_ibge":"3120102"},"type":"MultiPolygon","arcs":[[[-329,-327,-1528,-2170,-240]]],"id":220},{"properties":{"cd_mun_ibge":"3120151"},"type":"MultiPolygon","arcs":[[[-1035,205,-767,-2389,206,-1181]]],"id":221},{"properties":{"cd_mun_ibge":"3120201"},"type":"MultiPolygon","arcs":[[[-414,-346,207,208,209,210]]],"id":222},{"properties":{"cd_mun_ibge":"3120300"},"type":"MultiPolygon","arcs":[[[-399,211,-661,212]]],"id":223},{"properties":{"cd_mun_ibge":"3120409"},"type":"MultiPolygon","arcs":[[[-1695,213,214,215,-1433,216]]],"id":224},{"properties":{"cd_mun_ibge":"3120508"},"type":"MultiPolygon","arcs":[[[-799,-1211,217,-1044,218,-270]]],"id":225},{"properties":{"cd_mun_ibge":"3120607"},"type":"MultiPolygon","arcs":[[[-1268,-1282,-515,-1494,219]]],"id":226},{"properties":{"cd_mun_ibge":"3120706"},"type":"MultiPolygon","arcs":[[[-2153,-1171,-432,-1161]]],"id":227},{"properties":{"cd_mun_ibge":"3120805"},"type":"MultiPolygon","arcs":[[[-2066,-751,220,-876,221,222]]],"id":228},{"properties":{"cd_mun_ibge":"3120839"},"type":"MultiPolygon","arcs":[[[-1460,-380,223,224]]],"id":229},{"properties":{"cd_mun_ibge":"3120870"},"type":"MultiPolygon","arcs":[[[225,226,-1605,-2229]]],"id":230},{"properties":{"cd_mun_ibge":"3120904"},"type":"MultiPolygon","arcs":[[[-1412,-1659,227,-1134,-1103,-1343,-331,-945,228,-1777,-1409,-488]]],"id":231},{"properties":{"cd_mun_ibge":"3121001"},"type":"MultiPolygon","arcs":[[[-241,-2178,-1413,229,-390]]],"id":232},{"properties":{"cd_mun_ibge":"3121100"},"type":"MultiPolygon","arcs":[[[230,-2530,-518,-797,-2506,-818]]],"id":233},{"properties":{"cd_mun_ibge":"3121209"},"type":"MultiPolygon","arcs":[[[231,-448,-1566,-2011,-1868,-1153]]],"id":234},{"properties":{"cd_mun_ibge":"3121258"},"type":"MultiPolygon","arcs":[[[232,-2379,233]]],"id":235},{"properties":{"cd_mun_ibge":"3121308"},"type":"MultiPolygon","arcs":[[[-1501,-422,234,-527,-730,-1935]]],"id":236},{"properties":{"cd_mun_ibge":"3121407"},"type":"MultiPolygon","arcs":[[[-1267,-617,-293,-1456,-1143,-1284]]],"id":237},{"properties":{"cd_mun_ibge":"3121506"},"type":"MultiPolygon","arcs":[[[-862,-1600,235,236,-2132,237]]],"id":238},{"properties":{"cd_mun_ibge":"3121605"},"type":"MultiPolygon","arcs":[[[238,-2112,239,-2179,240,-389,-894,241,242,243,-1040,244]]],"id":239},{"properties":{"cd_mun_ibge":"3121704"},"type":"MultiPolygon","arcs":[[[245,-416,-1293,-804]]],"id":240},{"properties":{"cd_mun_ibge":"3121803"},"type":"MultiPolygon","arcs":[[[-1801,-816,-1274,246,-1437,-1973]]],"id":241},{"properties":{"cd_mun_ibge":"3121902"},"type":"MultiPolygon","arcs":[[[-2103,-1176,-2520,-2358]]],"id":242},{"properties":{"cd_mun_ibge":"3122009"},"type":"MultiPolygon","arcs":[[[-343,-1200,-1634,-1054,-1904,-748,247,-304,248]]],"id":243},{"properties":{"cd_mun_ibge":"3122108"},"type":"MultiPolygon","arcs":[[[249,-374,-396,-1805,-861]]],"id":244},{"properties":{"cd_mun_ibge":"3122207"},"type":"MultiPolygon","arcs":[[[-1187,-2075,-386,-2513]]],"id":245},{"properties":{"cd_mun_ibge":"3122306"},"type":"MultiPolygon","arcs":[[[250,-2035,-1766,-1235,-1024,-1846,251]]],"id":246},{"properties":{"cd_mun_ibge":"3122355"},"type":"MultiPolygon","arcs":[[[-1190,252,253]]],"id":247},{"properties":{"cd_mun_ibge":"3122405"},"type":"MultiPolygon","arcs":[[[254,255,-2160,256,257,258]]],"id":248},{"properties":{"cd_mun_ibge":"3122454"},"type":"MultiPolygon","arcs":[[[259,-826,260,261,-1192]]],"id":249},{"properties":{"cd_mun_ibge":"3122470"},"type":"MultiPolygon","arcs":[[[262,-2400,-978,263]]],"id":250},{"properties":{"cd_mun_ibge":"3122504"},"type":"MultiPolygon","arcs":[[[-1909,-2251,-480]]],"id":251},{"properties":{"cd_mun_ibge":"3122603"},"type":"MultiPolygon","arcs":[[[264,265,266,-1562,-2125]]],"id":252},{"properties":{"cd_mun_ibge":"3122702"},"type":"MultiPolygon","arcs":[[[-1803,-2091,-1486,267,268]]],"id":253},{"properties":{"cd_mun_ibge":"3122801"},"type":"MultiPolygon","arcs":[[[-2508,-796,269,270,-2049]]],"id":254},{"properties":{"cd_mun_ibge":"3122900"},"type":"MultiPolygon","arcs":[[[271,-430,272,-525]]],"id":255},{"properties":{"cd_mun_ibge":"3123007"},"type":"MultiPolygon","arcs":[[[273,274,-1389]]],"id":256},{"properties":{"cd_mun_ibge":"3123106"},"type":"MultiPolygon","arcs":[[[275,-2123,-410,276,-337]]],"id":257},{"properties":{"cd_mun_ibge":"3123205"},"type":"MultiPolygon","arcs":[[[-2147,-1428,-819,277,-763,-314]]],"id":258},{"properties":{"cd_mun_ibge":"3123304"},"type":"MultiPolygon","arcs":[[[-864,278,279,-2104,-2356,-2299,-1521,-2191]]],"id":259},{"properties":{"cd_mun_ibge":"3123403"},"type":"MultiPolygon","arcs":[[[280,-462,-1085,-1316]]],"id":260},{"properties":{"cd_mun_ibge":"3123502"},"type":"MultiPolygon","arcs":[[[-403,281,282,-920]]],"id":261},{"properties":{"cd_mun_ibge":"3123528"},"type":"MultiPolygon","arcs":[[[-1450,-1681,-1980,283,-700,284,-823]]],"id":262},{"properties":{"cd_mun_ibge":"3123601"},"type":"MultiPolygon","arcs":[[[-2436,-896,285,-1122,-2327]]],"id":263},{"properties":{"cd_mun_ibge":"3123700"},"type":"MultiPolygon","arcs":[[[-2212,-334,286,287,-541,-2254]]],"id":264},{"properties":{"cd_mun_ibge":"3123809"},"type":"MultiPolygon","arcs":[[[-653,-359,288,289]]],"id":265},{"properties":{"cd_mun_ibge":"3123858"},"type":"MultiPolygon","arcs":[[[290,-2424,291]]],"id":266},{"properties":{"cd_mun_ibge":"3123908"},"type":"MultiPolygon","arcs":[[[-1457,292,-616,-1791,-1431,293,-694]]],"id":267},{"properties":{"cd_mun_ibge":"3124005"},"type":"MultiPolygon","arcs":[[[-1831,294,-1986,295,-879,-954,-1543,-2019,-434]]],"id":268},{"properties":{"cd_mun_ibge":"3124104"},"type":"MultiPolygon","arcs":[[[296,297,-669,-344,-1113,-1956,-354,-485,-2189,298,-845,-1220,-1472]]],"id":269},{"properties":{"cd_mun_ibge":"3124203"},"type":"MultiPolygon","arcs":[[[299,300,301,302,303,304]]],"id":270},{"properties":{"cd_mun_ibge":"3124302"},"type":"MultiPolygon","arcs":[[[-780,-378,305,-941,-1768,-912]]],"id":271},{"properties":{"cd_mun_ibge":"3124401"},"type":"MultiPolygon","arcs":[[[-500,-1323,-1878,-2193,-1380,306]]],"id":272},{"properties":{"cd_mun_ibge":"3124500"},"type":"MultiPolygon","arcs":[[[307,-2301,308,-1377,309,310,311]]],"id":273},{"properties":{"cd_mun_ibge":"3124609"},"type":"MultiPolygon","arcs":[[[-2527,-727,-1302,312]]],"id":274},{"properties":{"cd_mun_ibge":"3124708"},"type":"MultiPolygon","arcs":[[[313,-762,314,-1733,-1864,-2148]]],"id":275},{"properties":{"cd_mun_ibge":"3124807"},"type":"MultiPolygon","arcs":[[[-1542,-1011,-475,315,316,-404,-918]]],"id":276},{"properties":{"cd_mun_ibge":"3124906"},"type":"MultiPolygon","arcs":[[[317,-1175,-956,-2494,-1207,-2312,318]]],"id":277},{"properties":{"cd_mun_ibge":"3125002"},"type":"MultiPolygon","arcs":[[[-1780,-675]]],"id":278},{"properties":{"cd_mun_ibge":"3125101"},"type":"MultiPolygon","arcs":[[[319,-2307,-554,320]]],"id":279},{"properties":{"cd_mun_ibge":"3125200"},"type":"MultiPolygon","arcs":[[[321,322,-1120]]],"id":280},{"properties":{"cd_mun_ibge":"3125309"},"type":"MultiPolygon","arcs":[[[323,324,-2309,-1206,325]]],"id":281},{"properties":{"cd_mun_ibge":"3125408"},"type":"MultiPolygon","arcs":[[[-1529,326,-328,-2116]]],"id":282},{"properties":{"cd_mun_ibge":"3125507"},"type":"MultiPolygon","arcs":[[[-2111,327,328]]],"id":283},{"properties":{"cd_mun_ibge":"3125606"},"type":"MultiPolygon","arcs":[[[-633,-1551,-1489,329,-1622,-366,-640]]],"id":284},{"properties":{"cd_mun_ibge":"3125705"},"type":"MultiPolygon","arcs":[[[-946,330,-1342,-943,-2321,331]]],"id":285},{"properties":{"cd_mun_ibge":"3125804"},"type":"MultiPolygon","arcs":[[[-392,332,333,-2211,-1253]]],"id":286},{"properties":{"cd_mun_ibge":"3125903"},"type":"MultiPolygon","arcs":[[[-1138,-2044,334,335,336,337,-646,338,339,-1639]]],"id":287},{"properties":{"cd_mun_ibge":"3125952"},"type":"MultiPolygon","arcs":[[[340,-1829,-881,341,-1196,342]]],"id":288},{"properties":{"cd_mun_ibge":"3126000"},"type":"MultiPolygon","arcs":[[[-831,-1114,343,-668]]],"id":289},{"properties":{"cd_mun_ibge":"3126109"},"type":"MultiPolygon","arcs":[[[344,345,-413,-1273,-1084,346,347,-1758,-1205,-549]]],"id":290},{"properties":{"cd_mun_ibge":"3126208"},"type":"MultiPolygon","arcs":[[[348,349,350,351]]],"id":291},{"properties":{"cd_mun_ibge":"3126307"},"type":"MultiPolygon","arcs":[[[-1150,-594,-2039,-1397,-560]]],"id":292},{"properties":{"cd_mun_ibge":"3126406"},"type":"MultiPolygon","arcs":[[[-1104,-1132,-484,352,-486,353,-1955,-1233,-792]]],"id":293},{"properties":{"cd_mun_ibge":"3126505"},"type":"MultiPolygon","arcs":[[[354,-620,355,356,-2499]]],"id":294},{"properties":{"cd_mun_ibge":"3126604"},"type":"MultiPolygon","arcs":[[[-652,-713,-2449,-628,357,358]]],"id":295},{"properties":{"cd_mun_ibge":"3126703"},"type":"MultiPolygon","arcs":[[[-678,-930,359,-606,-1469,-401]]],"id":296},{"properties":{"cd_mun_ibge":"3126752"},"type":"MultiPolygon","arcs":[[[-778,-1376,-532,360]]],"id":297},{"properties":{"cd_mun_ibge":"3126802"},"type":"MultiPolygon","arcs":[[[361,-528,-2266,-1074,362,-1965,-1254]]],"id":298},{"properties":{"cd_mun_ibge":"3126901"},"type":"MultiPolygon","arcs":[[[-808,-530,-605,-395,-2497]]],"id":299},{"properties":{"cd_mun_ibge":"3126950"},"type":"MultiPolygon","arcs":[[[-521,-2026,-1976,363]]],"id":300},{"properties":{"cd_mun_ibge":"3127008"},"type":"MultiPolygon","arcs":[[[-372,364]]],"id":301},{"properties":{"cd_mun_ibge":"3127057"},"type":"MultiPolygon","arcs":[[[-641,365,-1621,-765,366]]],"id":302},{"properties":{"cd_mun_ibge":"3127073"},"type":"MultiPolygon","arcs":[[[-1076,-402,-1509,-1036,-1573,-1548]]],"id":303},{"properties":{"cd_mun_ibge":"3127107"},"type":"MultiPolygon","arcs":[[[367,-544,368,369,-1286,-1322,370,371]]],"id":304},{"properties":{"cd_mun_ibge":"3127206"},"type":"MultiPolygon","arcs":[[[-2186,-632,372,-847,-1424]]],"id":305},{"properties":{"cd_mun_ibge":"3127305"},"type":"MultiPolygon","arcs":[[[-397,373,374,-1840,375,-2336]]],"id":306},{"properties":{"cd_mun_ibge":"3127339"},"type":"MultiPolygon","arcs":[[[-1090,-601,-839,376,377,-779,-910]]],"id":307},{"properties":{"cd_mun_ibge":"3127354"},"type":"MultiPolygon","arcs":[[[378,-932,-681,-418]]],"id":308},{"properties":{"cd_mun_ibge":"3127370"},"type":"MultiPolygon","arcs":[[[379,-1459,380]]],"id":309},{"properties":{"cd_mun_ibge":"3127388"},"type":"MultiPolygon","arcs":[[[-1258,-1502,-1933,381,382]]],"id":310},{"properties":{"cd_mun_ibge":"3127404"},"type":"MultiPolygon","arcs":[[[-2072,383,-1125,384]]],"id":311},{"properties":{"cd_mun_ibge":"3127503"},"type":"MultiPolygon","arcs":[[[-407,-2514,385,-2074,-1615,386]]],"id":312},{"properties":{"cd_mun_ibge":"3127602"},"type":"MultiPolygon","arcs":[[[387,-1661,-1411,-895,388,389]]],"id":313},{"properties":{"cd_mun_ibge":"3127701"},"type":"MultiPolygon","arcs":[[[-2335,390,391,-1252,392,-1837,-2078,393,-805,-2495,394,-604,-1008,395,396]]],"id":314},{"properties":{"cd_mun_ibge":"3127800"},"type":"MultiPolygon","arcs":[[[-663,-2501,397,398,399,-509,400,-1468,401,-1075]]],"id":315},{"properties":{"cd_mun_ibge":"3127909"},"type":"MultiPolygon","arcs":[[[402,-919,403,404,405]]],"id":316},{"properties":{"cd_mun_ibge":"3128006"},"type":"MultiPolygon","arcs":[[[-2127,-1561,-1922,-1183,-2515,406,407,408,409]]],"id":317},{"properties":{"cd_mun_ibge":"3128105"},"type":"MultiPolygon","arcs":[[[410,-1943,411,-1271,412,413,414,-468]]],"id":318},{"properties":{"cd_mun_ibge":"3128204"},"type":"MultiPolygon","arcs":[[[-1294,415,416,-1351,-2259,-2484,-1371]]],"id":319},{"properties":{"cd_mun_ibge":"3128253"},"type":"MultiPolygon","arcs":[[[417,-680,-508,418]]],"id":320},{"properties":{"cd_mun_ibge":"3128303"},"type":"MultiPolygon","arcs":[[[419,420,-926,-593,-1989,-427]]],"id":321},{"properties":{"cd_mun_ibge":"3128402"},"type":"MultiPolygon","arcs":[[[421,-1500,-2221,-1519,-1307,422]]],"id":322},{"properties":{"cd_mun_ibge":"3128501"},"type":"MultiPolygon","arcs":[[[-813,-795,-1228,423]]],"id":323},{"properties":{"cd_mun_ibge":"3128600"},"type":"MultiPolygon","arcs":[[[424,425,-1109,-2456]]],"id":324},{"properties":{"cd_mun_ibge":"3128709"},"type":"MultiPolygon","arcs":[[[426,-1994,-682,-964,427]]],"id":325},{"properties":{"cd_mun_ibge":"3128808"},"type":"MultiPolygon","arcs":[[[-2359,-2524,-433,-882,428,429,-1537]]],"id":326},{"properties":{"cd_mun_ibge":"3128907"},"type":"MultiPolygon","arcs":[[[430,-1162,431,-1170]]],"id":327},{"properties":{"cd_mun_ibge":"3129004"},"type":"MultiPolygon","arcs":[[[-2018,-883,432,-2523,-1832,433]]],"id":328},{"properties":{"cd_mun_ibge":"3129103"},"type":"MultiPolygon","arcs":[[[-1738,-497,-573,434]]],"id":329},{"properties":{"cd_mun_ibge":"3129202"},"type":"MultiPolygon","arcs":[[[-983,435,-1860,-703]]],"id":330},{"properties":{"cd_mun_ibge":"3129301"},"type":"MultiPolygon","arcs":[[[-479,436,437,438,-975,-1249,-2209,-1911]]],"id":331},{"properties":{"cd_mun_ibge":"3129400"},"type":"MultiPolygon","arcs":[[[-1716,-1264,-1897,439,440]]],"id":332},{"properties":{"cd_mun_ibge":"3129509"},"type":"MultiPolygon","arcs":[[[-1403,-851,-2238,441,-1238,-2157,-1504,442]]],"id":333},{"properties":{"cd_mun_ibge":"3129608"},"type":"MultiPolygon","arcs":[[[-1354,443,-690,444]]],"id":334},{"properties":{"cd_mun_ibge":"3129657"},"type":"MultiPolygon","arcs":[[[-2451,-1881,-745,-1214]]],"id":335},{"properties":{"cd_mun_ibge":"3129707"},"type":"MultiPolygon","arcs":[[[445,446,-1567,447,448,449,450]]],"id":336},{"properties":{"cd_mun_ibge":"3129806"},"type":"MultiPolygon","arcs":[[[451,-2081,452,453,454]]],"id":337},{"properties":{"cd_mun_ibge":"3129905"},"type":"MultiPolygon","arcs":[[[455,-1707,456]]],"id":338},{"properties":{"cd_mun_ibge":"3130002"},"type":"MultiPolygon","arcs":[[[-466,457,-984,-587,-579]]],"id":339},{"properties":{"cd_mun_ibge":"3130051"},"type":"MultiPolygon","arcs":[[[-2007,-1278,-1808,-749,-2369]]],"id":340},{"properties":{"cd_mun_ibge":"3130101"},"type":"MultiPolygon","arcs":[[[458,-557,-833,-671,-1940]]],"id":341},{"properties":{"cd_mun_ibge":"3130200"},"type":"MultiPolygon","arcs":[[[459,-1110,-561,460,-1849]]],"id":342},{"properties":{"cd_mun_ibge":"3130309"},"type":"MultiPolygon","arcs":[[[-1086,461,462,-759,463]]],"id":343},{"properties":{"cd_mun_ibge":"3130408"},"type":"MultiPolygon","arcs":[[[-1243,464,465,-578,-719]]],"id":344},{"properties":{"cd_mun_ibge":"3130507"},"type":"MultiPolygon","arcs":[[[466,467,468]]],"id":345},{"properties":{"cd_mun_ibge":"3130556"},"type":"MultiPolygon","arcs":[[[-477,-1793,-2022,-483,469,-1261,-2371]]],"id":346},{"properties":{"cd_mun_ibge":"3130606"},"type":"MultiPolygon","arcs":[[[470,-2303,471,472,-1060]]],"id":347},{"properties":{"cd_mun_ibge":"3130655"},"type":"MultiPolygon","arcs":[[[-2431,-1920,-2226,-1515]]],"id":348},{"properties":{"cd_mun_ibge":"3130705"},"type":"MultiPolygon","arcs":[[[473,474,-1010,-2375,-2382]]],"id":349},{"properties":{"cd_mun_ibge":"3130804"},"type":"MultiPolygon","arcs":[[[475,-717,-580,-585,-753]]],"id":350},{"properties":{"cd_mun_ibge":"3130903"},"type":"MultiPolygon","arcs":[[[476,-2370,477,478,-1910,479,-2258,480,-1334,-494,481,482,-2024,-1794]]],"id":351},{"properties":{"cd_mun_ibge":"3131000"},"type":"MultiPolygon","arcs":[[[483,-1131,-2180,484,485,486]]],"id":352},{"properties":{"cd_mun_ibge":"3131109"},"type":"MultiPolygon","arcs":[[[-1408,487]]],"id":353},{"properties":{"cd_mun_ibge":"3131158"},"type":"MultiPolygon","arcs":[[[488,489,490,-1685]]],"id":354},{"properties":{"cd_mun_ibge":"3131208"},"type":"MultiPolygon","arcs":[[[491,-1679,-2203,492,493,-1333,-2233]]],"id":355},{"properties":{"cd_mun_ibge":"3131307"},"type":"MultiPolygon","arcs":[[[-868,-1687,494,-2277,495]]],"id":356},{"properties":{"cd_mun_ibge":"3131406"},"type":"MultiPolygon","arcs":[[[496,-1737,497,-574]]],"id":357},{"properties":{"cd_mun_ibge":"3131505"},"type":"MultiPolygon","arcs":[[[498,-1324,499,500,-2108,501,-1058,-1704]]],"id":358},{"properties":{"cd_mun_ibge":"3131604"},"type":"MultiPolygon","arcs":[[[-1012,-1540,-923,-1167,-1241,-1219]]],"id":359},{"properties":{"cd_mun_ibge":"3131703"},"type":"MultiPolygon","arcs":[[[502,-665,-590,-533,-1642,-1000,503,-648,-1855]]],"id":360},{"properties":{"cd_mun_ibge":"3131802"},"type":"MultiPolygon","arcs":[[[-996,-790,-858,-1967,504]]],"id":361},{"properties":{"cd_mun_ibge":"3131901"},"type":"MultiPolygon","arcs":[[[-888,505,-1003,-1480,-1586,-1070]]],"id":362},{"properties":{"cd_mun_ibge":"3132008"},"type":"MultiPolygon","arcs":[[[506,507,-679,508,509]]],"id":363},{"properties":{"cd_mun_ibge":"3132107"},"type":"MultiPolygon","arcs":[[[510,-1886,-782,-836,-600,-2452,-1213,-613]]],"id":364},{"properties":{"cd_mun_ibge":"3132206"},"type":"MultiPolygon","arcs":[[[-1281,511,512,513,-555,-1495,514]]],"id":365},{"properties":{"cd_mun_ibge":"3132305"},"type":"MultiPolygon","arcs":[[[-1026,515,516,-2270,-684]]],"id":366},{"properties":{"cd_mun_ibge":"3132404"},"type":"MultiPolygon","arcs":[[[-1299,-1961,-798,517,-2533,-1297]]],"id":367},{"properties":{"cd_mun_ibge":"3132503"},"type":"MultiPolygon","arcs":[[[-2465,518,519,-2027,520,521,-1530,-2114,522]]],"id":368},{"properties":{"cd_mun_ibge":"3132602"},"type":"MultiPolygon","arcs":[[[523,524,525,-731,526]]],"id":369},{"properties":{"cd_mun_ibge":"3132701"},"type":"MultiPolygon","arcs":[[[527,528,-602,529,-807,-1949,530,531,-1375,-2267]]],"id":370},{"properties":{"cd_mun_ibge":"3132800"},"type":"MultiPolygon","arcs":[[[-1637,532,-589,-1693,-948,-2046,-1137]]],"id":371},{"properties":{"cd_mun_ibge":"3132909"},"type":"MultiPolygon","arcs":[[[-929,533,-2042]]],"id":372},{"properties":{"cd_mun_ibge":"3133006"},"type":"MultiPolygon","arcs":[[[-1384,534,535,536,537,-539]]],"id":373},{"properties":{"cd_mun_ibge":"3133105"},"type":"MultiPolygon","arcs":[[[-2510,-2053,-1385,538,539,-1139]]],"id":374},{"properties":{"cd_mun_ibge":"3133204"},"type":"MultiPolygon","arcs":[[[540,541,-2338,542,-2255]]],"id":375},{"properties":{"cd_mun_ibge":"3133303"},"type":"MultiPolygon","arcs":[[[-1358,-568,-853,-634]]],"id":376},{"properties":{"cd_mun_ibge":"3133402"},"type":"MultiPolygon","arcs":[[[543,544,-1823,545,546]]],"id":377},{"properties":{"cd_mun_ibge":"3133501"},"type":"MultiPolygon","arcs":[[[-1819,547,548,-1204,-2032,549,550]]],"id":378},{"properties":{"cd_mun_ibge":"3133600"},"type":"MultiPolygon","arcs":[[[-2306,-952,-2097,551,552,553]]],"id":379},{"properties":{"cd_mun_ibge":"3133709"},"type":"MultiPolygon","arcs":[[[554,555,-562,-829,556,557,-1496]]],"id":380},{"properties":{"cd_mun_ibge":"3133758"},"type":"MultiPolygon","arcs":[[[558,-1151,559,-1400]]],"id":381},{"properties":{"cd_mun_ibge":"3133808"},"type":"MultiPolygon","arcs":[[[560,-1116,-830,561,562]]],"id":382},{"properties":{"cd_mun_ibge":"3133907"},"type":"MultiPolygon","arcs":[[[563,-1056,-1065,564,-707,-1697]]],"id":383},{"properties":{"cd_mun_ibge":"3134004"},"type":"MultiPolygon","arcs":[[[565,-1550,566,-854,567,-1357,568]]],"id":384},{"properties":{"cd_mun_ibge":"3134103"},"type":"MultiPolygon","arcs":[[[569,570,-1721,-1462]]],"id":385},{"properties":{"cd_mun_ibge":"3134202"},"type":"MultiPolygon","arcs":[[[-905,-1395,571,572,573,574,575,576]]],"id":386},{"properties":{"cd_mun_ibge":"3134301"},"type":"MultiPolygon","arcs":[[[577,578,-586,579,-716]]],"id":387},{"properties":{"cd_mun_ibge":"3134400"},"type":"MultiPolygon","arcs":[[[580,-742,-2407,581,-1825,582]]],"id":388},{"properties":{"cd_mun_ibge":"3134509"},"type":"MultiPolygon","arcs":[[[583,-754,584,585,586,-988]]],"id":389},{"properties":{"cd_mun_ibge":"3134608"},"type":"MultiPolygon","arcs":[[[-2249,-1630,-699,-1222,-849,587,-1694,588,589,-664]]],"id":390},{"properties":{"cd_mun_ibge":"3134707"},"type":"MultiPolygon","arcs":[[[-1554,590,591,-656,-1578,-1645,-1754]]],"id":391},{"properties":{"cd_mun_ibge":"3134806"},"type":"MultiPolygon","arcs":[[[-1990,592,-925,-2040,593,-1149,594]]],"id":392},{"properties":{"cd_mun_ibge":"3134905"},"type":"MultiPolygon","arcs":[[[595,596,597,-1063,-938]]],"id":393},{"properties":{"cd_mun_ibge":"3135001"},"type":"MultiPolygon","arcs":[[[-2281,-814,-1799,598]]],"id":394},{"properties":{"cd_mun_ibge":"3135050"},"type":"MultiPolygon","arcs":[[[-608,-2463,-2453,599,-840,600,-1089]]],"id":395},{"properties":{"cd_mun_ibge":"3135076"},"type":"MultiPolygon","arcs":[[[601,602,-1256,-1009,603,604]]],"id":396},{"properties":{"cd_mun_ibge":"3135100"},"type":"MultiPolygon","arcs":[[[-1366,-1470,605,606,-1882,-2460,607,-1368,-1013]]],"id":397},{"properties":{"cd_mun_ibge":"3135209"},"type":"MultiPolygon","arcs":[[[-1811,608,609,610,611,612,-1217]]],"id":398},{"properties":{"cd_mun_ibge":"3135308"},"type":"MultiPolygon","arcs":[[[-757,-686,-1760,613]]],"id":399},{"properties":{"cd_mun_ibge":"3135357"},"type":"MultiPolygon","arcs":[[[-1813,-1216,-746,-1879,-1157,614]]],"id":400},{"properties":{"cd_mun_ibge":"3135407"},"type":"MultiPolygon","arcs":[[[-1792,615,616,-1266,617,618]]],"id":401},{"properties":{"cd_mun_ibge":"3135456"},"type":"MultiPolygon","arcs":[[[619,620,-1030,621]]],"id":402},{"properties":{"cd_mun_ibge":"3135506"},"type":"MultiPolygon","arcs":[[[622,-1201,623,-1052,-2414,-1747,624,-2135,625]]],"id":403},{"properties":{"cd_mun_ibge":"3135605"},"type":"MultiPolygon","arcs":[[[626,627,-2448,-688,-1874]]],"id":404},{"properties":{"cd_mun_ibge":"3135704"},"type":"MultiPolygon","arcs":[[[-2185,628,629,-1665,630,631]]],"id":405},{"properties":{"cd_mun_ibge":"3135803"},"type":"MultiPolygon","arcs":[[[632,-643,-1359,633,-857,-1194,634,-1552]]],"id":406},{"properties":{"cd_mun_ibge":"3135902"},"type":"MultiPolygon","arcs":[[[635,636,637,-1042,638,-980,-706]]],"id":407},{"properties":{"cd_mun_ibge":"3136009"},"type":"MultiPolygon","arcs":[[[639,640,641,-1033,-1361,-924,642]]],"id":408},{"properties":{"cd_mun_ibge":"3136108"},"type":"MultiPolygon","arcs":[[[643,-870,644,645,646]]],"id":409},{"properties":{"cd_mun_ibge":"3136207"},"type":"MultiPolygon","arcs":[[[647,648,-1518,-1850]]],"id":410},{"properties":{"cd_mun_ibge":"3136306"},"type":"MultiPolygon","arcs":[[[-697,-1107,-2402,649,650,-1844,-1417]]],"id":411},{"properties":{"cd_mun_ibge":"3136405"},"type":"MultiPolygon","arcs":[[[-714,651,652,653,654]]],"id":412},{"properties":{"cd_mun_ibge":"3136504"},"type":"MultiPolygon","arcs":[[[-1579,655,656,657]]],"id":413},{"properties":{"cd_mun_ibge":"3136520"},"type":"MultiPolygon","arcs":[[[658,-724,659,660,661]]],"id":414},{"properties":{"cd_mun_ibge":"3136553"},"type":"MultiPolygon","arcs":[[[-1977,-2031,-1647,-1185,-1999]]],"id":415},{"properties":{"cd_mun_ibge":"3136579"},"type":"MultiPolygon","arcs":[[[-1077,-1546,-2502,662]]],"id":416},{"properties":{"cd_mun_ibge":"3136603"},"type":"MultiPolygon","arcs":[[[-2250,663,664,665,666]]],"id":417},{"properties":{"cd_mun_ibge":"3136652"},"type":"MultiPolygon","arcs":[[[-832,667,668,669,-1936,670]]],"id":418},{"properties":{"cd_mun_ibge":"3136702"},"type":"MultiPolygon","arcs":[[[671,-1230,-1667,-835,672,-1595,-738,-1226,673,-1781,674,-1779,-1260,675,676]]],"id":419},{"properties":{"cd_mun_ibge":"3136801"},"type":"MultiPolygon","arcs":[[[-931,677,678,679,680]]],"id":420},{"properties":{"cd_mun_ibge":"3136900"},"type":"MultiPolygon","arcs":[[[681,-1993,-1016,-914,-965]]],"id":421},{"properties":{"cd_mun_ibge":"3136959"},"type":"MultiPolygon","arcs":[[[-783,-904,682]]],"id":422},{"properties":{"cd_mun_ibge":"3137007"},"type":"MultiPolygon","arcs":[[[-2269,-1374,-777,-2084,-1027,683]]],"id":423},{"properties":{"cd_mun_ibge":"3137106"},"type":"MultiPolygon","arcs":[[[-1415,-1164,684,-2459,-696]]],"id":424},{"properties":{"cd_mun_ibge":"3137205"},"type":"MultiPolygon","arcs":[[[-756,-890,-1761,685]]],"id":425},{"properties":{"cd_mun_ibge":"3137304"},"type":"MultiPolygon","arcs":[[[686,-1875,687,-2447,688,689]]],"id":426},{"properties":{"cd_mun_ibge":"3137403"},"type":"MultiPolygon","arcs":[[[690,691,-1387,692,-1453,693]]],"id":427},{"properties":{"cd_mun_ibge":"3137502"},"type":"MultiPolygon","arcs":[[[-1166,694]]],"id":428},{"properties":{"cd_mun_ibge":"3137536"},"type":"MultiPolygon","arcs":[[[695,-2458,-1108,696,-1416]]],"id":429},{"properties":{"cd_mun_ibge":"3137601"},"type":"MultiPolygon","arcs":[[[-2481,697,-1223,698,-1629]]],"id":430},{"properties":{"cd_mun_ibge":"3137700"},"type":"MultiPolygon","arcs":[[[699,700,-963,701]]],"id":431},{"properties":{"cd_mun_ibge":"3137809"},"type":"MultiPolygon","arcs":[[[-979,702,-1859,703,704,705]]],"id":432},{"properties":{"cd_mun_ibge":"3137908"},"type":"MultiPolygon","arcs":[[[-1491,-1698,706,707,-1289,-2117]]],"id":433},{"properties":{"cd_mun_ibge":"3138005"},"type":"MultiPolygon","arcs":[[[708,-1654,-958,-1098,-1444,-726]]],"id":434},{"properties":{"cd_mun_ibge":"3138104"},"type":"MultiPolygon","arcs":[[[709,710,-2325,711,-2450,712,713,714]]],"id":435},{"properties":{"cd_mun_ibge":"3138203"},"type":"MultiPolygon","arcs":[[[715,716,717,-992,-1245,-1477,-1244,718]]],"id":436},{"properties":{"cd_mun_ibge":"3138302"},"type":"MultiPolygon","arcs":[[[719,-1022,720,721,-821,-1308]]],"id":437},{"properties":{"cd_mun_ibge":"3138351"},"type":"MultiPolygon","arcs":[[[-2346,722,723,724,-871]]],"id":438},{"properties":{"cd_mun_ibge":"3138401"},"type":"MultiPolygon","arcs":[[[725,-1448,-1303,726,-2526,727,-1745,728,-1927,729,730,731]]],"id":439},{"properties":{"cd_mun_ibge":"3138500"},"type":"MultiPolygon","arcs":[[[-1147,732,733,-2139,734,735,736]]],"id":440},{"properties":{"cd_mun_ibge":"3138609"},"type":"MultiPolygon","arcs":[[[737,-1594,-1526,-1038,738,739,-1673,-1719,740,-1227]]],"id":441},{"properties":{"cd_mun_ibge":"3138625"},"type":"MultiPolygon","arcs":[[[741,742,743,-1735,-2404]]],"id":442},{"properties":{"cd_mun_ibge":"3138658"},"type":"MultiPolygon","arcs":[[[-1215,744,-1880,745]]],"id":443},{"properties":{"cd_mun_ibge":"3138674"},"type":"MultiPolygon","arcs":[[[746,747,-1903,-784,-786,-1422]]],"id":444},{"properties":{"cd_mun_ibge":"3138682"},"type":"MultiPolygon","arcs":[[[-2364,748,-1815,749]]],"id":445},{"properties":{"cd_mun_ibge":"3138708"},"type":"MultiPolygon","arcs":[[[750,-2065,-1787,751,752,753,754]]],"id":446},{"properties":{"cd_mun_ibge":"3138807"},"type":"MultiPolygon","arcs":[[[755,756,757,758,759,760,761,762,763,-891]]],"id":447},{"properties":{"cd_mun_ibge":"3138906"},"type":"MultiPolygon","arcs":[[[764,-1624,765,-2390,766,767]]],"id":448},{"properties":{"cd_mun_ibge":"3139003"},"type":"MultiPolygon","arcs":[[[768,-2158,769,-1118,770,-2352,771,-1326]]],"id":449},{"properties":{"cd_mun_ibge":"3139102"},"type":"MultiPolygon","arcs":[[[-2068,772,-1899,-1263,773]]],"id":450},{"properties":{"cd_mun_ibge":"3139201"},"type":"MultiPolygon","arcs":[[[774,775,-2085,776,-1373,777]]],"id":451},{"properties":{"cd_mun_ibge":"3139250"},"type":"MultiPolygon","arcs":[[[778,779,-911]]],"id":452},{"properties":{"cd_mun_ibge":"3139300"},"type":"MultiPolygon","arcs":[[[780,-837,781,-1888,-886,-899,782]]],"id":453},{"properties":{"cd_mun_ibge":"3139409"},"type":"MultiPolygon","arcs":[[[-1449,-787,783,-1902,-843,784,-2473,-1441,-1593,-2205]]],"id":454},{"properties":{"cd_mun_ibge":"3139508"},"type":"MultiPolygon","arcs":[[[785,786,-1452,-825,787,-1423]]],"id":455},{"properties":{"cd_mun_ibge":"3139607"},"type":"MultiPolygon","arcs":[[[-1908,788,-859,789,-999,790]]],"id":456},{"properties":{"cd_mun_ibge":"3139706"},"type":"MultiPolygon","arcs":[[[791,-1232,-1051,-1311,-1105]]],"id":457},{"properties":{"cd_mun_ibge":"3139805"},"type":"MultiPolygon","arcs":[[[-1743,792,793,-1669,-1229,794,-2102]]],"id":458},{"properties":{"cd_mun_ibge":"3139904"},"type":"MultiPolygon","arcs":[[[795,-2507,796,797,-1960,-1212,798]]],"id":459},{"properties":{"cd_mun_ibge":"3140001"},"type":"MultiPolygon","arcs":[[[-1584,799,800,801,802,803,-1292,-1071]]],"id":460},{"properties":{"cd_mun_ibge":"3140100"},"type":"MultiPolygon","arcs":[[[-2496,804,805,-969,-1950,806,807]]],"id":461},{"properties":{"cd_mun_ibge":"3140159"},"type":"MultiPolygon","arcs":[[[-1938,808,-2083,809]]],"id":462},{"properties":{"cd_mun_ibge":"3140209"},"type":"MultiPolygon","arcs":[[[810,-1535,-1929,811,-2099,812]]],"id":463},{"properties":{"cd_mun_ibge":"3140308"},"type":"MultiPolygon","arcs":[[[-1800,813,-2280,814,-1275,815]]],"id":464},{"properties":{"cd_mun_ibge":"3140407"},"type":"MultiPolygon","arcs":[[[-2505,-1141,816,817]]],"id":465},{"properties":{"cd_mun_ibge":"3140506"},"type":"MultiPolygon","arcs":[[[818,-1427,819,-1346,-1309,820,821]]],"id":466},{"properties":{"cd_mun_ibge":"3140530"},"type":"MultiPolygon","arcs":[[[-1451,822,823,824]]],"id":467},{"properties":{"cd_mun_ibge":"3140555"},"type":"MultiPolygon","arcs":[[[825,826,827]]],"id":468},{"properties":{"cd_mun_ibge":"3140605"},"type":"MultiPolygon","arcs":[[[-1178,-1564,-1750,-2143,-1527]]],"id":469},{"properties":{"cd_mun_ibge":"3140704"},"type":"MultiPolygon","arcs":[[[828,829,-1115,830,831,832]]],"id":470},{"properties":{"cd_mun_ibge":"3140803"},"type":"MultiPolygon","arcs":[[[833,834,-1666,-2199]]],"id":471},{"properties":{"cd_mun_ibge":"3140852"},"type":"MultiPolygon","arcs":[[[835,836,837,838,839]]],"id":472},{"properties":{"cd_mun_ibge":"3140902"},"type":"MultiPolygon","arcs":[[[840,841,842,-1901,-1636,-1199]]],"id":473},{"properties":{"cd_mun_ibge":"3141009"},"type":"MultiPolygon","arcs":[[[-1365,-1093,843,-913,-1512]]],"id":474},{"properties":{"cd_mun_ibge":"3141108"},"type":"MultiPolygon","arcs":[[[844,845,-1425,846,847,848,-1221]]],"id":475},{"properties":{"cd_mun_ibge":"3141207"},"type":"MultiPolygon","arcs":[[[-1862,-1507,849,-2297]]],"id":476},{"properties":{"cd_mun_ibge":"3141306"},"type":"MultiPolygon","arcs":[[[-2013,-2239,850,-1402,-2245,851]]],"id":477},{"properties":{"cd_mun_ibge":"3141405"},"type":"MultiPolygon","arcs":[[[852,853,854,-1608,855,-1195,856]]],"id":478},{"properties":{"cd_mun_ibge":"3141504"},"type":"MultiPolygon","arcs":[[[-1807,-1968,857,858,859,860]]],"id":479},{"properties":{"cd_mun_ibge":"3141603"},"type":"MultiPolygon","arcs":[[[-1096,-1601,861,862,863,-2190,-1520,-2219,864]]],"id":480},{"properties":{"cd_mun_ibge":"3141702"},"type":"MultiPolygon","arcs":[[[865,866,-1683,867,868,869]]],"id":481},{"properties":{"cd_mun_ibge":"3141801"},"type":"MultiPolygon","arcs":[[[870,871,-1028,-2087,872,-2347]]],"id":482},{"properties":{"cd_mun_ibge":"3141900"},"type":"MultiPolygon","arcs":[[[873,-2070,-2165,874,875]]],"id":483},{"properties":{"cd_mun_ibge":"3142007"},"type":"MultiPolygon","arcs":[[[876,877,-1159,-936]]],"id":484},{"properties":{"cd_mun_ibge":"3142106"},"type":"MultiPolygon","arcs":[[[-2491,-955,878,879,880,-1828]]],"id":485},{"properties":{"cd_mun_ibge":"3142205"},"type":"MultiPolygon","arcs":[[[881,882,-2021,-953,-1656,883]]],"id":486},{"properties":{"cd_mun_ibge":"3142254"},"type":"MultiPolygon","arcs":[[[-1887,884,-900,885]]],"id":487},{"properties":{"cd_mun_ibge":"3142304"},"type":"MultiPolygon","arcs":[[[886,887,-1069,888]]],"id":488},{"properties":{"cd_mun_ibge":"3142403"},"type":"MultiPolygon","arcs":[[[889,890,891,-1762]]],"id":489},{"properties":{"cd_mun_ibge":"3142502"},"type":"MultiPolygon","arcs":[[[892,893,894,-1410,-1775]]],"id":490},{"properties":{"cd_mun_ibge":"3142601"},"type":"MultiPolygon","arcs":[[[895,-2435,-2315,896,-1857,897]]],"id":491},{"properties":{"cd_mun_ibge":"3142700"},"type":"MultiPolygon","arcs":[[[898,899,900,901,902,903]]],"id":492},{"properties":{"cd_mun_ibge":"3142809"},"type":"MultiPolygon","arcs":[[[904,905,906,907,-2342,-2385,-1396]]],"id":493},{"properties":{"cd_mun_ibge":"3142908"},"type":"MultiPolygon","arcs":[[[908,-1091,909,910,911,-1767,-1513,912]]],"id":494},{"properties":{"cd_mun_ibge":"3143005"},"type":"MultiPolygon","arcs":[[[-966,913,-1015,914,915,916]]],"id":495},{"properties":{"cd_mun_ibge":"3143104"},"type":"MultiPolygon","arcs":[[[917,918,919,920,921,-1168,922,-1539]]],"id":496},{"properties":{"cd_mun_ibge":"3143153"},"type":"MultiPolygon","arcs":[[[-1360,923]]],"id":497},{"properties":{"cd_mun_ibge":"3143203"},"type":"MultiPolygon","arcs":[[[-2041,924,925,926,927,928]]],"id":498},{"properties":{"cd_mun_ibge":"3143302"},"type":"MultiPolygon","arcs":[[[929,930,931,932,933,-1872,934,935,-1158,-1884,936]]],"id":499},{"properties":{"cd_mun_ibge":"3143401"},"type":"MultiPolygon","arcs":[[[937,-1062,938,939]]],"id":500},{"properties":{"cd_mun_ibge":"3143450"},"type":"MultiPolygon","arcs":[[[940,941,-1915,-2433,-1514,-1769]]],"id":501},{"properties":{"cd_mun_ibge":"3143500"},"type":"MultiPolygon","arcs":[[[-2291,-1842,-2322,942,-1341,-1082,943]]],"id":502},{"properties":{"cd_mun_ibge":"3143609"},"type":"MultiPolygon","arcs":[[[944,945,946]]],"id":503},{"properties":{"cd_mun_ibge":"3143708"},"type":"MultiPolygon","arcs":[[[-1772,-2047,947,-1692,948]]],"id":504},{"properties":{"cd_mun_ibge":"3143807"},"type":"MultiPolygon","arcs":[[[949,950,-2098,951,-2305]]],"id":505},{"properties":{"cd_mun_ibge":"3143906"},"type":"MultiPolygon","arcs":[[[-1657,952,-1544,953,954,-2490,955,-1174,956,-1099,957]]],"id":506},{"properties":{"cd_mun_ibge":"3144003"},"type":"MultiPolygon","arcs":[[[958,959,-2235,-1338,960,961,962]]],"id":507},{"properties":{"cd_mun_ibge":"3144102"},"type":"MultiPolygon","arcs":[[[963,964,965,966,967]]],"id":508},{"properties":{"cd_mun_ibge":"3144201"},"type":"MultiPolygon","arcs":[[[-1649,-1951,968,969,-2518]]],"id":509},{"properties":{"cd_mun_ibge":"3144300"},"type":"MultiPolygon","arcs":[[[-2149,970,971,972]]],"id":510},{"properties":{"cd_mun_ibge":"3144359"},"type":"MultiPolygon","arcs":[[[973,-1250,974,975]]],"id":511},{"properties":{"cd_mun_ibge":"3144375"},"type":"MultiPolygon","arcs":[[[976,977,-2399]]],"id":512},{"properties":{"cd_mun_ibge":"3144409"},"type":"MultiPolygon","arcs":[[[978,979,980,-1209,-1727,981,982]]],"id":513},{"properties":{"cd_mun_ibge":"3144508"},"type":"MultiPolygon","arcs":[[[983,984,-2057,985,-1890,986,987]]],"id":514},{"properties":{"cd_mun_ibge":"3144607"},"type":"MultiPolygon","arcs":[[[-1651,988,989,990,-1246,991,992,-2331]]],"id":515},{"properties":{"cd_mun_ibge":"3144656"},"type":"MultiPolygon","arcs":[[[993,-1917,994]]],"id":516},{"properties":{"cd_mun_ibge":"3144672"},"type":"MultiPolygon","arcs":[[[995,996,997,998]]],"id":517},{"properties":{"cd_mun_ibge":"3144706"},"type":"MultiPolygon","arcs":[[[999,-1641,1000,-1797,1001]]],"id":518},{"properties":{"cd_mun_ibge":"3144805"},"type":"MultiPolygon","arcs":[[[-1481,1002,1003,1004,-1006,1006,-1559,-1436]]],"id":519},{"properties":{"cd_mun_ibge":"3144904"},"type":"MultiPolygon","arcs":[[[-1806,1007,1008,-1255,-1963]]],"id":520},{"properties":{"cd_mun_ibge":"3145000"},"type":"MultiPolygon","arcs":[[[-1570,-2376,1009,1010,-1541,1011,-1218,-1625]]],"id":521},{"properties":{"cd_mun_ibge":"3145059"},"type":"MultiPolygon","arcs":[[[-1367,1012]]],"id":522},{"properties":{"cd_mun_ibge":"3145109"},"type":"MultiPolygon","arcs":[[[1013,1014,1015,-1992,1016,1017,1018,1019]]],"id":523},{"properties":{"cd_mun_ibge":"3145208"},"type":"MultiPolygon","arcs":[[[1020,1021,1022,-1847,1023,-1237]]],"id":524},{"properties":{"cd_mun_ibge":"3145307"},"type":"MultiPolygon","arcs":[[[1024,1025,1026,-2088,1027,1028,1029,1030]]],"id":525},{"properties":{"cd_mun_ibge":"3145356"},"type":"MultiPolygon","arcs":[[[-2272,1031,-1362,1032,1033,1034,-1180]]],"id":526},{"properties":{"cd_mun_ibge":"3145372"},"type":"MultiPolygon","arcs":[[[1035,-1508,-1574]]],"id":527},{"properties":{"cd_mun_ibge":"3145406"},"type":"MultiPolygon","arcs":[[[-1525,1036,1037]]],"id":528},{"properties":{"cd_mun_ibge":"3145455"},"type":"MultiPolygon","arcs":[[[1038,1039]]],"id":529},{"properties":{"cd_mun_ibge":"3145505"},"type":"MultiPolygon","arcs":[[[1040,1041,1042,1043]]],"id":530},{"properties":{"cd_mun_ibge":"3145604"},"type":"MultiPolygon","arcs":[[[-1821,1044,1045,-1144,-2059,1046,-1742]]],"id":531},{"properties":{"cd_mun_ibge":"3145703"},"type":"MultiPolygon","arcs":[[[-1095,1047,-1784,1048,-1603]]],"id":532},{"properties":{"cd_mun_ibge":"3145802"},"type":"MultiPolygon","arcs":[[[1049,-1312,1050,-1234,-1953,-1112]]],"id":533},{"properties":{"cd_mun_ibge":"3145851"},"type":"MultiPolygon","arcs":[[[-1349,-2415,1051,1052]]],"id":534},{"properties":{"cd_mun_ibge":"3145877"},"type":"MultiPolygon","arcs":[[[-1633,-1905,1053]]],"id":535},{"properties":{"cd_mun_ibge":"3145901"},"type":"MultiPolygon","arcs":[[[1054,-1066,1055,1056]]],"id":536},{"properties":{"cd_mun_ibge":"3146008"},"type":"MultiPolygon","arcs":[[[1057,1058,1059,1060,1061,1062,1063,-1705]]],"id":537},{"properties":{"cd_mun_ibge":"3146107"},"type":"MultiPolygon","arcs":[[[1064,1065,1066,1067,1068,1069,-1585,1070,-1291,1071]]],"id":538},{"properties":{"cd_mun_ibge":"3146206"},"type":"MultiPolygon","arcs":[[[1072,1073,-2265]]],"id":539},{"properties":{"cd_mun_ibge":"3146255"},"type":"MultiPolygon","arcs":[[[1074,1075,-1547,1076]]],"id":540},{"properties":{"cd_mun_ibge":"3146305"},"type":"MultiPolygon","arcs":[[[1077,1078,-1364]]],"id":541},{"properties":{"cd_mun_ibge":"3146404"},"type":"MultiPolygon","arcs":[[[1079,-2293,1080,1081,-1340,1082]]],"id":542},{"properties":{"cd_mun_ibge":"3146503"},"type":"MultiPolygon","arcs":[[[1083,-1272,-1317,1084,1085,1086,1087]]],"id":543},{"properties":{"cd_mun_ibge":"3146552"},"type":"MultiPolygon","arcs":[[[-1369,1088,1089,1090,1091,1092]]],"id":544},{"properties":{"cd_mun_ibge":"3146602"},"type":"MultiPolygon","arcs":[[[1093,1094,-1602,1095]]],"id":545},{"properties":{"cd_mun_ibge":"3146701"},"type":"MultiPolygon","arcs":[[[1096,-1445,1097,1098,1099]]],"id":546},{"properties":{"cd_mun_ibge":"3146750"},"type":"MultiPolygon","arcs":[[[-1555,-1752,1100,1101,-1487]]],"id":547},{"properties":{"cd_mun_ibge":"3146909"},"type":"MultiPolygon","arcs":[[[1102,-1133,1103,1104,-1310,-1344]]],"id":548},{"properties":{"cd_mun_ibge":"3147006"},"type":"MultiPolygon","arcs":[[[1105,-2403,1106,1107,-2457,1108]]],"id":549},{"properties":{"cd_mun_ibge":"3147105"},"type":"MultiPolygon","arcs":[[[1109,1110,1111,-1957,1112,1113,1114,1115]]],"id":550},{"properties":{"cd_mun_ibge":"3147204"},"type":"MultiPolygon","arcs":[[[1116,1117,1118,1119,1120,-2328,1121]]],"id":551},{"properties":{"cd_mun_ibge":"3147303"},"type":"MultiPolygon","arcs":[[[1122,1123,1124,1125,1126,1127,1128]]],"id":552},{"properties":{"cd_mun_ibge":"3147402"},"type":"MultiPolygon","arcs":[[[-2183,1129,-2181,1130,1131,1132,1133,1134,1135]]],"id":553},{"properties":{"cd_mun_ibge":"3147501"},"type":"MultiPolygon","arcs":[[[1136,-2045,1137,-1638]]],"id":554},{"properties":{"cd_mun_ibge":"3147600"},"type":"MultiPolygon","arcs":[[[1138,1139,1140,-2511]]],"id":555},{"properties":{"cd_mun_ibge":"3147709"},"type":"MultiPolygon","arcs":[[[1141,-1285,1142,-1455,1143]]],"id":556},{"properties":{"cd_mun_ibge":"3147808"},"type":"MultiPolygon","arcs":[[[1144,1145,1146,1147,-1710]]],"id":557},{"properties":{"cd_mun_ibge":"3147907"},"type":"MultiPolygon","arcs":[[[1148,1149,1150,1151,1152,-1871,1153,1154]]],"id":558},{"properties":{"cd_mun_ibge":"3147956"},"type":"MultiPolygon","arcs":[[[1155,1156,-1885,1157,1158]]],"id":559},{"properties":{"cd_mun_ibge":"3148004"},"type":"MultiPolygon","arcs":[[[1159,-2154,1160,1161,1162,1163,-1418,-2443,-2289,1164,1165]]],"id":560},{"properties":{"cd_mun_ibge":"3148103"},"type":"MultiPolygon","arcs":[[[1166,1167,1168,1169,1170,-2152,-1242]]],"id":561},{"properties":{"cd_mun_ibge":"3148202"},"type":"MultiPolygon","arcs":[[[1171,1172,1173,1174]]],"id":562},{"properties":{"cd_mun_ibge":"3148301"},"type":"MultiPolygon","arcs":[[[-2521,1175,-2107,-1406,-1372,-2489,1176,-1833]]],"id":563},{"properties":{"cd_mun_ibge":"3148400"},"type":"MultiPolygon","arcs":[[[-1565,1177,1178,-1924]]],"id":564},{"properties":{"cd_mun_ibge":"3148509"},"type":"MultiPolygon","arcs":[[[-2273,1179,1180,1181]]],"id":565},{"properties":{"cd_mun_ibge":"3148608"},"type":"MultiPolygon","arcs":[[[1182,-1921,1183,-2000,1184,-1646,-2516,1185,-2076,1186,-2512]]],"id":566},{"properties":{"cd_mun_ibge":"3148707"},"type":"MultiPolygon","arcs":[[[1187,1188,1189,1190,1191,1192,1193,1194]]],"id":567},{"properties":{"cd_mun_ibge":"3148756"},"type":"MultiPolygon","arcs":[[[1195,1196,-2137,1197,1198,-1635,1199]]],"id":568},{"properties":{"cd_mun_ibge":"3148806"},"type":"MultiPolygon","arcs":[[[1200,1201,-1984,-2262,1202]]],"id":569},{"properties":{"cd_mun_ibge":"3148905"},"type":"MultiPolygon","arcs":[[[-2033,1203,1204,-1757]]],"id":570},{"properties":{"cd_mun_ibge":"3149002"},"type":"MultiPolygon","arcs":[[[1205,-2313,1206,-2493,-1827,1207]]],"id":571},{"properties":{"cd_mun_ibge":"3149101"},"type":"MultiPolygon","arcs":[[[-1728,1208,1209,1210,1211,-1959]]],"id":572},{"properties":{"cd_mun_ibge":"3149150"},"type":"MultiPolygon","arcs":[[[1212,1213,1214,1215,-1812,1216]]],"id":573},{"properties":{"cd_mun_ibge":"3149200"},"type":"MultiPolygon","arcs":[[[-1240,-1626,1217,1218]]],"id":574},{"properties":{"cd_mun_ibge":"3149309"},"type":"MultiPolygon","arcs":[[[1219,1220,1221,1222,1223,-1946,-2478,-1473]]],"id":575},{"properties":{"cd_mun_ibge":"3149408"},"type":"MultiPolygon","arcs":[[[1224,1225,1226]]],"id":576},{"properties":{"cd_mun_ibge":"3149507"},"type":"MultiPolygon","arcs":[[[1227,1228,-1668,1229,1230]]],"id":577},{"properties":{"cd_mun_ibge":"3149606"},"type":"MultiPolygon","arcs":[[[1231,1232,-1954,1233]]],"id":578},{"properties":{"cd_mun_ibge":"3149705"},"type":"MultiPolygon","arcs":[[[1234,-1765,1235,1236]]],"id":579},{"properties":{"cd_mun_ibge":"3149804"},"type":"MultiPolygon","arcs":[[[-2151,1237,1238,-1571,-1627,1239,1240,1241]]],"id":580},{"properties":{"cd_mun_ibge":"3149903"},"type":"MultiPolygon","arcs":[[[1242,1243,-1476,1244,1245,1246,-1676,-1740,1247]]],"id":581},{"properties":{"cd_mun_ibge":"3149952"},"type":"MultiPolygon","arcs":[[[1248,1249,1250,1251,1252,-2210]]],"id":582},{"properties":{"cd_mun_ibge":"3150000"},"type":"MultiPolygon","arcs":[[[1253,-1964,1254,1255,1256]]],"id":583},{"properties":{"cd_mun_ibge":"3150109"},"type":"MultiPolygon","arcs":[[[-2223,-1499,1257,1258,1259,-1778]]],"id":584},{"properties":{"cd_mun_ibge":"3150158"},"type":"MultiPolygon","arcs":[[[-2372,1260,1261]]],"id":585},{"properties":{"cd_mun_ibge":"3150208"},"type":"MultiPolygon","arcs":[[[-1613,-1483,-2418]]],"id":586},{"properties":{"cd_mun_ibge":"3150307"},"type":"MultiPolygon","arcs":[[[1262,-1898,1263,-1715,-1672,1264]]],"id":587},{"properties":{"cd_mun_ibge":"3150406"},"type":"MultiPolygon","arcs":[[[1265,1266,-1283,1267,1268,1269]]],"id":588},{"properties":{"cd_mun_ibge":"3150505"},"type":"MultiPolygon","arcs":[[[1270,-1318,1271,1272]]],"id":589},{"properties":{"cd_mun_ibge":"3150539"},"type":"MultiPolygon","arcs":[[[1273,1274,1275,1276]]],"id":590},{"properties":{"cd_mun_ibge":"3150570"},"type":"MultiPolygon","arcs":[[[1277,-2006,-2421,1278,-1809]]],"id":591},{"properties":{"cd_mun_ibge":"3150604"},"type":"MultiPolygon","arcs":[[[1279,1280,1281,1282,1283,1284]]],"id":592},{"properties":{"cd_mun_ibge":"3150703"},"type":"MultiPolygon","arcs":[[[1285,1286,1287,-1319]]],"id":593},{"properties":{"cd_mun_ibge":"3150802"},"type":"MultiPolygon","arcs":[[[-1404,-2118,1288,1289,1290,1291,1292,1293,-1370]]],"id":594},{"properties":{"cd_mun_ibge":"3150901"},"type":"MultiPolygon","arcs":[[[-2532,1294,1295,-1300,1296]]],"id":595},{"properties":{"cd_mun_ibge":"3151008"},"type":"MultiPolygon","arcs":[[[1297,-1729,-1962,1298,1299,1300]]],"id":596},{"properties":{"cd_mun_ibge":"3151107"},"type":"MultiPolygon","arcs":[[[1301,1302,-1447,1303]]],"id":597},{"properties":{"cd_mun_ibge":"3151206"},"type":"MultiPolygon","arcs":[[[-2445,1304]]],"id":598},{"properties":{"cd_mun_ibge":"3151305"},"type":"MultiPolygon","arcs":[[[-1522,-2300,-2362,1305,1306]]],"id":599},{"properties":{"cd_mun_ibge":"3151404"},"type":"MultiPolygon","arcs":[[[1307,1308,-1345,1309,1310,1311,1312]]],"id":600},{"properties":{"cd_mun_ibge":"3151503"},"type":"MultiPolygon","arcs":[[[1313,-2428,-2009,1314,1315,1316,1317]]],"id":601},{"properties":{"cd_mun_ibge":"3151602"},"type":"MultiPolygon","arcs":[[[1318,1319,1320,1321]]],"id":602},{"properties":{"cd_mun_ibge":"3151701"},"type":"MultiPolygon","arcs":[[[1322,1323,1324,1325,1326,-2350,-1877]]],"id":603},{"properties":{"cd_mun_ibge":"3151800"},"type":"MultiPolygon","arcs":[[[1327,1328,1329,1330,1331]]],"id":604},{"properties":{"cd_mun_ibge":"3151909"},"type":"MultiPolygon","arcs":[[[1332,1333,1334,1335,-1723,1336,1337,-2234]]],"id":605},{"properties":{"cd_mun_ibge":"3152006"},"type":"MultiPolygon","arcs":[[[1338,1339,1340,1341,1342,1343,1344,1345]]],"id":606},{"properties":{"cd_mun_ibge":"3152105"},"type":"MultiPolygon","arcs":[[[1346,1347,-1484,-1610,-2416,1348,1349,-2260,1350]]],"id":607},{"properties":{"cd_mun_ibge":"3152131"},"type":"MultiPolygon","arcs":[[[-1616,-2008,-2367,1351,1352,1353,1354]]],"id":608},{"properties":{"cd_mun_ibge":"3152170"},"type":"MultiPolygon","arcs":[[[1355,1356,1357,1358,1359,1360,1361,1362,1363]]],"id":609},{"properties":{"cd_mun_ibge":"3152204"},"type":"MultiPolygon","arcs":[[[1364,-1511,-2162,-1471,1365,1366,1367,1368]]],"id":610},{"properties":{"cd_mun_ibge":"3152303"},"type":"MultiPolygon","arcs":[[[1369,1370,-2483,1371,-1405]]],"id":611},{"properties":{"cd_mun_ibge":"3152402"},"type":"MultiPolygon","arcs":[[[1372,1373,-2268,1374,1375]]],"id":612},{"properties":{"cd_mun_ibge":"3152501"},"type":"MultiPolygon","arcs":[[[1376,1377,1378,1379,-2198,-2016,-1725,1380]]],"id":613},{"properties":{"cd_mun_ibge":"3152600"},"type":"MultiPolygon","arcs":[[[-1983,-2216,1381,1382,1383,1384,-2052]]],"id":614},{"properties":{"cd_mun_ibge":"3152709"},"type":"MultiPolygon","arcs":[[[1385,1386,1387,1388,1389,1390,-1895,-2285]]],"id":615},{"properties":{"cd_mun_ibge":"3152808"},"type":"MultiPolygon","arcs":[[[-2384,-2470,1391,1392,1393,1394,1395]]],"id":616},{"properties":{"cd_mun_ibge":"3152907"},"type":"MultiPolygon","arcs":[[[1396,-2038,1397,1398,1399]]],"id":617},{"properties":{"cd_mun_ibge":"3153004"},"type":"MultiPolygon","arcs":[[[1400,-2241,1401,1402]]],"id":618},{"properties":{"cd_mun_ibge":"3153103"},"type":"MultiPolygon","arcs":[[[-2119,1403,1404,1405,-2106,1406]]],"id":619},{"properties":{"cd_mun_ibge":"3153202"},"type":"MultiPolygon","arcs":[[[1407,1408,-1776,1409,1410,-1660,1411]]],"id":620},{"properties":{"cd_mun_ibge":"3153301"},"type":"MultiPolygon","arcs":[[[1412,-2177,1413]]],"id":621},{"properties":{"cd_mun_ibge":"3153400"},"type":"MultiPolygon","arcs":[[[1414,1415,1416,-1843,-2440,1417]]],"id":622},{"properties":{"cd_mun_ibge":"3153509"},"type":"MultiPolygon","arcs":[[[1418,1419,1420,1421,1422]]],"id":623},{"properties":{"cd_mun_ibge":"3153608"},"type":"MultiPolygon","arcs":[[[1423,1424,1425,-2187]]],"id":624},{"properties":{"cd_mun_ibge":"3153707"},"type":"MultiPolygon","arcs":[[[1426,1427,-2146,-1863,-2295,1428,1429]]],"id":625},{"properties":{"cd_mun_ibge":"3153806"},"type":"MultiPolygon","arcs":[[[1430,-1790,1431,1432,1433]]],"id":626},{"properties":{"cd_mun_ibge":"3153905"},"type":"MultiPolygon","arcs":[[[-1558,1434,-1478,1435]]],"id":627},{"properties":{"cd_mun_ibge":"3154002"},"type":"MultiPolygon","arcs":[[[-1970,1436,1437,1438,1439,-1590,1440,-2475,1441,1442,-1996]]],"id":628},{"properties":{"cd_mun_ibge":"3154101"},"type":"MultiPolygon","arcs":[[[1443,1444,1445,1446,1447]]],"id":629},{"properties":{"cd_mun_ibge":"3154150"},"type":"MultiPolygon","arcs":[[[1448,-1682,1449,1450,1451]]],"id":630},{"properties":{"cd_mun_ibge":"3154200"},"type":"MultiPolygon","arcs":[[[1452,1453,-1533,-2054,1454,1455,1456]]],"id":631},{"properties":{"cd_mun_ibge":"3154309"},"type":"MultiPolygon","arcs":[[[-1720,1457,1458,1459,1460,1461]]],"id":632},{"properties":{"cd_mun_ibge":"3154408"},"type":"MultiPolygon","arcs":[[[-2128,1462,1463,1464]]],"id":633},{"properties":{"cd_mun_ibge":"3154457"},"type":"MultiPolygon","arcs":[[[-2423,-2005,-1620,1465,-2408,1466]]],"id":634},{"properties":{"cd_mun_ibge":"3154507"},"type":"MultiPolygon","arcs":[[[-2164,-1510,1467,1468,1469,1470]]],"id":635},{"properties":{"cd_mun_ibge":"3154606"},"type":"MultiPolygon","arcs":[[[1471,1472,-2477,1473,1474]]],"id":636},{"properties":{"cd_mun_ibge":"3154705"},"type":"MultiPolygon","arcs":[[[1475,1476]]],"id":637},{"properties":{"cd_mun_ibge":"3154804"},"type":"MultiPolygon","arcs":[[[1477,1478,-1587,1479,1480]]],"id":638},{"properties":{"cd_mun_ibge":"3154903"},"type":"MultiPolygon","arcs":[[[-1612,-2093,-1802,-1971,-1998,1481,-1748,-2412,1482]]],"id":639},{"properties":{"cd_mun_ibge":"3155009"},"type":"MultiPolygon","arcs":[[[1483,1484,1485,-2090,-1611]]],"id":640},{"properties":{"cd_mun_ibge":"3155108"},"type":"MultiPolygon","arcs":[[[-1556,1486,1487,1488]]],"id":641},{"properties":{"cd_mun_ibge":"3155207"},"type":"MultiPolygon","arcs":[[[1489,-1699,1490,-2122,1491,1492]]],"id":642},{"properties":{"cd_mun_ibge":"3155306"},"type":"MultiPolygon","arcs":[[[1493,1494,1495,1496,1497]]],"id":643},{"properties":{"cd_mun_ibge":"3155405"},"type":"MultiPolygon","arcs":[[[1498,-2222,1499,1500,-1934,1501]]],"id":644},{"properties":{"cd_mun_ibge":"3155504"},"type":"MultiPolygon","arcs":[[[1502,1503,-2156,1504,1505,1506,-1867]]],"id":645},{"properties":{"cd_mun_ibge":"3155603"},"type":"MultiPolygon","arcs":[[[1507,1508,1509,-2163,1510,1511,1512,-1770,1513,-2432,1514,-2225,-1575]]],"id":646},{"properties":{"cd_mun_ibge":"3155702"},"type":"MultiPolygon","arcs":[[[1515,-1795,1516,-1581,-1851,1517]]],"id":647},{"properties":{"cd_mun_ibge":"3155801"},"type":"MultiPolygon","arcs":[[[1518,-2220,1519,-2192,1520,-2298,1521]]],"id":648},{"properties":{"cd_mun_ibge":"3155900"},"type":"MultiPolygon","arcs":[[[1522,-1708,1523,1524,1525,-1598]]],"id":649},{"properties":{"cd_mun_ibge":"3156007"},"type":"MultiPolygon","arcs":[[[1526,-2142,-2171,1527,1528,-2115,1529,1530]]],"id":650},{"properties":{"cd_mun_ibge":"3156106"},"type":"MultiPolygon","arcs":[[[-1892,1531,-2055,1532,1533]]],"id":651},{"properties":{"cd_mun_ibge":"3156205"},"type":"MultiPolygon","arcs":[[[1534,1535,-1930]]],"id":652},{"properties":{"cd_mun_ibge":"3156304"},"type":"MultiPolygon","arcs":[[[1536,1537,-2360]]],"id":653},{"properties":{"cd_mun_ibge":"3156403"},"type":"MultiPolygon","arcs":[[[1538,1539,1540,1541]]],"id":654},{"properties":{"cd_mun_ibge":"3156452"},"type":"MultiPolygon","arcs":[[[-2020,1542,1543]]],"id":655},{"properties":{"cd_mun_ibge":"3156502"},"type":"MultiPolygon","arcs":[[[1544,-2503,1545,1546,1547,-1577,1548,1549]]],"id":656},{"properties":{"cd_mun_ibge":"3156601"},"type":"MultiPolygon","arcs":[[[1550,1551,1552,1553,-1753,1554,1555]]],"id":657},{"properties":{"cd_mun_ibge":"3156700"},"type":"MultiPolygon","arcs":[[[-1631,-2247,1556,1557,1558,1559]]],"id":658},{"properties":{"cd_mun_ibge":"3156809"},"type":"MultiPolygon","arcs":[[[-1923,1560,-2126,1561,1562,-2174,-1751,1563,1564]]],"id":659},{"properties":{"cd_mun_ibge":"3156908"},"type":"MultiPolygon","arcs":[[[-2012,1565,1566,1567,1568,-2377,1569,-1628,1570,1571,-2236]]],"id":660},{"properties":{"cd_mun_ibge":"3157005"},"type":"MultiPolygon","arcs":[[[1572,1573,1574,-2231,-1604,1575,1576]]],"id":661},{"properties":{"cd_mun_ibge":"3157104"},"type":"MultiPolygon","arcs":[[[-1643,1577,1578,1579]]],"id":662},{"properties":{"cd_mun_ibge":"3157203"},"type":"MultiPolygon","arcs":[[[-1852,1580,1581,1582,1583,1584,1585,1586,1587,1588]]],"id":663},{"properties":{"cd_mun_ibge":"3157252"},"type":"MultiPolygon","arcs":[[[1589,1590,-1713,1591,-2206,1592]]],"id":664},{"properties":{"cd_mun_ibge":"3157278"},"type":"MultiPolygon","arcs":[[[1593,1594,1595,1596,1597]]],"id":665},{"properties":{"cd_mun_ibge":"3157302"},"type":"MultiPolygon","arcs":[[[1598,1599,1600,1601,1602]]],"id":666},{"properties":{"cd_mun_ibge":"3157336"},"type":"MultiPolygon","arcs":[[[-2282,-1894]]],"id":667},{"properties":{"cd_mun_ibge":"3157377"},"type":"MultiPolygon","arcs":[[[1603,-2230,1604,1605,1606,1607,1608]]],"id":668},{"properties":{"cd_mun_ibge":"3157401"},"type":"MultiPolygon","arcs":[[[-2417,1609,1610,-2089,1611,1612]]],"id":669},{"properties":{"cd_mun_ibge":"3157500"},"type":"MultiPolygon","arcs":[[[-2079,-1836,1613,1614]]],"id":670},{"properties":{"cd_mun_ibge":"3157609"},"type":"MultiPolygon","arcs":[[[1615,1616,1617,1618,1619,-2004]]],"id":671},{"properties":{"cd_mun_ibge":"3157658"},"type":"MultiPolygon","arcs":[[[1620,1621,1622,1623]]],"id":672},{"properties":{"cd_mun_ibge":"3157708"},"type":"MultiPolygon","arcs":[[[1624,1625,1626,1627]]],"id":673},{"properties":{"cd_mun_ibge":"3157807"},"type":"MultiPolygon","arcs":[[[-2482,1628,1629,-2248,1630,1631]]],"id":674},{"properties":{"cd_mun_ibge":"3157906"},"type":"MultiPolygon","arcs":[[[1632,1633,1634,1635,-1900]]],"id":675},{"properties":{"cd_mun_ibge":"3158003"},"type":"MultiPolygon","arcs":[[[1636,1637,1638,1639,1640,1641]]],"id":676},{"properties":{"cd_mun_ibge":"3158102"},"type":"MultiPolygon","arcs":[[[1642,1643,-1755,1644]]],"id":677},{"properties":{"cd_mun_ibge":"3158201"},"type":"MultiPolygon","arcs":[[[1645,1646,-2030,1647,-1952,1648,-2517]]],"id":678},{"properties":{"cd_mun_ibge":"3158300"},"type":"MultiPolygon","arcs":[[[1649,1650,-2330,1651,1652]]],"id":679},{"properties":{"cd_mun_ibge":"3158409"},"type":"MultiPolygon","arcs":[[[1653,1654,1655,1656]]],"id":680},{"properties":{"cd_mun_ibge":"3158508"},"type":"MultiPolygon","arcs":[[[1657,1658,1659,1660,1661,1662,-1689,1663,1664]]],"id":681},{"properties":{"cd_mun_ibge":"3158607"},"type":"MultiPolygon","arcs":[[[-2200,1665,1666,1667,1668,1669,1670]]],"id":682},{"properties":{"cd_mun_ibge":"3158706"},"type":"MultiPolygon","arcs":[[[1671,-1714,1672,1673]]],"id":683},{"properties":{"cd_mun_ibge":"3158805"},"type":"MultiPolygon","arcs":[[[1674,-1816,-1741,1675,1676,1677]]],"id":684},{"properties":{"cd_mun_ibge":"3158904"},"type":"MultiPolygon","arcs":[[[1678,1679,-1981,1680,1681,-2204]]],"id":685},{"properties":{"cd_mun_ibge":"3158953"},"type":"MultiPolygon","arcs":[[[1682,1683,1684,1685,1686]]],"id":686},{"properties":{"cd_mun_ibge":"3159001"},"type":"MultiPolygon","arcs":[[[1687,1688,1689,1690,1691,1692,1693]]],"id":687},{"properties":{"cd_mun_ibge":"3159100"},"type":"MultiPolygon","arcs":[[[1694,1695,1696,1697,1698,1699,1700]]],"id":688},{"properties":{"cd_mun_ibge":"3159209"},"type":"MultiPolygon","arcs":[[[1701,1702,1703,1704,1705,1706]]],"id":689},{"properties":{"cd_mun_ibge":"3159308"},"type":"MultiPolygon","arcs":[[[1707,1708,1709,1710]]],"id":690},{"properties":{"cd_mun_ibge":"3159357"},"type":"MultiPolygon","arcs":[[[1711,1712]]],"id":691},{"properties":{"cd_mun_ibge":"3159407"},"type":"MultiPolygon","arcs":[[[1713,1714,1715,1716,1717,1718]]],"id":692},{"properties":{"cd_mun_ibge":"3159506"},"type":"MultiPolygon","arcs":[[[1719,1720,1721,1722,1723]]],"id":693},{"properties":{"cd_mun_ibge":"3159605"},"type":"MultiPolygon","arcs":[[[1724,-2015,1725,1726,1727,-1958,1728,1729]]],"id":694},{"properties":{"cd_mun_ibge":"3159704"},"type":"MultiPolygon","arcs":[[[1730,1731,-1865,1732]]],"id":695},{"properties":{"cd_mun_ibge":"3159803"},"type":"MultiPolygon","arcs":[[[1733,-2405,1734,1735,1736,1737]]],"id":696},{"properties":{"cd_mun_ibge":"3159902"},"type":"MultiPolygon","arcs":[[[1738,1739,1740,-1822,1741]]],"id":697},{"properties":{"cd_mun_ibge":"3160009"},"type":"MultiPolygon","arcs":[[[1742,-2101,1743,1744,1745]]],"id":698},{"properties":{"cd_mun_ibge":"3160108"},"type":"MultiPolygon","arcs":[[[1746,-2413,1747,1748]]],"id":699},{"properties":{"cd_mun_ibge":"3160207"},"type":"MultiPolygon","arcs":[[[-2144,1749,1750,-2173]]],"id":700},{"properties":{"cd_mun_ibge":"3160306"},"type":"MultiPolygon","arcs":[[[1751,1752,1753,1754,1755]]],"id":701},{"properties":{"cd_mun_ibge":"3160405"},"type":"MultiPolygon","arcs":[[[-2034,1756,1757,1758,1759,1760,1761,1762,1763,1764,1765]]],"id":702},{"properties":{"cd_mun_ibge":"3160454"},"type":"MultiPolygon","arcs":[[[1766,1767,1768,1769]]],"id":703},{"properties":{"cd_mun_ibge":"3160504"},"type":"MultiPolygon","arcs":[[[1770,-2048,1771]]],"id":704},{"properties":{"cd_mun_ibge":"3160603"},"type":"MultiPolygon","arcs":[[[1772,1773,1774,1775,1776]]],"id":705},{"properties":{"cd_mun_ibge":"3160702"},"type":"MultiPolygon","arcs":[[[-2224,1777,1778,1779,1780,1781,1782,1783,1784]]],"id":706},{"properties":{"cd_mun_ibge":"3160801"},"type":"MultiPolygon","arcs":[[[1785,1786,-2317]]],"id":707},{"properties":{"cd_mun_ibge":"3160900"},"type":"MultiPolygon","arcs":[[[1787,1788,1789,1790,1791]]],"id":708},{"properties":{"cd_mun_ibge":"3160959"},"type":"MultiPolygon","arcs":[[[-2023,1792,1793]]],"id":709},{"properties":{"cd_mun_ibge":"3161007"},"type":"MultiPolygon","arcs":[[[1794,1795,1796,1797,1798,1799,1800,-1972,1801,-2092,1802,1803]]],"id":710},{"properties":{"cd_mun_ibge":"3161056"},"type":"MultiPolygon","arcs":[[[1804,1805,-1969,1806]]],"id":711},{"properties":{"cd_mun_ibge":"3161106"},"type":"MultiPolygon","arcs":[[[1807,1808,1809,1810,1811,1812,1813,1814]]],"id":712},{"properties":{"cd_mun_ibge":"3161205"},"type":"MultiPolygon","arcs":[[[1815,1816,1817,1818,1819,1820,1821]]],"id":713},{"properties":{"cd_mun_ibge":"3161304"},"type":"MultiPolygon","arcs":[[[1822,1823,1824,1825]]],"id":714},{"properties":{"cd_mun_ibge":"3161403"},"type":"MultiPolygon","arcs":[[[1826,-2492,1827,1828,1829]]],"id":715},{"properties":{"cd_mun_ibge":"3161502"},"type":"MultiPolygon","arcs":[[[1830,1831,-2522,1832,1833]]],"id":716},{"properties":{"cd_mun_ibge":"3161601"},"type":"MultiPolygon","arcs":[[[1834,1835,1836]]],"id":717},{"properties":{"cd_mun_ibge":"3161650"},"type":"MultiPolygon","arcs":[[[1837,1838,1839]]],"id":718},{"properties":{"cd_mun_ibge":"3161700"},"type":"MultiPolygon","arcs":[[[1840,-2323,1841,-2290,-2441,1842,1843]]],"id":719},{"properties":{"cd_mun_ibge":"3161809"},"type":"MultiPolygon","arcs":[[[1844,1845,1846,1847,1848]]],"id":720},{"properties":{"cd_mun_ibge":"3161908"},"type":"MultiPolygon","arcs":[[[1849,1850,1851,1852,1853,1854]]],"id":721},{"properties":{"cd_mun_ibge":"3162005"},"type":"MultiPolygon","arcs":[[[-2195,-2354,1855,1856,1857,1858,1859,1860]]],"id":722},{"properties":{"cd_mun_ibge":"3162104"},"type":"MultiPolygon","arcs":[[[1861,-2296,1862,-2145,1863,1864,1865,1866]]],"id":723},{"properties":{"cd_mun_ibge":"3162203"},"type":"MultiPolygon","arcs":[[[1867,-2010,-2430,1868,-1941,1869,1870]]],"id":724},{"properties":{"cd_mun_ibge":"3162252"},"type":"MultiPolygon","arcs":[[[1871,1872,1873,1874,1875]]],"id":725},{"properties":{"cd_mun_ibge":"3162302"},"type":"MultiPolygon","arcs":[[[1876,-2349,-2194,1877]]],"id":726},{"properties":{"cd_mun_ibge":"3162401"},"type":"MultiPolygon","arcs":[[[1878,1879,1880,-2454,-2461,1881,1882,1883,1884]]],"id":727},{"properties":{"cd_mun_ibge":"3162450"},"type":"MultiPolygon","arcs":[[[1885,1886,1887]]],"id":728},{"properties":{"cd_mun_ibge":"3162500"},"type":"MultiPolygon","arcs":[[[1888,1889,1890,1891,1892,-2283,1893,-2286,1894,1895,1896,1897,1898]]],"id":729},{"properties":{"cd_mun_ibge":"3162559"},"type":"MultiPolygon","arcs":[[[1899,1900,1901,1902,1903,1904]]],"id":730},{"properties":{"cd_mun_ibge":"3162575"},"type":"MultiPolygon","arcs":[[[1905,1906,1907]]],"id":731},{"properties":{"cd_mun_ibge":"3162609"},"type":"MultiPolygon","arcs":[[[1908,1909,1910,-2208,-2252]]],"id":732},{"properties":{"cd_mun_ibge":"3162658"},"type":"MultiPolygon","arcs":[[[1911,1912,1913]]],"id":733},{"properties":{"cd_mun_ibge":"3162708"},"type":"MultiPolygon","arcs":[[[-2434,1914,1915,1916,1917,1918,-2227,1919]]],"id":734},{"properties":{"cd_mun_ibge":"3162807"},"type":"MultiPolygon","arcs":[[[1920,1921,1922,1923,1924,-1974,-2002,1925]]],"id":735},{"properties":{"cd_mun_ibge":"3162906"},"type":"MultiPolygon","arcs":[[[1926,1927,1928,1929,1930,1931,1932,1933,1934]]],"id":736},{"properties":{"cd_mun_ibge":"3162922"},"type":"MultiPolygon","arcs":[[[1935,1936,1937,1938,1939]]],"id":737},{"properties":{"cd_mun_ibge":"3162948"},"type":"MultiPolygon","arcs":[[[1940,1941,1942,1943,1944]]],"id":738},{"properties":{"cd_mun_ibge":"3162955"},"type":"MultiPolygon","arcs":[[[1945,1946,-2479]]],"id":739},{"properties":{"cd_mun_ibge":"3163003"},"type":"MultiPolygon","arcs":[[[1947,1948,1949,1950,1951]]],"id":740},{"properties":{"cd_mun_ibge":"3163102"},"type":"MultiPolygon","arcs":[[[1952,1953,1954,1955,1956]]],"id":741},{"properties":{"cd_mun_ibge":"3163201"},"type":"MultiPolygon","arcs":[[[1957,1958,1959,1960,1961]]],"id":742},{"properties":{"cd_mun_ibge":"3163300"},"type":"MultiPolygon","arcs":[[[1962,1963,1964,1965,1966,1967,1968]]],"id":743},{"properties":{"cd_mun_ibge":"3163409"},"type":"MultiPolygon","arcs":[[[1969,-1995,1970,1971,1972]]],"id":744},{"properties":{"cd_mun_ibge":"3163508"},"type":"MultiPolygon","arcs":[[[1973,1974,1975,-2025,1976,-2003]]],"id":745},{"properties":{"cd_mun_ibge":"3163607"},"type":"MultiPolygon","arcs":[[[1977,1978,1979,1980]]],"id":746},{"properties":{"cd_mun_ibge":"3163706"},"type":"MultiPolygon","arcs":[[[1981,-2217,1982,-2051]]],"id":747},{"properties":{"cd_mun_ibge":"3163805"},"type":"MultiPolygon","arcs":[[[-2486,-2263,1983,1984,1985,1986,1987]]],"id":748},{"properties":{"cd_mun_ibge":"3163904"},"type":"MultiPolygon","arcs":[[[1988,1989,1990,1991,1992,1993]]],"id":749},{"properties":{"cd_mun_ibge":"3164001"},"type":"MultiPolygon","arcs":[[[1994,1995,1996,1997]]],"id":750},{"properties":{"cd_mun_ibge":"3164100"},"type":"MultiPolygon","arcs":[[[1998,1999,2000,2001,2002]]],"id":751},{"properties":{"cd_mun_ibge":"3164209"},"type":"MultiPolygon","arcs":[[[2003,2004,-2422,2005,2006,-2368,2007]]],"id":752},{"properties":{"cd_mun_ibge":"3164308"},"type":"MultiPolygon","arcs":[[[2008,-2427,2009,2010,2011,-2240,2012,2013]]],"id":753},{"properties":{"cd_mun_ibge":"3164407"},"type":"MultiPolygon","arcs":[[[2014,2015,-2197,2016]]],"id":754},{"properties":{"cd_mun_ibge":"3164431"},"type":"MultiPolygon","arcs":[[[2017,2018,2019,2020]]],"id":755},{"properties":{"cd_mun_ibge":"3164472"},"type":"MultiPolygon","arcs":[[[2021,2022,2023]]],"id":756},{"properties":{"cd_mun_ibge":"3164506"},"type":"MultiPolygon","arcs":[[[2024,2025,2026,2027,2028,2029,2030]]],"id":757},{"properties":{"cd_mun_ibge":"3164605"},"type":"MultiPolygon","arcs":[[[2031,2032,2033,2034]]],"id":758},{"properties":{"cd_mun_ibge":"3164704"},"type":"MultiPolygon","arcs":[[[2035,-2060,2036,2037,2038,2039,2040,2041]]],"id":759},{"properties":{"cd_mun_ibge":"3164803"},"type":"MultiPolygon","arcs":[[[2042,2043,2044,2045,2046,2047]]],"id":760},{"properties":{"cd_mun_ibge":"3164902"},"type":"MultiPolygon","arcs":[[[-2509,2048,2049,2050,2051,2052]]],"id":761},{"properties":{"cd_mun_ibge":"3165008"},"type":"MultiPolygon","arcs":[[[2053,2054,2055,2056,2057,2058]]],"id":762},{"properties":{"cd_mun_ibge":"3165107"},"type":"MultiPolygon","arcs":[[[2059,2060,2061]]],"id":763},{"properties":{"cd_mun_ibge":"3165206"},"type":"MultiPolygon","arcs":[[[2062,2063,-2318,2064,2065]]],"id":764},{"properties":{"cd_mun_ibge":"3165305"},"type":"MultiPolygon","arcs":[[[2066,2067,2068,-2166,2069]]],"id":765},{"properties":{"cd_mun_ibge":"3165404"},"type":"MultiPolygon","arcs":[[[2070,2071,2072]]],"id":766},{"properties":{"cd_mun_ibge":"3165503"},"type":"MultiPolygon","arcs":[[[2073,2074,2075,2076,2077,2078]]],"id":767},{"properties":{"cd_mun_ibge":"3165537"},"type":"MultiPolygon","arcs":[[[2079,2080,2081,2082]]],"id":768},{"properties":{"cd_mun_ibge":"3165552"},"type":"MultiPolygon","arcs":[[[2083,2084,2085,2086,2087]]],"id":769},{"properties":{"cd_mun_ibge":"3165560"},"type":"MultiPolygon","arcs":[[[2088,2089,2090,2091,2092]]],"id":770},{"properties":{"cd_mun_ibge":"3165578"},"type":"MultiPolygon","arcs":[[[2093,2094,2095,2096,2097]]],"id":771},{"properties":{"cd_mun_ibge":"3165602"},"type":"MultiPolygon","arcs":[[[2098,2099,2100,2101]]],"id":772},{"properties":{"cd_mun_ibge":"3165701"},"type":"MultiPolygon","arcs":[[[2102,-2357,2103,2104,2105,2106]]],"id":773},{"properties":{"cd_mun_ibge":"3165800"},"type":"MultiPolygon","arcs":[[[2107,2108,2109]]],"id":774},{"properties":{"cd_mun_ibge":"3165909"},"type":"MultiPolygon","arcs":[[[2110,2111,2112,2113,2114,2115]]],"id":775},{"properties":{"cd_mun_ibge":"3166006"},"type":"MultiPolygon","arcs":[[[2116,2117,2118,2119,2120,2121]]],"id":776},{"properties":{"cd_mun_ibge":"3166105"},"type":"MultiPolygon","arcs":[[[2122,2123,2124,2125,2126]]],"id":777},{"properties":{"cd_mun_ibge":"3166204"},"type":"MultiPolygon","arcs":[[[2127,2128,2129,2130,2131,2132]]],"id":778},{"properties":{"cd_mun_ibge":"3166303"},"type":"MultiPolygon","arcs":[[[2133,2134,2135,2136]]],"id":779},{"properties":{"cd_mun_ibge":"3166402"},"type":"MultiPolygon","arcs":[[[2137,2138,2139,2140,-2168]]],"id":780},{"properties":{"cd_mun_ibge":"3166501"},"type":"MultiPolygon","arcs":[[[-2172,2141,2142,2143]]],"id":781},{"properties":{"cd_mun_ibge":"3166600"},"type":"MultiPolygon","arcs":[[[2144,2145,2146,2147]]],"id":782},{"properties":{"cd_mun_ibge":"3166709"},"type":"MultiPolygon","arcs":[[[2148,2149]]],"id":783},{"properties":{"cd_mun_ibge":"3166808"},"type":"MultiPolygon","arcs":[[[2150,2151,2152,2153,2154,2155,2156]]],"id":784},{"properties":{"cd_mun_ibge":"3166907"},"type":"MultiPolygon","arcs":[[[2157,2158,2159,2160]]],"id":785},{"properties":{"cd_mun_ibge":"3166956"},"type":"MultiPolygon","arcs":[[[2161,2162,2163]]],"id":786},{"properties":{"cd_mun_ibge":"3167004"},"type":"MultiPolygon","arcs":[[[2164,2165,2166,2167,2168]]],"id":787},{"properties":{"cd_mun_ibge":"3167103"},"type":"MultiPolygon","arcs":[[[2169,2170,2171,2172,2173,2174,2175,2176,2177,2178]]],"id":788},{"properties":{"cd_mun_ibge":"3167202"},"type":"MultiPolygon","arcs":[[[2179,2180,2181,2182,2183,2184,2185,2186,2187,2188]]],"id":789},{"properties":{"cd_mun_ibge":"3167301"},"type":"MultiPolygon","arcs":[[[2189,2190,2191]]],"id":790},{"properties":{"cd_mun_ibge":"3167400"},"type":"MultiPolygon","arcs":[[[2192,2193,-2355,2194,2195,2196,2197]]],"id":791},{"properties":{"cd_mun_ibge":"3167509"},"type":"MultiPolygon","arcs":[[[2198,2199,2200,2201]]],"id":792},{"properties":{"cd_mun_ibge":"3167608"},"type":"MultiPolygon","arcs":[[[2202,2203,2204,2205,2206]]],"id":793},{"properties":{"cd_mun_ibge":"3167707"},"type":"MultiPolygon","arcs":[[[-2253,2207,2208,2209,2210,2211]]],"id":794},{"properties":{"cd_mun_ibge":"3167806"},"type":"MultiPolygon","arcs":[[[2212,2213,2214,2215,2216]]],"id":795},{"properties":{"cd_mun_ibge":"3167905"},"type":"MultiPolygon","arcs":[[[2217,2218,2219,2220,2221,2222,2223]]],"id":796},{"properties":{"cd_mun_ibge":"3168002"},"type":"MultiPolygon","arcs":[[[2224,2225,2226,2227,2228,2229,2230]]],"id":797},{"properties":{"cd_mun_ibge":"3168051"},"type":"MultiPolygon","arcs":[[[2231,2232,2233,2234]]],"id":798},{"properties":{"cd_mun_ibge":"3168101"},"type":"MultiPolygon","arcs":[[[2235,2236,2237,2238,2239]]],"id":799},{"properties":{"cd_mun_ibge":"3168200"},"type":"MultiPolygon","arcs":[[[2240,2241,2242,2243,2244]]],"id":800},{"properties":{"cd_mun_ibge":"3168309"},"type":"MultiPolygon","arcs":[[[2245,2246,2247,2248,2249]]],"id":801},{"properties":{"cd_mun_ibge":"3168408"},"type":"MultiPolygon","arcs":[[[2250,2251,2252,2253,2254,2255,2256,2257]]],"id":802},{"properties":{"cd_mun_ibge":"3168507"},"type":"MultiPolygon","arcs":[[[2258,2259,2260,2261,2262,-2485]]],"id":803},{"properties":{"cd_mun_ibge":"3168606"},"type":"MultiPolygon","arcs":[[[2263,2264,2265,2266,2267,2268,2269,2270,2271,2272,2273]]],"id":804},{"properties":{"cd_mun_ibge":"3168705"},"type":"MultiPolygon","arcs":[[[2274,2275,2276,2277,2278,2279,2280]]],"id":805},{"properties":{"cd_mun_ibge":"3168804"},"type":"MultiPolygon","arcs":[[[2281,2282,2283,2284,2285]]],"id":806},{"properties":{"cd_mun_ibge":"3168903"},"type":"MultiPolygon","arcs":[[[2286,2287,2288,-2442,2289,2290,2291,2292,2293,2294,2295,2296]]],"id":807},{"properties":{"cd_mun_ibge":"3169000"},"type":"MultiPolygon","arcs":[[[2297,2298,-2363,2299]]],"id":808},{"properties":{"cd_mun_ibge":"3169059"},"type":"MultiPolygon","arcs":[[[2300,2301,2302,2303]]],"id":809},{"properties":{"cd_mun_ibge":"3169109"},"type":"MultiPolygon","arcs":[[[2304,2305,2306,2307]]],"id":810},{"properties":{"cd_mun_ibge":"3169208"},"type":"MultiPolygon","arcs":[[[2308,2309,2310,2311,2312]]],"id":811},{"properties":{"cd_mun_ibge":"3169307"},"type":"MultiPolygon","arcs":[[[2313,2314,-2439,2315,2316,2317,2318,2319]]],"id":812},{"properties":{"cd_mun_ibge":"3169356"},"type":"MultiPolygon","arcs":[[[2320,2321,2322,2323,2324,2325]]],"id":813},{"properties":{"cd_mun_ibge":"3169406"},"type":"MultiPolygon","arcs":[[[2326,2327,2328,2329,2330,2331,-2437]]],"id":814},{"properties":{"cd_mun_ibge":"3169505"},"type":"MultiPolygon","arcs":[[[2332,2333,2334,2335,2336,2337]]],"id":815},{"properties":{"cd_mun_ibge":"3169604"},"type":"MultiPolygon","arcs":[[[2338,2339,2340,-2386,2341]]],"id":816},{"properties":{"cd_mun_ibge":"3169703"},"type":"MultiPolygon","arcs":[[[2342,2343,2344,2345,2346,2347,-2467]]],"id":817},{"properties":{"cd_mun_ibge":"3169802"},"type":"MultiPolygon","arcs":[[[2348,2349,2350,2351,2352,2353,2354]]],"id":818},{"properties":{"cd_mun_ibge":"3169901"},"type":"MultiPolygon","arcs":[[[2355,2356,2357,-2525,2358,2359,2360,2361,2362]]],"id":819},{"properties":{"cd_mun_ibge":"3170008"},"type":"MultiPolygon","arcs":[[[2363,2364,2365,2366,2367,2368]]],"id":820},{"properties":{"cd_mun_ibge":"3170057"},"type":"MultiPolygon","arcs":[[[2369,2370,2371,2372]]],"id":821},{"properties":{"cd_mun_ibge":"3170107"},"type":"MultiPolygon","arcs":[[[2373,-2472,-2383,2374,2375,2376,2377,2378,2379,2380]]],"id":822},{"properties":{"cd_mun_ibge":"3170206"},"type":"MultiPolygon","arcs":[[[2381,2382,-2471,2383,2384,2385,2386]]],"id":823},{"properties":{"cd_mun_ibge":"3170305"},"type":"MultiPolygon","arcs":[[[2387,2388,2389,2390,2391]]],"id":824},{"properties":{"cd_mun_ibge":"3170404"},"type":"MultiPolygon","arcs":[[[2392,2393,2394,2395,2396,-2410,2397,2398,2399,2400,2401,2402]]],"id":825},{"properties":{"cd_mun_ibge":"3170438"},"type":"MultiPolygon","arcs":[[[2403,2404,2405,2406]]],"id":826},{"properties":{"cd_mun_ibge":"3170479"},"type":"MultiPolygon","arcs":[[[2407,2408,2409,2410]]],"id":827},{"properties":{"cd_mun_ibge":"3170503"},"type":"MultiPolygon","arcs":[[[2411,2412,2413,2414,2415,2416,2417]]],"id":828},{"properties":{"cd_mun_ibge":"3170529"},"type":"MultiPolygon","arcs":[[[2418,2419,2420,2421,2422]]],"id":829},{"properties":{"cd_mun_ibge":"3170578"},"type":"MultiPolygon","arcs":[[[2423,2424,2425]]],"id":830},{"properties":{"cd_mun_ibge":"3170602"},"type":"MultiPolygon","arcs":[[[2426,2427,2428,2429]]],"id":831},{"properties":{"cd_mun_ibge":"3170651"},"type":"MultiPolygon","arcs":[[[2430,2431,2432,2433]]],"id":832},{"properties":{"cd_mun_ibge":"3170701"},"type":"MultiPolygon","arcs":[[[2434,2435,2436,2437,2438]]],"id":833},{"properties":{"cd_mun_ibge":"3170750"},"type":"MultiPolygon","arcs":[[[2439,2440,2441,2442]]],"id":834},{"properties":{"cd_mun_ibge":"3170800"},"type":"MultiPolygon","arcs":[[[2443,2444,2445,2446,2447,2448,2449]]],"id":835},{"properties":{"cd_mun_ibge":"3170909"},"type":"MultiPolygon","arcs":[[[2450,2451,2452,-2462,2453]]],"id":836},{"properties":{"cd_mun_ibge":"3171006"},"type":"MultiPolygon","arcs":[[[2454,2455,2456,2457,2458]]],"id":837},{"properties":{"cd_mun_ibge":"3171030"},"type":"MultiPolygon","arcs":[[[2459,2460,2461,2462]]],"id":838},{"properties":{"cd_mun_ibge":"3171071"},"type":"MultiPolygon","arcs":[[[2463,2464,2465,2466]]],"id":839},{"properties":{"cd_mun_ibge":"3171105"},"type":"MultiPolygon","arcs":[[[2467,2468,2469,2470,2471]]],"id":840},{"properties":{"cd_mun_ibge":"3171154"},"type":"MultiPolygon","arcs":[[[2472,2473,2474]]],"id":841},{"properties":{"cd_mun_ibge":"3171204"},"type":"MultiPolygon","arcs":[[[2475,2476,2477,2478,2479,2480,2481]]],"id":842},{"properties":{"cd_mun_ibge":"3171303"},"type":"MultiPolygon","arcs":[[[2482,2483,2484,2485,2486,2487,2488]]],"id":843},{"properties":{"cd_mun_ibge":"3171402"},"type":"MultiPolygon","arcs":[[[2489,2490,2491,2492,2493]]],"id":844},{"properties":{"cd_mun_ibge":"3171501"},"type":"MultiPolygon","arcs":[[[2494,2495,2496]]],"id":845},{"properties":{"cd_mun_ibge":"3171600"},"type":"MultiPolygon","arcs":[[[2497,2498,2499,2500,2501,2502,2503]]],"id":846},{"properties":{"cd_mun_ibge":"3171709"},"type":"MultiPolygon","arcs":[[[2504,2505,2506,2507,2508,2509,2510]]],"id":847},{"properties":{"cd_mun_ibge":"3171808"},"type":"MultiPolygon","arcs":[[[2511,2512,2513,2514]]],"id":848},{"properties":{"cd_mun_ibge":"3171907"},"type":"MultiPolygon","arcs":[[[2515,2516,2517,2518]]],"id":849},{"properties":{"cd_mun_ibge":"3172004"},"type":"MultiPolygon","arcs":[[[2519,2520,2521,2522,2523,2524]]],"id":850},{"properties":{"cd_mun_ibge":"3172103"},"type":"MultiPolygon","arcs":[[[2525,2526,2527,2528]]],"id":851},{"properties":{"cd_mun_ibge":"3172202"},"type":"MultiPolygon","arcs":[[[2529,2530,2531,2532]]],"id":852}],"type":"GeometryCollection"}},"bbox":[-51.0460818,-22.9227553,-39.8568289,-14.2331807],"transform":{"scale":[0.00011189364793647943,8.689661496614965e-05],"translate":[-51.0460818,-22.9227553]},"arcs":[[[30085,52553],[81,-16],[117,341],[95,-28],[7,-115],[318,274],[-252,331],[184,200],[-60,113],[69,139],[88,-179],[56,95],[-50,130],[232,102],[-67,105],[157,64],[21,197],[87,-62],[194,163],[-19,-346],[59,-72],[173,407],[255,28],[35,175],[157,18],[116,205],[181,-73]],[[27391,33216],[-84,-90],[8,-331],[-114,-357],[-158,-230],[-167,47],[-94,-199],[-245,-129],[-257,24],[-377,255],[-71,217],[-205,105],[-35,248],[-187,336]],[[86527,85501],[70,-84],[127,-1592]],[[90082,40268],[77,-303],[118,-127],[-247,-510],[-377,-13],[-288,219],[88,-956],[-180,-82],[7,-83],[-140,4],[-20,-164],[-150,27],[-79,-97],[-79,-399],[-172,-25],[-96,-197],[-182,-30],[-85,-125],[-99,-781],[-103,-67],[147,-246],[94,-450],[-102,-223],[-96,-22],[94,-134],[-74,-109],[-11,-474],[-191,-162],[-192,-11],[-146,-372],[-91,60],[-161,-119],[-226,56]],[[56898,9065],[195,-11],[41,101],[305,-123],[-13,-202],[114,-75],[256,155],[172,-130]],[[39017,8127],[58,471],[252,-58]],[[75430,12387],[-75,-110],[-631,-268],[-919,-580],[-837,-341],[26,-75],[-278,-287]],[[44706,19915],[-66,-34],[38,-197],[266,-426],[-143,-126],[-65,-207],[-196,-38],[61,-303]],[[82305,28927],[295,-148],[49,-150],[-11,-487],[-232,-68]],[[39327,8540],[46,264],[245,86],[129,172],[-156,53],[-59,239],[-104,26],[-111,182],[-483,-38],[-161,75],[-41,136],[524,92],[63,96],[-180,74],[-51,276],[75,90],[116,-17],[116,166],[305,-93],[-25,257]],[[40333,8484],[-217,169],[-726,-180],[-63,67]],[[84120,80065],[198,110],[215,613],[227,30],[289,-135],[19,156],[160,88],[-85,128],[246,242],[355,-279],[390,501],[157,43],[-14,175],[77,91]],[[78462,59086],[-210,100],[-291,-53]],[[79496,22426],[89,-218],[130,-125],[79,30],[32,-126],[304,-208],[-119,-107],[-69,62],[-4,-168],[-167,-221],[15,-79]],[[21380,52706],[114,29],[65,145],[326,-82],[321,125],[68,-86],[-7,-179],[209,-47],[139,-177],[275,147],[32,-305],[318,286],[81,-115],[251,84],[76,-171],[423,59],[377,-218],[53,48],[-96,68],[-9,141],[410,401],[122,-155],[258,-23],[58,-196],[533,-114],[136,-433],[320,-219],[310,-13],[166,193],[435,-461],[250,116],[15,-381],[127,-16],[25,-215],[68,-45]],[[60418,11440],[-20,168],[155,234],[349,9],[23,142],[-66,127],[58,272],[407,244],[88,-33]],[[16057,50634],[180,489],[328,352],[-177,321],[20,81],[435,-39],[314,390],[161,-29],[-41,-148],[302,-195],[226,162]],[[37191,17441],[-323,-229],[-393,103],[-175,-98],[-243,50],[34,134],[-75,163],[103,149],[-44,147],[115,156]],[[42948,19174],[288,-119],[47,-141],[35,71],[84,-83],[139,47],[2,-120],[242,-108],[243,-284],[573,147]],[[44601,18584],[345,-33],[54,-91],[-243,-335],[111,-107],[2,-131],[-124,24],[22,-278],[-163,-319],[-217,100],[-541,-55],[-404,-306]],[[90654,56809],[1154,-1396],[17,-557],[-199,-48],[-459,119],[-290,349],[-103,-52],[-36,185],[-350,-329],[-159,83],[-40,-290],[-231,151],[-82,-337],[-188,37],[-36,113],[-121,-1],[-51,-166],[-13,107],[-186,-44],[-3,-140],[-324,-191],[-13,-153],[-92,-53],[114,-170],[-99,-102],[50,-226],[-552,-595],[117,-755],[-149,-194],[19,-139],[149,-42],[-205,-101],[-136,-280]],[[56230,12264],[36,-240],[-136,-276],[100,-72],[-9,-314],[92,-29],[-17,-212],[165,-240],[-35,-164],[213,-159],[158,-283],[43,-288],[120,-30],[-88,-210],[95,-159],[-69,-147],[0,-376]],[[56898,9065],[-379,-159],[19,-352],[-130,-115],[-330,-53],[43,-85]],[[94271,79980],[-170,255],[-838,171],[-301,146],[-126,-248],[-102,-25],[93,-277],[-149,-457],[-96,-14],[-6,132],[-54,88],[-75,-36],[-69,234],[-72,822],[-91,102]],[[92956,82787],[169,122],[223,-290],[-26,-182],[101,-35],[-4,-109],[229,-48],[-51,-140],[87,-170],[211,93],[179,-32]],[[79034,19581],[130,-105],[-62,-101],[48,-131],[-344,-352],[-10,-312],[-77,-129],[122,-212],[-101,-58]],[[64486,20449],[396,-103],[116,-156],[336,-74],[186,-164],[639,372],[95,259],[231,53]],[[66268,17803],[-230,287],[-186,10],[-283,513],[-271,117],[-36,105],[-67,37],[-212,-182],[-92,103],[12,114],[-352,-21],[-38,133],[-101,-11],[-26,-160],[-135,-11],[-197,-210],[-63,-208],[51,-355]],[[71695,28914],[-94,-33],[-153,111],[-232,433],[-156,85],[-124,-63],[-215,268]],[[70454,31595],[112,125],[162,-130],[323,53],[324,-187]],[[63497,20727],[105,-164],[49,-376],[71,6],[24,-155],[152,-73],[-69,-279],[-93,-143],[-154,8],[-54,138],[-58,-114],[-92,250],[-322,-349],[-73,-3],[-29,111]],[[68989,10529],[-116,-30],[-83,93],[-621,-592],[-392,-214],[-371,-32],[-77,184],[-111,-152],[-355,-187],[-36,130],[-138,72],[-9,222],[-57,-46]],[[76208,43332],[328,22],[60,-141],[107,67],[281,-277],[191,-52],[83,-250],[349,-175],[82,39]],[[94844,69454],[-95,-70],[-102,152],[-219,40],[-98,-88],[-225,-910],[-260,-238],[-80,-266],[16,-141],[-171,-533],[11,-165],[122,-108],[-3,-175],[-192,-515]],[[83098,84394],[358,-273],[348,-45],[193,130],[160,-43],[325,-350],[-207,-181],[-502,-117],[359,-814],[-307,-671],[-268,-70]],[[64628,16072],[126,76],[540,-135],[129,-149],[77,-353],[98,-120]],[[49233,22843],[116,-408],[458,-530],[484,-40],[241,-516],[-23,-117]],[[57550,8024],[307,267],[-41,153],[92,67],[60,269]],[[57968,8780],[2,169],[168,190]],[[59757,7696],[-250,-213],[-64,157],[-176,54],[-377,-35],[-29,-262],[-480,-330],[-169,-254],[-118,-16],[0,98],[-160,-110],[-224,149],[-191,-73],[-293,-306],[-152,-310],[-54,85]],[[52889,36156],[-355,-169],[-179,-310],[-144,53],[-187,-72],[-97,-245],[-92,-34],[-42,-261],[-124,-73],[-16,-334]],[[61412,12603],[385,-21],[96,298],[266,76]],[[60678,10902],[263,294],[12,335],[123,28],[141,325],[262,147],[33,279],[-100,293]],[[40376,22926],[134,-133],[75,56],[101,-130],[176,-2],[54,-217],[93,-71]],[[68417,36253],[-260,-38],[-121,-138],[-315,87],[-98,-66],[-77,146],[-436,144]],[[61884,30093],[-103,-162],[127,-151],[-271,-110],[-79,-144],[27,-525],[87,-105],[-55,-117]],[[51302,93088],[92,73],[87,-59],[-27,166],[128,76],[29,146],[72,-39],[39,146],[150,34],[325,481],[128,-57],[15,83],[232,116],[244,-173],[478,-15],[159,206],[155,464],[24,-62],[52,67],[-3,118],[391,138],[-8,103],[96,-37],[23,118],[84,-3],[-59,99],[163,134],[67,-69],[105,88],[-31,75],[267,46],[78,73],[-20,113],[122,-22],[178,154],[6,-87],[125,235],[166,-19],[-5,167],[-31,-108],[-102,48],[106,156],[-1,144],[203,70],[-94,40],[-13,201],[123,42],[-107,84],[12,88],[173,-55],[41,78],[-81,88],[214,-73],[0,100],[336,109],[80,174],[57,-44]],[[41755,14149],[-456,-23],[-48,-95],[71,-101],[-112,-154],[118,-80]],[[40140,14607],[57,41],[-42,136],[50,88],[261,203],[20,78],[-76,58],[113,410]],[[71286,65576],[2,101],[-149,-16],[-203,257],[139,320],[-102,380],[-246,-42],[-79,180],[-125,14],[-65,113],[-111,-188],[-289,247]],[[43587,70707],[269,-16],[136,178],[190,36],[102,115],[78,321],[-93,263],[313,-256],[98,135],[129,-64],[108,119],[76,-72],[14,208],[166,5]],[[69771,22484],[-182,121],[-181,-63],[-97,102]],[[75336,45251],[57,-253],[195,-126],[22,-146],[-86,-184],[-182,8],[-128,-214],[-128,-35],[-175,-285]],[[48882,3695],[-372,-417],[-430,-153],[-133,171],[199,440],[-9,207],[-169,79]],[[62805,33010],[156,-27]],[[62241,30083],[-124,110],[-81,-87],[51,-67],[-185,-46],[-18,100]],[[61884,30093],[63,35],[-92,80],[99,76],[-62,59],[37,110],[-62,23],[57,273],[-306,78],[42,197],[-90,-23],[-64,136],[-273,-227],[-143,-8],[-67,97],[-134,-42],[6,-165],[-142,-124],[-166,82]],[[41305,3721],[110,157],[-149,21],[-45,116],[246,373],[-49,55],[-131,-125],[-269,297]],[[42767,5792],[74,-146],[-9,-270],[-261,-686]],[[63360,61769],[309,-134],[103,-331],[77,-31],[-35,-65],[105,-58],[-31,-140],[89,-153],[-86,-57],[86,-223],[-115,-60],[103,-239],[-48,-196],[61,-91],[-125,-211],[86,-73],[-6,-119],[242,-193],[-47,-195],[241,-309],[6,-314],[240,-243],[104,-401],[258,-136],[107,-278]],[[63366,55028],[-118,283],[59,110],[-27,204],[149,109],[-8,320],[-91,141],[129,281],[-213,299],[-644,172],[-139,260],[-158,-6],[81,-56],[-36,-137],[-114,-187],[-108,-7],[17,-69],[-322,70],[157,133],[-78,75],[-325,-108],[30,-65],[-87,5],[31,-115],[-369,-46],[15,-193],[-78,-109],[-356,19],[-388,164],[-290,-194],[-201,25],[-130,-147],[-54,102],[-344,64]],[[77390,41368],[162,-5],[149,459],[-11,210],[155,23]],[[37892,81155],[-152,530],[90,430],[-128,414],[3,245],[-137,176],[-118,363],[7,746],[-248,95],[-129,194],[-185,37],[-276,370],[173,1357],[155,326],[558,442],[-178,135],[192,169],[110,249],[-355,474],[-125,19],[-19,541],[-133,-15],[-190,-213],[-118,281],[66,83],[-35,212],[437,1029],[-83,246],[-253,238],[9,185],[609,543],[112,14],[559,-118],[495,-220],[400,-232],[269,-299],[210,-56],[472,67],[214,227],[173,86],[147,-62],[114,126]],[[42526,86431],[-62,-311],[142,-11],[-33,-246],[63,-174],[-57,5],[91,-99],[-114,-109],[20,-111],[-97,-52],[206,-201],[-70,-173],[72,-228],[89,-44],[-29,-66],[73,-16],[58,-378],[-148,-979],[8,-665],[89,-536],[-559,-334],[-180,8],[-353,-166],[-304,17],[-238,-204],[-186,17]],[[49019,67649],[145,159],[302,-63],[43,265],[-78,145],[101,158],[-10,296]],[[33277,77260],[-123,87],[57,191],[-94,-3],[76,155],[-116,88],[42,68],[-75,36],[56,75],[-71,5],[-21,176],[131,51],[46,479],[193,-16],[-43,93],[70,61],[-67,86],[99,86],[-71,209],[110,281],[205,119],[-19,-63],[227,-83],[329,60],[77,311],[97,0],[46,109],[72,-65],[-29,141],[81,-74],[73,46],[-10,225],[79,130],[121,25],[-21,70],[79,-13],[1,108],[100,-88],[-30,-177],[80,57],[334,-192],[316,282],[900,230]],[[42215,15531],[-301,-172],[-244,211],[-321,-9],[-78,332],[-205,-67],[-123,-329],[-148,-142],[-122,-10],[-150,276]],[[40523,15621],[81,43],[18,136],[-173,170],[-36,152],[136,376]],[[42949,17274],[94,-10],[181,-277]],[[48032,6736],[-68,-429]],[[13392,50441],[42,497],[426,42],[80,-158],[41,-622],[230,-200],[406,-735],[228,-49],[104,129]],[[67099,36462],[11,-74]],[[67110,36388],[-27,-273],[151,-534],[-42,-680],[81,-288],[-115,-138],[-244,-41],[-186,92],[-144,-148],[-39,-169],[-201,-20],[-148,-181]],[[82180,25681],[-113,-227],[62,-45],[-80,-83],[78,-295],[-62,66],[-120,-68],[32,-263],[-52,-98],[-204,-201],[-234,30]],[[41198,10189],[-482,176],[-219,652],[-348,171],[-104,198]],[[41535,13391],[18,-7]],[[45486,839],[-161,-209],[-166,-21],[24,-71],[-157,-155],[-172,53],[-210,-139],[-398,29],[-392,-326],[-133,119],[153,252],[-62,371],[-433,-80]],[[44615,2709],[-343,2],[-287,200]],[[43776,4652],[287,281]],[[51101,12960],[-253,-218],[43,-187],[-108,-158],[157,-307],[-54,-379],[80,-38],[22,-230],[-121,-184]],[[41553,13384],[354,158],[160,-88],[91,113],[-164,87],[57,54],[-163,245],[31,113],[-164,83]],[[41755,14149],[175,40],[163,216],[201,106],[9,138],[139,185],[-13,154],[181,120],[-32,179],[-116,76],[-6,184]],[[43934,12065],[-231,147],[52,313],[-123,87],[-108,-96],[-97,48],[-180,244],[-40,250],[-315,-103],[-20,143],[-137,86],[-215,99],[-156,-40],[-103,-91],[96,-336],[-153,-69],[-186,114],[-144,272],[-225,-44],[-96,295]],[[56678,75280],[264,-186],[132,-322],[191,62],[68,-374],[189,-171],[151,-9],[54,-314]],[[50974,21336],[-65,81],[1,234],[-154,90],[219,211],[-86,169],[3,370],[-84,114],[-26,529],[-258,240],[-208,63],[-136,-58]],[[45564,20228],[-229,287]],[[45796,21678],[719,-375],[441,-8],[272,-210],[355,65],[137,-82],[253,-515]],[[46604,17598],[64,763],[-204,407],[-527,252],[-420,351],[47,857]],[[45564,20228],[260,-108],[291,21],[270,79],[20,184],[468,-133],[17,-68],[125,59],[233,-104],[39,140],[-88,56],[184,87],[122,226],[468,-114]],[[47973,20553],[286,-107],[109,115],[117,-114],[236,18],[141,-153],[-12,-283],[-196,-87],[-92,-197],[75,-281]],[[75861,26748],[-166,-1546],[-113,-158],[-230,29],[-59,-152],[-261,-16]],[[14685,48590],[172,160],[92,595]],[[14949,49345],[264,426],[146,410],[311,-20]],[[51513,21596],[191,116],[-30,204],[260,117],[143,-70],[61,246],[129,-116],[38,124],[315,127],[43,85],[-64,125],[95,33],[-67,21],[8,215],[127,147]],[[51708,26144],[127,-162],[401,44],[156,-98],[331,16],[142,-160],[-147,-97],[107,-151],[-15,-104],[83,-78],[198,43],[182,-328]],[[53404,23976],[-422,216],[-148,-225],[-137,-13],[-179,143],[-587,-158],[-148,149],[-177,-191],[-228,50],[-149,237],[-265,58],[-66,-186],[-347,-175]],[[81180,27829],[285,-139],[145,134],[-56,112],[51,81],[167,-162],[262,116],[150,-69]],[[67236,22845],[-334,-134],[-179,61],[-6,-62]],[[78269,61304],[107,-239],[-57,-182],[-85,-71],[-314,19],[-177,-127],[-23,-135],[-231,-94],[55,-141],[470,-350],[153,-212],[-206,-358],[0,-281]],[[77961,59133],[-132,84],[-175,-63],[-152,185],[-98,-171],[83,-163],[-28,-177],[-95,-22],[-184,210],[-124,-27],[-101,-203],[-295,23],[25,-277],[-134,-282],[37,-110],[-122,-182],[31,-463]],[[76497,57495],[-218,-28],[-404,334],[80,325],[-90,225],[-117,17],[62,239],[-67,124],[-136,-1],[-273,595],[151,524]],[[35258,25786],[36,432],[-141,74],[35,199],[-148,138],[20,173],[-83,34],[-94,294],[47,48]],[[11825,49638],[365,236],[352,-143],[69,106],[-167,248],[62,147],[639,178],[162,-49],[85,80]],[[13392,50441],[138,-152],[-59,-184],[57,-347],[-131,-372],[22,-186],[1266,-610]],[[14685,48590],[-14,-323],[-99,-242],[55,-530],[-129,-174]],[[81404,45292],[1,46]],[[78030,31310],[24,114],[-88,172],[102,396]],[[82023,66906],[139,122],[-98,195],[36,198],[-61,88],[104,265],[123,1],[120,-267],[112,-3],[161,374],[269,5],[133,196],[6,155],[176,29],[213,236],[152,-12],[151,-181]],[[66376,23771],[-150,-342],[-107,-139],[-55,39],[-193,-389]],[[63780,20694],[-283,33]],[[64785,23463],[-201,-185],[62,-389],[121,121],[218,-220],[296,102],[273,-204],[142,218],[175,34]],[[65871,22940],[-134,-182],[97,-96],[-22,-156],[60,-78],[83,209],[166,18]],[[81225,25636],[-95,-432]],[[78737,34490],[-109,205],[41,145],[99,54],[-21,207],[-131,253],[179,196],[217,43],[-51,183],[-200,193],[16,592],[-83,215]],[[77283,38189],[-121,52],[-97,244],[-232,11],[75,145],[-241,41],[-198,204],[-126,331]],[[78357,40036],[31,-44]],[[69964,63391],[94,151],[95,-35],[-45,485],[-151,45],[-91,157],[111,171],[-14,135],[208,45],[74,284],[141,-26],[42,-115],[90,67],[-16,-136],[72,-64],[56,42],[-41,75],[157,-2],[-20,161],[263,81],[173,334]],[[93315,64060],[54,-385],[-214,-157],[15,-67],[210,-133],[245,55],[142,-227],[309,-136]],[[91583,57146],[-86,57],[-150,-135],[-81,95],[-260,-378],[-132,76],[-43,129],[-177,-181]],[[90654,56809],[-91,-15],[-77,110],[-25,204],[-206,-112],[-176,217],[-179,-85],[-174,94],[-59,-94],[35,-154],[-100,-53],[-75,97],[-28,-204],[-149,-75],[-23,-149],[-109,77],[-26,-98],[-164,93],[-41,216],[-113,65],[-16,277],[-345,13]],[[44752,45218],[-312,-93],[-158,67],[-139,378],[56,190],[-117,54],[-263,-523],[-54,-307],[-128,-99],[-2,-139],[-481,-327]],[[45796,21678],[-364,-522],[-97,-641]],[[45335,20515],[-97,-218],[-262,-71],[-13,-232],[-257,-79]],[[44706,19915],[18,217],[-177,312],[-76,-8]],[[41895,22247],[172,210],[-76,400],[352,-145],[172,36],[23,199],[226,199],[-2,209],[92,30],[-152,284]],[[45918,22464],[-180,-333],[193,-147],[28,-111],[-163,-195]],[[56247,26622],[-150,175],[-25,351],[50,25],[-89,254]],[[4326,35780],[-142,-32],[-247,-457],[-236,-171],[-234,-417],[-1121,-346],[-608,-374],[-190,-228],[-315,-54],[-348,-426],[-197,-60],[-280,-563],[-33,52],[-124,399],[107,241],[11,300],[-146,405],[194,663],[-178,414],[-38,765],[-147,250],[108,295],[-162,242],[71,504],[233,454],[249,763],[200,49],[217,-121],[117,131],[-57,445],[-287,479],[54,283],[196,98],[813,-355],[155,125],[10,163]],[[59126,9291],[-225,153],[-22,-164],[-177,-36],[-116,-197],[-242,126],[-206,-34]],[[58138,9139],[109,153],[-57,136],[62,255],[-146,47],[-65,100],[43,184],[-321,316],[109,180],[-64,159],[59,173],[130,131]],[[63904,23439],[-25,-354],[-215,-123]],[[27629,50897],[224,140],[36,191],[100,53],[215,-118],[42,96],[155,-68],[44,110],[-93,66],[81,116]],[[28183,48871],[-32,199],[-387,68],[-110,134],[-244,60],[112,244],[-52,173],[-76,27],[22,236],[84,271],[179,202],[-50,412]],[[36721,24914],[322,820],[-211,128],[-216,-126],[-117,1],[-44,120],[-251,-71],[-59,268],[54,268],[-64,189],[-154,183],[-207,681],[-219,183]],[[69086,32738],[40,-206],[-225,-152],[-77,-353]],[[83919,65468],[231,-55],[290,-342],[472,-80],[238,-314],[439,-119],[149,-138],[344,95],[24,206],[69,10],[9,-125],[47,149],[291,14],[74,-131],[-36,-104],[82,-365]],[[54053,11722],[26,-95],[145,-28],[130,65],[-4,74],[189,-79],[154,-378],[101,4],[-17,104],[167,-184],[-190,-526],[72,-379],[-79,-130],[-62,-500]],[[48138,45022],[95,-301],[161,-96],[-98,-97],[-124,-615],[197,-226],[-26,-88],[417,25],[83,-105],[-61,-145],[-335,2],[-40,-330],[-200,-103],[16,-110]],[[87705,47476],[-116,-284],[68,-148],[-48,-219]],[[15670,50161],[63,318],[324,155]],[[16057,50634],[103,-172],[53,26],[-15,163],[93,-88],[106,44],[87,-87],[-29,-127],[86,-35],[-13,112],[77,-52],[-16,-92],[100,12],[110,-242],[129,160]],[[17832,47581],[-174,189],[-10,139],[-550,524],[-220,503],[-297,-153],[-230,58],[-170,207],[-7,192],[-131,248],[1,216],[-259,209],[-115,248]],[[70720,14132],[-70,-151],[-223,107],[-195,-510]],[[75913,68781],[346,-338],[-77,-402],[102,-146],[135,120],[292,-41],[17,-241],[191,-339],[-10,-284],[83,5]],[[48797,82907],[18,118],[217,193],[-130,109],[58,136],[-114,-71],[29,119],[-107,105],[62,287],[-73,171],[62,422],[-188,492],[181,295],[-137,805],[-548,292],[-589,-249],[-289,340],[-309,-255],[-219,297]],[[47422,89789],[163,94],[41,211],[177,11],[30,100],[170,43],[170,368],[3,262],[73,27],[10,-99],[24,176],[78,-80],[160,110]],[[72941,12329],[83,-69],[-215,-387],[127,-115],[-202,-81],[29,-97],[-150,-192],[36,-273],[-137,-149],[59,-114],[118,67],[27,-193]],[[72716,10726],[-531,-278],[-186,-223],[-161,31],[-280,-150],[54,-245],[-295,-275],[-84,-39],[-23,116],[-346,-24],[-167,-285],[-172,373],[243,355],[-32,201]],[[69270,23815],[55,-689],[89,-38],[60,-171],[-163,-273]],[[69311,22644],[-363,-266],[-119,304],[-133,79],[-113,-94],[67,-82],[-97,-188],[-137,37],[-44,161],[-227,-220],[-202,194],[-88,-42],[-62,89],[30,144],[-119,63]],[[34163,27984],[-544,391],[-75,107],[48,145],[-78,91],[95,248],[-114,659],[118,189],[74,465],[272,347],[123,391]],[[62027,66481],[-53,-117]],[[56197,30719],[173,-133],[70,-349],[154,-98],[-1,-199],[138,-99],[308,17],[44,-110]],[[57358,28972],[-163,-424],[61,-52],[-151,-264],[-288,-38],[-59,-175],[-202,73],[-76,-227],[162,-121],[74,-290],[-353,-213],[-330,186]],[[56033,27427],[-279,464],[-332,-142],[-171,332],[-256,128]],[[73427,24326],[174,14],[235,-205],[468,256],[172,-142]],[[15021,38936],[2,3]],[[19680,38347],[40,-468],[130,-340],[-318,-504],[138,-587],[200,-309],[-101,-291]],[[41966,21976],[129,-19],[108,131],[203,-59],[76,124],[383,-182],[128,-267],[829,-182],[112,-196],[-41,-113],[128,-196],[239,25],[97,-378],[133,-99],[-19,-129]],[[44471,20436],[-411,5],[-263,-92],[-37,-159],[-202,-112],[-40,-217],[-391,229],[-211,-101],[-431,374]],[[22358,34902],[351,479],[212,152],[12,279],[185,-113],[-147,393],[-82,53],[272,52]],[[25842,34983],[32,-269],[-152,-242],[-4,-236],[261,-238],[110,-284],[-145,-167],[52,-41],[-64,-42],[23,-78],[-219,-13],[-37,-165],[-225,-1],[-69,-95]],[[25405,33112],[-181,186],[-208,-53],[-58,-507],[319,-545],[-330,-213],[-221,35],[-144,193],[-299,130],[-294,-119],[-392,110],[-763,-284],[-414,52]],[[83986,33944],[-83,33],[-29,335],[-167,-204],[-164,52],[11,-167],[-196,-101],[-9,-232]],[[67495,48060],[-380,-333],[290,-129],[161,-267],[183,27],[109,-451],[-69,-101],[185,-94],[44,-294],[213,290],[177,88],[698,-204],[51,72]],[[69272,44018],[222,-118],[-65,-248],[203,-120],[183,121],[91,-120],[270,71],[15,-78],[87,13],[169,285]],[[52903,10826],[-585,68],[-75,-107]],[[52107,11658],[661,484]],[[54246,12326],[-167,-127],[59,-95],[-63,-40],[-22,-342]],[[54053,11722],[-93,-333],[105,-180]],[[47964,6307],[-103,-245],[82,-766],[-153,-189],[-13,-235]],[[46117,5242],[92,-23],[65,122],[171,48],[23,440],[136,148],[105,-75],[152,299],[47,16],[28,-183],[246,-97],[105,105],[176,-50],[37,-107],[-53,-74],[66,-38],[97,68],[-28,91],[207,315],[175,60]],[[57368,87267],[-66,761],[-214,-30],[-146,151],[-123,616],[58,256],[267,248],[-19,123],[194,358],[1,508],[-275,136],[-228,332],[-398,941],[191,533],[109,17],[5,112],[174,96],[31,212],[-132,156],[-35,268],[-131,-17],[-54,224],[-261,118],[-284,440],[-423,60],[206,735],[435,277],[417,538],[148,47]],[[44700,7958],[-26,119],[-173,-108],[-229,196],[-222,52]],[[63093,27803],[140,31],[215,535],[200,17],[78,342]],[[64796,47821],[121,-65],[21,154],[369,192],[146,-256],[197,-112],[-58,383],[279,141],[382,-363],[-43,239],[241,135],[46,-125],[-113,-571],[148,-541],[-139,-361],[78,-360],[-216,-92],[-24,-109],[82,-85],[-201,-116],[-108,31],[-207,-195],[443,-778],[-79,-179],[186,-529]],[[31785,33988],[-170,-157],[-302,-27],[-92,-123],[-279,-8],[-141,-411],[-314,-194],[-320,308],[-50,237],[-251,253],[-419,-119],[-102,49]],[[63780,26688],[91,110],[260,-279],[225,197],[126,-31],[78,134],[92,-68],[113,65],[-125,422],[120,205]],[[84545,40046],[162,192],[-31,375],[93,23],[-78,544],[-986,-417],[-118,116],[-3,336],[-91,104]],[[87425,46679],[184,146]],[[87609,46825],[254,-274],[57,260],[170,-106],[206,69],[119,-326],[142,-46]],[[45559,4265],[65,103],[-135,91]],[[45779,5183],[198,7],[68,109],[72,-57]],[[46117,5242],[-43,-185],[66,-196]],[[62296,34012],[73,172],[-141,195],[-212,93],[-133,-95],[-50,100],[-211,69],[-67,371],[80,384],[-112,150]],[[62821,35582],[-31,-83],[105,-181],[-123,-153],[82,-174],[-114,-195],[-17,-221],[63,-70],[-57,-148],[194,-205],[-74,-8],[1,-150],[-198,-170],[-119,122],[-124,-45]],[[49412,19610],[28,210],[-109,68],[-46,215],[90,139],[-66,348],[181,126],[188,-106],[211,20],[115,-143],[157,14],[1,579],[132,149],[215,3]],[[50509,21232],[261,152],[204,-48]],[[50974,21336],[3,1]],[[55721,72196],[86,-12],[39,146],[212,139],[-7,117],[81,-10],[-16,64],[477,439],[11,95],[82,-30],[159,306],[69,-61]],[[58753,74594],[248,359],[204,34],[49,155],[8,-71],[88,91],[99,-40],[46,129],[134,48],[106,180],[60,-42],[143,200],[171,-19],[98,-110]],[[61735,42340],[-199,164],[63,90],[-82,113],[-27,258],[101,69],[-181,118],[-46,137],[-217,-148],[-329,113],[-329,-106],[35,-189],[-214,-305],[0,-305]],[[58649,55794],[-180,-199],[254,-272],[238,-503],[4,-128],[-133,-109],[-13,-160],[302,-185],[353,247],[174,-200],[518,-300]],[[33194,49879],[178,30],[-6,157],[148,210],[-105,32],[3,128],[-198,52],[-28,347],[74,78],[86,412],[-37,340],[54,137],[-420,837],[85,64],[-32,172],[132,199],[-341,374],[-38,170],[315,238],[-216,217],[-396,68],[71,205],[-144,87],[-60,316]],[[32319,54749],[-48,170],[52,116],[156,-90],[138,80],[-101,104],[107,60],[9,117],[221,10],[127,125],[-16,229],[99,-34],[224,222],[154,-66],[-15,133],[201,61],[0,195]],[[74884,39065],[-106,-72],[-408,39],[-38,158],[-123,51],[26,213],[-100,136],[42,159],[-156,273],[36,290],[-173,147],[-118,-10]],[[80460,72951],[-147,-33],[156,-512],[-266,-712],[-268,-71],[99,-175],[-32,-151],[-454,-139],[-257,-323]],[[69885,14861],[-84,-66],[-136,97],[-15,-113],[-177,-71],[46,-161],[-246,-31]],[[43911,35916],[93,199],[-13,501],[158,69],[-56,93],[128,209],[-47,152],[-269,170],[74,3],[64,204],[219,-12],[88,145],[127,14]],[[46906,34616],[-588,210],[-204,-179],[-227,133],[-96,-118],[-108,117],[-94,-117],[-299,220],[-73,-79],[56,-138],[-76,-28]],[[44615,2709],[-92,213],[238,261],[44,225],[-70,240],[441,446],[383,171]],[[45559,4265],[-97,-237],[68,-171]],[[45463,2670],[-101,95],[-387,-198],[-65,226],[-295,-84]],[[49065,29202],[42,75],[126,-190],[224,-13]],[[77598,36394],[13,-187],[230,-223],[12,-178],[-169,-39],[-90,-141],[-59,-378]],[[88655,66722],[347,-100],[95,-213],[180,-150],[88,235],[133,57],[8,125],[236,32],[53,-302],[257,-257],[335,290],[83,-21],[-83,-173],[175,-70],[82,359],[434,371],[178,-8],[42,-120],[84,30],[80,-205],[119,-15]],[[92038,64170],[-242,-20],[-95,-164],[-104,70],[-20,-130],[-136,-110],[-40,121],[-64,-55],[-159,82],[12,110],[-121,173],[-174,-6],[-62,-144],[-188,221],[-435,13]],[[49456,25620],[1,-138],[110,-79],[149,-334],[78,-15],[87,-210],[103,21],[191,-248],[40,-188],[260,-244],[76,-304]],[[50551,23881],[-108,-326],[-263,-176]],[[50180,23379],[-126,-49],[-244,-397],[-219,-20],[-75,-91],[-283,21]],[[49233,22843],[-523,55],[-186,765],[-371,-91],[-191,149]],[[75479,71241],[-95,15],[-102,-308],[-141,-17],[-34,-129]],[[74259,69866],[-168,29],[-70,-179],[-185,-77],[-133,126],[-74,-146],[-167,15],[-227,732],[-152,44],[-222,-296],[-13,-211],[-216,49],[-178,269],[-61,356],[-204,210],[-317,105],[176,388],[-74,207],[16,338]],[[65376,23911],[-247,-162],[-37,103],[-166,-47],[-141,-342]],[[64785,23463],[-174,139],[-233,-65],[-1,-134],[-108,71],[-259,-144],[-106,109]],[[63904,23439],[136,382],[-135,285],[12,273]],[[64586,24745],[212,-149],[34,-125],[170,-54]],[[50515,8686],[222,106],[40,121],[-95,79],[121,142],[246,115]],[[51795,9309],[193,-42],[41,-149],[-93,-233],[103,-216],[201,-40],[189,-297],[136,-22]],[[60038,29830],[-24,-283],[95,-81],[-2,-273],[286,-124],[-31,-81],[129,-231]],[[55896,15262],[98,-189],[256,92],[237,-220],[186,5],[255,-192]],[[56790,13573],[-43,23],[-28,-271],[-251,-45],[-193,-529],[-15,-167],[84,-49],[-114,-271]],[[56230,12264],[-305,-129],[-419,-475],[-105,83],[24,156],[-120,48],[-39,402],[-202,148]],[[87866,45542],[399,-29],[2,146],[308,294],[-42,246],[90,63],[-66,140]],[[88557,46402],[157,-148],[12,-211],[130,-141],[218,-52],[6,-105],[101,60],[52,-290],[90,17],[96,-167],[212,70],[-137,-187],[-311,-186],[-40,-214],[96,-355]],[[81914,82562],[150,122],[192,16],[197,-240],[418,-47],[419,280],[98,-219],[-151,-357],[133,-249],[187,92]],[[83557,81960],[412,-211],[416,295],[185,-694],[-530,-304],[-80,-233],[286,-419]],[[61894,45769],[-302,-139],[-256,148],[-211,-204],[-129,132],[-43,-162],[-211,-31],[-135,-181],[-81,-338],[-294,-171],[-330,-510],[-283,-41],[-158,-462],[-148,-163]],[[58353,49552],[206,539],[73,-28],[341,215],[-75,363],[181,390],[47,473],[185,246],[32,496],[187,249],[97,314],[307,36],[105,212],[-52,290],[169,125]],[[65846,49224],[-47,-108],[-37,81],[-354,-9],[-77,280]],[[52544,4512],[20,-83],[-121,-138],[-734,-370],[-11,-289],[-129,-113],[-511,-8],[-250,-243],[-349,-172],[-94,24],[16,209],[-104,142]],[[37771,28320],[-13,416],[-79,164],[-389,-109],[-232,79],[-94,114],[-128,501],[-123,-1],[-167,-209],[-196,66]],[[29345,33796],[-385,10],[-260,-126],[-144,72]],[[29390,34748],[-104,-128],[44,-130],[96,-34],[28,-228],[-83,-112],[49,-66],[-100,-65],[25,-189]],[[72462,17893],[263,32],[128,-85]],[[66557,20210],[-72,426]],[[66485,20636],[54,204]],[[67329,21383],[28,-157],[-66,-170],[126,-21],[40,-231],[296,-184],[-36,-148],[284,29],[178,-194]],[[69964,63391],[-94,-218],[60,-447],[-119,-260],[84,-171],[-56,-169],[37,-443]],[[68260,57259],[-86,-48],[-63,143],[-278,101],[-64,302],[32,453],[-103,242],[4,184],[-97,-38],[-55,-177],[-118,-41],[-7,-289],[-109,-263],[113,-129],[-139,-57],[-51,-625],[-308,-170],[47,-115],[-77,-77],[127,-48],[-141,-236],[73,-241],[44,33],[36,-141],[101,-8],[179,-237],[-5,-131],[152,-60],[87,-419],[263,-218],[-66,-243],[57,-222],[211,-219],[28,-159],[273,-118],[87,48],[70,-344],[-163,-418]],[[66811,51595],[-232,436],[-193,72],[-95,-149],[-23,205],[287,855],[-769,176],[-33,-201],[94,-128],[-91,-212],[242,-200],[-187,-117]],[[62182,54114],[161,283],[499,-194],[190,138],[12,171],[158,61],[-6,131],[110,12],[75,121],[-15,191]],[[63366,55028],[341,255],[22,200],[-197,303],[-4,171],[346,128],[141,-131],[-5,245],[220,-125],[12,166],[126,99],[194,-20],[66,254],[109,21],[-25,139],[206,177],[-105,64],[13,170],[258,375]],[[65084,57519],[117,396]],[[69268,63789],[365,-305],[168,-274],[31,249],[132,-68]],[[70793,28471],[428,192],[183,-131],[35,-143]],[[76605,36241],[-213,-251],[-3,-148],[-76,-48],[-9,-156],[-98,-34],[-34,-205],[-249,-245],[-1,-202]],[[80231,27771],[26,-87]],[[80154,26734],[-140,-196],[-31,-467],[-338,-381],[-262,2],[-165,119],[-32,-118],[-211,124],[-61,151]],[[86406,48581],[30,-258],[-84,49],[-108,-206],[162,-272]],[[56197,30719],[-210,29],[-270,-309],[-643,-358],[18,194],[-127,164],[18,196],[-94,18]],[[55279,32595],[162,-220],[278,2],[-104,-186],[199,-281],[18,-87],[-60,38],[-43,-112],[103,-67],[306,-575],[110,-30],[15,-159],[-112,-95],[46,-104]],[[86721,81954],[-339,743],[-224,48],[-206,246],[155,619],[-106,332],[138,58],[105,-132],[480,-43]],[[86724,83825],[107,-1205]],[[43224,16987],[219,66]],[[43443,17053],[59,-120],[-84,-365],[118,106],[255,-79],[50,-267]],[[43539,15433],[-24,-80],[-472,-25],[-154,181],[-53,241],[-380,-203]],[[42456,15547],[-98,64],[-25,-110],[-118,30]],[[42215,15531],[-121,53],[19,143],[-137,-25],[-50,402],[302,210],[196,396],[800,277]],[[88509,82290],[124,291],[319,93],[137,223],[216,-67],[153,130],[270,0],[237,255],[147,498],[436,-145],[105,-355],[188,-30],[353,129],[96,145],[18,257],[112,8]],[[92250,81902],[-62,-107],[3,-332],[138,-247],[-114,-343]],[[92215,80873],[-360,307],[-239,342],[-126,43],[-81,213],[-67,-92],[-154,90],[-230,-150],[-73,65],[-265,-111],[-513,312],[-91,-31],[-162,-331],[-157,112]],[[43587,70707],[-230,-273],[-104,-642],[169,-242],[61,-385],[-100,-261],[-118,-48]],[[41759,72708],[289,99],[-55,239],[179,245],[198,99],[200,-455],[732,-570],[118,-312],[255,12],[145,-197],[-121,-272],[159,-236],[-197,-167],[-74,-486]],[[70514,45478],[-259,-153],[-94,126],[-200,-60],[-24,-302],[-217,-153],[117,-271],[-120,-97],[-20,-208],[110,-59],[32,-123],[-260,-139],[-307,-21]],[[69272,44018],[-202,123],[-34,217],[89,21],[32,167],[137,93],[-14,249],[-158,114],[-37,152],[64,405],[-177,209],[-71,-54],[-79,97],[-100,335],[-155,0],[186,183],[128,-15],[29,109],[255,61],[-8,180]],[[69157,46664],[128,4],[4,79],[-71,222],[-147,96],[-63,348],[167,-85],[123,119],[242,32],[164,285]],[[72291,31286],[-290,63],[-294,-106],[-91,168],[-241,45]],[[71375,31456],[28,179],[141,141],[121,-26],[166,221],[171,-58],[-61,116],[44,164],[106,24],[-20,106],[207,370],[-15,304],[293,236]],[[51858,7374],[147,290],[560,646]],[[52565,8310],[256,285],[220,-96],[413,106]],[[73425,17662],[-77,289],[185,474],[-138,96],[161,298],[17,308]],[[73740,19004],[-6,-80],[250,-187],[23,-146],[-23,-508],[-145,-93],[24,-287]],[[63295,21645],[177,-37],[128,-206],[29,-289],[-132,-386]],[[63497,20727],[-64,-157],[-63,6],[-15,-223],[-201,108],[-302,-185]],[[71208,44452],[-114,153],[68,256]],[[73692,44037],[288,-252],[74,-254],[112,-114]],[[50541,39370],[-177,33],[-116,-75],[45,-309],[-64,-99],[170,-161],[-113,-165],[-105,-493],[-293,-3],[64,-302],[-276,-75],[-33,-627],[-116,-70],[22,100],[-73,-18]],[[69733,21166],[111,448],[-164,103],[42,152],[-100,143],[71,46],[-7,259],[85,167]],[[69771,22484],[308,443],[101,-102],[184,161]],[[45312,29742],[65,150],[419,156],[12,63],[-318,110],[-9,238],[102,2],[12,110],[-96,52],[579,512]],[[29283,51837],[203,96],[-92,154],[129,231],[84,7],[-65,139],[212,20],[112,-207],[219,276]],[[30085,52553],[93,-89],[46,113],[106,-51],[64,65],[-9,-133],[155,-85],[-25,-93],[159,-1],[300,-320],[627,112],[99,-124],[-36,-110],[130,-10],[-35,-115],[76,-59],[-77,-75],[103,-186],[99,-43],[18,-131],[45,149],[85,-94]],[[83131,32932],[64,-76],[-77,-82],[100,-9],[-41,-132],[110,-175]],[[83019,31254],[-162,-612]],[[48956,13491],[-456,-108],[-312,303],[-64,203],[-240,-14],[-152,449]],[[80364,44631],[565,361],[71,181],[404,119]],[[81404,45292],[25,-183],[-99,-225]],[[61976,66296],[-2,68]],[[61974,66364],[112,112],[437,-141],[52,-114],[-44,-77],[433,-225],[267,-426],[167,242],[123,43],[341,-252],[181,5],[-55,-491],[179,-3],[68,96],[228,-213],[-384,-822],[-88,122],[-121,-266],[-392,-170],[-125,-184],[-107,210],[-289,242],[-133,12],[-109,-374],[65,-290],[-143,-44],[-92,-326],[-102,-36]],[[78694,36776],[-181,94],[-8,256],[-106,132],[183,349],[-247,42]],[[78490,38435],[53,-142],[270,71],[60,-622],[204,-74],[-39,-303],[127,-205],[-58,-61],[-277,129],[40,-196],[-176,-256]],[[60603,25309],[164,130],[-87,114],[56,130],[-90,186],[184,215],[101,-31],[22,226],[285,-197],[81,152],[317,102],[-16,128],[128,251]],[[63359,24900],[-108,-106],[-55,-230],[-246,-136]],[[74322,23719],[237,97],[-53,160]],[[75032,24905],[258,-64],[148,142],[115,-198],[162,-65],[129,98],[147,-128],[188,108],[77,168],[166,-162],[54,121],[87,-38]],[[61764,35950],[-211,-322],[35,-142],[-65,-35]],[[61523,35451],[-65,-53],[-111,173],[-105,-113],[-156,106],[-119,-42],[21,-191],[-100,-52],[-32,-258],[-273,1],[-250,-169],[-41,-188],[-140,43],[-17,-129],[115,-144],[-107,-91]],[[60982,38246],[71,-169],[145,-87],[3,-235]],[[82184,27902],[107,187],[115,-15]],[[82406,28074],[187,-693],[-214,-159],[-115,-497],[-138,-176],[157,-105],[194,4],[-34,-145],[125,-76],[-109,-162],[-73,16],[31,-76],[-237,-324]],[[82180,25681],[-324,98],[-78,169],[-169,79],[-130,-167],[-199,-59],[-55,-165]],[[81225,25636],[-145,336],[-125,102],[-15,246],[113,139],[-18,129],[-385,-8],[-496,154]],[[80154,26734],[60,167],[-29,229],[-120,237],[192,317]],[[80257,27684],[190,-12],[101,-205],[353,-186],[129,-257],[70,-9],[113,447],[61,-219],[152,-102],[99,38],[226,-226],[81,135],[169,-14],[18,354],[165,474]],[[67556,93588],[155,34],[-104,224],[54,65],[111,-42],[59,93],[-45,133],[236,267],[180,-14],[319,263],[291,61],[315,303],[205,-73],[198,168],[522,36],[81,101],[174,-131],[25,120],[222,-182],[215,8],[100,-152],[110,57],[179,-280],[157,204],[96,-120],[155,94],[102,-37],[1,-87],[141,-93],[301,37],[337,-106],[131,-302],[-19,-118],[133,-4],[75,-201],[28,72],[92,-128],[196,-2],[-35,-96],[466,-521],[261,-216],[321,-81],[70,-246],[214,-205],[171,32],[78,-203],[283,-182],[37,67],[40,-159],[256,-240],[246,242],[343,-440],[230,-49],[29,-125],[143,-63]],[[45456,9153],[-68,248],[-296,-55],[-109,122],[67,202],[-88,448],[-227,-8],[-93,99]],[[44063,4933],[-36,76],[106,53],[70,363],[134,39],[-119,306],[10,301]],[[44608,6331],[145,138]],[[45818,5922],[-60,-155],[69,-116],[-129,-292],[81,-176]],[[45779,5183],[-77,-266],[-126,-100],[-87,-358]],[[45489,4459],[-190,-165],[-143,9],[-99,153],[-2,185],[-514,24],[-256,140],[0,132],[-222,-4]],[[77470,13514],[-765,-435]],[[47377,39484],[277,-53],[-82,-244],[112,-5],[233,-208],[-248,-503],[85,-171],[158,62],[240,-238],[48,-383],[148,-228]],[[45763,37078],[-139,86],[62,116],[-52,129],[48,344],[-95,135],[74,198],[-105,56]],[[28351,47108],[-106,375],[106,239],[9,733],[-177,416]],[[28183,48871],[267,-48],[275,414],[216,26],[-23,161],[124,111],[7,276],[103,-3],[38,112],[182,98]],[[79786,21266],[-132,-68],[-62,-262],[-210,32],[-96,-358]],[[79374,22430],[-145,-8],[-136,-256],[-266,-136],[47,-178],[450,-185],[49,-215],[106,-15],[73,-137],[234,-34]],[[43379,662],[-374,-191],[-36,-142],[-182,41],[-75,172],[-109,-31],[-152,-228],[-168,131],[-268,-212],[-102,56],[-193,243],[21,94],[-77,12],[103,114],[17,288],[-54,83],[135,448],[260,263]],[[43051,1337],[261,-159],[-32,-136],[186,111],[126,-174],[-213,-317]],[[46387,16164],[8,124],[-120,104],[95,253],[182,112],[65,364],[95,131],[-221,78],[113,268]],[[46604,17598],[227,-120],[59,-154],[178,83],[136,-147]],[[81130,25204],[353,-81],[-87,-425],[91,-201]],[[81487,24497],[-66,-387],[52,-183]],[[79306,24593],[125,195],[-2,150],[584,180],[82,109],[202,-146],[128,14],[229,-364],[198,25],[104,-170],[43,208],[138,152],[-7,258]],[[69468,53745],[-102,110],[-72,-71],[-250,131]],[[69398,56389],[-260,-142],[-43,-118],[90,-759],[-147,-434],[105,-109],[60,-351],[-159,-561]],[[69044,53915],[-454,29],[-116,269],[-64,665],[75,331],[200,287],[-41,116],[-288,48],[-131,256],[-132,24],[-35,145],[-169,69],[243,728],[149,-23],[-21,400]],[[93453,70670],[-119,-84]],[[56994,48176],[101,-62],[77,-529],[-395,-260],[-228,-403],[-246,-111],[-47,55],[-13,-137],[-123,15],[-48,-171],[-71,26]],[[55379,50369],[-62,-260],[105,-192],[216,-142],[120,-341],[24,-258],[-156,-101]],[[79714,44855],[119,-72],[125,82],[115,-187],[-49,-120],[197,-238],[69,36],[74,275]],[[80364,44631],[258,-173],[14,-118],[-210,-376],[131,-152],[-217,-503],[-526,-351]],[[70789,42414],[44,-146],[184,-32],[-194,372],[34,256],[-265,229],[76,132],[-62,39],[-73,373],[-123,2],[84,125],[-47,60]],[[70447,43824],[377,36],[73,-134],[246,364],[-25,107],[87,89],[-89,107],[92,59]],[[71208,44452],[306,-84],[89,-185],[149,-12],[60,-191],[123,0],[66,-265],[370,-322],[106,111],[-61,83],[82,184],[285,111],[260,-134],[230,-253],[156,19],[76,-214],[561,177],[100,-60]],[[74166,43417],[-11,-27]],[[74214,41054],[-207,-433],[-241,-172]],[[73766,40449],[-595,-132],[-161,-148]],[[78914,25968],[-87,-75],[-9,-183],[-139,-51],[-3,-101],[78,-38],[-33,-181],[-138,-108],[53,-79]],[[76636,25004],[-91,315],[88,47],[-47,132],[61,190],[186,-17],[172,284],[112,5],[-20,84],[95,41],[-16,236],[192,409],[107,25],[-18,102]],[[77644,26973],[439,87],[-4,-105],[115,-56],[14,-212],[88,-105],[163,8],[186,-459],[77,34],[192,-197]],[[59002,36333],[157,26],[-34,-150],[171,-150],[-93,-212],[174,-114],[-7,-104],[184,-194],[109,-451],[271,144],[-20,-311],[-112,-91]],[[51708,26144],[-282,-227],[-219,170],[-370,-207],[-414,243],[-462,-208],[-193,60],[-74,-34],[-98,-309],[-140,-12]],[[49456,25620],[-187,88],[-179,-69],[-81,106],[-153,5],[-300,-206],[-227,83],[-330,-275],[-522,-172]],[[48777,28257],[440,-329],[28,-280],[424,136],[-12,818],[-200,472]],[[49457,29074],[75,144],[-9,456],[229,66],[80,302],[205,-411],[246,-216],[9,263],[262,155],[-26,92],[59,39]],[[47422,89789],[18,-134],[-270,-581],[124,-301],[297,-371],[289,29],[43,115],[177,-75],[241,69],[379,401],[-5,-136],[-133,-366],[-401,-569],[-140,-81],[-38,-174],[-395,-156],[76,-229],[-287,-8],[-12,-107],[-289,-167],[-375,-435]],[[46721,86513],[-231,-237],[-140,83],[-329,-76],[-54,110],[-162,47],[-88,280],[-199,169],[-106,-138],[-109,72],[-83,-49],[-126,195],[-108,26],[-142,-128],[-49,-384],[-152,-31],[-124,-143],[-299,46],[-117,186],[-329,-127],[-96,113],[-274,7],[-123,-442],[-110,269],[-281,106],[-107,220],[-31,-163],[-159,-128],[-67,35]],[[42526,86431],[-7,199],[-93,-35],[-78,257],[67,247],[-141,155],[-44,224],[-133,20],[92,114],[-211,147],[2,130],[-174,26],[79,177],[-86,32],[33,70],[-90,-30],[-139,278],[-83,23],[-57,208],[-93,51],[-12,189],[83,206],[-256,547],[159,87],[-27,316],[-278,271],[-298,34],[-137,215]],[[40604,90589],[-251,525],[121,373],[-210,244],[-51,301],[37,339],[107,142],[79,374],[-110,264],[-236,87],[23,158],[-77,214],[206,227],[-8,180],[303,170],[5,255],[77,150],[99,-80],[187,20],[53,-264],[141,-6],[158,-242],[225,-87],[346,-404],[96,14],[294,-235],[-25,-382],[219,-118],[-158,-290],[-11,-198],[118,-128],[103,34],[69,-225],[240,-21],[236,98],[82,-233],[167,53],[270,-142],[125,212],[-12,287],[154,-235],[227,74],[89,-195],[108,-22],[120,80],[49,313],[152,-37],[123,342],[98,42],[301,-318],[-30,-271],[318,-268],[50,-190],[-32,-307],[-79,-72],[27,-464],[-384,-488],[-89,-378],[-137,-46],[-60,-171],[63,-152],[-97,-297],[-218,-40],[-170,-197],[-206,-30],[196,-248],[15,-303],[142,-62],[37,-186],[219,63],[-26,99],[151,226],[81,335],[403,67],[107,475],[167,175],[313,71],[425,-293],[111,166],[129,-10],[133,290],[103,67],[698,-71]],[[58375,39574],[15,-135],[-114,-110],[124,-312],[104,-91],[44,48],[41,-168],[131,-65],[260,140]],[[59393,38363],[-103,-129],[35,-428],[-177,-15],[-106,108],[-171,-157],[-350,47]],[[79174,69713],[-2,73],[71,-30],[230,-448],[-138,-248],[18,-138],[-131,34],[-44,-122],[-128,93],[-7,-146],[-302,-144],[22,-77],[-87,47],[53,-129],[-144,-49],[37,-151],[-67,-63],[190,-250],[-76,-88],[77,-432]],[[77792,66919],[-160,28],[-295,-151],[-109,219],[-236,100]],[[76992,67115],[89,862],[506,880],[-236,291]],[[60031,65287],[-73,-222],[141,-17],[-33,-62],[144,-230],[104,291],[19,-103],[96,-23],[126,233],[69,-57],[-43,106],[87,83],[-3,-94],[168,-168],[150,-63],[73,69],[35,-70],[-68,-57],[64,-13],[58,165],[-56,196],[113,108],[-7,217],[84,99],[152,-1],[80,307],[465,315]],[[61976,66296],[-164,-272],[293,-8],[172,-277],[-240,-250],[-113,-18],[-47,-244],[-143,-145],[15,-114],[-183,-193],[-36,-390],[134,24],[119,-250],[-61,-128],[104,28],[124,-122],[-95,-85],[95,-44],[-112,-84],[7,-135],[115,39],[-31,-167],[131,-31],[152,-189]],[[65234,75003],[452,-128],[180,136],[23,1240],[1213,1781],[2,247],[144,251],[-55,139]],[[80402,54973],[-87,153],[1,312],[-116,219],[-134,-13],[-146,140],[-112,325],[-282,256],[-8,106]],[[84569,53661],[-129,311],[-224,100],[-184,233],[48,269],[-141,12],[38,222],[-66,224]],[[86462,55937],[-333,-148],[-47,-332],[-166,-87],[89,-183],[-160,-118],[31,-146],[162,-152],[-62,-436],[160,-35],[-16,-189],[129,-21],[231,-290],[53,-278]],[[74042,54189],[-59,208],[-125,-22],[-33,-129],[-170,0],[-136,214],[75,160],[-124,167],[70,94],[-114,316],[59,192],[-48,136]],[[17697,31869],[-505,-1382],[-448,-449],[-502,106],[-272,496],[-55,352]],[[92365,70090],[17,-94]],[[91526,68451],[-703,135],[-265,340],[-1,173],[-446,129],[-22,96]],[[15915,30992],[-303,720],[-83,1030],[109,714],[111,124],[191,-25],[127,84],[-16,350]],[[17040,36087],[101,87],[466,37],[172,-92],[279,7],[138,-179],[591,49],[199,-85],[152,62],[66,145],[189,42],[128,-28],[248,-284]],[[19769,35848],[52,-146],[426,-52],[85,-113],[-7,-132]],[[20703,31906],[-461,-157],[-399,22],[-265,-209],[10,-448],[-275,-545],[-33,-327],[117,-232],[-39,-384],[115,-623],[-102,-313],[-175,-140],[-580,446],[-65,153],[76,1456],[-199,1031],[-361,259],[-370,-26]],[[17697,31869],[-329,343],[-67,-148],[-264,27],[1,-173],[-179,-310],[11,-241],[-108,-235],[-427,-186],[-223,230],[-197,-184]],[[62915,41307],[-122,-136],[146,16],[32,-120],[217,-85],[-127,-180],[82,-116],[-79,-196]],[[84481,48041],[35,-299],[170,-382],[231,-126],[165,111],[34,128],[430,-99],[66,213],[270,12],[47,84],[-88,175],[73,68],[167,-15],[12,-90],[121,-50],[192,123]],[[86406,47894],[147,52],[140,-126],[-25,-367],[62,-60],[-170,-241]],[[86186,44873],[-70,-125],[-42,243],[-217,92],[-245,-100],[-59,85],[-524,-358]],[[67162,93298],[88,110],[103,-19],[-13,126],[216,73]],[[67556,93588],[70,-142],[748,296],[422,-252],[716,6],[190,-92],[224,-365],[262,-175],[421,4],[55,104],[206,-161],[178,53],[158,-242],[321,-177],[57,-222],[298,-15],[169,-343]],[[65779,68995],[59,54],[-53,84],[58,8],[-42,190],[46,10],[-207,532]],[[87866,45542],[82,-139],[185,26],[206,-136],[28,-180],[-100,4],[-25,-160],[-278,-125],[-276,-403],[3,-277]],[[87307,43732],[54,328],[-91,187],[93,333],[-96,154],[82,203],[-136,419],[61,89],[298,1],[164,168],[130,-72]],[[70396,15019],[-178,101],[-88,-205],[-245,-54]],[[69885,14861],[-48,153],[161,93],[-36,156],[-204,288],[-116,-69],[-83,58],[-4,316]],[[45800,2328],[-248,300]],[[47510,3499],[112,-27],[210,-353],[-198,-118],[-238,32],[-403,-393],[-213,-62],[-74,-276],[133,-167]],[[75703,47024],[-32,528],[124,154],[159,-207],[216,175],[167,-84]],[[77355,45976],[-99,13],[-274,-195],[-191,36],[-282,-258],[-69,40],[53,249],[-248,-206],[-116,122],[-177,-111],[11,120],[-67,-39],[-19,91]],[[65331,49468],[-143,24],[-6,-175],[-121,-15],[-102,205],[-182,114],[-242,-393],[15,-156],[-320,-50],[-87,-99]],[[64235,52409],[253,412],[519,-20],[292,-215],[427,-90],[85,-164]],[[65811,52332],[-77,-175],[66,-120],[-61,-640],[62,-143],[-81,-121],[77,-144],[10,-295],[-70,-88],[65,-330],[96,55],[54,-103],[-16,-165],[-182,-207],[-91,-260],[-332,-128]],[[81808,45909],[-515,41],[-125,-80],[110,-117],[-154,-113],[-144,74],[-28,301],[-390,-73],[-523,-489],[-51,-320],[-274,-278]],[[79714,44855],[-80,-130]],[[78983,45322],[-164,-139],[-168,32],[-74,70],[30,159],[-160,-71],[-78,92]],[[78153,48140],[231,218],[122,-41],[126,214],[52,-88],[228,39],[-5,-72],[158,174],[149,-63],[-51,291],[89,135],[344,98],[153,354],[293,269],[85,-71],[105,45],[42,233],[133,60]],[[82375,49042],[225,-63],[108,60],[96,254],[103,10],[59,143],[-103,164],[32,107],[119,91],[306,-78],[135,386],[114,76]],[[84959,49959],[-257,-40],[-94,-212],[-22,-181],[141,-589],[-162,-55],[34,-370],[-139,-104],[21,-367]],[[84481,48041],[-91,68],[-385,-101],[-161,-247],[-216,-43],[-14,-210],[117,-163],[-102,-183],[93,-217],[-74,-275],[-201,-150],[-40,-343]],[[76657,71926],[-73,32],[-581,-439],[-246,-367],[-278,89]],[[75479,71241],[-218,210],[-214,-177],[-254,97],[-246,656],[-121,-24],[-69,124],[-93,-14],[-49,631],[100,380],[-330,292],[-314,-110],[85,-114],[-80,-30],[-65,-256],[-91,-2],[-72,-210],[-31,101],[-192,32],[-47,149],[-153,6],[-277,-183],[-163,56],[-73,-390],[-90,-104],[32,-180],[-116,-131],[-103,82],[-118,-85],[-7,-218],[-120,-4]],[[71990,71825],[-90,45],[-6,-130],[-355,-54],[-62,-111],[-173,77],[-4,110],[-108,-80],[16,-116],[-200,-6],[-30,-74],[-136,30],[-21,182],[-70,-17]],[[67554,70291],[107,381],[-152,337],[-12,245],[218,328],[33,464],[205,278],[-32,147],[128,467],[-65,302],[281,500],[-78,84],[-5,198],[256,886],[177,2],[132,-175],[263,-14],[128,137],[342,11],[101,163],[306,193],[299,-40],[252,354],[103,598],[-39,202]],[[74535,77845],[57,-163]],[[29283,51837],[81,-88],[64,77],[97,-180],[52,164],[99,-278],[158,-84],[-33,-56]],[[30223,50474],[-209,-230],[-283,36],[-76,-137],[-124,12],[-159,-137]],[[29372,50018],[-62,58],[58,48],[-61,200],[-122,42],[-42,234],[57,44],[-119,126],[-223,19],[91,103],[-210,81],[24,240],[-226,166],[52,78],[-156,26]],[[28433,51483],[59,116],[233,-124],[-46,160],[53,251],[184,160],[116,-78],[-8,-108],[174,-90],[85,67]],[[75877,45870],[0,-32]],[[75877,45838],[-37,-250],[-315,-10],[-21,-141],[-120,5],[-48,-191]],[[75336,45251],[-239,97],[-28,207],[-90,-122],[-52,162],[-156,90],[-66,344],[-336,107],[-133,-137],[-155,288],[-174,-67],[-80,121],[-77,-217],[96,-119],[-86,-149],[149,-438],[-246,-159],[-55,-253],[45,-144],[156,-117],[-174,-390],[57,-318]],[[73692,44037],[-149,60],[-80,168],[-153,-171],[-185,252],[72,152],[-117,235],[-82,21],[36,143],[-69,124],[132,228],[-39,156],[-158,-7],[-129,-163],[-104,179],[31,162],[-150,28],[-57,387],[51,74],[-102,11],[-60,134],[-35,-112],[84,-207],[-383,56]],[[45622,23386],[-610,343],[-368,-28],[-19,359],[-137,117],[-512,69],[-392,-327],[-45,109],[67,390]],[[43945,25380],[368,299],[315,-118],[242,84],[282,636],[15,257],[124,53],[95,276]],[[46600,25963],[359,-564],[267,60],[251,-279]],[[47477,25180],[-12,-227],[186,-335],[346,-239],[-83,-526],[48,-132]],[[47962,23721],[-110,-411]],[[70503,27747],[424,133],[66,153],[201,52],[82,199],[163,105]],[[71439,28389],[145,80]],[[65779,68995],[315,-363],[46,-167],[224,-184]],[[67541,66113],[-313,-159],[-63,-193],[-72,257],[-92,69],[-133,0],[-62,-176],[-255,-21],[-225,289],[-389,17],[-127,302],[50,59],[-71,391],[-313,268],[118,152],[-63,92],[57,166],[-64,312],[113,228],[27,616],[115,213]],[[38263,17983],[-242,-156],[-361,82],[-89,-260],[-380,-208]],[[37191,17441],[-82,283],[88,7],[8,92],[-145,94],[230,369],[-94,-25],[-73,297],[123,221]],[[72462,17893],[-239,-339],[-127,85],[-186,-23],[-174,-182],[-158,152],[-209,-412]],[[72566,18642],[4,-203],[-156,-422],[48,-124]],[[71227,12938],[126,214],[-97,161],[186,278],[-65,159],[37,136],[314,201]],[[34707,57059],[80,388],[-99,87],[-205,-381],[-152,-75],[-164,-345],[-258,-147],[-134,44],[-154,-263],[6,-186]],[[33627,56181],[-153,152],[32,213],[-133,32],[-70,121],[-30,146],[90,84],[0,160],[-184,130],[-1,137],[-65,23],[23,124],[-56,33],[61,122],[-45,159],[-124,24],[16,423],[-158,345],[94,165],[101,18],[-63,97],[100,104],[-69,120],[202,236],[-89,250],[222,214],[28,302],[137,180],[254,105],[-97,306],[107,130],[36,287],[-431,782]],[[38263,17983],[34,504],[79,51],[-52,181],[105,68],[-63,145],[72,127],[211,16],[53,92],[-2,339],[-171,29],[41,436]],[[39309,17759],[4,177],[-174,33],[-361,-502],[-98,164],[-146,-40],[-217,177],[-54,215]],[[74117,19788],[-77,-79],[56,-286],[-95,-106],[-44,-290],[-217,-23]],[[73740,19004],[-167,123]],[[37371,48267],[6,316],[128,366],[283,-8],[67,221]],[[39338,46593],[-202,-549],[-135,-10],[-226,-190],[-75,211],[-150,-244],[-157,21]],[[74529,20495],[-194,52],[27,187],[-191,140],[-328,-40],[-59,189]],[[74405,23330],[79,35],[254,-200],[154,16],[76,154],[236,-498],[27,-455],[146,-97]],[[12218,41950],[-602,-80],[-130,-368],[-209,-161],[-185,78],[-146,326],[-169,-108],[-133,23],[-18,134],[72,101],[-164,78],[-181,21],[-152,-172],[-283,15],[-259,-152],[-322,318],[-422,-1],[-341,317],[-134,402],[-178,141]],[[48693,9434],[-71,370],[-307,416],[191,182]],[[78663,38847],[-90,160],[-254,2],[-153,144],[112,350],[-132,60],[145,277],[114,66],[-17,86]],[[78388,39992],[329,106],[-62,66],[-53,463],[-84,84],[62,333],[-204,17],[121,256],[-16,184],[-91,44],[-89,252],[-109,-97],[-245,111],[-102,244]],[[77845,42055],[9,191],[181,-27],[-16,184]],[[62923,17947],[112,39],[168,-156],[347,5],[104,-164],[81,214],[307,179]],[[64042,18064],[45,-163],[-142,-189],[105,-245],[198,-99],[80,-462],[-54,-152],[167,-42],[108,-445]],[[37715,36229],[-105,309],[277,326],[69,-21],[14,167],[270,256],[69,383],[175,247],[-14,126],[-29,85],[-68,-32],[-328,205],[-133,220],[-114,11],[-152,292],[-121,-89],[-100,137],[55,101],[-103,228],[12,148],[-193,178],[-9,107],[-159,-76],[-30,59]],[[42718,40175],[-161,-125],[38,-205],[-411,-362],[127,-217],[151,39],[-65,-227],[306,-429],[-145,-471],[117,-255],[-141,-40],[-167,129],[-200,-252]],[[55340,71630],[514,124],[182,-216],[-250,-97],[97,-259],[303,217],[62,170],[163,78],[159,216],[256,51],[114,-68],[-61,-466],[75,-261],[-123,-405],[16,-239],[180,152],[365,92],[3,-292],[99,-159],[-141,-204],[72,-119],[-9,-253],[119,-160]],[[55456,68253],[-291,250],[-67,589],[-284,51],[-76,372],[6,504],[-119,368],[-772,602]],[[34163,27984],[204,172],[245,-36],[-218,185],[7,516],[124,255],[-287,330],[-59,234],[95,202],[204,97],[38,346],[-110,227],[22,116],[-277,204],[-69,185]],[[34082,31017],[13,96]],[[35471,30453],[158,-124],[98,-264],[434,-64],[162,-277],[27,-383]],[[36350,29341],[-189,-159],[-260,-39],[231,-822],[-278,-156],[-106,-287],[44,-97],[-76,-119],[-98,39],[-63,-143]],[[35555,27558],[-106,-174],[-304,59],[-215,-265]],[[34930,27178],[-121,449],[-539,227],[-107,130]],[[62805,33010],[-408,-296]],[[61934,33363],[-129,165],[171,91],[-2,151],[122,13],[200,229]],[[62296,34012],[113,-111]],[[62409,33901],[233,-511],[239,-205],[-76,-175]],[[41198,10189],[301,310],[71,-36]],[[41237,9229],[35,191],[-235,150],[41,490],[120,129]],[[55126,20338],[55,236],[274,-31],[99,167],[307,19],[-53,94],[60,99],[174,-148],[116,140],[157,-127],[52,-298],[122,78],[-27,68],[157,-84]],[[60504,32350],[-552,-91]],[[55679,34870],[236,141],[79,153]],[[56554,32660],[-319,350]],[[46703,30311],[-116,77],[18,107],[-116,27],[-104,339],[-307,274]],[[46078,31135],[104,101],[-70,33],[47,55],[-43,132],[159,162],[-71,135],[118,10],[-89,65],[169,67],[129,798],[262,294],[311,33],[-180,604],[136,55],[187,271]],[[48383,32794],[22,-99],[-150,-53],[79,-197],[-177,-164],[83,-368],[-92,-295],[60,-372],[-123,-430],[-5,-317],[85,-147],[-35,-131]],[[54484,20873],[213,-176],[-52,-328],[155,88],[37,-200],[93,30],[-99,-204],[246,-38],[49,293]],[[55126,20338],[141,-7],[-12,-122]],[[45918,22464],[187,272],[-97,175],[29,115],[-397,-90],[-62,384],[44,66]],[[45622,23386],[150,45],[50,173],[313,201],[220,-132],[181,3],[160,242],[293,100],[235,-260],[77,8],[65,-209],[81,129],[405,-376]],[[47852,23310],[93,-285],[-7,-227],[-97,-85],[126,-7],[-95,-327],[-385,-450],[-233,24],[-40,-157],[-119,-79],[-246,226],[-512,185],[-123,231],[-296,105]],[[81711,37994],[-123,-546],[-347,-403],[14,-187],[-79,-93],[-108,50],[-136,-119],[-162,15]],[[42994,7543],[190,-66],[31,-140],[-141,-40],[51,-204]],[[42914,6435],[19,-285],[-166,-358]],[[42767,5792],[-96,-52],[-97,491],[-178,-189],[15,-167],[-301,283]],[[26674,46457],[245,31],[174,204],[275,-131],[284,368],[503,210],[196,-31]],[[28351,47108],[158,6],[158,-124],[155,71],[344,-86],[276,143],[270,-25],[280,-682],[-166,-380]],[[53490,17424],[-151,-1],[-65,113]],[[80411,38563],[-41,-54],[66,-269]],[[79399,38060],[-104,27],[-62,-87],[-297,76],[62,73],[-69,566],[-266,132]],[[78663,38847],[302,526],[-32,167],[129,32],[111,292],[112,-3],[116,230],[79,11]],[[79628,40368],[93,-70],[74,66],[121,-161],[134,25],[73,63],[-64,63],[14,135],[104,-4],[415,323]],[[82429,40225],[-9,-220],[-99,-170],[266,64],[52,-117],[326,-98],[-150,-97],[-6,-158],[216,-138],[204,120],[305,-4],[-6,119],[214,110],[110,274]],[[82503,38302],[-355,127],[-194,-166],[-132,-288],[-111,19]],[[81711,37994],[132,540],[-119,106]],[[58375,39574],[-44,156],[-119,92],[-83,395]],[[60156,38331],[-139,150],[-152,-95],[-39,91],[-54,-61],[-290,64],[-89,-117]],[[59393,38363],[-325,315],[-88,203]],[[58980,38881],[166,-28],[100,173],[105,-11],[-211,137],[-40,295],[-467,68],[-35,211],[-223,-152]],[[61564,47826],[-419,249],[-137,-254],[-143,-77],[-7,-165],[-102,-101],[-450,-125],[5,-82],[187,20],[79,-78],[-145,-397],[-242,-215],[-6,-165],[-81,24],[-327,-212],[-87,-235],[-198,-171],[-94,-204],[33,-90],[-127,21],[277,519],[-16,170],[137,84],[-82,186],[-5,755],[-146,289],[50,85],[-45,382],[184,248],[-57,463],[47,289],[-72,219],[82,86],[-25,130],[327,37],[24,73],[116,-44],[41,157],[105,-64],[15,75],[202,-7],[48,-132],[168,108],[83,-41],[19,208],[228,110]],[[77099,41274],[61,82],[230,12]],[[77390,41368],[-12,-328],[306,-203],[222,-414],[303,-49],[-6,-199],[154,-139]],[[78357,40036],[-187,-144],[-184,103],[-505,26],[-65,-281],[-95,221],[-337,124]],[[83929,35567],[27,-154],[-79,-100],[-433,-110],[9,-118],[-57,8],[-241,-507],[-101,27],[-212,-141],[-59,144],[-112,-113],[-270,14],[-73,-98],[-65,75]],[[82615,35566],[-72,52],[268,157],[-78,75],[44,195],[-112,184],[76,62],[-12,152],[99,36],[-157,220],[29,53],[-133,99],[28,94],[-325,288],[75,131],[104,-42],[-14,113],[98,-11],[8,168],[-250,234],[326,164],[-46,62],[57,11],[-13,90],[-118,23],[6,126]],[[82503,38302],[85,193],[478,-195]],[[76356,39480],[-107,-3]],[[75719,39213],[-137,47],[-139,225],[83,159],[-51,187],[-508,201],[-157,-86],[-3,254],[-173,136],[10,150],[-108,163],[186,257]],[[10491,47424],[-327,39],[-317,-176],[-210,317]],[[8636,48919],[264,326],[118,387],[152,121],[345,-61],[68,-111],[377,-111],[461,166],[392,-312],[146,47],[226,-130]],[[44279,12041],[99,209]],[[44548,12051],[-96,-434],[183,-554],[-40,-267],[99,-342],[-52,-245]],[[44642,10209],[-118,-51],[58,-220],[-37,-257],[-340,-222]],[[43317,9035],[-122,27],[-153,-183],[-197,67]],[[68337,37413],[-302,85],[-40,-154],[-216,-76],[-77,152],[-112,18],[-100,231],[-70,48],[-81,-129],[-86,213],[-186,162]],[[70925,36781],[-32,-101],[-174,38],[-108,-101],[-141,8],[-42,-109],[174,-181],[-123,-31],[-57,-116],[-201,42],[-76,-183]],[[86996,51165],[110,315],[144,21],[-76,-446],[103,-92],[-18,-83],[123,-11],[120,159],[148,-2],[105,160],[109,11],[46,210],[236,153]],[[63288,30649],[-103,423]],[[70058,66942],[-203,-365],[-321,12],[-91,210],[-152,-280],[-143,-34],[-54,69],[-392,-139],[-106,-133],[-192,82],[-157,-107],[-116,45],[-172,-126],[-418,-63]],[[67541,66113],[-83,200],[-180,130],[-441,892],[7,507],[115,267],[-110,466]],[[67554,70291],[354,176],[389,570],[53,194],[334,-10],[-9,108],[181,315],[155,0],[139,207],[188,-16],[117,247],[146,24],[67,175],[172,-259],[95,49],[58,198],[86,-66],[82,68],[87,-210],[215,-8],[12,83],[78,-171],[158,-89],[-32,-87],[72,-108]],[[70751,71681],[-189,-43],[-154,190],[-132,28],[-143,-153],[167,-371],[-143,-119],[-14,-149],[129,-9],[108,-193],[82,-275],[-6,-304],[131,-220],[-21,-263],[99,-23],[161,-330],[-35,-260],[51,-116],[-118,-151],[63,-328],[-67,-189],[-207,-61],[-174,-351],[-63,-294],[24,-524],[-129,-209],[-113,-22]],[[58617,91585],[32,659]],[[58116,28082],[-454,290],[-79,236],[-124,106],[6,152],[-107,106]],[[57358,28972],[-50,302],[-184,172],[37,264],[-78,38]],[[57083,29748],[70,191],[172,-5],[83,255],[248,10],[62,174],[198,50]],[[59061,29651],[-47,-160],[134,-80],[19,-134],[122,-37],[-140,-335],[185,-179]],[[83231,64062],[78,212],[-19,217],[123,120],[32,213],[172,143],[12,301],[149,182],[141,18]],[[83919,65468],[59,-184],[181,-102],[10,-155],[103,-28],[67,-204],[171,-45],[188,-546],[-275,-220],[4,-273],[110,-156],[-141,-556],[96,-252],[231,-117],[5,-135]],[[51701,6287],[-349,-271],[-313,-61],[-266,-419],[-159,-114],[210,-180]],[[74731,61830],[-76,46],[-42,-66],[185,-200],[-172,-227],[234,-498],[-100,-116],[348,-266],[226,-16],[-14,-232],[286,-362],[-121,-44]],[[75485,59849],[-47,68],[-60,-49],[-129,-464],[-159,-187],[-134,-464],[67,-92],[-171,-237],[2,-180],[-237,-100],[4,-112],[141,-61],[30,-175],[174,-104],[-32,-170],[166,9],[71,-404],[133,-58],[118,-327]],[[74562,55595],[-163,-18],[-101,146],[-115,-100],[-182,89],[-115,-104],[9,-148],[-311,54],[-67,111],[-80,-100]],[[73437,55525],[-99,47],[-163,-341],[-76,4]],[[70500,59274],[186,456],[-24,91],[327,243],[20,193],[211,119],[5,142],[152,49],[103,343],[125,7],[20,111],[135,-191],[-54,-207],[60,-300],[144,-280],[230,-121],[189,1019],[205,81],[-23,95],[145,203],[210,11],[206,-127],[288,564]],[[72853,17840],[164,-5],[72,-180],[59,9],[25,-184],[158,8],[94,174]],[[73425,17662],[62,102],[206,-145],[170,84]],[[73863,17703],[22,-206],[-182,-254]],[[72931,16562],[88,270],[-179,232],[26,309],[-177,99],[164,368]],[[84680,56432],[-15,-234],[-344,-234],[-64,-133],[55,-171],[-81,-145],[84,-178],[-116,76],[-253,-103],[-80,-127],[45,-151]],[[83911,55032],[-193,-519],[-193,-175],[-144,60],[-189,-66],[-181,433],[-197,-7],[119,-510],[-32,-119],[-117,-232],[-255,-107],[-19,-99],[-301,69],[-31,-141],[190,-214],[-253,-191],[-210,-4],[20,-206],[139,-29],[-43,-83],[54,-138],[-114,-159]],[[81509,52282],[-358,-2],[-183,-286],[37,-120],[-184,-421],[-83,-75],[-140,41]],[[80255,53642],[28,90],[-123,148],[43,120],[-172,101],[27,127],[197,92],[16,118],[171,16],[-74,181],[60,95],[-111,178],[85,65]],[[80402,54973],[75,-35],[87,138],[255,127],[82,189],[162,-95],[162,95],[44,-127],[337,40],[448,815],[167,-31],[101,85],[3,213],[149,150],[-59,356],[197,120],[-63,91],[150,150],[-60,92]],[[70115,40285],[-101,-14],[-51,-138],[-77,5],[-205,-234],[-79,58],[-323,-103],[64,-295],[-105,-30],[-97,94],[22,-106],[-133,-269],[-338,437],[-17,205],[163,130],[-114,142],[-254,51],[-496,-388],[-72,66],[35,170],[-165,196],[-172,57]],[[35109,20364],[-142,227],[182,329],[-261,192],[-49,607]],[[55671,8404],[292,85],[85,-183],[73,-5]],[[56121,8301],[49,-234],[319,-75],[327,72],[155,-194],[149,130],[225,-55],[205,79]],[[57550,8024],[80,-342],[-171,-138],[125,-77],[-162,-240],[-144,-14],[-70,-150],[-187,-122],[112,-517],[-113,-94]],[[57020,6330],[-376,45],[-156,114],[-162,-186],[-536,-215]],[[55050,7583],[35,-96],[-135,-200],[54,-209],[253,-30],[32,-171],[-63,-184],[59,-260],[303,0],[202,-345]],[[55790,6088],[-52,-122]],[[81141,43531],[50,247],[-45,167],[-91,14],[-8,82],[-127,18],[-64,-106],[-64,79],[71,62],[18,347],[152,103],[-85,105],[127,153],[255,82]],[[81330,44884],[28,-438],[171,7],[56,-105],[153,44],[51,-80],[-68,-90],[-3,-475],[384,78],[204,-150],[353,267],[302,21],[206,155],[180,-107],[134,42]],[[84117,43105],[-15,-201],[-83,3],[-78,-245],[-181,170],[-162,-47],[-54,-163],[193,-240],[-246,-384]],[[17040,36087],[-120,-159],[40,-156],[-72,-532],[-333,-511],[34,-246],[-179,21],[-43,-106],[-32,63],[-16,-121],[-170,-96],[33,-182],[-123,25],[-8,-98]],[[16051,33989],[-392,104],[-559,-305],[-787,71],[-431,346],[-95,351],[-430,162],[-415,-93],[-326,-207],[-1028,83]],[[12652,37358],[112,88],[402,-127],[115,68],[97,-82],[12,94],[345,49],[67,139],[102,-22],[-59,64],[125,204],[-27,85],[77,-29],[-79,125],[82,68],[-41,294],[96,86],[-54,22],[1,194],[151,25],[-21,123],[136,30],[77,243],[68,-108],[137,72],[14,-97],[73,3],[88,97],[39,-146],[134,90],[100,-74]],[[15021,38936],[-68,-344],[253,-444],[125,-607],[274,-256],[156,10],[142,-136],[162,228],[290,-25],[116,-208],[-24,-287],[61,-86],[-112,-127],[25,-104],[172,-71],[166,-271],[281,-121]],[[53621,26351],[-214,244],[61,144],[-240,144],[72,134],[-144,120],[-143,-98],[-37,121],[-98,30],[-373,-199],[-797,-847]],[[51708,26144],[40,230],[-151,144],[98,144],[-280,161],[266,332],[106,23],[-465,463],[42,531],[-185,122],[48,116],[-66,197],[169,493],[-14,217],[-147,283]],[[54889,30653],[-109,-582],[181,-395],[-36,-301],[158,-255],[-151,-321],[109,-125],[-46,-465]],[[54995,28209],[-453,-308],[-49,107],[-70,-46],[-145,94],[-137,-32],[-96,-163],[-103,41],[-82,-376],[96,-176],[-28,-279]],[[43731,3626],[20,-163],[103,31],[52,-81],[-56,-226],[104,-86],[31,-190]],[[43985,2911],[-222,-409],[-151,-53],[-147,-328],[-248,-2],[77,-343],[61,-22],[-304,-417]],[[43051,1337],[-166,281],[-30,382],[-436,314]],[[59080,30278],[-92,77],[-428,-59],[-105,145],[4,135],[-144,115],[-246,-338],[-121,-12],[-32,82]],[[57916,30423],[41,77],[-68,31],[-46,205],[36,316]],[[59773,32217],[179,42]],[[59952,32259],[4,-219],[-120,-243]],[[37580,25795],[43,100],[-113,201],[78,20],[-41,131],[116,129]],[[38791,23960],[-153,208],[-148,-6],[6,-117],[-72,7]],[[56554,32660],[68,387],[-38,146],[62,137],[70,-10],[35,319],[733,464],[-58,268]],[[58994,31938],[-266,-250],[-151,185],[-148,-188],[-319,31],[-44,-400],[-187,-264]],[[57879,31052],[-128,250],[-288,74],[30,137],[-80,283],[-372,225],[-74,185],[-402,191],[40,195],[-51,68]],[[65730,25359],[-70,175],[102,460],[-206,279],[184,161],[83,-60],[19,109]],[[66862,26664],[-36,-137],[135,-272],[-46,-188],[220,-467],[-52,-70],[38,-170],[111,-21],[21,-163],[211,8]],[[80460,72951],[12,393],[168,387],[28,285],[-492,363],[-30,145],[-243,112]],[[81760,75788],[115,51],[30,-342],[91,-152],[341,296],[383,-401],[-17,-120],[619,-351]],[[83958,73074],[128,-1227],[163,53],[133,-280]],[[83017,69716],[-113,26],[135,127],[12,148],[-201,42],[-215,284],[-453,113],[16,-323],[-88,-156],[-156,276],[-245,112],[-81,219],[49,126],[-79,75],[33,130],[151,126],[-106,97],[71,159],[0,232],[-58,45],[34,305],[-241,70],[-134,193],[-248,123],[-104,391],[85,60],[-11,94],[-127,-2],[-185,200],[-298,-57]],[[90388,42252],[116,-13],[-6,-220],[-219,-106],[146,-63],[-29,-158],[150,-10],[61,-93],[-275,-429],[90,-412],[-257,-195],[-83,-285]],[[90082,40268],[-102,199],[-177,-22],[-257,337],[-149,11],[-50,-184],[-260,-72],[-101,106],[-320,-445],[-155,129],[-145,-407],[-343,9],[62,-189],[-167,-32],[48,-147],[-44,-56],[-106,132],[-331,-194],[-166,36]],[[14514,42118],[-222,20],[-59,177],[-214,52],[-171,-317],[-41,-425],[-73,-38],[-190,-495],[-158,6],[-197,166],[-130,-183],[-196,35],[-134,-134],[-90,276],[-220,81],[-71,419],[-130,192]],[[12218,41950],[-35,98],[215,204],[217,726],[273,422],[41,400],[-105,109],[-173,15],[-257,517],[-328,274],[-321,553],[-621,638],[-62,290],[-137,14],[-67,107],[7,268],[-89,-29],[-123,206],[-54,-35],[91,141],[-111,38],[71,174],[-22,237],[-137,107]],[[10491,47424],[183,234],[-28,211],[199,40],[258,219],[-132,490],[219,361],[-5,262]],[[11185,49241],[97,29],[136,350],[270,-69],[137,87]],[[11825,49638],[41,-360],[-115,-428],[97,-79],[-70,-332],[160,-464],[379,-138],[17,-171],[289,-206],[648,227],[285,269],[282,-145],[15,-281],[116,38],[529,-247]],[[14498,47321],[-96,-346],[56,-121],[163,-80],[119,105],[133,-22],[83,-241],[133,82],[245,-29],[51,-484],[-136,-496],[210,103],[508,36]],[[55203,19685],[52,524]],[[55255,20209],[196,-57],[-66,-242],[279,-238],[77,21],[-5,-111],[164,-13],[18,128],[117,26],[148,-298]],[[55661,17601],[-151,132],[-13,165],[-282,-35],[8,72],[-107,16],[-1,233],[-225,-2]],[[4326,35780],[62,129],[-121,144],[-37,351],[-370,610],[-20,195],[109,154],[33,266],[-190,41],[-367,262],[-77,402],[-185,201]],[[7432,38706],[-18,-155],[220,-164],[277,-438],[-23,-252],[242,-421],[14,-351],[167,-422],[226,-215]],[[8400,35081],[-503,-46],[-400,138],[-339,-120],[-362,103],[-186,-72],[-350,75],[-639,764],[-466,245],[-829,-388]],[[57588,18139],[3,-206],[-313,-174],[-103,-300],[91,-505],[-691,139],[-430,-59],[-65,-238],[70,-168]],[[55702,16729],[38,237],[-94,273],[15,362]],[[55661,17601],[122,189],[276,138],[64,164],[-41,121],[184,370],[-48,379],[-159,132],[124,331]],[[56183,19425],[140,48],[-29,99],[83,210],[44,-90]],[[63446,40177],[149,-1],[82,114],[-11,128],[269,320],[268,-99],[386,57],[-2,140],[124,37],[120,288],[-158,129],[44,380],[305,283],[41,306],[69,-6],[86,170]],[[67273,41342],[-2,-216],[105,-132],[138,6],[41,-145],[-60,-161],[117,-159],[-12,-216]],[[67600,40319],[17,-401],[-110,-32],[-187,-584],[-264,-379]],[[94531,77419],[-5,212],[154,8],[22,196],[146,-1],[-21,261],[176,183],[10,153],[-119,181],[22,145],[62,9],[-36,253],[-257,58],[-267,213],[-103,258],[-44,432]],[[94271,79980],[294,255],[105,-162],[221,-35],[9,168],[-95,90],[170,147]],[[38107,20313],[-29,66]],[[37964,22406],[164,125],[149,-97],[94,46],[66,368],[412,121],[231,331]],[[39614,22462],[-141,-15],[21,-242],[-138,-107],[50,-100]],[[39190,6407],[-133,-38],[-195,300],[-32,250],[-87,100],[-62,-47],[-48,118],[161,125],[-47,124],[73,82],[-76,161],[199,174],[-41,128],[134,157],[-19,86]],[[39017,8127],[295,-125],[149,159],[317,-147],[178,72],[94,221],[283,177]],[[40333,8484],[389,19]],[[73695,36954],[-73,220],[170,446],[60,421],[407,307],[209,231],[26,223],[194,118]],[[62955,85361],[259,293],[72,213],[197,77],[112,201],[-64,202],[-2,597],[107,241],[7,363],[-621,713],[-190,-63],[-245,365],[4,111],[-262,143],[264,634],[64,266],[-57,220],[231,558]],[[67214,91436],[196,-111],[-36,-479],[49,-118],[131,-9],[-11,-175],[175,-268],[169,49],[175,-75],[102,144],[381,95],[154,-203],[85,110],[-26,186],[246,-169],[1,-129],[116,-73]],[[81509,52282],[-44,149],[49,68],[167,-23],[280,119]],[[81961,52595],[328,-191],[187,67],[120,-80],[94,-236],[-70,-361],[408,163],[79,515],[110,130],[318,85],[74,-141]],[[84659,50056],[-189,-236],[-130,1],[-5,-202],[-103,97],[-231,-110],[-292,254],[-31,251],[-109,81]],[[83569,50192],[24,219],[-63,94],[-80,-77],[-161,102],[-308,-94],[-156,-151],[-113,73],[-6,187],[-108,3],[-1,194],[-87,47],[57,124],[-84,94],[71,96],[-38,217],[-147,72],[-115,198],[-193,31],[-55,91],[-179,-139],[-56,75],[-262,-112],[-134,51],[0,305],[96,-15],[19,209],[135,32],[-116,164]],[[69582,78273],[-79,65],[-242,-206],[-280,196],[-393,-64],[-169,264],[-319,158],[-115,148],[-108,-170],[-55,59],[-289,-177],[-340,123]],[[67193,78669],[-148,456],[72,352],[-245,235],[78,53],[-48,177],[111,222],[-42,42],[115,5],[-67,343],[-84,145],[-131,30],[-138,391],[-288,217],[21,531],[-148,72],[174,129],[-60,68]],[[67953,87043],[1171,367]],[[53192,84422],[-200,178],[-59,-74],[-189,102],[-61,124],[-271,12],[-168,338],[-102,19],[-21,141],[-155,36],[-128,1040],[-85,70],[-16,448],[-185,234],[-257,23],[-136,175],[-216,9],[-104,-152],[-231,269],[-458,107],[-134,434],[-145,84],[-24,314],[116,178],[-136,141],[200,200],[69,389],[186,143],[8,97],[-635,540],[-203,600],[-420,223],[-247,-86],[-221,67],[-69,75],[26,92]],[[48521,91012],[209,444],[60,-30],[176,249],[3,134],[286,76],[126,-176],[198,83],[76,-166],[180,123],[124,-48],[192,374],[120,-56],[190,105],[260,269],[-12,151],[72,107],[108,-50],[-8,137],[311,133],[59,132],[-51,105],[102,-20]],[[51302,93088],[216,-347],[385,-152],[190,-342],[268,-843],[286,-362],[580,-642],[446,-173],[75,-385],[507,-942],[-206,-606],[-226,-267],[252,-266],[22,-388],[84,-173],[174,-68],[409,-436],[329,-85],[452,-507],[468,-184],[149,-336],[586,353],[30,193],[305,483],[104,395],[181,259]],[[57368,87267],[693,300],[177,300],[145,46],[81,-124],[28,-357],[405,-358],[56,-176],[758,-1035],[255,286],[-71,288],[-211,142],[46,1122],[-163,48],[-168,469],[-379,505],[-123,-79],[43,-269],[-162,-302],[-213,9],[-587,1060],[5,298],[-144,107],[-32,210],[116,188],[-129,154],[0,131],[267,455],[33,348],[201,185],[34,238],[233,178],[55,-49]],[[58617,91585],[181,-188],[528,107],[411,-100],[214,-341],[105,-413],[177,-224],[78,7],[26,-141],[161,-126],[246,19],[151,-132],[-84,-444],[249,-463],[401,19],[373,-274],[126,136],[87,344],[-17,-612],[-233,-327],[-39,-247]],[[49955,31255],[-326,212],[-170,-66],[-280,344],[-200,63],[-238,-74],[-166,235],[82,427],[-143,76],[-74,147],[17,167]],[[60951,78726],[-233,236],[-198,-8],[-357,244],[-174,388],[-202,18],[-156,125],[-149,-161],[-234,49],[-78,154],[40,123],[-83,81]],[[62587,26436],[-61,163],[-120,-82],[-271,68],[-103,206],[-109,-103],[-175,27]],[[61748,26715],[-83,260],[162,35],[-6,69],[-460,538]],[[61553,27753],[97,78],[218,-71],[487,139],[50,167],[187,-80],[124,-194],[264,126],[118,-20],[-5,-95]],[[63093,27803],[83,-369],[69,-36],[66,104],[32,-95],[251,112],[197,-116],[-33,-123],[63,-82],[-90,-285]],[[77792,66919],[128,314],[238,86],[94,173],[494,-47]],[[78746,67445],[17,-162],[110,-113],[-26,-140],[434,-752],[179,-16],[375,-440],[297,-104]],[[79818,64520],[-186,150],[-87,494],[-367,155],[56,231],[-181,85],[-118,283],[-313,230],[20,209],[-183,229],[-383,-527],[-132,-65],[-142,59],[60,269],[-120,390],[50,207]],[[75861,26748],[-206,-88],[-145,89],[-105,-87],[-185,87],[-105,171]],[[74372,27648],[-211,-58],[-148,117],[154,308],[-91,375]],[[75992,29495],[150,48],[114,-163],[-162,-462],[45,-173]],[[76499,27222],[-28,-265],[-174,31],[-114,-98],[-13,87],[-95,-11],[-9,-282],[-73,-54],[-132,118]],[[60001,68782],[248,-193],[257,-378],[-138,-111],[-130,-301],[-137,-45],[-181,-262],[-82,-608],[231,-56],[20,-250],[346,-102],[141,-220],[-25,-135],[-161,-29],[-40,-137],[-112,-59],[-2,-172],[-206,-222],[1,-215]],[[60031,65287],[-244,-82],[52,-97],[-95,-30],[124,-120],[-101,-11],[-132,-265],[-284,-58],[5,-219],[-165,-394],[-6,-698],[62,-230],[-152,-170]],[[61537,41774],[79,390],[119,176]],[[61735,42340],[323,237],[109,199],[-76,324],[178,185],[201,21],[-24,144],[-144,100],[178,-13],[-92,100],[4,134],[385,-30],[-51,218],[-178,177],[55,98]],[[64310,43486],[121,-282],[13,-379],[-70,-159],[-260,-58],[-233,79],[-56,-140],[-297,-167],[-27,-114],[-336,-71],[-168,-220],[-94,5],[39,-125],[98,-27],[-22,-104],[196,-91],[-27,-68],[-140,44],[11,-149],[-71,-79],[86,-109],[-158,35]],[[62915,41307],[-461,27],[-134,370],[43,169],[-177,141],[-98,-16],[-159,-328],[-10,115],[-83,11],[-183,-141]],[[92779,73755],[-27,88],[-160,15],[-85,102],[-104,26],[-58,-110],[-224,80],[-301,-163],[-111,-180],[-68,26],[-15,359],[-247,128],[-255,-574],[10,-174],[-325,-371],[-51,-494]],[[86614,72488],[-162,193],[4,186],[-212,60],[-39,169],[-534,62],[-66,316],[39,212],[383,404],[-283,156],[6,196]],[[90052,78682],[53,-308],[-253,-431],[166,-32],[106,-304],[-83,-123],[24,-105],[-185,-149],[94,-191],[-21,-181],[204,-177],[266,-26],[209,174],[348,-46],[-20,102],[79,79],[422,-134],[326,-328],[116,88],[-14,269],[126,158],[151,-286],[242,12],[-17,-196],[-168,-181],[41,-185],[112,-120],[352,-94],[9,-150],[224,-407],[-237,-135],[197,-215],[-211,-621]],[[51617,11210],[490,448]],[[52107,11658],[-11,-592],[43,-120],[105,-9],[-1,-150]],[[52243,10787],[-92,-167],[2,-209],[-234,-258]],[[51027,9433],[-307,240]],[[90758,72513],[456,-167],[99,156],[129,-71],[2,-184],[-137,-221],[32,-227],[320,-90],[93,-146],[117,-26],[32,-169],[322,-18],[138,-159],[-59,-156],[196,-139],[-33,-224],[99,-283],[-199,-299]],[[92365,70090],[-504,127],[-271,-117],[-83,-217],[-176,-157],[-38,60],[-135,-93],[-124,143],[-51,228],[-91,113],[-64,-35],[-97,265],[-247,-132],[-168,-223],[-35,-174],[-184,-207],[-8,-347]],[[90089,69324],[-274,-351],[-187,129],[-90,-111],[-108,10],[-165,-390],[-334,186],[-219,-190],[-181,-415],[-167,-21],[41,-208],[-207,-101],[-177,34],[27,-175]],[[87170,71053],[45,225],[299,21],[184,335],[214,73],[73,182],[443,293],[276,468],[259,-6],[321,578],[94,-46],[163,184],[178,-124],[361,141],[156,-325],[187,-92],[67,-216],[268,-231]],[[74911,44016],[23,-318],[346,78]],[[74611,41072],[-130,119],[-267,-137]],[[74214,41054],[138,379],[-157,482],[42,265],[-77,180],[50,132],[-288,157],[19,141],[-178,186],[38,195],[-83,34],[122,92],[107,-65],[64,200],[144,-42]],[[74155,43390],[96,-179],[169,59],[-5,173],[135,118],[-82,60],[47,90],[-62,145],[57,78],[138,-87],[37,114],[226,55]],[[69917,36124],[228,-77]],[[70145,36047],[257,-27],[165,-154],[147,48],[71,-187],[242,-47],[-125,-210],[207,-202]],[[43264,68590],[78,-99],[-38,-342],[143,-54],[249,79],[68,-241],[204,-93],[17,-228],[231,149],[115,-1],[-59,-274],[-582,-587],[91,-297],[233,-170],[346,52],[126,-285],[-99,-179],[68,-98],[119,80],[237,-79],[224,193],[296,17],[220,485],[375,399],[59,-36],[-71,-279],[131,-184],[523,-132],[35,141],[140,16],[314,-411],[107,3],[113,112],[12,213],[231,-15],[128,367],[161,80],[285,-37],[151,151],[296,37],[174,288],[214,115],[90,203]],[[49019,67649],[124,-40],[-117,-162],[70,83],[87,-45],[-83,-266],[182,76],[98,-110],[-110,-70],[16,-79],[262,-47],[96,95],[162,-157],[226,32],[108,-154],[-106,-151],[13,-198],[-351,-345],[124,-291],[-191,-205],[-28,-347],[-126,-73],[43,-749],[-229,-294],[14,-108],[-114,-118],[53,-75],[-158,17],[-66,-91],[9,-230],[127,-195],[257,-51],[129,-361],[283,-255],[255,-149],[198,48],[344,-472],[-5,-320],[-90,-167],[92,-143],[-276,-84],[-191,53],[-186,-248],[470,-708],[-117,-142],[58,-114],[-26,-259],[-149,-140],[33,-127],[-176,-34],[39,-182],[173,-157],[40,-204],[-326,-83],[-60,-92],[124,-48],[-182,-328],[90,-175]],[[60350,60089],[78,239],[191,-119],[641,428],[286,-22],[138,273],[250,211],[20,249],[-108,176],[252,240],[20,388],[-108,200],[120,162],[-44,186],[58,-3],[0,208],[68,49],[0,287]],[[62212,63241],[231,-247]],[[62443,62994],[38,-93],[116,-7],[-27,-155],[138,-46],[-33,-101],[244,-200],[1,-240],[133,-5],[307,-378]],[[63360,61769],[-149,-192],[42,-330],[-91,-128],[55,-122],[-188,-315],[48,-198],[-76,-155],[1,-445],[-240,-152],[-3,-150],[-304,-455],[-255,-812],[-166,-116],[-87,410],[-144,35],[-145,-81],[-4,180],[-125,-9],[-229,229],[-140,-219],[-199,72],[-175,-127],[-477,138]],[[96670,80038],[-41,-70],[-362,19],[-41,-145],[-69,63],[-209,-170],[-196,148],[-24,116],[-228,67],[-76,424],[-203,-119],[-123,113],[-123,-41]],[[94975,80443],[-75,532],[-80,116],[-164,-82],[-15,305],[-166,61],[-168,452],[-127,-32],[-106,201]],[[94074,81996],[92,336],[133,29],[122,-107],[186,252],[247,-292],[67,-312],[293,-163],[87,62],[50,-104],[48,106],[289,-28],[28,-87],[477,188],[71,-116],[109,107],[281,57],[277,-675],[67,55],[237,-123],[20,-217],[-103,-193],[95,-71],[74,123],[64,-67],[78,74],[117,-94]],[[75913,68781],[-260,-23],[-351,-264],[-160,-274],[-202,7],[-183,-582]],[[74072,68807],[-27,194],[151,235],[-119,233],[239,116],[-57,281]],[[74259,69866],[38,289],[455,197],[184,334],[-7,263],[110,15],[68,-162]],[[75107,70802],[9,-279],[394,-257],[305,-552],[82,-431],[134,-64],[-118,-438]],[[76788,72069],[-181,153],[-221,-114],[-403,52],[-91,179],[-212,-65],[-474,340],[-223,-133],[-61,190],[20,752],[-151,202],[182,332],[-26,167],[159,99],[98,648]],[[66705,39231],[-2,229],[146,116],[179,-318],[28,-335]],[[67056,38923],[141,-198],[-25,-119],[-89,-37],[-16,-606]],[[67067,37963],[-63,-453],[195,-751],[-76,-57],[-24,-240]],[[67099,36462],[-293,275],[-270,-388],[-27,297],[111,225],[-332,279]],[[59051,34427],[213,143],[261,-66],[277,222]],[[59802,34726],[163,-405],[96,-63],[82,86]],[[60143,34344],[211,-276],[106,3],[95,-481]],[[60539,33579],[-72,135],[-174,-105],[-296,72],[-97,-99]],[[70232,13578],[146,-192]],[[68561,11816],[-272,217],[-117,-193],[-83,137],[95,61],[0,258],[-237,-55],[16,-207],[-169,31],[30,-157],[-82,52],[-74,-91],[-29,124],[-180,-1],[60,-82],[-38,-197],[66,-13],[-72,-103],[43,-262],[-839,-704]],[[65840,13934],[-35,216],[115,266],[-136,101],[5,373],[168,271]],[[66193,15131],[167,-74],[90,-299],[95,102],[25,193],[497,-68],[129,332],[121,68],[22,293],[193,130],[-59,188],[177,-115],[32,140]],[[68712,15363],[-51,-79],[139,-268],[-87,-28],[19,-185],[166,-74],[-25,-108],[132,-120],[192,106],[76,-91]],[[69273,14516],[132,-285],[193,47],[-68,-186],[77,-413],[-51,-141],[48,-91],[155,28],[-74,-201],[547,304]],[[65940,71322],[399,166],[198,-186],[338,-43],[223,-269],[22,-189],[240,-405],[194,-105]],[[67554,70291],[209,-208],[66,-439],[134,-153],[-186,-159],[-50,-242],[259,-73],[44,-315],[-727,-40],[-123,-162],[-143,226],[-188,-151]],[[66849,68575],[-28,-151],[-198,-40],[-166,-156],[-93,53]],[[66364,68281],[169,89],[96,226],[148,26],[53,298],[-282,414],[-248,140],[50,133],[-36,265],[-92,91],[24,202],[-168,0],[-197,194]],[[39627,18768],[24,383],[-111,128],[-33,430],[67,195]],[[60326,99769],[245,76],[257,-142],[42,138],[-49,72],[201,-50],[25,136],[125,-245],[277,-164],[89,126],[207,-73],[11,-124],[-68,-41],[71,-43],[206,270],[118,-169],[111,57],[-12,-111],[52,105],[72,-19],[9,-173],[143,93],[3,-77],[167,23],[34,-78],[79,143],[251,129],[101,-24],[-38,-59],[87,-109],[101,93],[120,-296],[88,113],[37,-175],[64,109],[77,-115],[23,111],[109,-104],[64,132],[98,-89],[6,93],[29,-165],[150,-69],[180,65],[-25,-117],[78,57],[-4,-99],[99,122],[142,-6],[-19,-131],[63,28],[136,-198],[151,-16],[-315,-558]],[[83045,63071],[20,-138],[176,-221],[-15,-150],[673,-549],[13,-284],[-208,-418],[266,-82]],[[36873,53618],[-136,310],[12,391],[-81,47],[-66,-76]],[[49923,32190],[-59,274],[-380,137],[-162,220],[-307,-88],[-143,-174],[-230,244]],[[57535,69532],[372,258]],[[57843,67278],[-316,-307],[-168,-418],[27,-116],[-115,-3],[-39,-91],[59,-73],[-74,56],[-52,-102]],[[55767,67568],[12,323],[-323,362]],[[55456,68253],[268,129],[126,-57],[48,119],[96,-94],[111,145],[249,81],[50,113],[86,-41],[44,156],[198,138],[303,4],[500,586]],[[62950,24428],[-31,-269],[132,-115],[1,-157],[144,-169],[3,-226],[465,-530]],[[63664,22962],[-103,-42],[-61,-250],[-94,5],[-192,-320],[-108,13],[-89,-112]],[[61771,21863],[-115,384],[231,237],[-199,91],[-34,122]],[[61633,24831],[108,-247],[402,25],[12,-88],[270,-56],[55,-142],[188,79],[38,-130],[244,156]],[[44538,48374],[-70,-54],[125,-41],[-99,-313],[-240,-72],[26,-112],[-171,-94],[51,-102],[-113,16],[-34,-260],[-407,-319],[-106,-39],[-137,233],[-342,-101],[-72,39],[47,127],[-120,-9],[61,-459],[-283,-32],[-233,-417],[-332,-36],[-332,57],[-84,137],[-176,-6]],[[39780,56531],[-107,156],[80,153],[-29,138],[-126,-18],[5,252],[-206,73],[-115,-129],[-59,103],[-106,-51],[-59,60],[116,164],[-98,-6],[-42,110],[85,38],[-32,96],[91,158],[-45,288],[247,51],[-23,142],[149,313],[-43,229],[149,239],[-52,92],[211,-38],[3,103],[120,18],[-14,97],[139,-30],[-100,171],[45,57]],[[40175,62531],[148,6],[-81,-99],[135,-30],[-25,-71],[59,28],[54,-204],[82,57],[46,-126],[199,-52],[5,-206],[205,-29],[-107,-104],[71,10],[48,-169],[103,78],[136,-311],[90,29],[-57,73],[33,60],[61,-279],[131,117],[30,-254],[147,64],[-16,-98],[95,-71],[-49,-99],[216,-314],[-69,-167],[48,-127],[-65,-59],[185,-257],[200,-62],[-91,-45],[12,-131]],[[63463,37413],[91,116],[-217,261],[70,297],[-184,175]],[[63669,38978],[251,-56],[21,-139],[-176,-70],[122,16],[91,-262],[77,-8],[104,249],[6,-168],[215,-60],[43,-241],[113,62],[22,-101],[87,79],[-17,-178],[145,-13]],[[83019,31254],[82,147],[101,20],[-79,698],[164,339]],[[83287,32458],[574,60],[298,310],[73,-63],[309,215],[57,-138],[185,410]],[[86102,31263],[-3083,-9]],[[49936,9676],[49,461],[-331,390],[118,209]],[[50135,10880],[192,164],[176,3],[364,212]],[[50867,11259],[346,195],[79,127],[68,-59],[226,156],[103,-298],[-72,-170]],[[51617,11210],[-71,-152],[-228,-91],[-22,-169],[-98,-36],[-19,-322],[74,-91],[-287,-196],[-187,-388]],[[66889,24956],[174,-63],[54,62],[148,-200],[-9,71],[99,3],[48,102],[84,-44],[-23,297]],[[67464,25184],[46,100],[61,-151],[118,-3],[320,267]],[[76167,17520],[40,162],[-115,37],[-38,119],[29,315],[39,108],[165,83],[68,194]],[[59356,56425],[-166,-230],[-23,-406],[-518,5]],[[58649,55794],[-66,102],[-313,49],[-105,99],[106,576],[-160,194],[97,159],[-93,98],[15,164],[-109,42],[56,-127],[-159,-187],[75,-30],[-127,-209],[-132,83],[-223,-254],[64,-157],[-90,-250],[-86,-1],[23,-136],[-227,-46],[-169,-175],[-11,-144],[-257,159],[-175,-397],[-153,-165],[-15,-195]],[[52994,57447],[-22,530],[89,256],[-150,344],[14,153],[239,176],[131,232],[538,32],[146,379],[-4,307]],[[58787,61199],[192,-56],[239,-488],[224,-164],[-51,-205],[43,-91],[319,-128],[597,22]],[[60350,60089],[64,-335],[-50,-157],[137,-199],[-165,-334],[-27,-237]],[[60309,58827],[86,-82],[-144,-89],[36,-941],[-468,-68],[-277,-191],[-186,-1031]],[[55203,19685],[-76,-295],[119,-9],[-102,-40],[-49,-171],[-7,119],[-40,-29],[-13,-125],[101,-93],[-71,-77],[88,-218],[-83,-27],[10,-194],[-169,-106],[-21,-238]],[[54890,18182],[-571,-46],[-205,111],[-14,119],[-315,-204],[-87,-327],[-130,19],[-170,-339],[-124,21]],[[53274,17536],[-191,67],[-175,541],[-168,-28]],[[54097,20581],[138,-384],[-44,-193],[74,-112],[-58,-97],[181,-152],[-19,-285],[386,79],[-50,190],[66,46],[345,-90],[87,102]],[[54500,37214],[-175,-266],[32,-486],[-234,-94],[94,-201],[-105,-154]],[[53049,35869],[-40,171],[-120,116]],[[52889,36156],[-83,119],[161,102],[25,124],[106,8],[83,257],[-47,146],[114,100],[-61,137],[48,204],[-43,153],[-151,97],[143,74],[-82,144],[-58,-31],[2,142],[-93,112],[93,-15],[93,114],[-10,372]],[[73732,67933],[-35,231],[81,219],[119,-11],[107,215],[-105,193],[173,27]],[[74072,68807],[165,-171],[314,-99],[-23,-795],[229,-97]],[[74757,67645],[405,-416],[74,-266]],[[76167,17520],[220,192],[173,-189],[22,-224],[54,49],[115,-104],[51,-162]],[[76956,14689],[-115,152],[-200,-275],[-66,79],[-212,-111],[-283,116],[-230,-356]],[[75280,14047],[43,119],[-110,-39],[-156,99],[-1,-83],[-261,16],[-6,85],[-201,-8],[-256,244]],[[74177,14635],[-18,316],[-617,674],[-123,244],[-310,-469]],[[72715,16190],[236,297],[-20,75]],[[72931,16562],[122,-13],[68,113],[171,-28],[15,162],[167,-111],[220,245],[-121,142],[130,171]],[[73703,17243],[-10,-209],[108,-56],[56,-153],[224,249],[324,143],[285,-239],[95,5],[143,189],[37,-63],[29,107],[149,-187],[113,264],[-66,80],[184,25],[215,-148],[-51,-127],[102,-206],[163,93],[24,124],[248,-48],[69,105],[23,329]],[[60117,8830],[-107,441],[-154,126],[-185,-121],[-97,111],[-448,-96]],[[59126,9291],[-43,142],[68,60],[-85,351],[161,211],[-92,178],[121,204],[84,10],[-23,473],[225,174],[39,206]],[[59409,12156],[137,-86],[163,144],[342,-96],[72,-634],[295,-44]],[[60418,11440],[51,-217],[120,-133],[-2,-171],[91,-17]],[[60678,10902],[178,-51],[-29,-367],[107,-340],[-3,-394]],[[65939,13491],[117,-192],[27,-259],[153,-82],[46,-220],[-321,-432]],[[62195,11940],[-106,94],[1,230],[124,295],[-93,6],[-56,120],[69,52],[-54,149],[79,70]],[[62159,12956],[129,4],[13,147],[-78,101],[137,284],[-103,132],[77,97]],[[64106,14315],[6,-360],[393,-118],[351,83]],[[5284,38457],[-390,-128],[-170,-243],[-252,-5],[-145,-181],[-150,228],[-570,217],[-320,262],[-124,-72]],[[3163,38535],[-135,-44],[-116,154],[-32,398],[-205,353],[-269,173],[0,140],[-217,-22],[-129,88],[-89,-79]],[[1971,39696],[-385,453],[-53,275],[192,372],[305,990],[647,596],[55,308]],[[60487,82614],[132,-68],[95,-211],[127,-14],[207,-598],[110,-84]],[[61169,80377],[-321,442],[-310,-326],[-410,38],[-176,-112],[4,219],[-240,268],[65,479],[-183,185],[297,123]],[[80323,27888],[-92,-117]],[[80231,27771],[-187,24],[-17,171],[-384,-12],[-12,287]],[[56539,77607],[538,518]],[[58522,78998],[99,-658],[-38,-403],[-172,-147],[-154,75],[-169,-225],[281,-998],[-123,-160],[-210,-11],[-175,-219],[-232,-75],[-168,-261],[-447,-121]],[[55896,15262],[-176,116],[-55,-107],[-73,65],[-51,-99],[-354,-78],[-63,-256]],[[53465,16370],[120,-7],[-35,250],[87,20],[-50,124],[104,290],[-69,263],[-132,114]],[[53490,17424],[119,11],[189,-152],[313,-472],[367,318],[32,-185],[-62,-135],[71,-98],[181,83],[296,-98],[132,199],[132,-282],[-68,-219],[262,-94],[183,-176],[22,380],[102,108],[-59,117]],[[55702,16729],[253,54],[8,-104],[187,-51]],[[56150,16628],[154,-189],[36,-421],[-227,-239],[-303,-15],[10,-117],[131,-53],[64,-247],[-119,-85]],[[49521,35366],[-100,-51],[-37,83],[-226,-105],[129,-127],[-150,-49],[75,-162],[-119,-32],[-74,-132],[-134,19],[74,-126],[-99,-90],[149,-90],[-58,-209],[104,-113],[-246,-26],[57,-289],[-237,-63],[-78,-137],[24,-124],[174,24],[34,-127],[-67,-137],[-106,21],[27,64],[-92,-141],[85,-59],[35,75],[59,-98],[-204,-122],[102,-71],[20,-169]],[[48642,32803],[-138,128],[-47,-145]],[[48457,32786],[-74,8]],[[48383,32794],[-69,234],[-212,-39],[-3,146],[-224,-123],[-57,126],[106,59],[-30,104],[-135,65],[31,50],[-138,117],[-54,206],[-117,-83],[-79,122],[96,64],[11,154],[-118,30],[-37,-127],[-107,51]],[[47247,33950],[-74,264],[-195,-91],[-6,131],[109,73],[-175,289]],[[46906,34616],[-86,235],[-82,-32],[-83,149],[32,239],[118,198],[-148,203],[-276,137],[-98,303],[-119,105],[21,201],[-451,521],[29,203]],[[45763,37078],[280,-41],[366,261],[371,-419],[37,204],[216,-83],[101,163],[251,-150],[148,199],[246,-95],[115,160],[125,-6],[47,161],[83,-33],[-25,91],[224,23]],[[48348,37513],[68,-172],[60,151],[28,-80],[82,18],[121,182],[69,-105],[93,76],[156,-51],[268,-494],[183,68]],[[49476,37106],[-122,-334],[87,160],[71,-59],[94,65],[124,-192],[-85,-111],[129,-206]],[[91526,68451],[29,168],[192,21],[317,-133],[223,128]],[[92776,67756],[10,-216],[144,-223],[-140,-480],[303,-702],[116,20],[22,-143]],[[91934,66319],[-75,163],[-278,105]],[[91581,66587],[44,209],[163,137],[59,231],[-129,85],[-31,385],[-189,475],[28,342]],[[44134,14013],[-73,72],[162,158],[123,375]],[[45270,16011],[268,-279],[112,89],[147,-139],[196,75],[112,-179],[305,-201]],[[47519,13986],[8,-245],[189,-273],[-58,-117],[-112,15],[90,-187],[171,108],[37,-68],[-348,-362]],[[46997,12657],[44,133],[-50,139],[241,139],[-46,118],[-316,118],[-82,223],[105,46],[31,122],[-88,107],[-537,-193],[-10,-120],[-160,19],[-100,-137],[39,-116],[-53,-75]],[[58893,16163],[-47,27],[207,121],[-197,180],[50,224],[-104,192],[175,176],[-189,34],[-123,312]],[[60998,15605],[53,-164],[-222,-362],[-246,199],[2,206],[-601,-239],[-112,100],[-214,-92],[-140,129]],[[79518,56471],[-260,166],[-154,527],[-76,38],[-45,217],[-117,74],[28,89],[-83,101],[-158,-4],[-216,390],[-109,299],[73,219],[-24,234],[119,123],[-34,142]],[[78462,59086],[135,35],[-15,82],[119,131],[229,-48]],[[80464,59916],[-49,-23],[44,-105],[163,58],[110,-81],[-225,-128],[-52,-190],[83,-133],[395,143]],[[81582,58342],[-303,-124],[-100,90],[-291,-146],[-117,185],[-99,-36],[0,-159],[-118,-63],[-108,-290],[-134,-136],[35,-311],[-62,-85],[102,-71],[-528,-397],[-298,-78],[48,-97],[-91,-153]],[[71555,89815],[170,237],[102,347],[-209,211],[95,417],[-120,101],[189,179],[127,388],[142,170]],[[72051,91865],[115,90],[142,-23],[305,454],[200,20],[-18,-279],[254,-86],[200,-311],[-288,-367],[-191,-649]],[[64594,98221],[-121,-637],[-375,-892],[-65,-482]],[[62995,91442],[-82,-23]],[[60106,96371],[182,64],[152,-70],[96,-171],[140,-2],[46,276],[155,290],[169,114],[187,440],[-202,284],[47,152],[198,114],[2,151],[385,-2],[271,467],[304,42],[202,-121],[304,-1468],[125,-414],[95,-13],[233,135],[188,-60],[95,129],[97,-51],[111,99],[166,267],[30,324],[251,637],[459,237]],[[80437,29298],[-385,189]],[[78942,30375],[60,305],[-101,193],[147,41],[68,456],[-100,111],[40,132],[-113,75],[49,218],[98,39],[-130,237],[9,424]],[[80732,28912],[-176,90],[15,102],[-134,194]],[[80437,29298],[118,69],[63,318],[154,53],[71,332]],[[82435,30057],[-128,-224],[-99,27],[28,-149],[-135,-368]],[[87975,48786],[-195,-185],[-7,-136],[-198,24]],[[87417,49048],[354,68],[-73,283],[121,133],[74,484],[146,153],[-51,153],[275,70],[107,182]],[[89551,50579],[-144,-895],[82,-26],[3,-120],[-183,-151],[102,-99],[-26,-98],[132,29],[-23,-79],[397,-293],[320,-31],[94,-98],[14,-932],[207,-521],[-190,-185],[-80,65],[-151,-174],[-997,56],[-197,-70],[-116,39],[-78,332],[-97,31],[-36,131],[-113,-23]],[[58019,40186],[-81,-241],[-174,-39],[25,-189],[-62,-124],[120,-23],[-52,-267],[49,-123],[270,-77],[-128,-137]],[[72967,12555],[-26,-226]],[[72941,12329],[10,-161],[-350,-267],[-5,-112],[-273,-269],[-126,-251],[-383,42],[-156,-418],[-39,251],[-215,-39],[-96,-282],[-81,-92],[-75,50],[-25,-115],[-258,5],[-43,106]],[[71361,12654],[165,-45],[95,108],[28,309],[535,417],[-16,159],[91,87]],[[51858,7374],[62,-45],[158,197],[400,-224]],[[52040,6364],[-171,-100],[-168,23]],[[51701,6287],[-66,289],[-178,-49],[-167,108],[-227,-9],[-61,89],[-269,-216],[-105,25],[-87,-208],[-158,102],[-108,-155],[-255,31],[30,245]],[[50688,7516],[166,-79],[52,137],[86,-35],[166,124],[-87,-216],[57,-278],[259,7],[150,-141],[236,97],[-2,172],[87,70]],[[67342,32155],[468,-173],[77,150],[243,104],[167,-247],[107,62],[19,173],[127,-140],[274,-57]],[[68824,32027],[-142,-741],[180,27],[62,-111],[93,61],[250,-121],[113,233],[203,-16],[61,101],[311,-279],[21,164],[213,284],[265,-34]],[[70454,31595],[25,-328],[127,-320],[-148,-320],[35,-159],[-126,78],[-93,-133],[102,-252],[-57,-145],[276,0],[126,-301]],[[70721,29715],[-228,-57],[36,-66],[-82,-210],[96,-76],[-139,-275],[219,-112],[51,-178],[139,-59],[-20,-211]],[[70793,28471],[-120,-257],[-316,320],[-21,184],[-154,3],[-7,-125],[-148,-39],[-29,-188],[-77,63],[23,73],[-78,-60],[-26,74],[-372,-98],[46,-134],[-48,-208],[-74,-176],[-85,17]],[[80774,50293],[-379,-88],[12,-270]],[[80407,49935],[-112,28],[-106,255],[-146,53],[-12,89]],[[80371,51837],[87,-164],[69,37],[71,-291]],[[80598,51419],[-20,-177],[-165,-26],[79,-206],[-63,-144],[253,-109],[-14,-176],[303,8],[124,-88]],[[61217,33046],[135,61]],[[61860,32496],[-767,-19]],[[71728,14087],[-80,264]],[[72683,14486],[-53,-104],[178,-227]],[[72259,13689],[53,180],[-73,102],[-196,32],[-55,-144],[-105,94],[-96,-60],[-59,194]],[[73720,36938],[48,136],[395,122],[80,287],[98,-36],[46,-175],[87,39],[117,-130],[95,128],[319,110],[49,176],[99,8],[115,171],[-178,189],[-14,122],[-51,-20],[-10,149],[130,118]],[[76166,38737],[16,-228],[142,58],[146,-136],[-81,-600],[154,-103],[-181,-529],[48,-350],[112,-69]],[[76565,36490],[-78,-119],[-4,-236],[-372,-300],[-172,70],[-203,-65],[-85,119],[-215,15],[-103,110],[-400,-32],[-87,160],[-213,-24],[-85,238],[-162,-14],[-108,-374],[-81,-21],[-132,129],[-167,-150]],[[53115,4981],[-424,-201],[-147,-268]],[[52544,4512],[-81,73],[-29,200],[-126,106],[-41,203],[-215,-41],[-220,119],[59,342],[624,495]],[[50541,39370],[-9,166],[-61,49],[10,-105],[-56,-8],[-93,250],[152,-9],[43,222],[147,125],[19,323],[136,-3],[-99,147],[173,-25],[109,282],[111,75],[-115,319]],[[51043,41497],[200,37],[128,351],[196,17],[60,152],[142,-92],[159,85],[78,175],[-23,126],[145,255],[358,-241],[-84,141],[177,88],[27,267],[183,-137]],[[53996,39041],[-277,-75],[-152,-277],[-179,-52],[-23,-90],[-236,-32]],[[53129,38515],[-162,512],[-687,-207],[-448,117],[-16,114],[-153,20],[-538,-126],[-186,165],[-231,-3],[-167,263]],[[81980,31356],[40,-87],[185,61],[3,-62],[281,-36],[-37,-291],[91,-89],[197,6],[117,-216]],[[82857,30642],[-45,-371],[-377,-214]],[[82435,30057],[-255,170],[-331,-105]],[[92250,81902],[-121,209],[-143,35],[-34,136],[66,138],[-76,210],[-414,345],[-125,547],[17,200]],[[91420,83722],[326,-375],[-48,-165],[141,-218],[268,113],[-13,269],[329,160],[199,-376],[188,-93],[146,-250]],[[92956,82787],[18,-202],[-67,-92],[79,-218],[-5,-667],[54,-127],[340,-186],[-31,-203],[-280,-121],[-45,256],[-195,-6],[-37,118],[-505,302],[-32,261]],[[59773,32217],[-440,-66],[-339,-213]],[[58994,31938],[-136,380],[-157,163],[14,232],[-185,37],[-73,117],[62,132],[-84,245],[100,78],[-24,174],[-148,173],[8,169],[-243,172]],[[58260,34175],[163,291],[263,135],[194,-11],[30,-101],[141,-62]],[[59051,34427],[91,-282],[178,-61],[119,-188],[119,80],[128,-167],[66,88],[126,-53],[22,-262]],[[59900,33582],[-4,-150],[-203,-290],[-78,-338],[158,-587]],[[68818,11585],[-242,-27],[57,87],[-146,14],[74,157]],[[68561,11816],[-91,362],[-81,70],[27,146],[70,145],[72,-3],[-7,86],[84,-25],[-5,67],[242,137],[277,-175],[80,75],[166,-40],[69,-187],[198,121],[77,-68],[-52,-170],[103,-147]],[[62831,90495],[-26,494],[119,151],[71,302]],[[62995,91442],[126,123],[561,1412],[-121,821],[153,672],[-6,651],[325,1089]],[[64033,96210],[-43,-382],[83,56],[-2,-212],[62,-42],[-105,-191],[64,-84],[-100,15],[77,-56],[-57,-149],[92,-4],[126,-238],[657,-132],[269,-174],[262,31],[125,-194],[-68,-167],[292,94],[-23,-79],[148,22],[127,-214],[393,-172],[307,104],[61,-165],[327,-211],[-18,-256],[73,-112]],[[67162,93298],[320,-772],[-120,-105],[96,-567],[-162,59],[-204,-256],[122,-221]],[[67214,91436],[-21,-135],[-173,241],[-219,-110],[30,-87],[77,55],[45,-154],[138,-114],[20,-224],[-379,231],[-46,-111],[266,-224],[-15,-100],[-268,191],[-31,-414],[-101,183],[-169,34],[-206,-392],[175,-7],[91,-204],[-416,-224],[-1174,13],[-2007,611]],[[77135,29607],[25,336],[189,458],[205,-9],[-62,94],[122,146],[-18,153],[374,156],[-54,180],[114,189]],[[78030,31310],[73,-96],[-67,-104],[69,-67],[134,26],[50,122],[120,-73],[-30,-71],[213,-262],[15,-302],[335,-108]],[[78942,30375],[145,-120]],[[71554,86506],[73,535],[175,-6],[187,-346],[139,143],[320,-164],[8,271],[-214,471]],[[61229,37516],[-28,239]],[[61201,37755],[94,266],[161,101],[37,140],[214,-69],[157,91],[147,306],[17,149],[-73,117],[41,292]],[[62622,40258],[147,-268],[148,20],[72,273],[110,104],[-35,103]],[[63064,40490],[78,92],[68,-154],[145,-44],[5,-208],[86,1]],[[63446,40177],[-90,-24],[-9,-118],[77,55],[174,-66],[-261,-169],[38,-83],[164,5],[-12,-76],[-164,-33],[88,-72],[-34,-55]],[[44305,43904],[125,280],[168,50]],[[39729,34478],[131,328],[126,84],[223,-174],[49,427],[106,125],[124,-9]],[[44056,34094],[-96,-287],[-252,-156],[149,-102],[-88,-41],[21,-147],[45,-95],[101,25],[-10,-113],[76,11],[87,-272],[-297,-290],[-167,-320],[-458,-102],[-65,-267],[97,-80],[-119,-347]],[[85750,74442],[-304,-122],[-37,-163],[-198,-103],[-15,232],[-121,250],[-138,-10],[-219,250],[-135,-110],[-74,-255],[-241,39],[-176,-234],[-119,119],[-76,-30],[-7,-176],[-205,-245],[58,-184],[178,-90],[-8,-237],[116,-109],[-71,-190]],[[83958,73074],[-211,-54],[-208,375],[-25,302],[-99,147],[87,616],[-180,309]],[[83322,74769],[182,116],[43,300],[202,167],[430,-84],[146,105],[-176,228],[-82,312],[62,137],[37,952],[-206,235],[-346,60],[-12,151],[89,46],[-109,121],[-19,154]],[[83689,78390],[570,355],[173,25],[41,-72],[398,241],[93,-221],[-98,-227],[95,-78],[180,121],[66,-78],[71,118],[238,37],[-34,350],[213,161]],[[87127,77697],[157,-75],[20,-98],[-280,-631],[277,-404],[-182,-23],[-79,-115],[40,-512],[-194,-160],[-207,-43],[-147,146],[-75,-253],[-197,-109],[-157,-368],[-94,38],[-356,-189],[21,-160],[-108,-193],[184,-106]],[[86918,50838],[239,-125],[63,-213],[-114,-84],[97,-225],[-163,-403],[114,-217],[-86,-213],[202,-21],[90,-160],[-43,-65],[100,-64]],[[87417,49048],[64,-63],[-67,-240],[127,-57],[-33,-106],[67,-93]],[[87575,48489],[-495,26],[-290,-107],[-384,173]],[[86406,48581],[-741,108],[6,232],[-111,46],[-160,350]],[[67874,19895],[-3,221],[275,86],[33,105]],[[68179,20307],[133,39],[63,-138],[300,184],[52,643],[473,239],[43,143],[232,43],[134,-283],[124,-11]],[[69733,21166],[33,-49]],[[69011,18715],[-184,168],[-240,-32]],[[75280,43776],[317,-293],[121,-258],[490,107]],[[76208,43332],[-2,-381],[-151,-297],[-30,-338],[-108,-100],[-32,-484]],[[74790,40750],[-68,156]],[[74722,40906],[-111,166]],[[74611,41072],[155,526],[-61,420],[101,264],[-30,108],[178,56],[50,409],[277,565],[-1,356]],[[74662,66706],[372,199],[-51,140],[253,-82]],[[75236,66963],[-95,-146],[543,-229],[-7,-119],[151,-276],[328,292],[168,-98],[283,72],[455,-602],[321,-263],[121,-489],[234,82],[142,224],[113,34],[30,-195],[221,-401],[491,-224],[-28,-188],[152,-77],[149,160],[157,-199],[4,-261],[89,-122],[545,244],[114,-102]],[[78269,61304],[-38,-141],[-108,-66],[-177,177],[-399,-136],[-340,326],[-319,64],[-343,465],[-311,166],[-69,-44],[-88,278],[-225,190]],[[56928,14758],[207,-6],[72,235],[465,136],[130,200],[317,26],[122,151],[84,-70],[208,62]],[[57200,13219],[-250,138],[-160,216]],[[56790,13573],[-103,324],[128,134],[-34,94],[113,216],[-107,210],[141,207]],[[61086,75172],[-125,40],[-185,-87],[-108,123],[-233,-79],[-228,339]],[[60207,75508],[475,904],[6,302],[111,229],[-65,129],[-253,129],[-169,394],[180,251],[97,414],[277,348]],[[76252,23657],[213,435],[65,459],[-56,95],[89,241]],[[76563,24887],[73,117]],[[76636,25004],[334,-15],[122,-215],[243,192],[280,-281]],[[74117,19788],[412,707]],[[74529,20495],[232,312],[-88,237],[239,16],[77,173]],[[75371,19450],[-85,-130],[-155,214],[-189,69],[-141,-197],[-128,177],[-52,-65],[-43,77],[-194,-6],[-54,107],[-213,92]],[[58649,92244],[-328,333],[-85,197],[81,326],[-78,188],[-147,93],[191,544],[147,85],[-166,116],[92,341],[-106,121]],[[59414,95857],[69,-98],[194,-33],[265,-446],[-105,-198],[83,-224],[162,-107],[19,-238],[328,-182],[-135,-128],[90,-444],[-115,-150],[-79,14],[14,-81],[-139,-139],[265,-157]],[[62241,30083],[29,-116],[197,43],[238,188],[-48,407],[147,-84],[193,190],[291,-62]],[[63288,30649],[152,-309],[155,-1106]],[[63623,28975],[-300,48],[-343,255],[-244,-51],[-131,174],[64,85],[-38,191],[-302,-124],[38,107],[-58,14],[93,146],[-59,9],[-6,121],[-130,-64],[34,197]],[[49538,35314],[-17,52]],[[49521,35366],[30,254],[139,-77],[56,54],[-111,152],[72,45],[-133,166],[70,78],[-67,155],[49,67],[122,-48],[26,217]],[[49774,36429],[43,29],[134,-249],[377,37],[108,90],[182,-60],[69,-237],[112,-104],[-82,-348],[70,-83],[-9,-141],[302,-184],[365,-552]],[[61226,53818],[121,131],[157,-197],[101,88],[-23,191],[107,-80],[54,94],[127,-44],[104,175],[208,-62]],[[62182,54114],[200,-286],[117,-378],[465,-125],[9,-269],[209,-341],[-126,-39],[-202,89],[-47,-86],[74,-85],[298,-105],[79,71],[76,-47],[-19,-172],[70,-29],[68,63],[359,-52],[207,176],[78,-121],[138,31]],[[64235,52409],[-28,-242],[307,-113],[82,45],[30,-133],[-387,-419],[-114,68],[-175,-197],[-32,-140],[168,-23],[59,-151],[-79,-220],[-433,-6],[-6,-174],[-195,-36],[-198,-240],[-147,-68],[-75,98],[-142,-22],[-299,-162],[-92,-173],[-120,19]],[[48956,13491],[-93,286],[247,251],[138,35],[121,201],[178,16],[-60,81],[77,37],[53,272],[130,-281],[160,166]],[[50427,14271],[96,-33],[120,-281],[-155,-244],[33,-164],[-895,-779]],[[49063,13046],[-116,57],[9,388]],[[60106,96371],[-23,-208],[-162,13],[-507,-319]],[[59414,95857],[-127,-56],[-301,-466],[-164,71],[-135,-252],[-122,90],[-232,-52],[-43,-86],[97,-86],[20,-196],[-157,-236]],[[58250,94588],[-144,83],[-25,301],[-393,67],[-306,299],[-85,214],[-482,-69]],[[56815,95483],[-470,16],[65,664],[-152,314],[184,449],[-97,381]],[[56345,97307],[255,266],[104,-67],[115,381],[127,-90],[41,96],[14,-88],[89,86],[-7,237],[226,15],[71,211],[133,123],[111,-35],[233,264],[69,-35],[-9,98],[182,-34],[41,129],[266,105],[211,-67],[109,163],[314,123],[101,196],[281,151],[77,-80],[99,121],[142,-33],[76,137],[63,-27],[-52,64],[104,12],[-4,83],[204,100],[195,-143]],[[60326,99769],[558,-656],[-112,-28],[-62,-169],[-120,29],[-519,-696],[-15,-350],[100,-194],[-34,-155],[66,-258],[-231,-491],[160,-310],[-11,-120]],[[16269,45881],[-86,74],[-58,-121],[-158,-6]],[[15967,45828],[-57,471],[124,293],[366,136],[486,351],[328,24],[127,117],[122,314],[204,-86],[165,133]],[[17832,47581],[-18,324],[-68,108],[162,346],[-83,249],[111,256],[-348,203],[-135,313],[-95,45],[52,72],[-158,283],[24,97],[-181,184],[59,110],[-226,85]],[[16928,50256],[-41,123],[168,37],[90,134],[42,-84],[139,68],[199,-153],[250,46],[229,195],[240,-152]],[[72242,87410],[-233,100],[-149,-121],[-261,20],[-280,268],[-142,1],[-40,52],[82,135],[-195,84],[-53,147],[-93,-84],[-73,123],[-388,16],[-253,336],[-113,6],[-141,-175],[-113,75],[39,-142],[-133,-31]],[[69500,89445],[431,-107],[278,113],[136,-55],[90,98],[109,-56],[172,-297],[122,38],[252,-153],[467,248],[24,150],[-81,228],[55,163]],[[71555,89815],[263,-129],[84,54],[111,-124],[453,192],[-35,513],[196,314],[143,79]],[[72770,90714],[704,29],[-42,-101],[138,-178],[-30,-183],[128,-88],[66,-294],[118,-7],[-35,-271],[77,-286]],[[74097,86589],[-99,196],[10,150],[-247,134],[-57,226],[-288,155],[-494,12],[-164,220],[-260,-265],[-256,-7]],[[41420,19282],[77,232],[-15,115],[-104,2],[6,251]],[[41976,20063],[131,-270],[373,-172],[75,-219],[213,-223],[180,-5]],[[42948,19174],[-15,-784],[258,-236],[106,-3],[-226,-261],[131,-75],[-61,-245],[-192,-296]],[[42949,17274],[-64,48],[-166,-168],[-140,3],[-109,270],[-200,-123],[-205,24],[-180,455],[-475,-233],[-295,92]],[[30706,47474],[-94,307],[12,298],[142,180],[227,111],[-275,506],[85,73],[-52,40],[78,236],[175,71],[6,110],[-55,128],[-192,108],[-2,226],[-168,76],[-102,590],[-268,-60]],[[30223,50474],[-21,244],[-448,315],[-81,250],[128,109]],[[29801,51392],[99,-18],[-37,-214],[87,22],[117,257],[291,-157],[107,92],[6,-107],[115,7],[25,-202],[63,83],[66,-119],[53,110],[130,-41],[-3,-268],[317,-225],[203,98],[239,-29],[276,-180],[-152,229],[-13,172],[71,113],[101,-9],[81,267],[65,0]],[[32108,51273],[82,-255],[-65,-245],[323,-242],[0,-260],[187,-59],[185,277],[291,-289],[83,-321]],[[33194,49879],[-155,-709],[119,-208],[-31,-123],[92,-118],[95,24],[23,-109],[97,-21],[19,-166],[227,-163]],[[33126,45610],[-603,-14],[-469,-199],[-303,169]],[[87170,71053],[356,-278],[264,31],[195,-429],[531,-599],[21,-140],[-337,-149],[-212,-473],[-229,-186],[48,-89],[-118,-280],[-109,-123],[-133,84],[-135,-333]],[[37126,21375],[260,147],[56,-36],[-18,-241],[73,21],[134,-151],[226,40],[52,-157],[113,-57],[-73,-126],[125,-227],[4,-209]],[[38078,20379],[-163,-2],[-75,-273],[-111,-45],[-9,-151],[-121,-71],[-31,-307],[-192,-314],[15,-389],[-145,-48]],[[37246,18779],[-195,150],[-67,-118],[-213,-84],[-210,195],[-94,-27],[-102,-640],[-175,-239]],[[36190,18016],[-17,94],[-161,77],[-40,239],[-126,122],[48,132],[-113,110],[-88,500],[-224,72],[-14,111],[149,247],[-218,20],[-113,-78],[-175,327],[-43,206],[54,169]],[[35109,20364],[227,90],[109,-112],[65,256],[191,105],[128,-175],[451,114],[234,270],[-27,182],[90,179],[160,142]],[[65234,75003],[66,-131],[-73,-231],[108,-602],[-206,-140],[62,-198],[-90,-170],[187,-110],[-86,-398],[95,-149],[55,-389],[117,-100],[-18,-116],[176,-268],[-72,-315],[82,8],[303,-372]],[[65940,71322],[-115,-120],[58,-62],[-174,-32],[-37,-357],[16,-138],[216,-164],[-80,-58],[57,-32]],[[65881,70359],[-227,-212],[89,-120],[-103,-154]],[[65640,69873],[-114,-175],[58,-112],[-119,-314],[-210,-46],[-118,116],[-142,-165],[-306,55],[-205,-112],[-366,-36],[133,-221],[-26,-73],[-244,-40],[-28,-239],[-250,56],[-211,-146],[-213,-564],[-452,-292],[-85,-798],[-715,-286]],[[62027,66481],[54,199],[-244,222],[-264,-14],[-222,165],[-150,-59],[66,158],[-42,230],[275,380],[130,38],[-91,368],[273,513],[19,147],[-88,3],[-41,132],[81,435],[75,18],[46,168],[-96,630]],[[61667,71310],[173,633],[174,310],[10,420],[183,39],[145,-120],[200,-16],[230,294],[137,466],[224,197],[100,363],[-172,484],[-245,148],[-409,-490],[-180,-20],[-170,285],[-282,54],[-110,266],[-330,201],[-259,348]],[[61086,75172],[419,216],[155,199],[64,-196],[314,-21],[80,-180],[402,-413],[113,5],[-208,472],[68,182],[0,525],[42,269],[609,736],[-110,310],[26,513]],[[65066,78640],[-180,-450],[173,-205],[14,-225],[-96,-129],[5,-232],[-145,-121],[111,-235],[-156,-67],[-49,-128],[209,-420],[-158,-179],[114,-519],[-86,-131],[267,-315],[7,-230],[138,-51]],[[39190,6407],[113,-178],[193,96],[40,-118],[348,-26],[155,99],[183,331],[351,85]],[[41315,6024],[-82,-188],[9,-455],[107,-155],[-317,-376],[-55,-122],[41,-113]],[[41018,4615],[-251,29],[-60,102],[-126,-77],[-15,116],[-314,145],[103,270],[-172,15],[-44,264],[-160,-75],[-111,158],[-164,-42],[-76,88],[-176,-5],[-270,196],[-57,127],[65,481]],[[74978,90749],[177,27],[61,-189],[299,-145],[141,181],[106,-29],[-41,135],[53,178],[296,149],[-33,153],[200,162]],[[76237,91371],[355,-393],[350,-65],[-55,-444],[415,-192],[197,77],[175,-310],[191,221],[158,-232],[297,-215],[64,53],[87,-135]],[[51912,49822],[-58,-578],[458,-856],[24,-182],[-110,-533],[147,-338]],[[49909,46598],[82,30],[40,304],[393,390],[163,477],[260,327],[11,178],[-305,-268],[-142,153],[-426,50],[-136,319],[17,188],[-186,-99],[-192,106],[-204,-29],[-298,226],[-305,-9],[-184,163],[-174,-106]],[[58353,49552],[183,-47],[60,-101],[245,-13],[130,-184],[-419,-52],[-200,-136],[-98,98],[-188,-39],[-335,-281],[-9,-156],[-192,-86],[-54,-229],[-150,-141],[-217,94],[-115,-103]],[[56994,48176],[-369,368],[-155,-94],[-14,-168],[-84,72],[-149,-40],[-137,239],[-292,167],[-168,355]],[[55626,49075],[727,-215],[38,138],[182,121],[-24,135],[129,72],[-30,202],[89,56],[47,238],[-37,263],[170,240],[-36,89],[100,-51],[23,110],[317,104],[29,275],[213,-18],[223,246],[24,148],[92,-165],[-192,-387],[183,-308],[7,-207],[240,-33],[15,-310],[198,-266]],[[68772,41392],[-297,-130],[-493,-1],[-160,91],[-466,-29],[-78,182]],[[67373,43206],[91,-173],[230,102],[140,427],[249,-77],[521,30],[224,489],[241,-182],[-23,-197],[426,-463]],[[41584,2990],[-29,195],[-253,143],[15,100],[163,46],[-175,247]],[[41305,3721],[180,16],[115,178],[225,-226],[126,179],[108,-124],[391,215]],[[43681,3535],[-143,23],[-19,-152],[-134,3],[-133,-321],[-231,-23],[-492,-413],[-186,4]],[[76119,19795],[66,332],[-39,98],[-335,271],[430,169],[41,77],[-60,164],[145,172],[-245,191],[-251,7],[118,257],[-29,88]],[[75786,23024],[165,341],[205,-6],[96,298]],[[76252,23657],[603,-62],[107,-188],[-87,-122],[31,-125],[160,56],[-42,-160],[100,-284],[611,-171]],[[78176,22125],[8,-289],[392,-297],[-160,-235],[-110,33],[-104,-192],[-27,-428]],[[77919,19707],[-261,-7],[-57,-79],[-18,-172],[190,-109],[115,-437],[-138,-245],[-156,-57]],[[77279,18667],[-77,338],[-177,198],[-173,-11],[-51,-156],[-93,-10]],[[84783,33252],[102,441],[-126,-11],[-38,109],[-245,-178],[-209,218],[-116,-114],[-165,227]],[[83986,33944],[93,121],[191,5],[72,97],[-53,139],[191,76],[-141,117],[95,62],[-65,329],[291,455],[-161,170],[2,337]],[[86328,37567],[57,-179],[-71,-328],[66,-130],[-110,-409],[115,-135],[-27,-78],[186,75],[88,-71],[74,-317],[157,-56],[-83,-393],[432,-322],[-26,-257],[98,46],[45,-74],[-5,-148],[-220,-52],[72,-265],[-56,-121]],[[87120,34353],[-196,-472],[105,-396],[-144,-453],[-84,-74],[-35,-324],[-69,-23],[-20,-402],[-254,-438],[-56,-309],[-241,-102],[-24,-97]],[[86102,31263],[-228,165],[81,308],[-223,500],[-145,127],[-189,-105],[-106,126],[-10,591],[-147,63],[-37,-85],[-116,-4],[-2,114],[-197,189]],[[39309,17759],[412,559],[-22,238],[-109,128],[37,84]],[[39627,18768],[410,-163],[172,168],[35,293],[203,84],[204,272],[84,-147],[243,144],[78,-85],[61,65],[68,-102],[235,-15]],[[41420,19282],[94,-306],[-141,-218],[7,-348],[-167,-230],[44,-269],[-142,-269]],[[41115,17642],[-95,-232],[24,-132],[-256,-313],[126,-228],[-10,-214],[-232,-281],[-123,256]],[[40549,16498],[-3,221],[-92,91],[-14,173],[-350,54],[-145,177],[-227,-196],[-119,29],[-29,233],[-169,121],[-102,218],[10,140]],[[79952,51727],[-368,111],[40,-285],[-100,-166],[111,-147],[153,-6],[59,-166],[-115,-220],[17,-108],[-125,-121],[407,-259]],[[80031,50360],[-181,-71],[-321,58],[-142,-199],[-255,57],[-123,-86],[-9,-171],[-84,-62],[-77,73],[71,177],[-131,351]],[[96826,57860],[-462,-312],[-18,-89],[346,-328],[40,-255],[-476,206],[-138,180],[-135,-6],[-351,272],[-91,-77],[-109,90],[-166,-67],[-603,111],[-92,-108],[-178,225],[-172,-23],[-212,215],[-185,-179],[-330,-123],[-22,-240],[-235,-8],[-75,-240],[68,-79],[-90,-97],[-16,-174],[-178,-29],[-137,-226],[-204,35],[-174,-156],[-198,259],[-223,-100],[-188,75],[5,257],[-97,67],[-116,-75],[-31,285]],[[91583,57146],[42,288],[73,52],[-4,304],[193,27],[74,147],[187,112],[100,-63],[63,121],[198,0],[110,185],[78,-84],[430,-51],[-51,172],[287,256],[24,167],[198,-16],[745,280],[11,191],[-379,9],[-230,424],[-352,59],[-147,160],[47,523],[122,-5],[45,172],[-84,80],[-238,712],[238,418],[173,110],[306,474],[-60,311],[109,81],[-16,198],[201,50]],[[94076,63010],[-12,-126],[228,-327],[111,-20],[-54,-360],[256,-561],[149,-121],[104,132],[191,-7],[-34,-482],[99,-17],[59,-162],[222,152],[145,-362],[50,359],[55,-34]],[[77689,42565],[-234,116],[-204,451],[265,111],[166,176],[37,434]],[[78579,42988],[-347,-342],[-8,-234],[-205,-9]],[[78019,42403],[-267,64],[-63,98]],[[40510,75267],[9,-138],[126,-122],[364,-110],[208,-329],[22,-227],[229,-98],[167,-245],[33,-98],[-79,-261],[75,-353],[-59,-332],[154,-246]],[[41759,72708],[-16,-313],[-179,13],[-136,-373],[-151,-82],[-36,-120],[-306,-132],[-15,-105]],[[49936,9676],[843,89]],[[50779,9765],[-59,-92]],[[50720,9673],[73,-194],[-114,-92],[-266,-21],[-112,-147],[-246,22],[-161,-144],[-338,-82],[130,-188],[-199,-246],[9,-167]],[[48530,8773],[-53,174],[84,140],[-85,69],[189,153],[-27,97],[55,28]],[[48693,9434],[1243,242]],[[56421,19692],[228,175],[-30,148],[86,163],[-116,271],[30,102]],[[56619,20551],[140,66],[-86,135],[311,24],[-23,125],[106,107],[125,-74],[5,122],[105,67],[116,-99]],[[57783,20944],[88,-317],[117,-84],[-87,-209],[-40,-588],[157,-193],[27,-367],[252,255],[124,-128],[385,156]],[[57834,18568],[-58,-23],[12,-186],[-245,-20],[45,-200]],[[57588,18139],[-101,47],[-38,147],[46,153],[106,-20],[29,114],[-304,208],[-53,127],[-162,-35],[-283,463],[69,28],[-99,257],[-170,8],[-115,-108],[-92,164]],[[50523,18774],[259,371],[-204,163],[342,655],[283,23],[103,108],[-92,283],[-128,43],[10,146],[-94,71],[-20,417],[73,47],[-78,236]],[[50977,21337],[138,164],[398,95]],[[51513,21596],[114,-143],[-78,-42],[37,-107],[164,-159],[-108,-46],[-4,-202],[-142,-63],[71,-195],[359,-126],[275,37],[-77,127],[82,97],[-249,429],[116,2],[67,133],[204,-222]],[[52600,20454],[-179,-198],[82,-109],[-30,-285],[90,-160],[-127,-393],[20,-104],[197,-92],[48,-346],[-211,-414],[39,-96],[192,42],[19,-183]],[[52740,18116],[-33,-151],[-109,0],[-103,161],[-85,-104],[-221,8],[-141,-206],[-130,16],[-29,83],[-291,-132]],[[86527,85501],[-170,-14],[-266,147],[-198,-121],[-84,61],[-278,-322],[-110,34],[-131,-170],[-181,-15],[-60,130],[-524,-51],[-34,165],[-124,-76],[-83,57],[-170,-182],[-11,123],[-368,92],[-248,-41]],[[82612,90020],[3915,-4519]],[[88370,50574],[-130,246],[-134,58],[40,682]],[[88146,51560],[11,32]],[[88157,51592],[1420,-203],[65,-175],[-91,-635]],[[89551,50579],[-202,58],[5,-89],[-116,-87],[-119,166],[-267,-125],[-253,110],[-229,-38]],[[70925,36781],[158,88],[-50,150],[63,195],[-83,138],[141,29],[15,246],[154,275],[99,42],[-68,117],[66,214],[-25,218]],[[71510,38643],[247,25],[124,-295],[-20,-550],[190,-2],[2,-283],[130,-125],[-1,-286],[171,-202],[231,163],[143,-573]],[[71826,35618],[-294,-35],[-131,105],[-86,217],[-69,-51],[-64,164],[-87,29],[-31,303],[122,186],[-261,245]],[[64275,31361],[-449,-204],[-299,85],[-126,-198],[-74,70],[-142,-42]],[[63185,31072],[-34,399],[66,131],[4,436],[-260,945]],[[62961,32983],[25,207],[151,281]],[[63137,33471],[0,-1],[0,1]],[[63137,33471],[373,447],[622,547]],[[84959,49959],[-300,97]],[[84659,50056],[-128,113],[38,326],[-409,118],[34,121],[-74,182],[62,80],[-80,433],[59,235]],[[28540,44062],[297,54],[92,224],[-22,169],[115,206],[332,83],[205,-241],[171,112],[204,-153],[221,189],[40,518],[-242,474],[-234,198],[107,136]],[[29826,46031],[52,-106],[290,-110]],[[31039,44994],[-190,-353],[-29,-225],[164,-163],[79,-330]],[[69564,81640],[-252,-18],[-126,293],[32,69],[-53,97],[-66,-24],[-24,131],[93,456],[126,160],[-65,20],[37,109],[-94,174],[81,154],[-25,414],[217,334],[-14,192]],[[42485,20363],[-81,-39],[-38,-262],[-390,1]],[[41976,20063],[-321,-151],[-86,-133],[-46,98],[-139,5]],[[41384,19882],[-90,285],[-264,-41],[-94,106],[-140,-6],[-86,-119],[-179,250],[-148,-75],[-207,112]],[[40164,21139],[212,165],[338,7],[77,91],[401,80],[108,327],[-320,329],[29,291]],[[41009,22429],[413,134],[151,-84],[-37,-133],[359,-99]],[[41895,22247],[71,-271]],[[41966,21976],[-47,-84],[87,-292],[-93,-200],[216,-241],[-68,-77],[128,-189],[271,-12],[64,-98],[-94,-203],[55,-217]],[[52924,35580],[125,289]],[[53049,35869],[200,95],[312,-4],[49,104],[204,-6],[125,143],[173,-188]],[[54112,36013],[364,-42],[207,243],[296,-30],[24,-151],[-193,-34],[236,-134],[22,-122],[-130,-196],[54,-249]],[[55036,34576],[-276,-280],[-282,2],[-130,87]],[[82023,66906],[6,-132],[370,-176],[221,23],[143,-170],[-19,-204],[-302,-466],[-36,-267],[101,-136],[179,-46],[299,-471],[-26,-217],[96,-46],[-43,-170],[104,-135],[-16,-116],[131,-115]],[[83231,64062],[-102,-307],[-172,-178],[-36,-282],[96,-51],[28,-173]],[[83045,63071],[-220,-153],[3,-164],[-199,-144],[-115,-235],[-320,-148],[-173,50],[-187,-224],[-206,-17],[-59,-106],[34,-238],[-109,17],[-25,-200],[-396,-385],[-197,-312],[109,-191]],[[79145,63071],[-183,151],[19,199],[282,-51],[807,410],[-153,300]],[[79917,64080],[64,127],[-144,155],[-19,158]],[[79818,64520],[37,281],[124,100],[96,245],[57,572]],[[80132,65718],[12,178],[142,158],[372,-71],[13,-194],[90,-62],[265,247],[210,-173],[46,259],[-29,692],[-94,431],[47,137],[247,-242],[422,-51],[148,-121]],[[86642,64169],[92,253],[204,243],[-17,695],[-187,312],[92,132],[-107,216],[60,133],[-70,151],[80,4],[-30,169],[154,190],[-181,74],[143,227],[11,499]],[[87303,67784],[247,-197],[116,101],[53,-97],[165,36],[52,144],[112,-50]],[[88048,67721],[54,-135],[82,112],[175,-39],[343,-821],[-47,-116]],[[88655,66722],[-54,-124],[-193,73],[3,-377],[-58,-130],[-95,7],[60,-155],[-46,-195],[-351,104],[96,-151],[-96,-80],[94,-180],[-90,-175],[210,-17],[81,-321],[-40,-79],[130,-129],[89,24],[32,-170],[250,21],[264,-391],[202,-113]],[[77052,78749],[-174,-38],[-340,256],[-22,227],[130,122],[-12,233],[69,149],[-92,228],[-494,-177],[113,380]],[[63177,11118],[-203,304],[-25,247],[-259,-19],[-171,-192],[-177,11],[-67,372],[-80,99]],[[62195,11940],[85,-14],[214,242],[258,121],[368,-101],[49,20],[-21,140],[238,-75],[212,134],[72,-125],[-71,-100],[214,-140],[-87,-151],[193,-121],[55,-217],[205,-112],[-62,-185],[37,-202]],[[65201,57915],[-131,145],[1,229],[-96,224],[25,97],[130,30],[20,117],[-220,257],[256,147],[-77,115],[9,243],[-110,133],[178,385],[-119,33],[-97,227],[102,555],[-121,106],[48,533],[-104,314],[98,65],[60,283],[225,117],[-123,397],[331,694],[-131,542],[-405,8],[-318,395],[-10,266],[100,196],[-41,347],[140,34],[81,166],[119,-131],[120,45],[-9,172],[252,271],[106,-70],[156,180],[149,-89],[128,73],[390,-568],[156,34],[271,-259],[288,480],[179,-8],[262,-339],[246,5],[296,-147],[274,89],[-18,-137],[135,-3],[-15,-123],[89,-84],[162,36],[9,-120],[237,-215],[-52,-79],[96,-52],[39,-296],[301,-191]],[[69268,63789],[139,-172],[-128,-199],[53,-66],[-107,-203],[128,-117],[-14,-157],[-121,31],[10,-160],[-170,-31],[-179,-171],[225,-218],[57,-231],[-108,116],[-289,68],[15,149],[-51,12],[-135,-294],[-86,86],[-148,-33],[167,-268],[-22,-97],[-202,131],[-95,180],[-87,-115],[-132,2],[90,-105],[-153,28],[19,-189],[-145,-10],[-41,168],[-175,-38],[8,168],[-123,14],[8,281],[-142,-277],[-125,21],[46,-129],[136,-57],[12,-204],[-396,242],[-144,-68],[-74,-115],[78,-135],[-148,-177],[20,-70],[82,30],[-51,-100],[69,-172],[-397,-233],[70,-454],[147,-87],[-39,-178],[-209,-83],[87,-147],[-22,-190],[90,-77],[-107,-9],[59,-57],[-86,-86],[50,-8],[22,-74],[-43,28],[-62,-177],[-141,-37],[-113,-304],[-286,-366],[-73,-199],[76,-128],[-177,-204],[-283,-104],[-184,68],[-17,-117]],[[51049,9249],[84,180],[-106,4]],[[51027,9433],[8,177],[340,146],[332,374],[212,23]],[[51919,10153],[-88,-389],[-188,-219],[152,-236]],[[51795,9309],[-368,-214],[-378,154]],[[54560,26350],[227,-42],[114,126],[96,-279],[245,6],[57,293],[178,-64],[26,-108],[144,-6],[72,27],[-51,198],[109,-30],[123,203],[274,-111],[73,59]],[[56247,26622],[312,-47],[37,-157],[155,-63],[17,-146],[86,-51],[-56,-313],[218,-270],[191,-94],[97,81],[146,-99],[75,239],[-65,141],[244,364]],[[56634,23866],[-186,-489],[-251,201],[-88,-255],[-105,-74],[-227,56]],[[68120,18252],[-141,-121],[-32,-157],[-237,-122]],[[66268,17803],[184,452],[163,-15],[102,219]],[[55996,36264],[-165,97],[-98,-102],[-97,110],[13,236],[-171,75]],[[56227,38166],[262,-86]],[[74180,29060],[-54,-124],[63,-416],[-113,-130]],[[74076,28390],[-131,47],[-74,-146],[-150,62],[-75,-127],[-72,24],[-8,-180],[-133,-154],[71,-92],[-39,-98],[-106,48],[-26,249]],[[79449,28253],[-98,-337],[0,-350],[-89,-51],[22,-102],[-91,-112],[-95,-18],[68,-238],[-191,-233],[-257,314],[-223,-30],[-115,111],[-10,123]],[[64760,27443],[270,-20],[312,-283],[284,142],[-82,173],[-122,-1],[-163,179],[35,142],[-234,111]],[[66534,26913],[-180,-150],[-126,105],[-163,-63],[-223,-322]],[[65842,26483],[-95,267],[-222,118],[-281,-124],[-130,330],[-125,3],[-229,366]],[[42817,8940],[28,6]],[[42845,8946],[-7,-137],[137,-273],[-301,-386],[-254,-147],[133,-58],[196,96],[366,-144],[-121,-354]],[[42994,7543],[-390,-80],[-177,-87],[-71,-183],[-106,26],[-393,-200],[192,-252],[61,-609]],[[42110,6158],[-220,-19],[-167,171],[-89,-185],[-319,-101]],[[41315,6024],[-172,249],[126,196],[-104,149],[-156,-75],[-164,206],[-152,33],[-120,-86]],[[40573,6696],[-104,106],[-102,474],[55,198],[353,153],[27,217],[-225,346],[143,152],[2,161]],[[40722,8503],[348,187],[3,99],[179,122]],[[66862,26664],[-82,187],[-246,62]],[[66534,26913],[102,109],[-95,147],[183,615],[-45,166],[-252,267],[-98,-8],[-316,434],[-248,26],[-250,-373],[-288,43],[-88,-128],[14,-128],[-98,-64],[5,-133]],[[65060,27886],[-83,-68],[-237,30],[-2,573],[-252,65],[-70,114],[-258,2],[-178,202],[-154,31],[-100,-107]],[[63726,28728],[-146,83],[43,164]],[[63623,28975],[-28,259]],[[63595,29234],[224,23],[373,-151],[76,116],[151,-29],[172,95],[-13,112],[80,69],[-39,84],[112,31],[40,116],[13,238],[149,127],[74,-35],[12,114],[132,-11],[-22,295],[64,121],[344,40],[149,117],[-96,128],[53,167],[147,-148],[182,140],[108,-121],[21,181],[275,179],[7,174]],[[67138,31784],[355,-104],[-73,-276],[21,-248],[264,-76],[2,-232],[97,-87],[-33,-144],[91,-89],[-65,-167],[66,-221],[-138,-161],[55,-154],[-94,-165],[106,-169],[-90,-126],[-17,-408],[-207,-460],[60,-112],[348,-153],[38,-178],[169,-56],[20,-519],[191,-139]],[[67810,26359],[-372,103],[-292,329],[-284,-127]],[[87530,57178],[-13,-532],[-87,-126],[393,-471],[-74,-194],[95,-91],[-149,-133],[8,-126],[-164,29],[-102,-148],[-327,-52],[-357,271],[-237,-164],[-80,37],[-38,173],[96,166],[-32,120]],[[86462,55937],[21,349]],[[75204,74871],[-169,47],[-47,133],[359,1242],[114,92],[18,122],[-215,328],[-144,-204],[-498,-240],[-97,159],[-161,62],[15,571],[155,165],[-25,132],[83,202]],[[74592,77682],[227,-102],[74,150],[148,-41],[190,120],[261,-115],[145,-244],[26,-194],[157,108],[161,-115],[8,-345],[288,-289],[20,-182],[64,-11],[-22,-189],[102,-111]],[[76579,74611],[-309,-200],[-186,305],[-472,199],[-185,385],[-97,-41],[-126,-388]],[[86344,67585],[-23,-222],[-133,10],[22,-235],[-112,-176],[-23,-262],[-178,12],[-92,149],[-107,-2],[-132,359],[-125,7],[-322,-326],[-316,26],[-9,-246],[-112,51],[-263,-136],[2,-314],[-205,-196],[4,-153],[-153,-160],[-93,201],[-53,795],[-121,174],[145,204],[-4,190],[-170,222],[-134,46],[191,602],[-69,102]],[[83759,68307],[170,217],[131,44],[115,225]],[[48138,45022],[-354,296]],[[48341,47537],[355,-184],[42,53],[255,-357],[206,-52],[85,-187],[436,145],[173,-124],[16,-233]],[[49909,46598],[109,-255],[-142,-127],[17,-110],[380,531],[112,1],[88,-120],[128,76],[141,-150],[290,9],[-39,-196],[177,-150],[63,150],[466,284],[177,-57],[511,92]],[[52386,46570],[-149,-192],[14,-326],[-70,-134],[-196,190],[-174,34],[-256,-349],[-260,-103],[-299,-358],[-241,18],[-72,-202],[-169,17],[-289,-227],[-133,122],[-215,-75],[-76,211],[-254,-77],[-121,85],[-135,-48],[-175,104],[-38,172],[-159,191],[-219,-20],[-201,177],[-242,-174],[-119,-584]],[[48777,28257],[-18,-154],[-230,50],[-289,159],[-188,273],[-160,-117],[24,-220],[-279,-456]],[[46576,29579],[55,163],[130,51],[-50,90],[110,14],[64,162],[-182,252]],[[46703,30311],[252,-118],[114,86],[189,-135],[573,175],[299,-98]],[[48130,30221],[117,38],[165,-130],[51,-112],[-89,-27],[35,-148],[337,37],[-59,-229],[105,-62],[31,-281],[242,-105]],[[49065,29202],[-76,-253],[-77,7],[-56,-369],[-78,-61],[76,-198],[-77,-71]],[[69124,87410],[9,391],[-121,30],[64,76],[-53,347],[120,198],[-85,458],[65,394],[-183,271],[107,118],[-105,231],[179,287]],[[69121,90211],[178,-79],[-17,-323],[98,31],[88,-99],[-19,-144],[88,-67],[-37,-85]],[[69500,89445],[85,-432],[-99,-102],[73,-110],[-12,-155],[70,5],[62,-192],[-45,-190],[69,-49]],[[69703,88220],[347,-229],[2,-320],[80,-63],[-74,-171],[309,-131],[83,-256],[262,-230],[46,-143],[103,-29],[-34,-52],[108,-149],[13,-162],[238,-277],[110,64],[-30,112],[101,359],[187,-37]],[[71554,86506],[172,70],[100,-175],[218,-15],[78,-220],[239,7],[104,-135],[-79,-140],[86,28],[135,-151],[86,-300]],[[68587,18851],[-216,-210],[-110,-317],[-141,-72]],[[68120,18252],[-55,67],[61,35],[-85,64],[58,182],[-358,-31],[-93,329]],[[67965,19242],[114,29],[93,-186],[226,99],[141,-43],[-31,-118],[79,-172]],[[78740,18181],[50,-272],[-197,-238],[132,-65],[-2,-107],[-157,-88],[-112,117],[-69,-52],[-1,-278],[-149,-356],[189,-78],[-3,-104],[149,-137],[-172,-195],[-105,-279],[-104,53],[-81,-64],[34,-113],[-62,-145],[-188,-96],[51,-110],[-190,-153]],[[77344,17001],[135,277],[-123,342],[61,154],[-359,341],[-76,186],[160,61],[26,186],[111,119]],[[77279,18667],[315,-66]],[[77594,18601],[350,-133],[25,-113],[370,-172],[83,-2],[34,104],[57,-171],[227,67]],[[95921,71857],[96,-340],[-69,-323],[-316,-587],[195,-161],[529,25],[157,-537],[-47,-165],[-124,-3],[-89,-374],[-136,-140],[-103,147],[-115,-150],[-142,-32],[-154,100],[4,130],[-163,160],[-84,-135],[-215,-31],[-55,-115],[-246,128]],[[94844,69454],[-116,341],[-176,238]],[[56767,42771],[-35,-84],[59,-80],[244,34],[112,-107]],[[58055,40235],[-36,-49]],[[58019,40186],[-150,-120],[-359,179],[-246,-161],[-77,34],[51,134],[-102,117],[-473,-154],[-120,-324],[53,-168],[-107,-147],[24,-184],[-93,93],[-30,-89],[-184,-38],[-73,169],[-97,31],[-160,-82],[122,-87],[-16,-167],[242,-149],[-9,-120],[-175,-31]],[[33362,61905],[-110,226],[-438,2],[-96,128],[-483,-167],[-139,-170],[-201,334],[-143,-63],[-134,169],[49,205],[-106,285],[-239,73],[176,331],[-145,172],[120,9],[-137,250],[89,-15],[-24,126],[61,-53],[100,97],[-1,206],[-69,38],[158,162],[-71,50],[13,104],[207,-267],[132,55],[82,-128],[67,57],[-31,77],[172,-41],[-126,207],[174,147],[112,-70],[-58,173],[91,145],[-137,221],[149,66],[-45,114],[136,48],[-2,120],[211,-21],[-27,100],[74,33],[-57,106],[84,114],[119,-64],[16,208],[98,26],[-107,199],[194,-27],[-103,63],[-3,178],[162,14],[56,195],[35,-84],[113,107],[33,-146],[103,234],[117,-63],[-6,156],[63,36],[-52,54],[63,57],[-61,33],[64,105],[79,-90],[17,177],[142,-4],[13,191],[152,-88],[66,47],[-102,37],[89,-2],[-6,71],[150,-46],[-1,150],[143,-26],[-37,106],[124,-41],[64,106],[-64,17],[-14,188],[164,-123],[28,188],[139,-12],[-16,85],[147,157],[-106,7],[35,137],[-104,12],[183,114],[24,137],[-131,48],[-12,100],[-131,0],[49,111],[-124,24],[84,132],[-146,97],[122,134],[-125,27],[-64,185],[-152,-77],[40,129],[-84,86],[85,80],[-131,89],[-13,108],[74,28],[-39,281],[106,159],[-172,-34],[53,98],[-119,130],[29,303],[-118,73],[61,161],[-79,-42],[-29,108],[96,401]],[[42977,68347],[309,-372],[-324,-98],[83,-116],[-215,-34],[91,-125],[-108,25],[-205,-303],[60,-306],[-195,-310],[56,-183],[92,-39],[-59,-638],[-238,-134],[-378,396],[-65,-90],[2,-383],[-62,58],[-19,-131],[-236,34],[-81,-60],[36,-69],[71,79],[143,-196],[-34,-73],[-106,9],[72,75],[-67,40],[-49,-99],[51,-97],[-140,-98],[-50,185],[-148,-191],[-73,152],[-324,-42],[-95,-136],[14,-102],[101,159],[99,-165],[-311,-264],[101,-9],[-18,-184],[172,44],[-39,-149],[-164,10],[93,-150],[-81,-84],[91,-118],[-73,-130],[124,-138],[20,-239],[-215,4],[-139,-220],[-202,90],[-99,-92],[-52,-126],[124,-185],[-102,1],[10,-163],[-175,-197],[148,-85],[-24,-54]],[[40175,62531],[-146,-59],[-162,-241]],[[37428,61098],[-249,217],[4,289],[-142,365],[201,172],[106,356],[-351,331],[-348,-123],[-260,-234],[11,-259],[-251,-257],[-52,-361],[-344,-1],[-116,-151],[-373,451],[-160,-5],[-34,-173],[-66,285],[-134,74],[-60,358],[-520,74],[-294,-231],[-98,123],[26,111],[-165,165],[-148,4],[-121,-405],[10,-225],[-138,-143]],[[57426,34371],[-36,-85],[-133,83],[10,131],[-141,146],[-42,238],[-131,-14],[-117,261],[-204,-189],[-194,18],[-14,-110],[-85,-39],[-345,353]],[[55994,35164],[-50,634],[118,223],[-113,120],[47,123]],[[55996,36264],[117,-112],[51,66],[465,-195],[194,218],[105,316],[296,68],[52,130]],[[58515,37029],[52,-92],[185,63],[48,-199],[238,-98],[61,-127],[-91,-93],[-6,-150]],[[59002,36333],[45,-32],[-66,-237],[-122,-82],[-38,-177],[-154,43],[-1,-322],[-296,-282],[-31,-426],[-204,1],[163,-243],[-38,-401]],[[58260,34175],[-132,-165]],[[58128,34010],[-72,-25],[33,-149],[-53,-55],[-40,153],[-114,-13],[-62,142],[-213,76],[-181,232]],[[47732,14324],[-213,-338]],[[47519,13986],[-67,-94],[-152,112],[-155,-44],[-91,67],[-22,243],[-384,175],[60,49],[-38,484],[-260,399]],[[46410,15377],[44,187],[-61,99],[58,44],[-137,339],[73,118]],[[46387,16164],[388,-160],[107,267],[-77,105],[101,74],[-8,105],[157,-171],[-30,147],[112,99],[-69,116],[136,514]],[[47204,17260],[329,-9],[173,-333],[74,24],[40,157]],[[48100,16841],[-11,-824],[-83,-109],[94,-631],[63,-58],[-307,-149],[-9,-157],[119,-16],[-64,-324],[-79,-30],[-114,104],[-139,-69],[162,-254]],[[47777,4872],[-41,-93],[93,-310],[131,-18],[-75,-309],[83,-120]],[[47968,4022],[-149,-151],[-206,97],[-144,-224],[-25,-128],[66,-117]],[[47510,3499],[-274,-61],[-437,146],[-262,-199],[-264,73],[-3,97],[-129,90],[26,-205],[90,-85],[-203,-160],[140,-169],[-5,-97],[-277,-218],[-360,-83]],[[45552,2628],[-89,42]],[[45463,2670],[244,504],[-184,315],[-99,27],[0,167],[78,8],[28,166]],[[45530,3857],[277,-174],[160,27],[48,137],[-73,55],[88,-18],[206,524],[-66,71],[82,113],[-112,269]],[[46140,4861],[267,134],[278,-229],[100,158],[220,57],[123,274],[549,-430],[100,47]],[[60299,40500],[-127,329],[-193,103],[12,156],[-146,47],[-103,274],[31,139],[-191,286],[-60,39],[-33,-104],[-164,-23],[-170,259],[-183,56],[-187,-299],[-138,-45],[25,-210],[-84,-16],[41,-320],[13,-76],[199,-80],[236,148],[167,-231],[-73,-405]],[[58861,40440],[-300,-134],[-30,-93],[-402,4]],[[58129,40217],[-74,18]],[[58055,40235],[37,262],[196,227],[-110,250],[87,35],[-278,50],[-5,118],[-65,18],[30,116],[182,4],[77,150],[-127,15],[-8,94],[-252,-160],[-11,123],[-82,18],[25,87],[-335,418],[-50,289],[-313,-45],[94,230]],[[57147,42534],[161,-63],[247,134],[749,660],[235,47],[317,-114],[90,325],[132,-46],[235,170]],[[59313,43647],[101,-89],[-2,-223],[112,-203],[-14,-263],[126,-132],[42,-234],[142,-75],[256,154],[234,-233]],[[60310,42349],[371,-214],[90,49],[47,-91],[-110,-376],[-103,-103],[-73,-381]],[[70177,40689],[-347,50],[-61,155],[-147,23],[-25,132],[128,61],[5,290]],[[70659,41294],[215,55],[68,-87],[-37,-369],[86,-144]],[[53897,6709],[434,38],[89,232],[374,-111],[31,-211],[-59,-189],[84,10],[95,-216],[176,16],[246,-192],[371,-120]],[[55738,5966],[12,-113],[-223,-194],[-344,80],[-163,-93],[-73,-239],[-377,3],[-231,-259],[-232,103],[-315,-46],[-12,81],[-665,-308]],[[53115,4981],[42,351]],[[57704,26207],[-3,383],[-92,97],[4,137],[194,123],[79,151],[-2,348],[111,10],[2,138],[113,107]],[[59779,26637],[-13,-313],[-245,-240],[-79,13],[-73,-151],[85,-253],[-198,-59],[-50,-199]],[[58971,24587],[-194,256],[-167,20],[-149,195],[-158,-75],[-171,132],[-63,-48],[-83,174],[-109,15],[-103,240],[36,167],[-110,317],[4,227]],[[61368,7989],[-195,-261],[-106,59],[-95,-159],[-172,-89],[-59,83],[-99,-86],[-26,282],[-250,4],[-276,-208],[-13,85],[-320,-3]],[[59757,7696],[69,333],[108,90],[-14,130],[-110,22],[-10,143],[235,202],[82,214]],[[60117,8830],[78,67],[-12,168],[102,199],[79,70],[87,-62],[202,146],[79,227],[146,-29],[53,134]],[[60931,9750],[188,59]],[[39614,22462],[-77,222],[-286,297],[209,163],[-72,81],[47,31],[-127,128],[-228,-84]],[[39080,23300],[9,344],[-227,49],[-71,267]],[[38791,23960],[93,135],[-115,251],[34,59],[-81,153],[-73,-41],[32,242],[-189,198],[90,86],[-67,120],[90,83],[-6,138],[-84,57],[62,247],[-151,-6],[-87,173],[-69,-16],[52,141],[-232,15],[-139,-94],[7,108],[-114,-69],[-71,94],[31,97],[86,-16],[-8,124],[-219,137]],[[37663,26376],[-6,281],[-86,-65],[-4,116],[88,257],[51,-36],[110,266],[84,1],[-26,170],[64,83],[-149,-38],[-57,96],[-275,15],[1,210],[141,12],[-56,142],[-118,58],[-37,284],[383,92]],[[37771,28320],[273,-243],[820,-153],[357,-429],[563,-386]],[[41531,25881],[10,-181],[164,-79],[-29,-113],[-145,-89],[87,-224],[-152,-54],[82,-159],[-70,-132],[20,-166],[-81,-56],[32,-251],[-200,5],[-76,-97],[-8,-195],[-135,-119],[-134,-368],[59,-228],[-111,36],[-249,-423],[-199,33],[-20,-95]],[[40376,22926],[49,-117],[-79,-316],[-109,-113],[-122,73],[-111,-56],[-12,-177],[-142,152],[-18,176],[-164,65],[11,-160],[-65,9]],[[60866,78608],[85,118]],[[60951,78726],[176,669],[-191,239],[34,176],[-105,81]],[[63247,78669],[-187,-880]],[[63060,77789],[-267,-138],[-222,38],[-81,-309],[-131,-82],[-104,143],[-191,35],[-204,524],[-325,68],[-669,540]],[[41497,46517],[-113,-148],[-22,-190],[-185,-100],[-366,-63],[-275,213],[-169,-30],[192,-101]],[[40025,45282],[-420,-288],[66,378],[-105,281],[25,364],[-125,174],[8,337],[-136,65]],[[39338,46593],[207,263],[-43,203],[-139,-87],[-65,187],[-166,158],[-383,83],[-37,235],[-238,93],[42,113],[-108,209],[60,133],[-140,22],[-201,443],[24,276],[-296,238]],[[37855,49162],[24,179],[-145,94],[75,75],[-44,450],[226,274],[-95,73],[25,275],[-375,33],[-389,436],[16,175],[-55,72],[-101,-34],[9,237],[-124,149],[-129,411],[-132,-115],[-199,130],[-8,222],[-80,101],[73,88],[-6,203],[-226,97],[3,152],[-83,97],[138,55],[-34,287],[121,64],[-41,-149],[128,35],[-30,239],[117,-65],[39,144],[99,-114],[32,158],[61,-185],[128,113]],[[36873,53618],[64,-17],[-11,-155],[69,38],[142,-201],[17,152],[158,-126],[56,40],[46,-118],[156,12],[-102,-127],[191,-2],[142,-143],[181,171],[50,-122],[34,284],[78,-300],[104,4],[-52,136],[102,-47]],[[46328,49289],[-430,-145],[-85,-219],[-203,25],[14,-117],[-140,-49],[-12,-99],[-264,-100],[-192,85],[-398,-182],[-80,-114]],[[44538,48374],[-303,153],[-240,-322],[-235,-119],[-263,271],[-686,95],[-215,-76],[-175,269],[-41,468],[-87,113],[-729,240],[-215,-81],[-128,-555],[-530,-164],[-163,-136],[-46,124],[-80,-68],[68,-70],[-85,5],[13,-237],[-95,59],[-39,-96],[202,-250],[-118,-127],[186,-105],[-67,-133],[-67,91],[-26,-380],[-50,39],[-77,-118],[212,-157],[144,-291],[502,-57],[88,-178],[200,60],[104,-124]],[[32679,43674],[-10,172],[94,55],[42,224],[-52,318],[117,73],[74,254],[159,146],[23,374],[141,215],[-141,105]],[[33126,45610],[234,313],[302,48],[-12,180],[87,135],[-187,86],[-75,788],[-132,441],[123,196],[1,212],[145,72],[68,205]],[[33680,48286],[-29,-103],[67,-118],[137,109],[125,-154],[109,83],[204,-204],[165,104],[125,-135],[22,76],[144,-51],[198,238],[183,-53],[138,322],[365,273],[472,-43],[332,-270],[120,-376],[77,147],[516,251],[221,-115]],[[37371,48267],[69,-103],[248,133],[70,-86],[43,-386],[-123,-173],[20,-147],[-148,-75],[325,44],[237,-315],[-31,-85],[-153,1],[-118,-504],[215,-246],[-31,-252],[91,-25],[4,-103],[304,-113]],[[38393,45832],[-133,-23],[-89,-185],[14,-252],[145,-86],[34,-167]],[[79286,20610],[-303,-543],[125,-262],[-74,-224]],[[79034,19581],[-122,-33],[-115,166],[-171,40],[-61,146],[-172,-104],[-209,184],[-265,-273]],[[77919,19707],[-78,304],[123,31],[1,239],[89,49],[32,275],[89,112]],[[78175,20717],[222,-229],[97,158],[273,-62],[78,178],[280,-171],[161,19]],[[72421,22305],[-100,194],[-120,-89],[-224,552],[-275,-86],[-123,63]],[[72926,24143],[0,-252]],[[72529,51601],[102,522],[149,-14],[29,107],[104,-92],[84,292],[79,43]],[[73076,52459],[22,83],[126,-9],[57,-173],[76,-14],[104,376],[231,-441]],[[87739,63155],[158,30],[161,-180],[93,158],[225,-29],[29,390],[438,156],[114,-97],[128,97],[18,129],[-152,204],[41,100],[134,-74],[17,125]],[[89143,64164],[211,13],[108,254],[93,21],[-102,-412],[175,88],[157,-128],[-5,169],[67,16],[62,196],[301,-50]],[[90210,64331],[-67,-89],[116,-184],[-113,-242],[26,-248],[113,-152],[-179,-81],[-98,-180],[203,-243],[19,-286],[176,-27],[100,-226],[-67,-172],[-139,48],[-138,-376],[136,-429],[-277,-213],[-112,37],[-44,225],[-82,-159],[-422,-127]],[[74428,49114],[-21,87]],[[74719,49894],[115,-15],[78,117],[28,-263],[51,-8],[145,209],[133,21],[25,110],[228,58],[-161,459],[70,112],[-37,297],[89,63],[-112,180],[-21,624]],[[76623,52657],[671,-85]],[[77532,50675],[-176,-83],[-203,119],[-178,-43],[-25,-142],[-77,77],[-16,-271],[-104,-206],[149,-26],[58,94],[166,-411],[-26,-155],[509,-414],[-42,-137],[111,-408],[-85,-269],[91,-58],[-94,-63],[112,-193]],[[76605,48177],[-126,113],[-304,-6],[-67,-75],[-43,101]],[[85695,79122],[218,348],[97,344],[166,149],[26,168],[524,212],[105,200],[218,-58],[143,206],[-34,133],[171,434],[-38,129],[-419,95],[-518,346]],[[86354,81828],[367,126]],[[86721,81954],[0,184],[136,326],[-26,156]],[[86831,82620],[333,50],[218,-112],[475,133],[652,-401]],[[88509,82290],[30,-148],[-91,-176],[269,-35],[230,132],[187,-112],[266,69],[108,-49],[19,-133],[105,-39],[65,-157]],[[89697,81642],[50,-400],[336,-200],[42,-145],[-164,-167],[-8,-335],[163,-238],[374,-200],[28,-307],[91,-108],[-63,-72],[-29,-648],[-95,-41],[-118,-253],[-252,154]],[[90052,78682],[-400,153],[-313,12],[-311,-120],[-240,154],[-231,12],[-131,138],[-415,-97],[-174,-100],[-27,-390],[-120,-224],[-180,-22],[20,-247],[-237,-6],[-166,-248]],[[87127,77697],[-109,10],[-39,288],[-123,156],[-276,-159],[-319,15],[34,201],[-204,157],[35,126],[-252,70],[35,192],[142,22],[5,227],[-100,109],[-195,-152],[-66,163]],[[77644,26973],[-187,-116]],[[77457,26857],[-253,133]],[[76964,28624],[137,237],[-70,606],[104,140]],[[77135,29607],[188,-114],[-39,-170],[103,-51],[-32,-107],[232,-187],[175,114]],[[77991,27340],[-260,31],[27,-200],[-107,-71],[-7,-127]],[[74372,27648],[221,-167],[215,20],[222,-298],[76,76],[82,-123],[-91,-131],[18,-105]],[[75115,26920],[-108,-15],[-17,-243],[-181,62],[29,-134],[-70,-79],[95,-44],[13,-138],[-107,37],[-25,-213],[-135,-82]],[[73685,26661],[137,313],[92,42],[-32,153],[-102,24],[-16,142],[86,178],[86,23],[140,-234],[108,26],[177,115],[-50,120],[61,85]],[[52886,29801],[-163,29],[-319,-344],[-192,208],[-161,-241],[3,-120],[-210,-100],[-50,-162],[-24,134],[-141,58],[-4,101],[-154,145],[-302,91]],[[51169,29600],[-145,196]],[[79306,24593],[254,-128],[200,38],[170,-132]],[[79171,23625],[-201,178]],[[79046,24245],[197,155],[63,193]],[[49402,8126],[92,77],[2,211]],[[49496,8414],[360,-39],[659,311]],[[50515,8686],[138,-320],[-72,-61],[24,-216],[178,-45],[-95,-528]],[[50688,7516],[-142,-257],[-116,49],[-111,-343],[-303,-95]],[[61758,88185],[158,-37],[-13,-409],[-407,-930],[173,68],[59,-224],[294,-451],[537,-179],[146,-456]],[[62705,85567],[-227,158],[-241,-278],[-10,-124],[111,-49],[-203,-406],[-13,-364],[-207,-427],[-40,-647],[-503,443],[-148,-380],[79,-123],[-168,-103],[-156,167],[-86,-22],[-145,-618],[-191,-17],[-70,-163]],[[60487,82614],[-141,-259],[-89,38],[-77,-79],[160,-411],[4,-383],[-98,-54],[-210,261],[-141,-34]],[[59895,81693],[-5,158],[-139,239],[-316,15],[-371,-347],[-12,-377]],[[56864,82246],[196,87],[173,298],[519,444],[410,119],[589,769],[727,366],[182,444],[-22,453],[175,335],[536,141],[541,873],[361,21],[101,83],[120,501],[157,283],[-25,333],[154,389]],[[30443,42882],[-56,411],[241,104],[47,231],[108,9],[280,286]],[[31063,43923],[135,108],[109,-106],[139,61],[158,-101],[90,85],[124,-85],[-120,-74],[38,-192],[221,152],[139,-77],[-16,-156],[139,9]],[[61781,36981],[-231,412],[-239,-91],[-82,214]],[[61229,37516],[165,-29],[326,446],[361,129],[256,269],[99,-90],[126,73],[-25,357],[324,87],[116,215],[150,-21],[-22,259],[243,86],[69,244]],[[63417,39541],[79,29],[11,-114],[217,-231],[-102,-185],[47,-62]],[[63669,38978],[-80,-81],[-171,85],[-94,-53],[-28,-304],[-90,-75],[77,-134],[-60,-154]],[[63223,38262],[-185,-37],[26,-191],[-110,-103],[53,-151],[-83,-183]],[[64856,13920],[170,576],[218,54],[45,-140],[27,77],[44,-99],[145,37],[144,-331],[191,-160]],[[65840,13934],[184,-176],[-94,-107],[9,-160]],[[65939,13491],[-67,36],[-167,-136],[-26,-220],[-113,28],[79,-180],[-120,-155],[-157,271],[-215,-4],[55,305],[-252,241],[-100,243]],[[71227,12938],[146,-162],[-12,-122]],[[71361,12654],[-125,-43],[-151,-227],[-274,-110],[-102,-312]],[[70221,12293],[377,501],[-137,28],[-2,90],[-135,86],[54,388]],[[70378,13386],[121,98],[80,-40],[59,-160],[-49,-202],[311,-113],[55,-114],[153,204],[119,-121]],[[56489,38080],[135,137],[-107,348],[72,68],[257,36],[33,114],[269,-48],[372,339],[95,-67],[39,76],[233,-8],[99,-109]],[[57986,38966],[-230,-229],[334,-330],[-170,-218]],[[57243,36954],[-69,25],[-30,320],[-137,146],[18,98],[-304,186],[-232,351]],[[54348,34385],[-30,-111],[119,-208],[-153,-459],[-412,-90],[-213,218],[-46,-235]],[[52752,33889],[-81,388],[47,174],[145,100],[-69,85],[180,99],[53,-81],[87,53],[-116,159],[47,162],[-46,76],[129,88],[1,155],[-205,233]],[[52924,35580],[381,23],[113,-414],[311,-55],[265,-523],[220,23],[134,-249]],[[37614,41651],[-42,-101],[47,-88],[-91,-195],[47,-112],[-157,-346],[109,-179],[-62,-313],[37,-363],[-71,-205],[-136,11],[-72,-93],[-115,80],[-110,-151]],[[36998,39596],[-55,180],[-161,-146],[-106,396],[-204,-34],[-221,182],[-61,-174],[-182,42],[-176,-234],[143,-54],[107,-246],[-122,-41],[20,-153],[-108,21],[-73,-89],[-31,-101],[84,-116],[-42,-88],[-191,-66],[7,-74],[-85,57],[-46,-116],[-44,55],[1,-119],[-68,-30],[-301,78],[-162,255],[-103,-115],[-155,-5],[-254,-245],[-181,-585],[-105,-13],[156,-201],[-212,-64]],[[32539,41985],[158,528],[-116,69],[-33,483],[-329,482]],[[32219,43547],[72,226],[87,-128],[121,38],[48,-94],[132,85]],[[32679,43674],[258,-21],[41,-85],[66,144],[308,-48],[75,-207],[-80,-248],[147,-26],[188,271],[152,46],[189,-135],[221,162],[49,-201],[92,83],[10,-83],[90,47],[28,-109],[262,-102],[-30,-68],[142,-111],[63,121],[110,-139],[67,114],[64,-2],[-15,-118],[49,85],[49,-69],[124,61],[-113,-276],[90,22],[109,-140],[49,161],[199,-72],[9,-84],[112,55],[35,-273],[179,-2],[-45,-120],[49,-168],[129,110],[38,-86],[89,19],[6,-176],[85,106],[3,-152],[125,86]],[[54484,20873],[-167,-207],[-220,-85]],[[54097,20581],[-73,106],[-389,-232]],[[52883,20186],[-116,-212],[-81,29],[43,355],[-129,96]],[[52600,20454],[72,196],[-33,167],[-159,236],[-136,63]],[[52344,21116],[33,130],[27,-62],[211,54],[61,422],[256,-214],[72,94],[-58,89],[167,192],[-49,87],[116,280],[29,508]],[[54249,21806],[52,-174],[153,-105],[0,-142],[139,-104],[-109,-408]],[[78769,43348],[-190,-360]],[[78579,42988],[56,209],[-114,185],[-263,31],[-116,220],[-277,63],[-146,157]],[[77719,43853],[-62,107],[57,124],[215,116],[263,-43],[484,754],[50,46],[99,-106],[178,242],[-20,229]],[[78983,45322],[181,-38],[119,-183],[1,-220],[87,33],[144,-213],[119,24]],[[79634,44725],[25,-252],[-184,-238],[6,-188],[-225,-294]],[[84569,53661],[279,3],[73,-80],[231,193],[123,-153],[194,18],[48,82],[205,-99],[134,94],[51,168],[87,-108],[-41,-337],[84,-32]],[[85957,53239],[-15,-158],[-183,-253],[-184,-27],[-134,-201],[-459,-187],[16,-122],[-107,-44],[10,-102],[-110,-136],[-180,-107],[-42,49],[-408,-287]],[[84161,51664],[-132,220],[-376,311],[69,196],[-113,155]],[[83609,52546],[183,89],[-13,168],[208,238],[13,148],[197,10],[136,218],[272,65],[-36,179]],[[69805,16432],[-244,-225],[65,-132],[-71,-219]],[[69555,15856],[-228,54],[-128,-212],[-104,37],[-109,-128],[-98,69],[-176,-313]],[[68712,15363],[-174,355],[-86,-6],[-10,135],[-280,171]],[[80680,36985],[90,-274]],[[80770,36711],[23,-376],[84,-193],[-103,-131],[4,-324],[-344,-192],[-157,52],[43,476],[-272,147],[-60,463]],[[60998,15605],[68,180],[-131,77],[19,150],[-133,483],[43,67],[-148,-34],[58,-172],[-85,-7],[-57,226],[-55,-149],[-129,192],[88,88],[-24,244],[602,174],[81,506]],[[62175,17117],[158,-6],[183,-173],[-34,-767]],[[61510,15344],[77,308],[-68,56],[78,128],[-80,-17],[18,93],[-445,-420],[-92,113]],[[61553,27753],[-90,-155],[-102,19]],[[61361,27617],[-123,-136],[-244,230],[-95,-258],[-198,105],[-190,-81],[-254,-197],[23,-95],[-129,-288]],[[59863,27912],[241,618],[254,60],[133,167]],[[60491,28757],[89,57],[107,291],[251,107],[317,-115],[95,84],[75,-318],[192,-84]],[[61617,28779],[-89,-244],[148,-225],[-75,-146],[-96,3],[-1,-123],[-86,-82],[135,-209]],[[46600,25963],[-175,-21],[-21,129],[-200,68],[-14,216],[-97,103],[-155,-12],[-138,211],[-152,6],[-75,-111],[-187,315]],[[46575,29511],[112,-65],[42,-283],[134,-94],[45,-221],[148,-111],[141,74],[119,-94],[58,-130],[-47,-320],[221,-191],[89,-284]],[[47637,27792],[-32,-304],[-233,-33],[-97,-428],[-250,-175],[-114,-429],[-311,-460]],[[76605,36241],[-40,249]],[[76565,36490],[-43,290]],[[76522,36780],[205,32],[147,187],[185,-31],[128,-161],[101,137],[54,-110],[244,-26],[12,-414]],[[77598,36394],[-134,-43],[-33,-150],[-495,197],[-331,-157]],[[53323,78267],[0,-1]],[[50763,80940],[239,-86],[51,146],[116,46],[107,-232],[159,280],[164,-30],[61,173],[358,231]],[[58110,27701],[52,242],[-46,139]],[[58116,28082],[106,-32],[157,215],[208,87],[29,115],[83,-47],[134,141],[412,4],[89,161]],[[59334,28726],[78,13],[21,-205],[195,-246],[-65,-65],[9,-156],[291,-155]],[[59863,27912],[5,-96],[190,20],[-184,-434],[101,-56],[40,-267],[136,-182]],[[60151,26897],[144,-196],[-85,-3],[-73,-132],[-358,71]],[[59779,26637],[-343,114],[-107,337],[-221,-132],[-156,77],[-169,-159],[-315,457],[16,181],[-61,80],[-313,109]],[[20652,33494],[-225,266],[54,-19],[-17,196],[112,130],[-208,130],[64,110],[-130,98],[-32,143],[110,86],[-115,157],[57,32],[3,582]],[[20325,35405],[262,-15],[171,-337],[384,-29],[175,-184],[187,238],[363,169],[110,-36],[-12,-203],[154,28],[239,-134]],[[22358,34902],[-88,-244],[46,-265],[-131,-429],[64,-326]],[[68235,24997],[-196,234],[-30,166]],[[68009,25397],[-103,274],[139,114],[-30,247],[-119,82],[43,145],[-129,100]],[[67810,26359],[146,107],[-75,319],[155,-35],[53,228],[101,-33],[30,157],[86,26],[-2,212]],[[68304,27340],[319,-30],[29,197],[275,79],[291,360],[89,-26]],[[69307,27920],[126,-102],[3,-116],[177,-83],[-54,-97],[107,-191],[182,150],[422,109],[135,171],[98,-14]],[[70503,27747],[71,-201],[-43,-107],[89,-31],[-35,-117],[90,-121]],[[49741,3824],[50,-104],[-125,-337],[-93,43],[-230,-251],[-387,-115],[-144,59],[21,81],[238,210],[-189,285]],[[48882,3695],[93,109],[-154,216],[50,125],[-67,122],[66,114],[-42,94],[129,61],[193,310],[-36,206]],[[49353,5326],[194,-124],[-25,-84],[132,28],[111,-94],[2,-141],[122,-108],[343,35],[-199,-340],[157,-90]],[[48032,6736],[-30,85],[145,203],[-52,124],[40,275]],[[49460,6331],[-62,-154],[-103,-26],[128,-566],[-70,-259]],[[49353,5326],[-239,-274]],[[49114,5052],[75,226],[-63,368],[-262,56],[75,388],[-291,244],[-71,161],[-94,7],[-14,106],[-188,-160],[14,103],[-122,78],[35,186],[-130,-123],[-46,44]],[[77470,13514],[-211,-50],[-60,233],[-130,-92],[28,300],[-69,15],[-5,168],[-62,34],[88,416],[-30,198],[-63,-47]],[[76956,14689],[146,152],[-35,195],[109,169]],[[77694,15318],[-147,-320],[121,-67],[-122,-177],[121,-82],[68,69],[71,-232],[350,79],[164,-176],[-7,-121],[116,-7],[49,-142],[-64,-235],[48,-2],[-597,-361],[-228,56],[-167,-86]],[[54146,62188],[301,560],[148,924],[-173,581],[219,327],[13,440],[101,96],[230,-50],[140,284],[242,-19],[62,140],[-27,199],[154,146]],[[72309,19081],[61,50],[77,-77],[-11,-288],[130,-124]],[[72566,18642],[-93,-37],[-130,92],[-96,-186],[-121,-51],[-106,150],[-63,-64],[-93,59],[-120,-183],[-70,88],[-216,-3],[-202,274]],[[54500,37214],[-8,196],[-252,17],[8,223],[-82,299],[-66,0],[92,171],[-158,213],[38,103],[-101,162],[148,284],[-126,77],[3,82]],[[53996,39041],[100,70],[-169,545],[184,220],[-18,178]],[[55136,39645],[201,-158],[162,29],[77,-164],[52,32],[151,-467],[124,63],[137,-58]],[[56040,38922],[226,-295],[-39,-461]],[[56227,38166],[-119,-233],[175,-464],[-42,-185],[-54,-45],[-242,279],[-254,-20],[-66,-115],[77,-401],[-224,-302]],[[55478,36680],[-332,289],[-7,-129],[-226,46],[-126,85],[-21,131],[-266,112]],[[45386,26867],[17,156],[-82,106],[-127,79],[-248,-37],[-112,80],[4,126],[-135,61],[-106,-67],[-3,-143],[-430,277],[-409,-423],[-166,221],[-266,108],[-52,242],[-157,165]],[[44380,29736],[11,-180],[119,102],[251,-120],[119,14],[131,217],[301,-27]],[[45312,29742],[188,-154],[97,128],[191,-6],[153,132],[217,-20],[110,-129],[308,-114]],[[46576,29579],[-1,-68]],[[46575,29511],[-21,-320],[103,-78],[-92,-363],[-143,-104],[-103,44],[-227,-276],[-12,-1003],[-324,57],[-19,-150],[-100,25],[-34,-180],[-81,-51],[-43,-234],[-93,-11]],[[20652,33494],[156,119],[58,208],[170,116],[236,-382],[-10,-244],[158,25],[431,-170],[238,207],[-13,208],[173,57]],[[22249,33638],[134,-664],[116,-114],[-90,-146],[71,-144],[-101,-124],[112,-65],[-117,-102],[46,-182]],[[22420,32097],[-400,16],[-579,-400],[-537,78],[-201,115]],[[20703,31906],[-120,370],[86,210],[-84,162],[60,184],[-70,78],[127,369],[-50,215]],[[44810,11928],[-126,175],[-136,-52]],[[44548,12051],[-162,79],[-8,120]],[[44378,12250],[-1,223],[-92,57],[-80,-85],[-171,164],[-136,213],[99,144],[-128,-36],[-71,105],[14,255],[371,285],[18,94],[-123,152],[56,192]],[[44134,14013],[640,-294],[-5,110],[116,12],[52,285],[105,-109],[172,100],[168,-196],[104,73],[119,-167],[131,7],[4,-276],[77,-139],[106,8],[92,-247]],[[46015,13180],[432,-359]],[[41328,13696],[122,-7],[-27,-89],[112,-209]],[[41535,13391],[-234,-264],[23,-154],[-74,-81],[-318,-44],[-54,-147],[-151,-89],[-17,-240],[60,-117],[-84,-65],[-64,73],[-236,-202],[78,-341],[-48,-227],[-187,9],[-184,-116]],[[40045,11386],[-78,90],[-163,-185],[-229,-615]],[[39575,10676],[-228,218],[-92,396],[-122,105],[21,137],[-78,111],[184,173],[50,179],[-90,34],[-69,330],[-100,-21],[-129,157],[355,547],[-25,117],[250,150],[-43,292],[75,292],[-67,148],[75,312],[399,-110],[110,74],[-12,250],[101,40]],[[40140,14607],[254,93],[85,-320],[-95,-131],[158,-213],[95,118],[130,2],[-10,-74],[80,-6],[-59,-140],[301,21],[-143,-222],[-2,-169],[85,7],[21,-82],[-68,-83],[167,26],[189,262]],[[83707,37205],[-128,252],[-7,274],[-506,569]],[[83066,38300],[279,150],[394,383],[77,-29],[-11,105],[140,105],[7,257],[-124,236],[68,55],[-44,348]],[[83852,39910],[236,429],[94,41],[28,-213],[184,-102],[157,85],[-6,-104]],[[84545,40046],[-41,-266],[114,169],[171,4],[2,-188],[182,-237],[72,43],[178,-108]],[[85921,38921],[184,-183],[156,-350],[114,-15],[-39,-266],[202,-251],[-15,-233],[-195,-56]],[[86328,37567],[-290,-163],[-77,-239],[-407,12],[-14,82],[-67,-57],[21,68],[-94,35],[-44,-178]],[[52789,42721],[163,192],[22,253],[207,239],[-94,462],[230,266],[-98,283],[-244,56],[84,624],[-70,238],[71,253],[-143,260],[88,415],[-225,193],[-266,-48],[-128,163]],[[52386,46570],[1,6]],[[52387,46576],[193,200],[-207,559]],[[52373,47335],[96,-53],[158,64],[194,-338],[129,226],[110,37],[74,-100],[-6,-233],[154,-123],[152,76],[152,350],[554,-58],[340,-284],[110,16],[1,-255],[187,-191],[68,78],[-10,220],[174,-36],[170,210],[136,-149],[43,124],[154,-13],[97,-193],[289,-20],[102,-91]],[[56001,46599],[-61,-457],[65,-206],[152,-47],[40,-311],[-64,-65],[-185,156],[41,-367],[-140,-193],[185,38],[30,182],[219,-38],[101,-123],[-88,-106],[121,-184],[338,-58],[26,-84],[-115,-24],[-37,-114],[131,17],[134,-193],[-266,-551],[64,-201],[226,-97],[-63,-176],[-172,-51],[-6,-182],[178,132],[122,-82],[-162,-208],[-48,-235]],[[56767,42771],[-25,52],[-121,-95],[-4,-422],[-237,-349],[20,-250],[-144,-644],[-206,-4],[-119,-141],[-231,-733],[-293,-139],[-8,-213],[-263,-188]],[[55136,39645],[-146,35],[-140,-136],[-87,172],[37,172],[-103,77],[-383,-95],[-221,184]],[[54093,40054],[16,66],[-195,108],[-76,168],[-144,40],[-158,222],[-72,872],[224,182],[-100,65],[-231,-92],[-5,220],[-135,-127],[-330,137],[97,200],[-131,187],[-64,419]],[[71584,28469],[111,445]],[[71695,28914],[-1,244],[82,184],[-229,319],[260,235],[175,-66],[77,-157],[131,61],[158,349],[-20,411]],[[73809,29429],[-144,32],[-97,-339],[-150,-121],[63,-379],[-148,-599]],[[73333,28023],[-216,18],[93,-201],[-162,-222],[25,-434]],[[72963,27091],[-109,46],[-230,382],[-377,123],[-192,284],[21,75],[-216,147],[110,26],[9,79],[-395,216]],[[54284,73353],[7,-79],[171,-31],[113,-262],[226,-223],[74,47],[72,-73],[38,78],[64,-86],[7,105],[154,36],[603,709],[24,-692],[-90,-159],[-193,-109],[189,-321],[-22,-97]],[[55721,72196],[-54,-137],[-91,13],[-72,-137],[-138,-51],[-26,-254]],[[55340,71630],[-196,-61],[-95,-208],[-136,42],[-130,-150],[-207,100],[-6,-219],[-160,95],[-100,-45],[30,-37],[-49,-31],[29,-58],[-7,-61],[-20,-21],[-196,154],[-28,-103],[-105,36],[8,-122],[-119,48]],[[53853,70989],[162,325],[-12,191],[-88,129],[-407,127],[-147,141],[11,631],[-220,300],[-54,327]],[[84175,68793],[-189,244],[-366,119],[-210,287],[-342,-109],[111,382],[-162,0]],[[83017,69716],[77,208],[616,458],[233,62],[72,613],[367,563]],[[84382,71620],[371,-353],[273,52],[89,177],[108,16],[403,-173],[25,322],[96,189],[273,77],[400,480],[194,81]],[[86614,72488],[199,-2],[158,-121],[17,-348],[241,-99],[-141,-616],[82,-249]],[[87170,71053],[-239,-2],[-91,-167],[23,-218],[224,-464],[-136,-251],[-175,-27],[-156,-171],[-4,-160],[-142,-93],[122,-473],[254,-54],[13,-112],[-240,-402],[246,-45],[83,-291],[94,36],[187,-178],[79,108]],[[87312,68089],[-9,-305]],[[87303,67784],[-210,-92],[-69,-213],[-138,-12]],[[86886,67467],[-62,16],[-21,162],[-112,-87],[-163,50],[-65,-93],[-119,70]],[[86344,67585],[-135,206],[-394,-1],[29,305],[-126,682],[-242,235],[-177,-45],[-243,-233],[-240,366],[-213,59],[-428,-366]],[[72693,85475],[272,-210],[7,-115],[485,-190],[-2,-162],[125,-29],[13,-606],[67,41]],[[69844,79184],[107,371],[-63,113],[74,23],[-44,62],[71,141],[-105,547],[105,2],[17,135],[-53,16],[96,79],[-38,111],[71,343],[-192,236],[79,76],[4,191],[-123,-29],[-87,164],[-199,-125]],[[69564,81640],[-18,141],[151,300],[48,360],[78,38],[-17,275],[-71,79],[84,304],[-171,137],[-170,306],[39,440],[-86,181]],[[69431,84201],[-35,878],[37,194],[183,75],[34,186],[-227,541],[-7,288],[-139,57],[35,287],[-204,525],[16,178]],[[69124,87410],[441,-39],[42,-73],[-64,-327],[116,-109],[-67,-135],[54,-188],[134,-66],[-148,-231],[173,-857],[147,-294],[332,-295],[-67,-312],[281,-12],[206,-178],[41,-151],[318,-71],[254,113],[398,772],[415,216],[58,-52],[86,88],[81,-50],[304,89],[34,227]],[[70450,25299],[-105,122],[47,277],[266,4],[31,76],[-249,253],[55,212],[-161,135],[-94,515],[24,75],[112,-20],[48,136],[175,-146],[76,232]],[[70675,27170],[139,-131],[-89,-72],[130,-129],[-22,-154],[364,258],[169,-186],[370,-31],[86,-232],[-102,-394],[218,-25],[86,-127],[16,111],[113,9],[48,-236]],[[71936,24930],[-139,-61],[-103,62],[-108,-166]],[[81582,58342],[77,425],[-109,216],[16,320],[-116,32],[-181,-109],[-336,231]],[[80933,59457],[545,169],[200,-77],[72,76],[198,-39],[234,111],[45,-5],[-35,-152],[148,79],[64,-53],[99,130],[261,-16],[64,258],[268,-99],[75,153],[271,132],[333,-251],[-34,213],[70,62],[19,218],[143,-21],[4,80],[148,-74]],[[83835,57648],[-133,-20],[-136,229],[-208,-254],[-392,17],[-29,-108],[115,-76],[-149,-93],[-76,64],[-188,-61]],[[82639,57346],[-60,126],[-70,-117],[-234,76],[-95,325],[-235,121],[-32,121],[80,257],[-54,140],[-93,-17],[-115,-198],[-149,162]],[[45818,5922],[-259,-74],[-75,119],[-150,-84],[-153,136],[-134,-95],[-113,413],[-181,132]],[[44753,6469],[-18,514],[-139,102],[26,165],[-99,202],[10,330],[167,176]],[[44700,7958],[72,78],[184,-37],[188,227],[-31,191],[81,269],[262,467]],[[45456,9153],[503,195]],[[46511,7349],[-24,-313],[-98,-117],[75,-123],[-32,-243],[-286,-125],[-197,-271],[-49,-235],[-82,0]],[[54572,9734],[113,-64]],[[54685,9670],[21,-169],[106,-109],[160,-10],[84,-190],[133,-72],[-6,-212],[226,-109],[58,-273],[204,-122]],[[55671,8404],[-328,-209],[-158,-307],[52,-88],[-180,-84],[-7,-133]],[[55050,7583],[-211,56],[-15,-89],[-229,168],[-376,-293]],[[61694,21283],[98,100],[-127,333],[106,147]],[[61771,21863],[163,129],[133,-31],[45,134],[175,117],[228,23],[-24,-113],[51,63],[129,-104],[222,208],[39,-85],[85,52]],[[63017,22256],[110,-203],[34,-338],[134,-70]],[[63295,21645],[-208,-189],[-139,-6],[-160,207],[-188,-560],[-107,-80],[120,-320],[-12,-162],[81,-66],[-159,-178],[329,-15]],[[62852,20276],[102,-692]],[[62954,19584],[-188,-237]],[[22345,38899],[-249,-136],[-284,184],[-750,51],[-232,-122],[-53,-112],[-129,57],[-115,-60],[8,-226],[178,-100],[-154,-198],[-229,99],[-314,-153],[-342,164]],[[19680,38347],[-6,-209],[-295,-116],[-175,347],[-316,145],[-637,31],[-242,-104],[-321,123],[-170,-80],[-91,-198],[-135,-76],[-160,-39],[-128,116],[-179,-89],[-359,179],[-53,152],[-239,-51],[-90,165],[-453,309],[-176,-64],[-68,93],[-83,-68],[-281,26]],[[15023,38939],[82,353],[-109,154],[142,24],[14,143],[96,34],[67,199],[213,26],[53,218],[-99,376],[-92,-102],[-293,-64],[-114,116],[190,158],[-130,444],[107,491],[-301,284],[-106,4],[44,102],[-273,219]],[[14514,42118],[21,127],[112,40],[74,558],[197,462],[1,405],[174,59],[80,-135],[117,121],[150,-31],[111,-168],[140,-1],[58,-97],[109,141],[172,-73],[232,168],[-94,239],[186,156],[-89,200],[217,57],[179,-124],[-127,241],[12,193],[-183,218],[-111,314],[17,693]],[[16269,45881],[342,43],[150,-203],[21,97],[145,-24],[105,-189],[588,-215],[99,-267],[231,-267],[312,-178],[45,-123],[580,-260],[365,-31],[290,-211],[321,-100]],[[38424,24052],[-154,-197],[-283,282],[-84,248],[-211,-258],[-74,57],[-54,-309],[-178,-226],[-13,-176],[-92,-31]],[[36490,24507],[84,6],[72,353],[75,48]],[[36721,24914],[58,108],[175,27],[104,190],[270,13],[35,121],[161,89],[56,333]],[[37580,25795],[181,-384],[138,13],[53,-152],[-41,-146],[93,-231],[-153,-120],[141,-196],[2,-139],[206,-162],[154,10],[70,-236]],[[42167,37760],[184,-304],[83,4],[22,-207],[194,-29],[114,-153],[139,-37],[14,-607],[219,-184],[-55,-265]],[[42319,35215],[-70,-114],[-496,45],[-92,-104],[-109,69],[-64,-114],[-198,166],[-313,-197],[-258,223],[-141,-59],[-90,129]],[[40488,35259],[77,-21],[111,422],[-117,102],[-45,261],[-304,231],[-33,203],[71,284],[-294,274],[65,152],[-95,134],[316,192],[253,-104],[99,149],[222,61],[271,-146],[67,-278],[128,-85],[252,370],[329,-75],[74,71],[0,277],[232,27]],[[69431,24961],[253,309],[199,-48],[97,189],[117,-6],[58,-124],[106,76],[189,-58]],[[70450,25299],[10,-64],[416,246],[158,6],[250,-207],[1,-156],[177,-332],[124,-27]],[[71586,24765],[-41,-321],[-181,0],[-186,-202]],[[70595,23882],[25,126],[-103,74],[15,163],[-194,137],[-157,-141],[-217,253],[-245,-134],[-191,28]],[[61564,47826],[101,221],[-150,-58],[-133,139],[199,95],[-78,26],[-49,173],[40,213],[-162,29],[-236,-172],[-95,53],[372,284],[-180,-9],[-44,88],[395,301],[-151,71],[-184,-65],[-23,165],[143,-14],[133,162],[-86,-74],[-270,87],[250,351],[-295,-44],[-81,45],[28,61]],[[61008,49954],[358,201],[55,389],[-144,72],[-198,-45],[288,254]],[[62273,50235],[112,27],[-26,-142]],[[62359,50120],[68,-117],[-82,-35],[162,-120],[-197,-224],[66,-59],[90,130],[-54,-309],[128,-178],[120,87],[-28,-163],[113,4],[-46,-115],[81,-52],[-3,-106],[106,62],[84,-68],[16,109]],[[62305,46127],[-254,35],[-89,-97],[-10,134],[189,149],[-408,9],[53,171],[155,103],[-84,98],[142,-19],[58,87],[-34,78],[-85,-85],[-188,6],[-7,166],[213,-73],[44,116],[-108,108],[-188,0],[119,210],[-161,-68],[-55,134],[98,150],[-140,86],[-1,201]],[[65846,49224],[250,194],[118,277],[-20,181],[126,52],[191,298],[47,291]],[[67516,48385],[-14,184],[-237,53],[-138,-174],[-48,85],[-211,11],[-209,269],[-115,-39],[-345,306],[-150,-92],[-160,91],[-43,145]],[[38298,53097],[245,142],[252,-91],[120,166],[155,15],[196,-165],[89,22],[190,316],[174,54],[41,519],[173,497],[285,52],[-50,297],[103,516],[-56,314],[-67,144],[-167,52],[-46,364],[-155,220]],[[39780,56531],[379,-14],[-137,242],[11,125],[-84,55],[68,107],[473,-323],[188,102],[140,200],[189,-61],[161,292],[131,-40],[176,121],[5,127],[127,140],[33,273],[-192,246],[-39,384],[452,-73],[184,136],[-163,666],[272,453]],[[42154,59689],[149,63],[16,-215],[-166,-182],[204,-254],[42,-175],[-59,-93],[79,28],[108,-582],[227,-396],[-60,-40],[80,-226],[-134,-309],[95,-708],[-94,-131],[132,-321],[141,-38],[20,-130],[315,-133],[222,-70],[161,82],[297,-212],[150,87],[214,-99],[107,-151],[49,-423],[610,-865],[-72,-115],[47,-72],[-79,-65],[79,-354],[-128,-199],[155,-332],[-28,-125]],[[44134,50723],[-159,-93],[-122,137],[-355,-121],[-67,-148],[-170,-2],[33,-192],[-123,-39],[30,224],[-166,98],[-21,172],[-98,67],[-100,-456],[-167,83],[-237,-128],[-354,-542],[-161,356],[20,244],[-69,211],[-144,-7],[-30,161],[-369,-14],[-405,439],[-583,177],[-229,311],[-112,34],[19,77],[-206,94],[-63,-83],[-72,238],[-127,-82],[-119,153],[-117,-147],[-112,236],[-205,170],[124,37],[-33,143],[-205,-88],[18,84],[-98,-12],[-112,162],[27,-118],[-78,-61],[-71,149],[76,56],[-23,76],[-134,-170],[-80,270],[-64,-3],[-23,221]],[[82101,29343],[129,-51],[75,-365]],[[82305,28927],[-330,128],[2,-243],[-114,-187],[-154,5],[46,-57],[-270,-365],[-31,-234],[-274,-145]],[[81180,27829],[-141,25],[-72,237],[-254,-49],[-69,-153],[-321,-1]],[[80323,27888],[38,95],[-78,101],[343,91],[51,256],[111,98],[-56,383]],[[80732,28912],[244,161],[143,-8],[51,-110],[140,246],[169,-124],[79,131],[217,-16],[185,175],[141,-24]],[[61826,40165],[73,253],[601,110],[84,-21],[38,-249]],[[62622,40258],[-70,-159],[13,-363],[-185,91],[-145,-96],[-35,-229],[-209,-128],[5,-226]],[[61996,39148],[-369,-96],[-86,-103],[-184,165]],[[51043,41497],[136,-195],[-101,67],[-70,-191]],[[51008,41178],[-252,-183],[4,123],[-240,92],[-56,-149],[-89,240],[-380,41],[-23,137],[-173,5],[18,-117],[-296,-349],[-102,54],[-386,-94],[-329,159],[-141,-98],[-142,36],[-287,492],[-199,96],[-273,-133]],[[47027,43334],[135,-200],[-58,-475],[195,-133],[194,-13],[195,316],[141,-96],[133,105],[122,-67],[139,62]],[[48223,42833],[-49,-199],[190,-8],[113,-104],[424,63],[332,263],[104,-9],[226,-275],[-153,-350],[853,-55],[160,-102],[105,-311],[182,18],[125,-246],[208,-21]],[[63359,24900],[-128,329],[235,623]],[[63651,26053],[397,-153],[69,-199],[169,-111],[-22,-110],[104,-34],[155,-249],[202,-71],[-31,-139],[-117,-55],[9,-187]],[[64586,24745],[-161,-273],[-173,114],[-114,-170],[-127,94],[-94,-131]],[[63917,24379],[-54,75],[57,141],[-39,209],[-436,179],[-33,-112],[-53,29]],[[65447,34018],[-82,-30],[-50,-162],[31,-206]],[[64911,33301],[-129,47],[-173,250],[-9,241],[-100,91],[44,88],[-141,136],[-8,267],[58,49]],[[75917,34948],[5,4]],[[75922,34952],[330,-242],[231,112],[128,-140],[131,103],[195,525],[441,-127],[157,65]],[[77535,35248],[53,-161],[-49,-53],[114,-76],[51,-234],[-99,-53],[95,-111],[-38,-92],[254,-32],[53,66],[162,-145],[162,154],[103,-87],[341,66]],[[78737,34490],[156,-56],[306,97],[135,-187]],[[79387,33752],[-306,-158]],[[78631,32671],[-20,-123],[-529,-260],[-14,-296]],[[78068,31992],[-313,85],[-100,-56],[-112,86],[9,97],[-159,25],[-125,-181],[-173,-68],[11,-201],[-111,-56],[-88,-336],[-195,106],[-46,-78],[-258,-22]],[[76802,17082],[74,44],[179,-171],[228,62],[54,-76],[7,60]],[[77344,17001],[213,-459],[-32,-83],[144,-5],[61,-89],[-164,-365],[67,-222],[77,-8],[-29,-202],[72,-147]],[[77753,15421],[-59,-103]],[[77694,15318],[-288,45],[-177,142],[-53,-300]],[[77176,15205],[-112,18],[-54,180],[-430,84],[-122,229],[-208,-46],[-162,243],[-99,-47],[-131,124],[40,177],[231,60],[357,468],[124,-1],[48,137],[-110,143],[66,91],[188,17]],[[80843,30070],[-44,781],[104,286],[225,80],[-20,285],[116,46],[-75,149],[105,103],[-38,39]],[[81852,31688],[115,-45],[-54,-90],[67,-197]],[[81980,31356],[-221,-349],[42,-268],[-90,-239],[138,-378]],[[81849,30122],[-199,-90],[-25,108],[-90,-61],[21,194],[-81,46],[-221,-67],[-19,-82],[-274,74],[-118,-174]],[[61633,24831],[-163,-16],[-16,-126],[-158,-83],[-130,-920],[124,-69],[-8,-102],[168,-252],[183,4],[36,-187],[-92,-293],[77,-90]],[[61654,22697],[-339,-249],[-129,-248],[-326,203],[-86,-263],[-285,-197]],[[58971,24587],[163,231],[15,521],[57,96]],[[59206,25435],[212,-246],[19,-213],[133,-55],[181,530],[251,-177],[214,116],[184,-138],[203,57]],[[60603,25309],[248,13],[38,-104],[336,-81],[99,-190],[397,105],[2,-148],[-90,-73]],[[86663,42009],[-187,268],[97,272],[-140,79],[-77,229],[201,204],[282,37],[56,168],[106,-45],[19,202],[287,309]],[[87307,43732],[384,420]],[[87691,44152],[500,54],[49,161],[214,-201],[194,237],[108,24],[305,-187],[40,96],[126,21],[12,136]],[[89239,44493],[68,-31],[-6,-112],[254,-128],[115,49],[-22,-184],[97,80],[-41,-167],[215,-16],[30,-136],[226,-191],[-53,-172],[161,1],[-44,-107],[75,-115],[-5,-199],[130,-92],[-27,-107],[62,-72],[-169,-300],[76,-143],[-50,-78],[57,-21]],[[90388,42252],[-210,-98],[-309,-488],[-381,-93],[-122,135],[-280,-108],[-38,94],[-80,-70],[-117,162],[-115,12],[-324,-228],[47,-393],[-400,67],[-126,-394],[-88,32],[-72,-103],[-80,110],[-93,-122],[-343,95]],[[66267,21031],[-248,41],[-235,-332],[-215,14],[-45,-104],[-126,118],[-66,-40],[-40,106],[-42,-64],[-133,80],[-262,-82],[-211,58],[-158,-377]],[[64486,20449],[-156,-60],[-215,231],[-287,-176],[76,208],[-124,42]],[[63780,20694],[177,243],[56,-49],[90,74],[88,-108],[319,386],[265,-22],[244,168],[67,166],[-50,154],[100,-35],[93,257],[161,-189],[186,157]],[[45900,73561],[-101,432],[174,252],[81,283],[-147,309],[19,255],[-121,299],[-212,-62],[-70,-242],[-142,122],[-99,-136],[-238,228],[-492,-182],[-213,289],[-191,4],[-64,-112],[-318,12],[-126,141],[-232,64],[-107,255],[-372,-17],[-222,82],[-79,145]],[[43034,76931],[86,82],[217,-109],[405,65],[224,-123],[239,190],[22,176],[146,46],[18,459],[237,526],[100,475],[-25,368],[264,74],[-4,97],[140,-2],[-85,150],[158,-90],[36,97],[-82,-14],[-3,93],[154,-77],[69,-148],[33,88],[135,-174],[60,25],[77,-247],[66,10],[-46,-190],[-112,142],[55,-186],[-65,-43],[132,-68],[44,87],[7,-92],[188,87],[-52,115],[60,-17],[32,-180],[79,-24],[-153,-76],[46,-88]],[[74535,77845],[-119,20],[-33,172],[-188,-21],[-155,119],[-183,-125],[-139,75],[-122,-158],[-135,129],[-117,-75],[-85,48],[-41,-151],[-87,-38],[-65,74],[-41,-90],[-49,91],[-257,28],[-123,-145],[-233,-66],[-75,77],[-125,-95],[-173,131],[-154,-288],[-303,-142],[-56,-196],[-269,19],[-79,-143],[-202,-66],[-197,-488],[-228,-202]],[[70502,76339],[215,431],[7,224],[-191,288],[-699,531],[-62,177],[-84,-12],[-94,137],[-12,158]],[[69582,78273],[-86,453],[347,334],[1,124]],[[69844,79184],[129,-162],[199,93],[99,-322],[-60,-429],[119,-127],[154,-7],[107,-420],[92,-49],[81,359],[-65,278],[62,329],[-150,515],[214,349],[-8,215],[-120,249],[204,8],[76,148],[127,705],[-99,222],[-108,47],[-13,231],[191,123],[319,-235],[175,567],[87,129],[90,-100]],[[61764,35950],[-48,213],[-216,274],[62,162],[145,91],[74,291]],[[61781,36981],[258,-327],[325,241],[56,-141],[-65,-162],[160,-50],[-21,-197],[97,-92],[328,407]],[[63191,36140],[-126,-28],[-244,-530]],[[62821,35582],[-195,-84],[-45,67],[-127,-148],[-151,66],[-37,-59],[-207,274],[7,135],[-302,117]],[[52883,20186],[20,121],[133,39],[78,293],[170,36],[79,209],[310,53],[-38,-482]],[[53635,20455],[-59,-437],[-119,-144],[-200,152],[79,145],[-218,107],[-21,-118],[-214,26]],[[64911,33301],[75,131],[172,-50],[188,238]],[[65346,33620],[68,-141],[-52,-231],[47,-270],[138,-203],[195,-11]],[[66005,32272],[-152,-199],[-137,-44],[-24,-110],[-125,92],[-260,-144],[-458,20],[72,-76],[-113,-251],[-93,79],[-23,-108],[-291,-7],[-126,-163]],[[64275,31361],[-173,425],[171,193],[53,534],[293,518],[292,270]],[[75912,30625],[-28,-70]],[[74900,30555],[17,180],[-74,-4],[-1,142],[-141,-14],[-39,99],[131,279],[-45,92],[-141,119],[-227,-11]],[[72671,30455],[-343,39]],[[72328,30494],[-145,6],[-61,163],[11,439],[48,152],[110,32]],[[72291,31286],[21,98],[92,-42],[312,127],[105,164],[179,-61],[88,106],[-15,291]],[[94585,71760],[50,-221],[216,-219],[-24,-137],[-182,-135],[-28,-300],[-221,-112],[63,-34],[93,-569]],[[94552,70033],[-150,-59],[-144,215],[-106,-2],[-210,169],[5,82],[-193,77],[-218,16],[-54,-154],[-29,293]],[[93453,70670],[90,332],[-138,79],[-71,213],[-98,-51],[-48,85],[-321,9],[11,96],[114,30],[-94,377],[93,105],[-55,342],[126,244],[-13,124],[-376,112],[76,136],[-125,193],[126,153],[126,15]],[[67236,22845],[-310,392],[-55,379],[-162,-73],[-66,117],[-263,21],[-2,90]],[[66968,24671],[78,-27],[44,-205],[175,-11],[-82,-187],[151,-182],[228,-52],[132,77],[84,208],[178,-151],[153,15]],[[68575,23655],[13,-170],[-116,-208],[-122,33],[-175,-280],[-184,-15],[-287,-192]],[[67704,22823],[-239,61],[-87,-62],[-104,123],[-38,-100]],[[60038,29830],[-61,102],[-126,-14],[-393,-330],[-397,63]],[[59061,29651],[-87,432],[106,195]],[[59080,30278],[82,105],[55,335],[263,-45],[319,184],[-98,166],[133,399],[-114,194],[116,181]],[[59836,31797],[394,-259],[265,126],[34,-239],[-63,-132],[121,-543]],[[60587,30750],[-10,-267],[79,-137],[-168,-158],[-4,-133],[-97,-148],[-177,104],[-172,-181]],[[69805,16432],[209,29],[0,80],[96,18],[-8,148],[-59,87],[-149,-24],[-49,147],[-232,-130],[-42,285]],[[70491,17625],[224,-82],[129,-249],[258,-113],[41,-120],[226,113]],[[71369,17174],[123,57],[50,-86],[-110,-287],[-82,20],[91,-285]],[[70807,15556],[47,330],[128,274],[-57,168],[-201,-196],[-132,80],[-96,-157],[-71,287],[-178,-138],[-442,228]],[[43708,40422],[-170,-150],[-459,-13],[-216,-258],[-145,174]],[[42718,40175],[-237,58],[-155,266],[35,175],[-91,64],[-327,-186],[-340,-30],[-196,414],[-52,355],[-216,255],[-406,-89],[-71,75]],[[41416,44369],[38,-271],[219,-96],[112,-209],[773,173],[182,159],[0,278],[252,169],[164,4],[-2,-157]],[[43154,44419],[203,-224],[325,-89],[192,-207],[431,5]],[[44305,43904],[42,-394],[-269,-574],[37,-59]],[[77287,80795],[-198,1],[-357,-801],[-350,232],[-64,-131],[-88,33]],[[76230,80129],[-227,62],[-394,-185],[-44,142],[-231,76],[-101,-119],[-96,-405],[56,-245],[-96,-54],[-77,-412],[-122,-200],[8,-530],[-174,-365],[-197,-49]],[[74535,77845],[-53,225],[56,57],[20,460],[-131,553],[-66,48]],[[73903,82779],[-82,651],[154,-3],[-54,155],[-231,159],[-30,463]],[[73660,84204],[-5,176],[195,141],[27,112],[-101,544],[77,419],[107,-7],[27,148],[207,88],[-25,369],[-140,180],[68,215]],[[74097,86589],[-4,15]],[[76227,86238],[228,123],[272,-114],[246,127],[235,318]],[[78005,85763],[103,-257],[-50,-49],[56,-298],[-152,-504],[93,-415],[219,-392],[26,-219],[202,-299],[285,-222],[163,39],[85,-71],[-39,-273],[123,-217]],[[71109,35268],[59,-181],[179,-139]],[[71707,33477],[-127,-94],[-42,-182],[-400,27],[-99,-140],[-166,26],[-132,-161],[-329,86],[-126,123],[-103,-123],[-383,75],[-243,-221],[-222,125]],[[70183,35156],[221,-86],[205,-233],[163,72],[91,277],[246,82]],[[71256,18781],[-348,-118],[-2,85],[-118,1],[-27,-190],[-93,-89],[-18,88],[-185,54],[38,-108],[-233,-422]],[[69510,18923],[56,94],[-81,205],[170,113],[66,365]],[[70732,20745],[106,11]],[[70981,19812],[-136,-199],[122,-503],[261,-152],[28,-177]],[[65573,9747],[-236,-246],[-232,191],[49,50],[-89,162],[-685,-432],[-329,2],[-4,-167],[-872,-373]],[[62970,10364],[-31,386],[238,368]],[[63177,11118],[117,35],[116,-133],[212,25],[281,-129],[31,94],[220,44]],[[64154,11054],[67,-31]],[[73076,52459],[-365,-148],[-135,120],[-50,-153],[-196,62],[-149,-143],[-134,101],[-174,-194],[-90,61],[-166,-180],[-152,172],[-180,-120],[-83,148],[-119,-252],[-167,-87],[-14,-138]],[[69559,53159],[40,154],[-140,209],[9,223]],[[69468,53745],[157,-244],[204,46],[106,330],[-196,552],[137,-207],[96,47],[206,-105],[85,444],[312,579],[96,48],[10,163]],[[70685,55406],[40,150],[393,-46],[114,358],[356,-194],[-1,-175],[497,-615],[115,36],[52,309],[388,248],[81,-95],[-9,-124],[118,48],[140,-102],[51,131],[79,-100]],[[73099,55235],[-201,-414],[-364,-269],[-140,-460],[5,-148],[175,-134],[27,-377],[94,-121],[240,163],[161,-175],[-45,-386],[75,-309],[-50,-146]],[[59312,21095],[-204,286],[38,170],[-199,-13],[-64,133],[-73,-114],[-150,67]],[[58986,23287],[75,131],[74,-50],[203,194],[9,140],[94,62],[288,-161],[168,-284],[506,-240],[-39,-101],[72,-342],[132,-229],[105,-10],[-163,-268],[-21,-186]],[[60489,21943],[159,-256],[-128,-215]],[[72075,14649],[-142,-163],[5,-108],[-290,-27]],[[71648,14351],[-9,-148],[-79,19],[-67,-106],[-314,436],[-89,-22]],[[73143,20322],[104,-126],[196,12],[211,-131],[-93,-161],[141,-407],[-87,-142],[85,-89],[-127,-151]],[[73573,19127],[-351,-104],[94,264],[-169,56]],[[30706,47474],[50,-213],[121,-60],[156,37],[216,-89],[412,111],[418,-110],[16,-441],[247,-217],[21,-130],[-478,-254],[-157,-295],[23,-247]],[[31751,45566],[-21,-290],[-93,-101],[-257,-131],[-237,70],[-104,-120]],[[31039,44994],[-326,-24],[-545,845]],[[30168,45815],[49,323],[164,324],[-113,467],[87,267],[-74,234],[425,44]],[[75644,22667],[142,357]],[[75786,23024],[329,-176],[52,-155],[211,94],[94,-180],[256,-78],[96,119],[173,23],[64,-149],[-46,-63],[47,-133],[-163,-258],[12,-130],[-265,66],[-27,110],[-58,-143],[-159,122],[-151,-16],[-131,183],[-100,-99],[82,-70],[39,-313],[-181,-157]],[[79903,74636],[-104,-195],[-188,8],[-97,-167],[-276,-127],[-152,201],[-204,-42],[-106,-126],[-311,90],[-321,-308],[-676,244]],[[76664,74045],[-101,200],[16,366]],[[76579,74611],[66,205],[-42,624],[-96,71],[-66,611]],[[76441,76122],[234,232],[-19,339],[144,95],[278,-12],[242,-323],[349,-228],[119,40]],[[81646,75965],[114,-177]],[[81760,75788],[44,-142],[-47,-210],[-355,-205],[-132,-205],[-316,52],[-13,194],[-196,-39],[-145,92],[-544,-72],[-112,-232],[37,-158],[-78,-227]],[[92876,73264],[-66,99],[45,226],[-76,166]],[[92779,73755],[-69,684]],[[92710,74439],[331,145],[164,473],[3,318],[360,398],[134,550],[136,230],[329,198],[283,536],[-15,157],[96,-25]],[[94531,77419],[62,-86],[-149,-490],[42,-139],[248,99],[61,-358],[84,1],[47,-134],[-34,-123],[169,-23],[-65,-416],[35,-254],[-148,-147],[37,-114],[-68,-130],[118,-364]],[[95538,72156],[-158,-141],[-31,-177],[-292,164],[-248,-49],[-60,-76],[49,-77],[-93,-90],[-120,50]],[[94585,71760],[-276,292],[26,790],[-145,146],[-29,158],[-137,93],[-618,0],[33,218],[-150,175],[-44,-170],[-263,103],[-35,-298],[-71,-3]],[[65577,36551],[177,-227],[-24,-373],[153,-245],[-396,-102],[40,-214],[-83,-150],[140,-312],[-247,119],[-29,-162],[-92,-71],[257,-671],[-26,-125]],[[65447,34018],[-116,140],[-214,-31],[-159,153],[-120,-72],[-312,67],[-73,195]],[[64453,34470],[-321,-5]],[[64132,34465],[-182,476],[-138,0],[-34,117],[94,5],[40,130],[154,-45],[181,140],[-94,149],[52,180]],[[73238,48883],[-365,65],[-128,-76],[-177,123],[-166,-75],[-88,135],[-187,54],[-297,-429],[261,-499],[-522,-263],[-64,-210],[-156,-146]],[[70125,46749],[-75,224],[33,201],[-69,77],[59,318],[-67,195],[-302,0]],[[69704,47764],[157,347]],[[70539,50270],[300,-27],[243,129],[-34,-274],[205,37],[189,370],[-8,184],[103,37],[32,112],[221,21],[-11,139],[167,416],[339,220],[89,-81],[155,48]],[[72529,51601],[10,-145],[137,-93],[33,-388],[-128,-123],[165,-313],[-63,-203],[158,-140]],[[36992,31546],[-310,134],[-228,-71],[-147,-227],[-154,89],[-150,-78],[-249,82],[-570,-185],[51,-486],[-88,0],[-23,-119],[347,-232]],[[35471,30453],[-454,-112],[-205,607],[-228,-81],[-195,213],[-185,-39],[-109,72]],[[34095,31113],[-206,286],[-69,395],[-243,99],[-185,309],[-437,236],[-142,234],[-272,11],[-302,364],[-49,266],[166,180],[-381,586],[-190,-91]],[[31785,33988],[14,94],[-184,138],[90,50],[-37,267],[-204,50],[-188,277],[65,185],[-41,480],[266,193],[-156,114],[66,377],[-464,141],[41,319],[-289,762]],[[30664,38637],[236,-80],[154,275],[-235,126],[-218,480],[-92,37],[-15,368],[146,199],[-18,179]],[[31988,38689],[84,-152],[-18,-181],[108,-30],[-79,-182],[80,-348],[-83,-73],[193,-349],[-53,-100],[326,-338],[30,-271],[441,-13],[145,289],[450,263],[213,282],[-21,95],[263,172]],[[34067,37753],[1533,-592],[-132,-61],[-64,-468],[-206,-319],[234,-212],[71,-588]],[[77788,76265],[-166,203],[75,422],[-106,239],[86,411],[-215,193],[-85,464],[-120,33],[-171,219],[-34,300]],[[77052,78749],[222,179],[192,-54],[208,117],[115,-312],[308,-280],[133,97],[44,339],[10,366],[-320,166],[126,87],[54,175],[-205,130],[-196,-88],[-189,72],[-16,176],[-84,57],[105,165],[-7,408],[-151,51],[-114,195]],[[77287,80795],[155,162],[80,-16],[3,142],[149,194],[239,11],[5,113]],[[82021,77566],[-277,-379],[-1,-194],[-294,-560],[191,-311],[6,-157]],[[81646,75965],[-201,162],[-311,30],[-34,112],[-217,62],[-307,364],[-118,38],[-122,-163],[-128,23],[-90,451],[-133,-215],[-152,26],[-200,-314],[-129,-57],[-139,62],[-59,-207],[-97,31],[-12,-110],[-64,73],[-137,-145],[-442,-37],[-54,107],[-173,-124],[-243,47],[-105,-90],[-191,174]],[[97512,78206],[-50,101],[-246,22],[-75,118],[-161,42],[113,228],[-198,657],[109,187],[-334,477]],[[96670,80038],[55,48],[212,-179],[114,137],[178,-22],[132,156],[333,-4],[32,151],[-151,163],[5,248]],[[97580,80736],[93,41],[105,-98],[182,171],[36,-310],[133,164],[-25,-277],[-89,-81],[113,14],[63,-155],[-63,-81],[182,-24],[2,-120],[126,-6],[80,-198],[79,75],[114,-123],[-31,-83],[111,79],[107,-30],[-2,-91],[146,2],[73,160],[366,-98],[-187,-274],[480,-509],[41,-272],[97,-46],[87,-209],[-212,-345],[-147,25],[126,-255],[-4,-356],[-262,-180],[-213,-408],[147,-206],[30,-232],[-143,3],[-175,-164],[-129,-338],[-104,185],[-114,-18],[-39,-207],[-194,-197]],[[69938,34869],[-118,-398],[153,-168],[52,-331],[-276,-119],[-75,-232],[-195,-37],[-144,-566]],[[69335,33018],[-249,-280]],[[69086,32738],[8,404],[-343,546],[-179,-96],[-234,59],[-88,-171],[-288,-229],[-81,156],[-161,-166],[-91,107],[-44,-481],[-262,-178],[-58,-166],[77,-368]],[[67342,32155],[-166,-181],[-38,-190]],[[67138,31784],[-136,-281],[97,-184],[-79,-67],[-191,9],[-129,-131],[-317,276]],[[66383,31406],[-187,339],[91,161],[-147,83],[-135,283]],[[66005,32272],[-263,492]],[[65742,32764],[-46,145],[57,238],[155,242],[82,329],[206,290]],[[66196,34008],[402,-202],[11,-314],[143,15],[290,-240],[334,296],[358,685],[239,81],[36,331],[151,17]],[[79387,33752],[38,364],[-84,47],[-7,181]],[[79334,34344],[111,287]],[[80173,34953],[162,-175],[179,66],[131,-52],[18,-206]],[[79723,33415],[-145,39],[-191,298]],[[64221,11023],[406,88],[303,235],[142,328],[-98,168],[-19,232],[113,108],[206,106],[126,-87],[108,47],[264,289],[189,-231]],[[65961,12306],[72,-146],[125,-40],[55,-168],[-4,-87],[-126,-27],[4,-133],[91,-60],[291,65],[269,-558],[19,-116],[-170,-167],[92,-238]],[[66679,10631],[-473,-324],[39,-105],[378,-225]],[[66623,9977],[-252,-328],[-10,104],[-226,120],[-178,-114],[-58,-181],[-82,217],[-244,-48]],[[65573,9747],[-407,675],[-269,43],[-54,147],[42,90],[-170,-18],[-169,272],[-225,-55],[-100,122]],[[66717,18459],[-270,951],[142,496],[-32,304]],[[66557,20210],[306,-77],[151,-350],[422,24],[72,116],[150,-76],[216,48]],[[67874,19895],[115,-99],[28,-238],[-108,-24],[-7,-116],[63,-176]],[[67965,19242],[-164,-141],[-20,-152],[-133,-51]],[[67648,18898],[-247,-213],[-20,-191],[-189,36],[-133,-94],[-113,167],[-229,-144]],[[82021,77566],[94,402],[128,188],[-82,126],[-189,8],[-72,94],[-170,-72],[-36,-111],[-192,-44],[-83,105],[83,154],[-33,429],[90,100],[-78,227],[110,76],[74,231]],[[81588,80744],[213,-286],[189,7],[61,-307],[131,-23],[178,-221],[126,117],[805,85],[117,143],[450,208],[388,-73]],[[84246,80394],[26,-173],[-152,-156]],[[84120,80065],[8,-208],[-248,-276],[-6,-133],[-358,-211],[-79,-220],[37,-320],[-117,-56],[11,-159],[321,-92]],[[83689,78390],[-117,-245],[74,-243],[-83,-133]],[[83563,77769],[-188,-168],[-440,-65],[-86,167],[-234,23],[-14,117],[136,53],[-166,43],[-203,-307],[-196,51],[-151,-117]],[[73635,29978],[-158,36],[-307,-253],[-348,106],[99,293],[-131,136],[-139,-65],[-23,128],[144,48],[-101,48]],[[72671,30455],[-7,227],[267,17],[4,189],[85,40],[-60,162],[78,192],[100,38],[117,-86],[29,191],[140,-115],[62,73],[-66,334],[178,242]],[[74039,32222],[187,-53],[295,-249],[-20,-161],[-154,-79],[-28,-154],[61,-89]],[[74380,31437],[-510,-522],[57,-311],[103,-68]],[[77609,45998],[-254,-22]],[[77355,45976],[-30,122],[-308,114],[-125,-40],[-183,242],[-34,197],[97,116],[-85,154],[83,396]],[[52986,73765],[139,-301],[-27,-304]],[[53098,73160],[-302,-304],[-53,-348],[-219,-18],[-180,-452],[35,-123],[122,-6],[-23,-83],[-187,-34],[-183,104],[-221,-145],[71,-360],[-176,-220],[108,-302],[-30,-175],[-324,252],[-81,-210],[-161,-130],[87,-209],[-117,-506],[70,-310],[-53,-80],[-181,78],[-57,-505],[-169,168],[-182,-69],[-225,104],[-102,-156],[-186,-16],[-49,-287],[-152,-212],[-376,86],[-80,-83]],[[49522,68609],[-78,30],[-63,222],[-410,-13],[-117,284],[-157,116],[-4,274],[-284,75],[-380,-173],[-163,97],[-190,-202],[-93,13],[-258,266],[-10,190],[-229,49],[-5,262],[-144,-104],[-74,103],[-262,17],[-201,180],[-32,565],[-247,424],[-30,294],[-266,-56],[-187,-156],[-168,302],[-297,11]],[[45173,71679],[-137,607],[-82,56],[141,193],[170,-23],[161,518],[146,48],[-45,213],[161,116],[37,-55],[4,119],[168,-22],[3,112]],[[45900,73561],[570,311],[141,-33]],[[92287,68635],[-105,162],[4,269],[-103,23],[-22,267],[189,504],[132,136]],[[92382,69996],[122,-32],[221,118],[194,388],[183,128],[178,59],[54,-71]],[[93334,70586],[-7,-492],[274,-318],[48,-180],[-126,-311],[-225,-50],[-1,-219],[-166,-216],[53,-366],[-214,-202],[-18,-203],[-176,-273]],[[92776,67756],[-210,42],[34,336],[-313,501]],[[30622,40221],[-89,-12],[34,103],[-76,51],[-153,460],[92,273],[77,809],[-184,489],[-23,345],[143,143]],[[30443,42882],[107,-143],[432,-161],[131,-305],[129,-91],[-29,-85],[386,-21],[227,-181],[160,135],[218,-110],[335,65]],[[32539,41985],[-29,-891],[230,-27],[169,-698],[87,-120],[-436,-886],[-196,-594],[-376,-80]],[[31988,38689],[-231,255],[-3,248],[-106,-12],[-75,152],[-98,-20],[16,130],[-121,-1],[-202,254],[-119,-30],[-47,75],[77,110],[-201,272],[-256,99]],[[63887,37100],[128,41],[318,-240],[81,128],[214,-125],[50,328],[82,10],[-59,228],[74,-23],[58,95],[-170,38],[-52,405],[40,45],[74,-88],[48,146]],[[64773,38088],[144,22]],[[65023,36794],[21,-224],[-334,-217],[100,-465],[176,-54],[-92,-175],[35,-143],[131,-49],[-140,-77],[-91,138],[-151,-80],[-251,193],[-145,-98],[-77,74]],[[64205,35617],[-456,353],[-262,-19],[-34,247]],[[79163,28641],[-182,28],[41,-60],[-90,-356],[-234,-108],[-53,-225],[-113,-41],[22,-92],[-101,-93],[-83,-364]],[[78370,27330],[-110,-79],[-74,182],[-89,34],[-106,-127]],[[77991,27340],[50,308],[-62,68],[33,85],[-161,130],[78,319],[-159,362],[-8,480]],[[77762,29092],[-6,165],[149,12],[66,107],[155,-133],[171,66],[92,249],[-42,122],[223,83],[119,-75],[32,119],[122,-24],[158,123]],[[70115,40285],[62,404]],[[70177,40689],[450,-172],[364,232]],[[70991,40749],[160,28],[143,386],[-5,176],[187,45],[46,189],[132,63],[-25,99],[208,-118],[98,246],[73,-7],[83,-233],[186,7],[129,-137],[257,-725],[130,18],[-78,-272],[110,-314],[185,-31]],[[73010,40169],[49,-100],[-170,-256],[70,-202],[-258,-14],[-30,-479],[-106,36],[-144,-137],[-107,78],[-89,-73],[-129,82],[-22,306],[-287,454],[23,189],[-316,223],[-97,-29],[15,-396],[-77,-86],[179,-565],[-59,-122],[55,-435]],[[71510,38643],[-115,-150]],[[71395,38493],[-195,219],[-138,10],[-83,-114],[-230,441],[-678,21],[83,269],[-49,112],[107,90],[-236,51],[-143,307],[128,80],[154,306]],[[97512,78206],[580,-948],[98,-488],[110,-100],[-47,-176],[61,-340],[162,-211],[90,-279]],[[98566,75664],[-254,-854],[-68,-123],[-85,8],[-28,-294],[-162,-73],[-117,183],[43,155],[-49,158],[-111,-328]],[[97338,74864],[-111,379],[-447,833],[101,506],[-49,188],[69,6],[23,245],[137,-56],[163,258],[288,983]],[[77409,52356],[-129,2],[14,214]],[[77294,52572],[-45,97],[64,41],[-105,0],[75,140],[-112,127],[-23,795],[-304,113],[14,215],[-100,168],[68,203],[-73,74],[59,36],[-113,23]],[[77088,56587],[105,-248],[-57,-846],[155,-131],[30,-143],[171,-83],[47,-457],[145,53],[83,-72],[31,99],[139,-154],[143,99],[207,-282],[129,-54],[52,-270],[-103,-15],[60,-227],[230,136],[106,-120],[201,67],[19,-96]],[[79737,52118],[-62,-68],[-270,46],[34,-89],[-136,-79],[-112,94],[-161,-101]],[[49412,19610],[182,-92],[13,-155],[120,471],[157,-79],[8,-190],[112,-87],[-43,-92],[330,-169],[-85,-169],[270,-121],[47,-153]],[[50523,18774],[-57,-75],[192,-146]],[[48668,18497],[18,244],[-105,242],[56,481]],[[48637,19464],[126,23],[79,-197],[140,-84],[269,329],[161,75]],[[76708,19026],[-353,-488]],[[76355,18538],[-513,-280],[-45,-165],[-548,36],[-22,241],[77,18],[-85,145],[87,70],[-51,115],[302,-51],[-215,166],[245,285],[-162,155],[-54,177]],[[75371,19450],[186,199],[305,-94],[74,172],[183,68]],[[76119,19795],[38,-90],[-100,-111],[27,-117],[624,-451]],[[62603,44234],[269,227],[-87,85],[-63,-90],[-161,-8],[106,304],[-111,-98],[-57,84],[314,307],[-54,64],[-229,-149],[-257,31],[-138,172],[254,67],[25,201],[133,-41],[-7,101],[-301,-94],[-101,93],[28,137],[-64,143],[-201,-77],[-7,76]],[[61894,45769],[188,119],[-11,174],[121,-68],[113,133]],[[62305,46127],[152,339],[245,-211],[238,-39],[81,-144],[49,466],[223,81],[51,88],[-78,30],[12,83],[277,134],[-318,0],[166,245],[-5,68],[-233,40],[173,158],[-149,78],[149,95],[-138,105],[116,28],[-92,35],[-12,103],[87,58],[-60,43],[86,176],[-132,-137],[14,178],[-92,89],[56,169],[-116,62],[14,155],[-92,59],[101,89],[-95,116]],[[62983,48966],[-41,227],[423,106],[140,119],[167,-30],[251,-380],[220,-85]],[[64143,48923],[25,-246],[194,-185],[286,-1025],[153,108],[-5,246]],[[64796,47821],[274,-753],[35,-150],[-53,-82],[188,-263],[10,-276],[121,-174],[159,-680],[-177,-179],[4,-141],[-80,-17],[32,-173]],[[64999,44438],[-473,-166],[-119,55],[-209,-205],[1,-227],[98,-31],[13,-378]],[[64310,43486],[-242,57],[-91,-65],[-388,237],[-340,-272],[-239,297],[-134,440],[-190,-83],[-83,137]],[[69636,11422],[153,59],[212,333],[-126,-8],[53,83],[-138,321]],[[69790,12210],[115,181],[135,55],[181,-153]],[[70221,12293],[95,-152],[77,8],[24,-269],[101,-92],[191,174]],[[70709,11962],[-27,-291],[-143,-158],[206,-71],[119,72],[87,-83],[-96,-61],[76,-189],[-69,-18],[29,-138],[-161,4],[118,-136],[-22,-116]],[[70826,10777],[-189,64],[-24,-323],[123,-235]],[[70736,10283],[-201,-43],[-142,128],[-290,-180],[1,137],[-166,-95],[-65,58]],[[61510,15344],[184,44],[79,178],[260,-121],[175,422]],[[63355,14819],[80,-190],[-198,-31],[-89,-164],[-195,124],[-120,-73],[-12,-145],[187,-36],[72,-199],[-326,-196],[-263,10],[-157,-198]],[[62334,13721],[-92,88],[97,121],[-81,118],[97,262],[-60,191],[-81,-32],[-28,105],[-53,-152],[-157,108],[-84,-112],[-143,156],[-134,-60],[89,202],[-225,326],[58,103],[-27,199]],[[53404,23976],[125,257]],[[53360,22813],[-151,-117]],[[53209,22696],[-169,282],[-62,-45],[-68,103],[-148,-66]],[[52762,22970],[87,348],[176,29],[36,107],[267,186],[-26,140],[70,42],[-50,79],[82,75]],[[82241,34497],[22,-3]],[[82263,34494],[-3,-192],[121,-68],[121,61],[106,-137],[-37,-100],[80,-190],[-85,-113]],[[82537,33146],[-122,-255],[68,-232],[-84,-54],[-32,-295],[-248,-295],[35,-80],[-302,-247]],[[81852,31688],[-37,-67],[-162,96],[-218,-81],[-131,66],[-17,159],[-71,-22]],[[74790,40750],[74,178],[215,113],[79,-60],[134,309],[229,152],[229,345],[135,-55]],[[75885,41732],[263,-271],[226,-41],[54,-126],[202,-66],[173,-228],[260,96],[36,178]],[[77099,41274],[89,-155],[-142,-245],[105,-236],[-167,-553]],[[76984,40085],[-67,-281],[-300,-8],[-147,-314],[-114,-2]],[[76356,39480],[85,74],[-433,392],[27,139],[-71,36],[5,153],[-124,241],[-279,54],[-38,239],[-220,-22],[-54,97],[-112,-103],[-95,47],[-151,-248],[-106,171]],[[65218,42423],[39,206],[-56,152],[-69,-17],[-13,93],[-143,88],[197,132],[-67,89],[124,63],[-78,44],[58,198],[-86,22],[88,80],[-191,23],[93,92],[155,-26],[-22,96],[81,104],[-32,84],[-179,-95],[65,84],[-60,130],[-162,-67],[-14,83],[122,126],[-212,56],[139,53],[-71,46],[111,19],[-36,57]],[[64999,44438],[-30,302],[114,138],[48,-64],[178,119]],[[65309,44933],[125,22],[273,-171],[193,-15],[13,85],[98,-57],[160,-427],[176,-111]],[[66347,44259],[94,-285],[123,17],[67,-141],[227,-103],[109,-196],[30,-301],[253,-23],[52,87],[71,-108]],[[67373,43206],[-58,-107],[145,-194],[-28,-336],[-145,-117],[-171,-337],[-2,-253],[164,-357]],[[67278,41505],[-5,-163]],[[67273,41342],[-677,-205],[-269,90],[-142,-82],[-94,166],[-168,19],[-7,205],[-112,29],[87,227],[-138,189],[-41,-175],[-114,262],[-63,-86],[-71,46],[-36,-131],[-72,20],[-54,244],[46,54],[-92,178],[60,32],[-98,-1]],[[65376,23911],[-93,200],[-151,-7],[-130,313]],[[65002,24417],[133,257],[-22,279],[171,-14],[446,420]],[[65730,25359],[-26,-216],[-90,-2],[-13,-104],[219,43],[177,-77],[100,-213],[274,31],[113,140],[168,-131],[237,126]],[[66889,24956],[79,-285]],[[66968,24671],[-109,1],[-79,-389],[-212,-158],[48,-223],[-238,-131]],[[66378,23771],[-2,0]],[[66376,23771],[-191,249],[-640,-238],[-169,129]],[[41570,10463],[218,412],[197,-329],[79,37],[95,261],[-117,367],[141,168],[256,-177],[74,133],[194,-24],[102,270],[399,42],[75,110],[134,-103],[432,231],[85,204]],[[43934,12065],[345,-24]],[[44279,12041],[-93,-289],[-159,-135],[-155,-346],[-36,-172],[98,-203],[-259,-292],[-170,-26],[-30,-452],[-137,-56],[-9,143],[-178,-359],[-196,-84],[7,-482],[-145,-348]],[[42817,8940],[-134,12],[-86,121],[-101,-97],[-209,40],[-133,-164],[-486,-142],[-416,201]],[[41252,8911],[-15,318]],[[41237,9229],[263,163],[199,300],[209,-2],[57,76],[9,272],[-467,132],[-47,104],[110,189]],[[62970,10364],[233,48],[341,-197],[-308,-123],[2,-366],[-94,-199],[107,-295],[-78,-94],[2,-204]],[[63175,8934],[-246,-188],[-195,135],[-134,-113],[-231,-13],[-177,-260],[-23,108],[-95,24],[-31,-126],[-174,-42],[17,-245],[-181,-131],[-60,90],[-136,-236],[-141,52]],[[61368,7989],[-63,64],[41,319],[-165,197],[77,120],[-80,60],[66,301],[-83,113],[-182,-11],[48,253],[232,22],[32,113],[-76,137],[-92,-29],[-4,161]],[[61119,9809],[274,143],[178,265],[88,8],[50,83],[-37,126],[100,3],[98,229],[388,8],[64,-181],[128,-29],[-17,-159],[79,-58],[192,111],[266,6]],[[79445,34631],[-73,218],[108,201],[-40,188],[-92,-4],[29,181],[-83,186],[182,-105],[199,62],[272,-181],[210,44],[16,-468]],[[80173,34953],[-170,-118],[-24,-286],[-309,124],[-225,-42]],[[63355,14819],[-459,177],[-47,219],[-186,-35],[-49,140],[-395,369],[-11,178]],[[62208,15867],[-53,144],[48,148],[29,-86],[198,-19],[52,117]],[[62482,16171],[254,-201],[125,-47],[85,104],[34,-139],[164,-19],[252,273],[149,-55],[117,256],[257,-107],[170,104],[16,101],[101,-117],[51,86],[84,-125],[81,-25],[36,108],[91,-101]],[[64549,16267],[79,-195]],[[64628,16072],[-4,-352],[-127,41],[-107,-312],[125,-294],[-70,-305],[-199,-150],[-140,-385]],[[64106,14315],[-121,-58],[-517,536],[-113,26]],[[86663,42009],[129,-134],[126,-592],[339,-421]],[[87257,40862],[8,-270],[-105,-68],[59,-75],[-1,-352],[-75,-47],[280,-311],[-104,-260]],[[87319,39479],[-169,-97],[-222,22],[-197,135],[-315,-223],[71,-250],[-43,-64],[-61,62],[-25,-114],[-79,-2],[-158,135],[-200,-162]],[[85921,38921],[-136,-46],[-27,171],[-139,-40],[56,143],[-89,163],[-111,-152],[-215,-94],[83,150],[-115,101],[44,69],[-49,77]],[[85223,39463],[219,488],[107,400],[-33,109],[90,71],[50,-57],[153,196],[-103,125],[68,92],[-59,48],[-226,-158],[-135,5],[-33,273],[281,235],[136,54],[39,-64],[129,131],[159,357],[-33,182],[323,110],[308,-51]],[[46511,7349],[-69,141],[33,400],[-73,18]],[[48092,8691],[232,109],[206,-27]],[[48530,8773],[222,-70],[2,-130],[122,-127],[526,-320]],[[49402,8126],[-333,-343],[-16,-144],[61,-46]],[[48898,6911],[-125,64],[-139,267],[-131,-1],[-121,121],[-59,-80],[-104,61],[-12,121],[-72,-41]],[[48135,7423],[-155,67],[-135,-217],[-11,137],[-89,70],[-150,-318],[-166,80],[-195,-88],[-123,350],[-361,-329],[-81,137],[-158,37]],[[45556,38142],[-208,-286],[-338,-259],[-229,106],[-190,-117],[-114,77]],[[44477,37663],[1,202],[-336,247],[-15,399],[-284,245],[33,131],[80,11]],[[45971,39789],[109,-159],[-35,-83],[87,-28],[-112,-98],[56,-44],[-135,-213],[46,-57],[-77,-43],[57,-113],[-191,-138],[-3,-232],[-181,-229],[-36,-210]],[[8262,42862],[-201,-375],[-209,-48],[-292,-654],[-324,121]],[[4749,41993],[-92,54],[-103,-68],[-51,299],[-80,58],[-16,-143],[-35,132],[-158,36],[-34,217],[-34,-95],[-198,82],[-69,-102],[-40,103],[-118,-32],[-156,143],[-68,-154],[-99,100],[-347,46],[-117,-75],[-114,129],[-88,-33]],[[2732,42690],[56,293],[521,190],[-1,392],[788,-33],[470,473],[270,554],[88,436],[-80,96],[36,269],[-94,489],[378,224],[222,288],[178,708],[428,243],[546,1275],[510,244],[524,5],[309,169],[755,-86]],[[8636,48919],[172,-24],[-21,-400],[144,-95],[-14,-214],[720,-582]],[[9637,47604],[-136,-247],[-7,-197],[-174,-114],[-80,-174],[52,-123],[-53,-39],[100,-290],[-50,-113],[94,7],[107,-547],[242,-118],[-115,-74],[-12,-174],[-472,-783],[84,-171],[-206,-96],[-194,64],[-156,-158],[-162,-446],[-135,-106],[-168,-420],[66,-423]],[[55777,23305],[47,-124],[-146,-574],[-441,39],[-59,-347],[-102,-73],[-23,-160],[-196,2],[-243,181],[-191,-316],[-139,67],[-35,-194]],[[54249,21806],[-181,-160],[-228,78],[-258,-60],[-156,246],[104,166],[-80,212],[59,121],[-149,404]],[[53360,22813],[90,105],[-91,131],[92,68],[200,-57],[336,261],[70,163],[-20,133],[-97,42],[2,255],[-258,408]],[[54877,24491],[101,25],[53,-120],[149,-60],[153,-310],[191,-74],[-25,-263],[278,-384]],[[72967,12555],[-114,51],[-1,172]],[[73085,14033],[128,-91],[287,145],[8,418],[65,-129],[38,158],[166,100],[267,-92],[133,93]],[[74177,14635],[141,-31],[14,-124]],[[74332,14480],[-132,-121],[10,-127],[-125,-177],[14,-179],[-207,-64],[140,-161],[-110,-98],[126,-124],[25,-200],[-236,-202],[161,-212],[-125,-337],[-112,32],[-269,-163],[-184,216],[-341,-8]],[[75992,29495],[-82,-189],[-99,-39],[-108,89],[-569,-33],[-33,196],[-119,4],[84,101],[-380,47]],[[75026,30450],[141,122],[52,-62],[303,102],[43,-100],[319,43]],[[75884,30555],[40,-153],[-78,-78],[154,-95],[17,-161],[-155,-391],[19,-137],[111,-45]],[[70409,51103],[65,-251],[-76,-255],[156,-146],[-15,-181]],[[70539,50270],[-244,-195],[-94,-352],[-216,49]],[[95921,71857],[-95,61],[60,90],[-120,182],[-228,-34]],[[95538,72156],[-31,131],[94,116],[-94,155],[-42,416],[-76,103],[33,147],[-79,113],[144,87],[83,469],[-246,410],[-27,271],[-327,167]],[[94970,74741],[151,493],[103,59],[50,-81],[186,126],[137,-236],[330,2],[73,-80],[205,52],[118,-202],[-39,-134],[307,-381],[150,194],[146,-10],[193,169],[49,-129],[209,281]],[[97338,74864],[191,-29],[80,-238],[126,-101]],[[97735,74496],[-454,-849],[-88,-6],[21,-133],[-58,-24],[84,-8],[107,-273],[-39,-205],[-145,-36],[-143,134],[-195,-25],[-198,175],[-115,-180],[-255,2],[-203,-910],[-133,-301]],[[52655,31552],[-228,-199],[26,-108],[-109,-328],[-166,-19],[-49,155],[-320,248],[-690,-439],[-224,-330],[196,-497],[-67,-239]],[[51024,29796],[-113,138],[-324,30]],[[50587,29964],[-495,856],[-14,148],[-150,141],[27,146]],[[49955,31255],[1,202],[83,-1],[67,161],[-183,573]],[[49923,32190],[483,-302],[97,71],[-64,108],[74,105],[241,4],[-174,495],[-146,191],[202,471],[-198,154],[-123,359],[-169,162],[-45,339],[-148,46],[-137,293],[-268,186],[-52,242],[42,200]],[[49538,35314],[210,-164],[305,1],[133,-142],[112,112],[223,-72],[149,-348],[319,-278],[162,60],[155,-96],[92,63],[47,177]],[[51445,34627],[51,-40],[157,124]],[[51653,34711],[165,-385],[141,-106],[41,68],[57,-335],[184,-132],[264,38],[153,-116],[94,146]],[[52752,33889],[320,-381],[139,-13],[209,164],[116,-171],[77,12]],[[53613,33500],[16,-84],[-297,-509],[-302,-23],[-88,-124],[139,-240],[-22,-221],[110,-78]],[[74093,86604],[-119,1030],[-194,445],[-85,5],[17,145],[-191,205],[82,65],[72,448],[148,132],[71,256]],[[73894,89335],[372,238],[147,445],[100,-154],[232,189],[40,161],[-58,105],[251,430]],[[74978,90749],[129,-187],[-90,-433],[73,-270],[-96,-694],[70,-120],[277,-32],[-8,-727],[421,158],[250,-400],[61,-413],[160,-251],[-52,-261],[72,-381],[-63,-258],[45,-242]],[[76227,86238],[-183,-793],[-192,169],[-100,244],[-252,139],[-17,385],[-157,-27],[-279,130],[-116,-79],[-30,-239],[-139,353],[-180,-208],[-232,132],[-77,227],[-180,-67]],[[69472,43162],[367,-480],[308,132],[-16,-84],[121,-87],[-53,-289]],[[69241,41846],[-60,849],[229,237],[62,230]],[[60156,53472],[-27,257],[94,117],[-57,139]],[[60166,53985],[335,-62],[27,108],[194,43],[53,-124],[214,111],[85,-170],[108,35],[44,-108]],[[61226,53818],[-2,-277],[112,-116],[-24,-124],[143,24],[136,-103],[-23,-424],[-130,-155],[148,-444],[110,-17],[57,-139],[250,-34],[74,-389],[158,24],[104,-130],[203,54],[58,-172],[157,132],[78,-41],[65,-314],[-375,-332],[-62,-289],[-128,-66],[38,-112],[-100,-139]],[[62273,50235],[-224,-36],[-94,203],[-76,-68],[-186,96],[153,211],[-38,172],[-389,-53],[-52,65]],[[61367,50825],[-44,181],[-140,134],[131,328],[-49,407],[-242,171],[-150,6],[-185,265],[262,90],[-43,106],[-357,-14],[10,212],[237,127],[-506,170],[29,258],[-164,206]],[[69221,17152],[-29,-76],[-67,60],[-114,-265],[-176,78],[-65,-121],[-205,-37],[-60,-299],[-195,-130],[10,-118],[-93,-7],[25,-99],[-90,-120]],[[68162,16018],[-107,-104],[-73,184],[-102,39],[-198,-116]],[[67682,16021],[-173,125],[-49,-71],[-78,159],[-289,-41],[-81,-65],[-67,-297],[-91,-83],[-58,71],[-133,-247],[-137,27],[-289,-150],[-107,-161],[63,-157]],[[66193,15131],[-148,125],[-88,-95]],[[65957,15161],[-131,33],[4,155],[-178,-44],[-54,86]],[[65598,15391],[169,42],[90,289],[-99,135],[35,170],[-71,55],[236,90],[151,230],[-87,184],[35,132],[-162,38],[11,310],[-336,300],[11,117],[192,219],[105,-62],[152,144],[76,-93],[162,112]],[[66268,17803],[145,63],[7,95],[145,-87],[356,153],[254,-132],[234,47],[58,100],[69,-82],[148,22],[-24,-126],[50,-4]],[[67710,17852],[-237,-84],[-26,-197],[162,-46],[80,-138],[144,49],[52,-90],[345,394],[122,-66],[404,333]],[[53029,15885],[112,176],[-37,117],[63,174],[298,18]],[[53465,16370],[-6,-282],[120,-257],[-31,-119],[240,-496],[-83,-361]],[[63731,26913],[49,-225]],[[63780,26688],[10,-106],[-192,-307],[53,-222]],[[63651,26053],[-60,-201],[-125,0]],[[63466,25852],[-125,-176],[-204,54],[-226,439],[-90,-4],[-41,222],[-193,49]],[[62587,26436],[26,166],[92,37],[-26,77],[241,410],[361,-363],[450,150]],[[80921,38944],[-292,-311],[-218,-70]],[[80411,38563],[-125,5],[62,178],[-129,181],[-47,253],[105,55],[46,164],[205,-25],[13,117],[130,51],[-9,158],[86,162],[99,1]],[[71707,33477],[-128,27],[28,194],[-155,31],[-89,145],[75,104],[-51,152],[67,134],[-169,439],[102,150],[-40,95]],[[71347,34948],[26,375],[170,133],[139,-53],[144,215]],[[71826,35618],[80,-6],[-20,150],[205,-2],[122,180],[153,-135],[88,45],[221,-99],[-19,207],[76,247],[-89,68],[84,242]],[[72727,36515],[146,198],[81,-160],[280,110],[-73,104],[13,161],[267,-92],[254,118]],[[73695,36954],[25,-16]],[[73720,36938],[-6,-229],[-127,-237],[101,-197],[-47,-175],[257,-104]],[[73898,35996],[15,-96],[-104,-27],[-73,-146],[-209,-81],[-218,-218],[6,-209],[-194,-2],[104,-128],[-118,-176],[245,-57],[9,-105],[124,-96],[373,453]],[[74332,33542],[-73,87],[-73,-266],[-88,39]],[[73037,33214],[-120,47],[-137,-159],[-224,131]],[[72556,33233],[-212,327],[-182,-131],[-241,158],[-214,-110]],[[85400,49317],[-76,57],[-12,297],[-89,34],[-35,156],[-229,98]],[[84959,49959],[177,307],[142,60],[-81,138],[63,87],[237,192],[175,-9]],[[86521,50909],[89,-304],[-200,-540],[60,-214],[-122,32],[-265,-152],[-98,-228],[-183,10],[-402,-196]],[[57077,78125],[-128,476],[135,143],[-115,86],[-426,-627],[-231,-80],[-260,-299],[-153,111],[-195,-60],[-449,322],[-172,-182],[-233,27],[-608,-251],[-619,201],[-300,275]],[[53323,78267],[112,689],[226,567],[-14,240],[-426,92],[-68,132],[34,86],[-207,145],[32,96],[-101,-117],[-118,64],[120,137],[-265,619],[-94,-19],[-252,372],[-284,98]],[[52018,81468],[-285,1129],[768,996],[435,363],[121,337],[135,129]],[[53192,84422],[408,377],[328,-93],[124,-319],[148,6],[-13,-248],[205,-120],[85,-252],[110,-35],[153,-275],[70,32],[-12,-107],[88,-113],[148,-40],[7,-111],[58,34],[-7,-166],[108,-169],[503,-351],[229,-440],[115,-3],[-61,-168],[546,370],[332,15]],[[56864,82246],[266,-570],[355,-116],[336,-517],[291,-267],[74,112],[-11,228],[-226,191],[-40,280],[90,432],[106,111],[387,124],[81,-45],[64,-125],[-46,-176],[166,-101],[28,-136],[267,-290]],[[59052,81381],[202,-157],[44,-258],[-105,-240],[91,-290],[-204,-265],[47,-196]],[[59127,79975],[-196,-219],[-219,-23],[-221,-458],[31,-277]],[[58522,78998],[-210,-202],[-558,-85],[-206,-234],[-380,-235],[-19,-128],[-72,11]],[[53684,24322],[-155,-89]],[[53529,24233],[-98,177],[-11,451],[-147,208]],[[53273,25069],[53,214],[112,78],[183,990]],[[53621,26351],[99,3],[163,176],[43,213],[-61,172],[63,156]],[[53928,27071],[114,-263],[99,46],[25,-138],[215,-82],[179,-284]],[[54560,26350],[114,-358],[-14,-669],[-74,-152],[310,-257],[-19,-423]],[[54877,24491],[-298,-13],[-44,-267],[-208,131],[-341,-82],[-302,62]],[[12652,37358],[-22,-118],[-90,65],[-3,-130],[-91,35],[-62,-101],[82,-87],[-102,25],[23,-93],[-80,-27],[56,-427],[-71,-144],[37,-156],[117,20],[-37,-316],[68,-87],[-70,-126],[81,-112],[-155,-173],[-180,22],[-198,-298],[-67,37],[-101,-103],[-105,-264],[-118,-80],[77,-135],[-53,-84]],[[11588,34501],[-707,-79],[-241,-175],[-293,17],[-660,289],[-506,-60],[-254,116],[-355,398],[-172,74]],[[8400,35081],[206,468],[-69,739]],[[8537,36288],[341,-14],[211,117],[93,190],[-11,190],[259,-29],[-27,246],[80,165],[365,-411],[212,39],[469,665],[-10,355],[311,407],[542,-602],[850,-66],[430,-182]],[[79046,24245],[-77,-73]],[[78523,23944],[-104,-38],[-37,-158],[-259,-49],[-40,121],[-145,23],[0,179],[-256,164],[64,28],[-42,57],[58,101],[-147,313]],[[77615,24685],[118,23],[113,246],[101,57],[-37,189],[65,328],[118,-61],[-7,-162],[94,-142],[269,-91],[-68,-96],[44,-52],[146,39],[-30,58],[95,131]],[[78636,25152],[176,-69],[193,-229],[-108,-337],[149,-272]],[[74322,23719],[83,-389]],[[74405,23330],[-38,-250],[-95,-86],[41,-174],[-190,-135],[-53,-170]],[[72506,22733],[-135,100],[7,166],[94,26],[149,331],[81,28],[62,171],[-32,185],[194,151]],[[72926,23891],[82,-4],[111,-300],[123,-87],[158,116],[280,-137],[39,187],[173,-57],[-28,-125],[78,68],[83,-61],[-5,64],[302,164]],[[78369,45465],[-274,122],[-69,-295],[-136,254],[-221,52],[-98,294],[38,106]],[[77609,45998],[41,104],[-88,172],[192,248],[0,512],[169,200]],[[77923,47234],[213,141],[142,-51],[49,-157],[144,44],[-76,-160],[1,-450],[163,-193],[-62,-615],[-128,-328]],[[86560,47152],[125,-87],[413,77],[327,-463]],[[87425,46679],[-134,-405],[-186,-203],[-104,-9],[39,-247],[-100,-105],[-31,-205],[-163,39],[-53,-160],[40,-108],[-81,-212],[-96,-56],[27,-131],[-324,-87],[-73,83]],[[86186,44873],[-509,773],[169,184],[-33,112],[129,229],[-275,321],[211,158],[273,29],[113,329],[296,144]],[[49955,58410],[41,-221],[-127,-167],[-26,-283],[183,23],[32,-165],[247,150],[601,-15],[88,-352],[471,-310],[214,-324],[95,-2],[-21,71],[123,112],[70,-63],[97,52],[117,-209],[101,84]],[[51645,54108],[-195,132],[-252,-112],[-239,-458],[-160,-118],[-102,-229],[-190,-92],[-118,-239],[-257,24],[-112,-91],[-405,127],[-182,-68],[-2,-89],[-99,12],[-77,-154],[-202,-64],[-145,-144],[0,-177],[-113,4],[-8,-118],[-62,10],[9,-117],[-73,57],[-75,-76],[38,-69],[-100,-5],[34,-150],[-175,-89],[-21,-126],[104,-59],[-158,-74],[59,-97],[-56,61],[-66,-97],[82,-40],[-72,-105],[92,-33],[-76,-141]],[[45010,52899],[23,35]],[[45033,52934],[413,67],[89,-124],[188,188],[118,-153],[298,783],[331,277],[174,302],[27,217],[160,103],[293,-15],[26,81],[284,33],[79,61],[-25,109],[131,83],[50,-237],[103,42],[69,254],[144,59],[27,251],[253,320],[120,330],[-81,117],[23,306],[52,118],[237,113],[52,156],[-77,106],[183,138],[46,303],[184,271],[-41,185],[172,46],[328,444],[386,39],[106,103]],[[56235,33010],[-148,-117],[-219,27],[-269,-261],[-138,87],[-182,-151]],[[55279,32595],[-50,246],[-196,-61],[1,162],[178,91],[17,169],[-200,99],[11,271],[-122,103],[52,183],[-190,62],[41,132],[118,44],[-53,113],[287,1],[-137,366]],[[55036,34576],[166,139],[-61,379],[-149,204]],[[54992,35298],[239,-7],[65,-92],[67,82],[130,-254],[71,10],[115,-167]],[[55679,34870],[8,-359],[210,-181],[26,-164],[200,75],[71,170],[63,-40],[83,-373],[-10,-318],[-139,-355],[44,-315]],[[69917,36124],[51,-60],[-54,-200],[92,-80],[42,51],[29,-98],[-132,-356],[238,-225]],[[70183,35156],[-84,-285],[-161,-2]],[[69938,34869],[-89,37],[-137,-102],[-115,104],[-153,-152],[-364,129],[-193,-128],[-68,-188],[-206,-51],[-54,171],[-304,-96],[-95,84]],[[68160,34677],[-14,183],[-112,72],[-13,108],[235,64],[181,179],[-79,199],[-1,379],[132,178],[-72,214]],[[68417,36253],[37,322],[-117,838]],[[68337,37413],[587,-60],[-62,-109],[138,-138],[-65,-219],[75,-276],[242,-108],[232,-303],[433,-76]],[[47431,12207],[115,205],[257,168],[218,-27],[19,-118],[260,-99],[119,65],[194,-54],[133,317],[-127,156],[28,82],[176,127],[240,17]],[[49063,13046],[508,-87],[55,-189]],[[49626,12770],[-110,-263],[70,-161],[109,177],[50,-43],[-124,-205],[86,-407],[-31,-187],[123,-157],[41,-224],[248,-213],[47,-207]],[[50135,10880],[-363,-144]],[[49772,10736],[-503,-191],[-763,-143]],[[48506,10402],[21,175],[-183,29],[-28,154],[-279,130],[-130,-45],[-24,-184],[-142,110],[-113,-84]],[[44115,42877],[389,-255],[24,-209],[279,-97],[276,-242],[480,-145],[93,-138],[125,237],[13,617],[100,163],[248,-31],[116,76],[54,256],[270,-34]],[[46850,42888],[-91,-158],[87,-59],[-95,-21],[76,-201],[-112,-188],[56,-42],[-72,-28],[69,-24],[-98,-14],[35,-103],[-123,-58],[31,-96],[-90,-38],[44,-48],[-70,17],[20,-217],[-60,-38],[79,-30],[-113,-143]],[[45985,40103],[-31,-116],[89,-31],[-80,-33],[34,-89],[-73,-55],[47,10]],[[45971,39789],[-175,-128],[-161,174],[-333,21],[-143,-250],[30,-106],[-81,-172],[-119,-8],[59,-86],[-65,-198],[-198,-6],[-80,-279],[-749,147]],[[43956,38898],[176,146],[10,115],[-182,88],[-60,141],[251,384],[-252,62],[-191,588]],[[43708,40422],[104,384],[224,162],[-124,219],[-35,326],[38,616],[220,556],[-20,192]],[[39784,27109],[399,213],[104,-61],[39,117],[306,107],[-107,61],[-66,394],[247,210],[168,-85],[72,94],[-186,276],[61,112],[138,-4],[4,117],[-335,451],[2,177]],[[42087,27267],[-24,-51],[320,-185],[19,-253],[131,-158],[-20,-351],[124,-230]],[[41898,25736],[-195,251],[-172,-106]],[[41531,25881],[-362,-200],[-96,69],[-103,281],[-584,5],[-527,243],[-102,174],[119,383],[-92,273]],[[61667,71310],[99,-192],[226,-27],[55,-232],[296,-345],[-182,-236],[-175,-25],[-58,-110],[-120,71]],[[61808,70214],[-69,37],[-168,-137],[5,-391],[-295,-509],[-69,-34],[72,641],[-47,63],[-141,-206],[-275,-185],[-65,-288],[-296,-232],[-202,-5],[-257,-186]],[[60001,68782],[-144,-62],[-281,-422],[-208,-371],[-33,-224],[-206,-120],[-160,-228],[-614,-41],[-139,70],[-120,-77],[-148,63],[-105,-92]],[[57843,67278],[51,367],[251,71],[535,517],[-165,181],[-134,499],[-474,877]],[[57907,69790],[231,168],[393,-54],[195,142],[413,65],[107,118],[49,253],[503,190],[209,-88],[80,137],[232,105],[-37,688],[-132,103],[9,122],[229,387],[282,-73],[388,407],[32,-271],[-94,-241],[45,-209],[403,-403],[100,50],[123,-76]],[[44810,11928],[176,139],[232,-122],[32,-174],[226,-291],[46,102],[651,90],[183,169]],[[45936,10361],[40,179],[-159,214],[-97,22],[-61,-98],[-43,104],[-156,-27],[-86,82],[29,216],[-192,213],[-1,395],[-400,267]],[[60865,79891],[122,345],[182,141]],[[61169,80377],[286,425],[-69,84],[57,166],[-83,53],[43,154],[-245,380]],[[61158,81639],[696,527],[-112,233],[357,-128],[313,28]],[[66523,82882],[151,-174],[-73,-207],[-218,-126],[42,-192],[-60,-46]],[[66365,82137],[-41,-104],[-197,131],[-90,-44],[88,-68],[122,-473],[-39,-56],[-129,69],[-111,-155],[192,-117],[65,-239],[66,-10],[-46,-141],[-177,-25],[200,-160],[-135,-296],[22,-171],[-88,-212],[-69,36],[-48,-242],[-183,-56],[-165,-337],[36,-270],[-72,-129],[-431,-239],[42,-139],[-111,-50]],[[65066,78640],[-160,59],[-178,-119],[-156,67],[-367,-297],[-63,84],[-193,-63],[-348,169],[-182,-69],[-172,198]],[[63247,78669],[-382,455],[-29,216],[-368,294],[-353,-148],[-281,511],[-376,-182],[-331,183],[-262,-107]],[[62913,91419],[-530,-138],[-351,321],[-145,-108],[-154,66],[-19,-111],[-635,90],[-155,-179],[54,-154],[-143,40],[-26,170],[-108,17],[-110,-198],[-92,9],[-192,226],[-277,150],[-145,291],[-93,1],[-99,-152],[-173,195],[-594,67],[-277,222]],[[58649,92244],[926,671],[258,-17],[153,219],[344,129]],[[60330,93246],[122,162],[417,211],[64,177],[144,86],[472,-125],[150,-269],[420,-281],[-30,-430],[112,-211],[146,-55],[38,-348],[139,-91],[-52,-308],[421,-155],[20,-190]],[[58665,17429],[-138,40],[-23,123],[-125,-159],[-65,174],[-101,-5],[-14,85],[178,141],[-73,101],[98,123],[-146,217],[-177,-42],[-57,286],[-188,55]],[[57834,18568],[75,138],[102,-37],[237,225],[188,17],[385,399],[-15,159]],[[58806,19469],[45,308],[162,72],[156,226],[19,353],[169,35],[94,-93],[53,212],[-175,43],[-188,393],[24,101],[128,-115],[19,91]],[[59312,21095],[46,60],[-10,-108],[178,-13],[67,173],[106,-99],[120,208],[102,-3],[49,-138],[25,136],[148,22],[-24,64],[203,157],[11,105],[187,-187]],[[60520,21472],[98,-312],[153,43],[101,182],[93,-118]],[[61142,20798],[-279,-71],[79,-79],[244,66]],[[61887,20070],[6,-279],[82,74],[127,-115],[140,113],[105,-272],[177,17],[102,-318],[140,57]],[[62766,19347],[19,-144],[-66,-24],[202,-55],[-74,-62],[44,-58],[-101,-17],[83,-11],[26,-178],[96,34],[81,-109],[-84,-137],[-45,70],[-74,-63],[-111,-335],[161,-311]],[[62923,17947],[-107,-172],[-201,-94],[-128,-241],[-121,17],[-191,-340]],[[62175,17117],[-178,125],[-49,226],[-251,218],[-502,-56]],[[61195,17630],[-86,159],[-470,75],[-779,-247],[-113,-169],[-165,9],[-55,-92],[-91,89],[-181,-99],[-68,73],[-94,-50],[-87,184],[-341,-133]],[[79163,28641],[80,315],[-135,331],[86,277],[-193,342]],[[79001,29906],[86,349]],[[79087,30255],[68,69],[400,-48],[274,-155],[33,-165],[-121,-344],[311,-125]],[[80052,29487],[-247,-322],[-174,-924]],[[79631,28241],[-182,12]],[[79449,28253],[-31,132],[-228,79],[-27,177]],[[88471,47467],[-766,9]],[[87705,47476],[-39,178],[172,546],[-89,106],[226,480]],[[87975,48786],[41,42],[100,-204],[417,-18],[-6,-189],[160,-234],[200,-162],[187,20],[75,-318],[-110,-88],[-12,-176],[-74,129],[-168,11],[-314,-132]],[[79802,41170],[-29,-237],[-140,-136],[61,-176],[-66,-253]],[[79628,40368],[-81,-8],[-67,-258]],[[79480,40102],[-342,193],[-58,290],[40,118],[-93,123],[60,98],[-282,-87],[111,256],[-59,51],[104,120],[-47,88],[87,93],[29,468],[206,197]],[[56914,73389],[31,133],[162,137],[230,-88],[71,153],[178,-54],[-4,107],[90,-24],[64,89],[-9,124]],[[57727,73966],[81,-102],[-38,121],[132,10],[85,171],[58,-79],[153,228],[103,-35],[452,314]],[[58753,74594],[111,-163],[81,21],[273,-221],[-93,-158],[-37,-428],[167,-101],[60,-409],[145,-178],[-318,-95],[-122,-432],[-380,14],[-50,-168],[76,-185],[-308,-56],[-388,204],[-83,-62],[-46,159],[-114,12],[-19,187],[-558,426],[-236,428]],[[78410,88962],[142,350],[-138,153],[57,271]],[[78471,89736],[342,296],[98,-73],[299,69],[86,157],[179,-154],[31,-242],[222,-165],[344,-602],[118,130],[678,194],[86,-109],[494,-71],[53,158],[265,102],[149,168],[88,255],[198,-19],[411,190]],[[82612,90020],[167,-439],[-145,-768],[188,-143],[-49,-162],[62,-229],[-77,-108],[-430,127],[-162,-695],[18,-273],[-309,-421],[168,-117],[190,-367],[260,69],[297,-228],[232,83],[27,-198],[126,-121],[-15,-419],[327,-293]],[[83487,85318],[169,-153],[-236,-1],[52,-110],[-84,-62],[80,-138],[-63,-320],[-307,-140]],[[83098,84394],[-124,18],[-77,-156],[-159,-39],[-61,-117],[-241,139],[-404,-31],[-152,-161],[-105,14],[-79,-150]],[[81425,83985],[22,102],[-409,605],[74,187],[-52,301],[-146,115],[-189,486],[-371,372],[-145,403],[-193,217],[-151,-477],[-281,43],[-211,170],[-90,-101],[-492,-44]],[[74719,49894],[-312,-693]],[[74407,49201],[-123,278],[-239,-14],[-1,-104],[-371,206],[-169,-372],[-7,-271],[-259,-41]],[[73238,48883],[-309,453],[-82,278],[41,105],[-135,126],[-44,161],[132,190]],[[72841,50196],[69,-77],[204,38],[370,411],[138,789],[-72,606],[142,318]],[[73692,52281],[140,370],[86,-81],[35,187],[118,-75],[31,237],[235,77]],[[74551,50801],[66,-28],[-101,-395],[27,-156],[134,10],[42,-338]],[[72715,16190],[127,-31],[26,-124],[289,231],[-18,-88],[131,-134],[-161,-644]],[[73109,15400],[-106,-545],[-320,-369]],[[72683,14486],[-219,103],[-184,-171],[-205,231]],[[72075,14649],[-34,540],[-316,208],[-325,-483],[-160,3],[57,-157],[-142,-6],[-65,-224]],[[71090,14530],[-370,-398]],[[70720,14132],[-54,351],[-195,84],[-52,-89],[-27,145],[-79,11],[83,385]],[[70396,15019],[137,239],[171,-15],[103,313]],[[70807,15556],[152,189],[135,-31],[132,207],[-51,182],[180,61],[86,429]],[[71441,16593],[151,-44],[103,-119],[-8,-114],[261,200],[96,-23],[46,-144],[176,29],[47,-232],[246,17],[53,-93],[103,120]],[[60539,33579],[16,11]],[[60555,33590],[105,13],[45,-115],[-91,-234],[82,-144],[62,47],[83,-89],[15,126],[84,18],[108,-63],[-32,-74],[140,70],[61,-99]],[[61217,33046],[-160,-149],[57,-118],[-21,-302]],[[61093,32477],[-373,-283],[-216,156]],[[60504,32350],[-92,282],[64,180],[-105,183],[70,127],[-79,114],[131,47],[46,296]],[[41898,25736],[175,197],[200,-23],[144,127],[220,2]],[[42637,26039],[179,69],[36,-350],[351,33],[206,-190],[278,76],[258,-297]],[[43945,25380],[-84,-586],[-255,-376]],[[43606,24418],[-232,38],[-310,-365],[-163,-24],[-113,-179],[24,-223],[-110,4]],[[42702,23669],[-300,95],[103,227],[-101,163],[69,62],[-75,224],[58,235],[-97,18],[-125,273],[-89,-53],[-11,442],[-164,145],[-72,236]],[[62902,36832],[6,206],[-111,-93],[-123,41],[-74,240],[108,137],[153,34],[63,200]],[[62924,37597],[146,-372],[285,207]],[[78981,53843],[78,278],[202,14],[138,-178],[111,83],[434,-342],[311,-56]],[[80255,53642],[33,-65],[-70,-89],[78,-107],[-167,-449],[81,-142],[-104,-171],[105,-127],[173,-20],[-143,-198],[151,-5],[-92,-184],[99,-69],[-28,-179]],[[80371,51837],[-91,-165],[-59,77],[-112,-82],[-44,85],[-6,-71],[-107,46]],[[79952,51727],[-44,220],[-125,53],[97,200],[-145,4],[2,-86]],[[79737,52118],[-13,189],[-213,130],[9,101],[-174,-11],[-240,720],[116,138],[-40,173],[-201,285]],[[57276,36755],[-33,199]],[[57243,36954],[209,437],[132,47],[10,177],[102,66],[224,508]],[[57920,38189],[229,-33],[94,-124],[84,163],[154,-144],[101,18],[-195,-219],[134,-61]],[[58521,37789],[-104,-282],[144,58],[142,-109],[-196,-177],[82,-212],[-74,-38]],[[58515,37029],[-148,-241],[22,-169],[-159,-152],[-71,23],[7,-97],[-90,-70],[-165,-50],[-57,-175],[-225,-109],[-188,358],[-4,341],[-161,67]],[[48898,6911],[25,297],[176,150],[15,235]],[[49114,7593],[257,-259],[12,-246],[92,-54],[157,90],[14,-106],[370,-148]],[[50016,6870],[34,-331]],[[50050,6539],[-103,-63],[-232,55],[16,-264],[-271,64]],[[49460,6331],[-180,86],[-93,-77],[-110,188],[-140,7],[78,206],[-117,170]],[[85672,50734],[5,160],[185,145],[-29,199],[138,306],[-132,294],[75,580],[133,116],[-50,133],[84,436],[-124,136]],[[85957,53239],[80,171]],[[86037,53410],[301,175],[195,-63]],[[86533,53522],[224,44],[343,-483],[113,-43],[-14,-179],[-247,27],[-75,-172],[80,-49],[71,-235],[-50,-193],[48,-92],[-165,-62],[-72,-382],[121,-179],[-73,-262],[159,-97]],[[86996,51165],[64,-71],[-142,-256]],[[86918,50838],[-135,102],[-109,-85],[-153,54]],[[86521,50909],[-156,-412],[-306,37],[4,78],[-137,77],[-254,45]],[[75917,34948],[-2,-1]],[[75008,33794],[-80,-90],[-289,-43],[33,113],[-194,-316],[-146,84]],[[74332,33542],[-84,377],[-275,41],[-75,153],[113,169],[-5,207],[112,249],[-37,155],[-223,215]],[[73858,35108],[145,148],[218,-256],[108,120],[294,-57],[142,64],[85,-96],[-12,-104],[195,-43],[132,-180],[210,243],[220,63],[322,-62]],[[74481,52441],[1,127],[-125,79],[-20,349]],[[74337,52996],[47,114],[-44,265],[-152,55],[-244,336],[-139,51],[-56,-68],[-113,135],[196,155],[97,-15],[113,165]],[[74042,54189],[160,62],[58,342],[122,-167],[236,67],[15,355],[179,232],[-77,368]],[[75646,54531],[256,-581]],[[82566,33755],[371,74],[273,-176],[139,7]],[[83349,33660],[19,-111],[-77,28],[-94,-81],[6,-117],[-77,-2],[25,-110],[-77,-119],[163,-124],[-106,-92]],[[83131,32932],[-128,36],[-89,-103],[-192,276],[-185,5]],[[82537,33146],[56,193],[-77,198],[50,218]],[[53495,8963],[-45,155],[-212,213],[130,177]],[[53969,9333],[225,-213],[-76,-192],[-397,-86],[-77,60]],[[73972,25951],[204,81],[107,-106],[154,132],[172,13]],[[74609,26071],[208,-117],[13,-198],[-156,-108],[222,-66],[-67,-244],[178,61],[99,-196],[103,-24],[1,-159],[-175,-7],[-3,-108]],[[75032,24905],[-118,8],[-35,-223],[75,-46],[-85,-149],[-1,-214],[-362,-305]],[[74506,23976],[-30,273]],[[74476,24249],[75,152],[107,-7],[117,286],[-86,54],[-305,-83],[-60,358],[-213,50]],[[38570,19971],[-463,342]],[[38107,20313],[163,185],[1,200],[126,135],[784,65],[-31,100],[148,106],[69,235],[18,173],[-129,124],[98,109],[52,253]],[[39406,21998],[211,-348],[249,-59],[211,-181],[87,-271]],[[40164,21139],[-7,-100],[83,-22],[-84,-199],[95,-76],[27,-189],[-102,-159]],[[40176,20394],[-160,-149],[-14,-380],[-428,39]],[[39574,19904],[-77,168],[-146,22],[-168,-55],[-45,-134],[-568,66]],[[75008,33794],[225,357],[-72,93],[-8,227],[422,198],[340,278]],[[75915,34947],[18,-165],[73,-20],[-47,-153],[127,-115],[-94,-61],[32,-159],[65,-5],[-31,-143],[309,-149],[-60,-283],[70,-151],[-97,-138],[71,-353],[-129,-97],[-119,-393],[102,-80],[-88,-63],[54,-16],[-14,-347],[307,34],[11,-160],[99,-92],[-115,-314],[54,-59],[-105,-72]],[[76408,31393],[-192,-201],[-116,-457],[-188,-110]],[[75912,30625],[-8,195],[201,441],[-217,231],[21,133],[-114,-35],[-445,156],[-323,329],[11,61],[204,-189],[76,144],[100,-60],[-219,377],[86,269],[-143,371],[-110,59],[-26,180],[64,41],[-84,206],[52,60],[-30,200]],[[75902,53950],[128,-8],[17,160],[101,-142],[85,34],[-71,-148],[50,-124],[191,-212],[29,72],[112,-25],[34,-333],[182,-177],[-14,-131],[67,-75],[-190,-184]],[[76623,52657],[-154,15],[-44,151],[-264,-172],[-173,39],[-18,-246],[-183,-128],[-109,-596],[-328,138]],[[75350,51858],[-91,-17],[-129,-229],[-144,83],[-96,-74],[-16,-282],[-128,-284],[6,-247],[-96,66],[-105,-73]],[[74551,50801],[-43,16],[103,177],[43,430],[-24,452],[-56,-24],[-55,192],[-38,397]],[[74481,52441],[157,-265],[113,24],[-50,253],[182,-8],[44,167],[-67,70],[134,231],[-10,189],[106,29],[66,295],[170,143],[186,-189],[325,-60],[-15,476],[80,154]],[[52986,73765],[-136,34],[-46,-102],[-175,-33],[-153,117],[-157,-206],[-208,-35],[-188,-205],[-229,87],[-421,-244],[-230,204],[83,364],[-39,113],[-376,-296],[-203,23],[-46,162],[-163,131],[-671,-51],[-15,-119],[-107,-29],[-153,-475],[-313,-100],[-233,88],[-340,-508],[-88,37],[-86,-97],[-284,363],[-131,15],[-28,154],[-166,20],[-431,374],[-116,-172],[-149,0],[-377,460]],[[46611,73839],[249,196],[127,406],[73,-125],[254,169],[68,216],[213,76],[45,90],[-60,22],[105,51],[-77,69],[66,67],[-62,29],[-11,253],[180,145],[-61,102],[60,-5],[2,89],[-107,115],[1,86],[64,-1],[-24,300],[110,145],[-37,111],[102,92],[36,336],[85,66],[3,463],[171,2],[-8,160]],[[51318,76584],[218,-67],[396,78],[58,250],[249,126],[282,364],[-27,83],[-34,-106],[-45,81],[-29,299],[81,111],[278,-45],[362,132],[19,135],[-167,26],[198,80],[-95,52],[47,376],[111,-325],[103,32]],[[53323,78266],[2,-325],[232,-612],[55,-372],[-128,-740],[44,-746]],[[53435,74232],[-403,-57],[-76,-247],[30,-163]],[[44380,29736],[-540,20],[-33,-182],[-111,-77],[-238,209],[-282,38]],[[40864,29138],[-234,150]],[[40630,29288],[-193,233],[-166,-152],[-222,49],[-62,278],[-229,222],[-85,-6],[-21,-127],[-225,120],[-372,257],[-248,343],[-450,50],[-181,-109],[-86,591],[59,117],[-222,54],[-174,183],[-429,210],[-121,-61],[-37,-127],[-174,133]],[[36992,31546],[124,107],[-334,196],[98,237],[212,-107],[364,17],[279,-152],[106,126],[7,61],[-168,-12],[-200,260],[33,208],[234,359],[-72,218]],[[39501,33705],[294,-203],[120,0],[129,179],[217,-135],[307,-16],[125,137],[18,209],[86,103],[184,-93],[81,48],[11,-115],[239,-287],[166,100],[110,-180],[74,23],[49,-206],[99,-61],[-55,-149],[213,-115],[70,-463],[119,-31],[127,-184],[-17,-166],[88,-112],[-46,-43],[197,-73],[124,130],[450,-491]],[[43080,31511],[85,-181],[-63,-225],[109,-219],[93,-27],[-43,-51],[125,73],[210,-183],[-19,-226],[112,-212],[338,105],[17,-142],[-98,-5],[0,-68],[80,-66],[150,104],[-15,-232],[196,-66],[59,-75],[-36,-79]],[[48092,8691],[-488,-298],[-201,-28],[-3,-135],[-577,30],[-385,-80],[-36,-272]],[[46402,7908],[-172,115],[83,93],[-106,44],[-18,114],[28,95],[92,-80],[148,146],[-86,-11],[-23,102],[257,383],[-150,182],[81,83],[44,-102],[87,25],[65,192]],[[47395,9429],[153,-148],[70,-225],[233,0],[241,-365]],[[74989,21233],[-27,177],[141,39],[-30,197],[213,66],[-87,282],[178,291]],[[75377,22285],[267,382]],[[75644,22667],[168,-216],[-131,-120],[-2,-190],[63,-145],[145,-41],[-36,-135],[109,-199]],[[75960,21621],[-120,-134],[-206,57],[-359,-304],[-286,-7]],[[81724,38640],[-114,152],[-689,152]],[[80921,38944],[-115,605],[-17,224],[58,90]],[[80847,39863],[141,148],[232,-89],[330,-733],[152,-136],[230,21],[-211,-239],[3,-195]],[[75646,54531],[-149,69],[-65,-56],[-248,480],[-92,-25],[-156,183],[-28,58],[89,79],[-115,206],[-147,-77]],[[74735,55448],[-173,147]],[[74562,55595],[86,115],[-4,158],[131,124],[438,183],[-8,115],[183,196],[34,256]],[[75422,56742],[344,65],[61,446],[99,24],[47,-92],[81,77],[131,-189],[54,336],[155,-22],[103,108]],[[76497,57495],[87,268],[146,5],[-12,-230],[260,-229],[-45,-216],[113,-258],[-82,-149],[70,-134],[54,35]],[[77088,56587],[-105,-455],[-259,-370],[81,-129],[-97,-142],[29,-177],[-94,-66],[-19,-331],[84,-161],[83,-9],[-92,-143]],[[76699,54604],[25,-83],[-86,-63],[-350,312],[-245,36],[-397,-275]],[[54889,30653],[-73,-155],[-181,-84],[-63,-279],[-206,-220],[-203,-71],[-162,60],[-269,-137],[-166,-273],[-313,-28],[-82,-112],[18,-139],[-273,178],[-34,161],[81,98],[-77,149]],[[52886,29801],[130,9],[-1,228],[-115,190],[80,458],[-88,53],[22,94],[-80,100],[33,175],[-212,444]],[[52655,31552],[53,222],[123,-8],[100,222],[185,46],[53,187]],[[53169,32221],[168,-286],[202,18],[299,-276],[77,42],[136,-341],[47,100],[96,-42],[147,-265],[199,63],[176,-212],[89,95],[-24,-361],[108,-103]],[[34839,21719],[-82,191],[118,420],[-36,113],[-347,265],[-30,245],[-183,47],[-126,144],[-138,303],[117,343]],[[35905,25219],[94,-36],[44,-160],[251,-130],[196,-386]],[[36490,24507],[154,-335],[236,-7],[203,-481],[198,-242]],[[37281,23442],[265,-344],[89,32],[95,-136],[178,60],[-70,-388],[126,-260]],[[37964,22406],[-132,-245],[21,-89],[-245,90],[-271,-155],[-211,-632]],[[37126,21375],[-121,-91],[-268,131]],[[36737,21415],[-44,91],[-152,17],[12,147],[-73,78],[-493,222],[-57,193],[-241,-68],[-203,-177],[-297,37],[-143,-177],[-207,-59]],[[70199,42354],[167,100],[190,-235],[233,195]],[[70789,42414],[-86,-229],[54,-321],[-184,-321],[86,-249]],[[70659,41294],[-370,35],[-138,158],[-103,-118],[-72,-331],[-69,141],[23,244],[-172,48],[-28,-71]],[[69730,41400],[-190,186],[-157,-228],[-33,-213],[-187,-59],[-186,17],[12,198],[-103,-24],[-114,115]],[[68772,41392],[368,231],[115,118],[-14,105]],[[69241,41846],[127,-21],[43,97],[229,-173],[139,131],[29,-142],[86,-39],[106,345],[199,77],[0,233]],[[53376,7893],[82,127],[-4,585]],[[53454,8605],[-105,3],[-33,144],[47,163],[132,48]],[[53495,8963],[149,-61]],[[53644,8902],[-59,-49],[24,-95],[113,-253],[96,-34],[1,-174],[194,78],[322,-284],[-35,-149],[80,-92],[-161,-425]],[[54219,7425],[-144,100],[-173,-81]],[[58971,24587],[58,-94],[-103,-91],[-43,-415],[103,-700]],[[58986,23287],[-299,-702],[71,-292],[-96,-65],[7,-240],[-101,-252],[85,-9],[7,-103]],[[58660,21624],[19,-160],[-152,4],[-105,-260],[-222,24],[-13,-102],[-123,-33],[39,-76],[-167,42],[-153,-119]],[[57783,20944],[-41,260],[-324,-180]],[[57418,21024],[-21,503],[-82,28],[-90,285],[25,329],[-184,69],[-25,89],[45,940],[-452,599]],[[56634,23866],[247,-72],[108,59],[159,-251],[33,179],[59,-13],[-12,207],[284,320],[131,-129],[134,174],[185,43],[106,-183],[316,-163],[341,469],[246,81]],[[35905,25219],[-82,-81],[15,-275],[-97,-403],[57,-326],[100,-25],[-42,-70],[-104,8],[-96,-149],[-252,113],[-207,-163],[-91,43],[-208,-129],[-138,-245],[-117,72],[-202,-57],[-47,171],[-262,87]],[[34132,23790],[114,366],[-95,271],[158,283],[164,57],[58,337],[63,23],[-99,94],[150,155],[3,164],[482,-44],[128,290]],[[35258,25786],[248,-386],[399,-181]],[[55064,12497],[-94,-43],[-113,138],[-147,-149],[-136,138],[-87,-194],[-241,-61]],[[54246,12326],[-71,248],[-265,3],[-105,107],[-157,492]],[[53705,14855],[641,29],[482,-146],[296,165]],[[55124,14903],[-140,-572],[101,-351],[-51,-42],[-5,-512],[126,-35],[27,-342],[153,-99],[-334,-148],[-40,-219],[103,-86]],[[58533,15492],[69,323],[159,-13],[61,157],[-47,103],[108,-1],[10,102]],[[58893,16163],[127,4],[8,-117],[152,-36],[-22,-267],[147,-44],[-17,-103],[207,-101],[23,-117]],[[59518,15382],[-161,-137],[110,-138],[-87,-209],[110,-26],[53,-190],[97,-23],[-61,-110],[66,-67],[154,86],[15,-176],[102,-50],[-93,-40],[0,-195],[-245,-103],[-72,-134],[-100,152],[-198,-93],[-90,-167],[93,-198],[-84,-14],[-16,105],[-153,-160],[-17,218],[-132,-52],[-40,-247],[-163,-25],[176,-117],[-127,-24],[-62,98],[-94,-67],[49,-43],[-49,-57],[130,-41],[-59,-100]],[[57776,13480],[-14,447],[91,142],[-125,122],[132,161],[-21,163],[76,120],[184,-3],[104,241],[178,145],[152,474]],[[45486,839],[-51,81],[36,547],[-108,70],[-1,424],[215,99],[-20,96],[243,172]],[[45800,2328],[430,-56],[1,-236],[152,57],[80,-182],[376,224]],[[46839,2135],[435,186],[253,-30],[146,-551],[-154,-157],[-12,-154],[150,-187],[-252,80],[-10,144],[-108,28],[-143,-150],[36,-419],[-134,-148],[-89,-36],[-160,333],[-267,-36],[-216,-416],[-145,-78],[-80,-4],[-20,352],[-137,134],[-28,197],[-260,-345],[-158,-39]],[[76770,47277],[-211,204],[-133,-28],[-26,195],[-63,-58]],[[76337,47590],[53,210],[-42,76],[257,301]],[[76605,48177],[495,10],[52,-70],[354,68],[196,-99]],[[77702,48086],[222,122],[229,-68]],[[78153,48140],[-43,-109],[-66,64],[-132,-97],[32,-131],[-135,-335],[114,-298]],[[77923,47234],[-301,-17],[-117,-90],[-101,199],[-270,-41],[-194,168],[-170,-176]],[[61352,33107],[58,93],[-45,85],[153,67],[87,-64],[19,146],[79,-17],[42,-136],[189,82]],[[61934,33363],[192,-43],[60,-285],[211,-321]],[[62397,32714],[-245,-169],[-292,-49]],[[61860,32496],[-191,133],[-54,354],[-263,124]],[[80985,60621],[21,-159],[-236,-24],[59,-279],[-310,-82],[-55,-161]],[[80464,59916],[-25,215],[-628,-166],[-256,118],[-60,-555],[82,-186],[-88,-58],[-271,76],[-141,-150],[-147,76]],[[78930,59286],[-54,158],[72,237],[-95,349],[-158,133],[53,212],[-210,312],[69,383],[-110,160],[-228,74]],[[78269,61304],[310,428],[-62,302],[220,288],[9,149],[137,106],[-37,245],[299,249]],[[79145,63071],[168,-101],[28,-247],[78,-12],[-68,-251],[299,-344],[-14,-195],[68,-77],[-49,-260],[95,-160],[414,-249],[367,39],[185,-157],[201,-450],[68,14]],[[74039,32222],[-322,-45],[1,-110],[-120,-108]],[[73598,31959],[-333,-121],[-192,131]],[[73073,31969],[30,291],[-262,8],[-90,464],[286,482]],[[73037,33214],[336,262],[326,-67],[105,-109],[192,247],[-1,-122],[103,-23]],[[74098,33402],[104,-345],[-238,-21],[-22,-109],[-108,-3],[220,-114],[-38,-198],[76,-198],[-53,-192]],[[42450,3959],[56,410],[-83,39],[-26,162],[174,120]],[[42571,4690],[524,4],[35,90],[242,74],[222,-218],[182,12]],[[43776,4652],[-80,-428],[160,-77],[19,-233],[-144,-288]],[[43731,3626],[-50,-91]],[[43681,3535],[-115,118],[-319,-77],[-51,124],[-99,-57],[-122,112],[-165,-70],[-16,85],[-169,13],[-175,176]],[[72259,13689],[57,-101],[150,2],[18,114],[259,45],[77,114],[-12,292]],[[72808,14155],[109,45],[168,-167]],[[73085,14033],[-126,-134],[-8,-143],[137,-283],[155,-56],[-1,-101],[-106,-347],[-160,-38],[-124,-153]],[[72852,12778],[-355,-186],[-252,-18],[-46,178],[143,159],[-32,152],[97,211],[-45,255],[-127,73],[24,87]],[[71579,22939],[-286,-406]],[[70993,22636],[-89,-247],[-293,-5],[-167,217],[-80,385]],[[70364,22986],[196,96],[-119,271],[94,191],[-16,252],[76,86]],[[70595,23882],[425,196],[158,164]],[[71178,24242],[223,-143],[21,-84],[-140,-68],[-104,-203],[48,-116],[304,-144],[49,-545]],[[43317,9035],[29,112],[127,-19],[288,163],[97,172],[119,-43],[150,114],[78,-75]],[[44205,9459],[-79,-99],[90,-124],[12,-597],[-178,-422]],[[44050,8217],[-291,-107],[66,188],[-153,-18],[-92,159],[-78,-17],[-162,352],[60,70],[-83,191]],[[69398,56389],[-65,284],[-370,-68],[108,495],[-220,270],[-591,-111]],[[68260,57259],[201,235],[-34,209],[54,355],[66,50],[-83,792],[175,224],[350,232],[-65,387],[383,214],[-88,647],[45,67],[66,-86],[173,27],[190,153],[-52,473],[110,149],[-59,152],[73,155],[111,-11]],[[69876,61683],[624,-2409]],[[70500,59274],[182,-395],[53,-564],[179,-271],[-96,-116],[51,-413],[-92,-398],[168,-543],[-304,-192],[-30,-163],[64,-116],[86,16],[5,-120],[176,-64],[11,-164],[-68,-121],[-205,-69],[5,-175]],[[70685,55406],[-4,-8]],[[70681,55398],[-61,202],[-152,83],[-37,527],[-151,186],[-138,23],[-95,-150],[-74,68],[-156,-38],[-245,-173],[-174,263]],[[68109,24156],[-70,107],[24,118],[148,52],[-1,273],[-54,40],[117,195],[-38,56]],[[68235,24997],[215,59],[125,-100],[57,185],[350,-72],[73,-138],[244,208],[132,-178]],[[69431,24961],[-26,-358],[123,-215]],[[69528,24388],[-121,-141],[-210,-39],[-45,-271],[118,-122]],[[69270,23815],[-177,-17],[-32,-288],[-95,160],[-391,-15]],[[68575,23655],[-339,433],[-151,3],[24,65]],[[72046,45947],[-4,-392],[-166,-117],[-71,-276],[-239,-159],[-11,-239],[-228,-21],[-165,118]],[[71162,44861],[-336,283],[54,62],[-52,71],[-314,201]],[[70514,45478],[-152,317],[44,206],[-176,331],[29,64],[-217,213],[83,140]],[[70125,46749],[349,51],[99,273],[154,78],[83,-80],[203,41],[336,450]],[[71349,47562],[189,-325],[80,19],[79,-144],[143,43],[42,-188],[272,-196],[-209,-117],[-101,-393],[56,-122],[-43,-56],[189,-136]],[[66267,21031],[-153,266],[-3,242],[-90,74],[-11,142],[-372,56],[-62,85]],[[65576,21896],[-32,155],[260,159],[181,375],[136,70]],[[66121,22655],[240,-36],[356,91]],[[66717,22710],[101,-131],[84,34],[14,-233],[241,-211],[-58,-161],[101,-28],[13,-310],[64,-66],[-207,-155],[204,42],[55,-108]],[[67329,21383],[-435,-773],[-123,46],[-160,233],[-72,-49]],[[66539,20840],[-272,191]],[[77204,26990],[-137,-27],[2,109],[-154,135],[-202,-60],[-19,82],[-195,-7]],[[76499,27222],[-61,188],[-133,116],[15,122],[-66,14],[99,199],[-69,127],[37,258],[-211,123],[29,376]],[[76139,28745],[315,209],[10,-158],[204,-69],[99,-136],[197,33]],[[76964,28624],[277,-163],[-46,-254],[203,-377],[-80,-269],[-106,-61],[-76,-345],[68,-165]],[[59032,12080],[166,-34],[77,119],[134,-9]],[[59409,12156],[154,-528],[18,-328]],[[59581,11300],[-147,-193],[-71,46],[-242,-117],[-152,120],[23,73],[-194,276],[-142,41],[-282,-95],[-377,-478]],[[57997,10973],[-90,328],[101,272],[-22,147]],[[69552,53128],[139,-260],[200,340],[144,-419],[378,-35],[66,-199],[102,12],[73,-105],[-85,-244],[151,-116],[-60,-91],[63,-94],[-29,-135],[208,-74]],[[70902,51708],[81,-58],[17,-389],[-591,-158]],[[70409,51103],[-37,312],[-183,-73],[-82,321],[-322,160],[-80,253],[-212,130],[-122,-118],[-469,29]],[[45985,40103],[118,60],[-55,83],[101,192],[-66,89],[40,107],[-66,4],[79,20],[-37,73],[129,1],[-69,54],[92,53],[-66,74],[139,94],[-66,34],[101,140],[-65,52],[134,9],[-5,157]],[[46423,41399],[125,-263],[180,70],[54,294],[194,198],[116,439],[225,-109],[134,-236],[11,-171],[200,-91]],[[47662,41530],[115,-292],[165,-49],[50,-204],[167,-34],[-5,-133],[-161,-58],[1,-186],[-121,-89],[-12,-151],[-154,-26],[-72,-184],[-167,-105],[186,-200],[-280,-233],[3,-102]],[[47377,39484],[-299,210],[-167,-80],[-169,84],[-424,504],[-187,-148],[-146,49]],[[96826,57860],[-92,235],[-183,-97],[-463,334],[-202,661],[104,205],[-42,373],[-204,741],[-129,224],[56,425],[-72,146],[46,-33]],[[95645,61074],[198,-323],[-9,-203],[213,-152],[8,-250],[106,-51],[53,-254],[90,-49],[128,86],[65,-128],[260,-103],[53,-162],[-39,-483],[121,-111],[6,-280],[198,-73],[67,-179],[-337,-499]],[[37614,41651],[-150,51],[-9,147],[-239,-5],[-135,185],[-178,-35],[-122,-198],[-22,87],[-186,-21],[30,174],[-57,10]],[[36546,42046],[92,161],[88,-8],[231,219],[47,183],[170,80],[263,338],[102,408],[163,-107],[184,53],[212,364],[-35,127],[131,164],[-138,309],[17,418],[133,33],[158,331]],[[38364,45119],[323,-236],[244,239],[84,-168],[-35,-96],[400,-297],[89,72],[73,-50],[15,301],[224,38],[244,360]],[[40025,45282],[504,654],[30,162]],[[40559,46098],[81,-57],[-59,-105],[76,-192],[169,-63],[31,-163],[33,27],[55,-16],[-9,-270],[73,22],[33,-85],[-48,-105],[154,0],[78,-100],[-90,-316],[93,-11],[52,-172],[135,-123]],[[41416,44369],[-6,-117],[-174,-142],[-391,-175],[7,-252],[-87,-250],[-129,-109],[-242,20],[-130,-333],[52,-282],[109,-87],[111,-467],[-60,-163],[186,-480]],[[40662,41532],[-184,-184],[-91,88],[-77,-170],[-66,54],[-29,-60],[-210,174],[-135,-74],[-55,116],[-155,-38],[-53,90],[-261,-168],[-66,70],[-12,-69],[-45,181],[-129,60],[-48,-148],[-110,20],[-70,85],[73,93],[-192,53],[-28,-97],[-32,129],[-122,-37],[-29,102],[-90,-74],[-39,132],[-113,-314],[-132,108],[-412,-154],[-136,151]],[[45270,16011],[-47,-190],[-139,-54],[-26,-297],[-329,86],[-337,-306],[-311,-132],[261,-249],[4,-251]],[[44346,14618],[-482,231],[-218,604],[-107,-20]],[[43539,15433],[-160,169],[28,123],[166,56],[-113,191],[21,186],[194,-1],[166,171]],[[43841,16328],[106,11],[59,122],[165,-78],[355,111],[423,-128],[119,-113],[5,-126],[197,-116]],[[71746,81900],[189,44],[362,-225],[124,60],[138,349],[69,6],[64,514],[99,219],[-89,220],[117,167],[176,17],[454,-562],[351,135],[103,-65]],[[73903,82779],[129,-801],[-54,-220],[-221,-56],[-125,-255],[69,-242],[-128,-122],[6,-269],[236,-304],[250,-64],[120,-809],[52,-70],[122,39],[2,-418]],[[74361,79188],[-220,-138],[-123,471],[-379,250],[-140,24],[-370,-342],[93,536],[-443,123],[-72,421],[-170,130],[-137,-74],[-187,338],[-141,-24],[36,211],[-295,353],[-91,293],[24,140]],[[57200,13219],[183,98],[111,173],[282,-10]],[[57776,13480],[85,-248],[230,53],[146,-360],[166,156],[173,-112],[-6,69]],[[58570,13038],[323,-73],[0,-185],[146,-312],[-7,-388]],[[59032,12080],[-214,-7],[-281,-378],[-200,117],[-53,-121],[-86,73],[-212,-44]],[[57986,11720],[-26,174],[-118,-31],[-290,279],[-15,108],[172,51],[62,213],[-103,139],[-290,120],[48,163],[-226,283]],[[68314,53274],[488,-225],[75,-153],[147,57],[152,467],[251,23],[132,-284]],[[69559,53159],[-7,-31]],[[69552,53128],[-180,-147],[-199,-491],[-241,-183],[-30,-190]],[[68902,52117],[-102,-46],[-54,-305],[-252,-262],[164,-417],[-120,-180],[42,-280],[120,-108],[168,129],[303,-78],[244,110],[287,-116],[166,-214],[230,-71],[36,-162],[-76,-351],[-73,6]],[[69985,49772],[8,-203],[92,-65],[-100,-456],[35,-390],[71,-140],[159,-62],[-34,-158],[-98,107],[-205,-108],[-52,-186]],[[69861,48111],[-251,218],[-9,126],[-125,109],[-151,-74],[-24,223],[-296,1],[-122,241],[-130,61],[-69,-47],[67,-139],[-208,-182],[-25,-195],[-310,-236],[-2,-157],[-105,-123],[-168,127],[-142,-156],[-296,152]],[[67495,48060],[21,325]],[[67516,48385],[46,154],[-150,147],[6,212],[-78,132],[84,51],[-74,100],[30,155],[-134,411],[-266,102],[-422,668]],[[66558,50517],[-93,171],[35,156],[311,751]],[[66811,51595],[198,-83],[157,140],[0,159],[113,51],[45,209],[136,92],[-52,190],[220,92],[157,316],[53,131],[-50,187],[137,141],[-47,54],[48,61],[198,-161],[190,100]],[[60156,38331],[75,551],[-49,340],[-122,234],[-128,-32],[-51,229],[-107,-18],[1,136],[-221,122],[-95,276],[-157,-14],[-31,100],[-69,-59],[-127,151],[-95,-51],[-119,144]],[[58861,40440],[136,119],[174,-32]],[[59171,40527],[233,-148],[273,116],[152,209],[124,-185],[346,-19]],[[60299,40500],[-8,569],[-82,273],[230,144],[93,-253]],[[60532,41233],[219,302],[786,239]],[[61537,41774],[116,-119]],[[61653,41655],[11,-87],[-85,-9],[-69,-161],[2,-151],[95,-14],[-7,-358],[141,-181],[85,-529]],[[61826,40165],[-183,44],[12,-238],[-191,-189],[65,-156],[-61,-99],[29,-136],[-155,-148],[15,-129]],[[61357,39114],[-201,-41],[-90,-131],[-78,-483],[78,-214],[-84,1]],[[60982,38246],[-192,257],[-241,-94],[-209,33],[-184,-111]],[[69721,19700],[-43,110],[-234,121],[243,481],[-101,96],[99,251],[-57,188],[138,170]],[[69766,21117],[452,157],[121,-79],[194,149],[139,-361],[-35,-152],[95,-86]],[[70732,20745],[27,-222],[-57,-5],[-9,-122],[-99,35],[-38,137],[-70,-199],[-117,-33],[98,-342],[-305,-280],[-5,-97],[-151,-60],[-285,143]],[[45959,9348],[126,99],[-59,156],[-295,24],[223,426],[-18,308]],[[45936,10361],[121,405],[285,92],[105,167]],[[47503,11137],[166,-191],[-91,-139],[50,-120]],[[47628,10687],[181,-120],[169,-330],[-284,-94],[62,-211],[-259,-234],[-2,-144],[-100,-125]],[[47395,9429],[-48,-77],[-83,177],[-117,-129],[-410,115],[-5,-226]],[[46732,9289],[-280,-38],[-123,93],[-309,-83],[-61,87]],[[68818,11585],[105,53],[232,-81],[40,109],[194,2],[103,100],[71,-125],[-36,-143],[109,-78]],[[69636,11422],[134,-113],[42,-229],[108,-114],[-51,-256],[92,-212],[-88,-210]],[[69873,10288],[-158,255],[-508,-166],[-131,51],[-5,115],[-82,-14]],[[68989,10529],[-109,116],[-74,264],[-144,-43],[0,96],[-85,25],[5,177],[183,187],[3,82],[-61,-14],[111,166]],[[82615,35566],[-118,-75],[14,-207],[-74,-161],[127,-54],[-98,-128],[89,-88],[-189,-33],[-125,-323]],[[82241,34497],[-132,-217],[-287,-127],[-41,-217],[94,-130],[-92,-140],[-512,179],[-294,-164],[-20,-240],[87,-310],[-54,-118],[154,-44],[-38,-141],[182,-103],[-69,-84],[46,-64],[-196,-117],[19,-116],[-115,-186],[243,-319]],[[81216,31839],[-104,10],[-15,84],[-234,-42],[-54,-231],[-207,258],[-185,-211],[-226,12],[-86,209],[92,368],[-84,484],[-198,222],[-54,209],[-106,-25],[-32,229]],[[79723,33415],[157,211],[31,385],[172,81],[87,266],[171,-155],[322,383]],[[80663,34586],[294,-77],[155,-161],[-31,664],[178,-54],[224,77],[327,-98],[192,329],[205,20],[88,243],[107,79],[213,-42]],[[79777,41506],[-112,-127],[-188,21],[-241,710]],[[79236,42110],[-259,1051],[-108,-5],[-100,192]],[[78769,43348],[335,197],[152,208]],[[79256,43753],[252,-255],[151,132],[221,-172],[-66,-500]],[[79814,42958],[1,-97],[110,-51],[116,202],[69,-11],[103,-233],[-142,-436]],[[53368,9508],[-139,148],[58,384],[-422,500],[-46,232],[84,54]],[[52903,10826],[208,145],[100,-234],[71,66],[93,-118],[-6,-180],[143,-35],[72,107],[-8,298],[286,239],[211,33],[-8,62]],[[54065,11209],[293,-231],[-60,-65],[111,-337],[44,-628],[119,-214]],[[54572,9734],[-68,-71],[-137,80],[-42,-212],[-206,50],[-150,-248]],[[53969,9333],[-41,350],[-211,-57],[-137,131],[-212,-249]],[[68756,18007],[128,252],[-54,234],[181,222]],[[69011,18715],[499,208]],[[69510,18923],[135,-24],[64,-111],[-212,-135],[-25,-171],[96,11],[191,-212],[170,36],[57,146],[191,-42],[139,-104],[-46,-235]],[[70270,18082],[-7,-70],[186,-85],[42,-302]],[[70491,17625],[-65,-142],[59,-188],[-67,-77],[-155,46],[-81,-74],[-163,141],[-420,51],[-28,-310]],[[69571,17072],[-350,80]],[[69221,17152],[63,61],[-134,405],[-160,200],[-174,14],[-60,175]],[[77918,81401],[209,263],[276,92],[130,372],[190,54],[68,210],[328,194]],[[79119,82586],[117,235],[109,59],[272,16],[120,-123],[135,555],[89,122],[285,-66],[644,215],[314,280],[108,-53],[50,170],[63,-11]],[[81425,83985],[107,50],[11,-99],[153,-25]],[[81696,83911],[-105,-351],[128,-345],[-32,-184],[227,-469]],[[81914,82562],[11,-247],[163,-261],[3,-393],[-402,-553],[-4,-209],[-97,-155]],[[81588,80744],[-1,-158],[105,-153],[-66,-231],[60,-249],[-21,-474]],[[81665,79479],[-249,236],[-696,-21],[-171,184],[-304,135],[-153,523],[-172,213],[-192,-33],[-142,-154],[-6,-238],[-77,-35],[-51,-236],[-76,73],[-152,-63],[-140,170],[-91,-32],[-14,-145],[-348,625],[-206,-25],[-62,243],[59,55],[-165,337],[-339,110]],[[84501,35852],[-122,27],[-107,-170],[-219,-27],[-124,-115]],[[83929,35567],[-169,404],[58,469],[-179,271],[68,494]],[[83707,37205],[241,-12],[160,110],[-58,162],[125,7],[99,-112],[276,-79],[236,109],[255,-241],[146,68],[169,-90]],[[85356,37127],[-98,-95],[-49,111],[34,-187],[-124,-122],[-265,-5],[-27,-371],[-284,-300],[60,-110],[-102,-196]],[[37675,33064],[-252,213],[-181,17],[-29,-74],[-211,137],[-343,-131],[-6,102],[-127,26],[-47,178],[-264,59],[-139,-124],[-244,85],[-214,261],[-55,458],[-184,195],[-30,173],[-74,-25],[-239,280],[-546,336],[32,163],[551,-5],[133,123],[297,2]],[[35503,35513],[130,259],[443,106],[201,125],[92,173],[33,-56],[366,83],[67,-78],[238,30],[45,-88],[285,-48],[78,126],[234,84]],[[37715,36229],[149,-202],[500,-246],[14,-122],[335,-250],[36,-232],[248,-354],[164,282],[471,-390],[97,-237]],[[39729,34478],[-254,-173],[-50,-210],[30,-142],[283,-253],[-237,5]],[[39501,33705],[74,-176],[-98,-164],[-1,-191],[-340,-138],[-35,89],[-222,6],[3,-62],[-355,225],[-110,-34],[-71,93],[-122,-59],[-42,74],[-20,-64],[-252,37],[-11,-175],[-224,-102]],[[42319,35215],[-105,150],[25,253],[-131,203],[125,-63],[206,150],[341,25],[179,188],[122,-143]],[[43081,35978],[169,-99],[521,25],[75,-93],[65,105]],[[43911,35916],[265,-301],[128,113],[79,-59],[-87,-125],[88,-266],[287,-185],[188,29],[109,-253],[83,18],[146,-250]],[[45197,34637],[-77,-107],[81,-135],[-19,-197],[-325,33],[-132,-72],[-293,77],[-160,-173],[-216,31]],[[44056,34094],[-222,29],[-242,314],[-156,-79],[-40,190],[-250,237],[-166,-233],[-343,79],[-134,184],[-17,194],[-167,206]],[[66288,37150],[-66,-75],[30,-157],[-171,-205],[-281,110],[-174,-48],[-78,-118],[29,-106]],[[65577,36551],[-16,69],[-131,-25],[-26,91],[-381,108]],[[65023,36794],[-114,131],[110,136],[2,217],[152,201],[-12,466],[-105,225],[-36,-163],[-103,103]],[[64917,38110],[55,318],[184,347],[242,-35],[87,78],[159,-168],[132,150],[70,-82],[92,112],[120,-194],[149,43],[4,131],[494,421]],[[66705,39231],[66,-361],[-103,-94],[-109,-849],[-241,-429],[82,-110],[-125,-63],[13,-175]],[[80592,40808],[-135,119],[4,112],[-400,63],[-80,-145],[-179,213]],[[79802,41170],[47,233],[-72,103]],[[79777,41506],[278,464],[16,362]],[[80071,42332],[205,56],[240,-156],[201,249],[57,703],[186,82],[181,265]],[[81141,43531],[178,-44],[-43,-222],[223,-14],[39,-75],[-93,-182],[-126,-62],[15,-127],[-113,-182],[-8,-137],[70,3],[52,-130],[152,83],[187,-86],[49,171],[130,104],[289,-8],[55,-99],[545,122],[105,-266],[-39,-174],[93,-102],[79,116],[511,-222]],[[83491,41998],[141,-52],[43,-301],[-182,-326]],[[83493,41319],[-168,-156],[-34,-138],[-175,-1],[-64,-263],[-195,-25],[66,-59],[-2,-212],[-492,-240]],[[82429,40225],[-184,-102],[-24,158],[-151,169],[-202,41],[-25,212],[-202,50],[-189,227],[-173,-24],[93,150],[-120,-4],[-40,87],[-170,-215],[28,-90],[-147,-119],[-116,-66],[-215,109]],[[72537,26023],[-103,146],[41,256],[-94,119],[95,212],[168,33],[319,302]],[[72963,27091],[110,93]],[[73073,27184],[69,23],[396,-547],[147,1]],[[73685,26661],[-42,-162],[181,123],[152,-88],[-4,-583]],[[73972,25951],[-118,-63]],[[88513,57233],[-22,71],[-347,-18],[-36,179],[-252,-29],[-326,-258]],[[87530,57178],[-194,51],[-33,-92],[87,-140],[-93,-157],[-152,83],[-82,-172],[-235,-28],[-122,-196],[-3,-165],[-220,-76]],[[86483,56286],[-218,340],[-169,9],[-20,-95],[-175,115],[-132,-150],[-117,63],[-240,-217],[-38,-182],[-93,47],[-42,170],[-147,18],[-79,139],[-333,-111]],[[84680,56432],[-161,25],[-61,567],[-429,170],[-150,218],[-44,236]],[[83835,57648],[27,126],[161,53],[-15,108],[104,76],[-76,124],[67,302],[85,131],[104,-72],[113,386],[-95,87],[29,241],[-161,-169],[-201,-16],[-203,635],[237,258],[116,335],[147,92],[-149,6]],[[84125,60351],[-15,737],[-140,141]],[[83970,61229],[149,416],[-70,83],[394,42],[7,158],[149,174],[17,194],[119,85],[-7,114]],[[84728,62495],[137,51],[186,-133],[75,139],[117,31],[-20,230],[84,76],[196,-166],[40,67],[-54,18],[-19,246],[173,153],[-64,78],[31,134],[153,20],[52,159],[465,-114],[47,-118],[141,81],[166,-67],[-66,211],[110,86],[-70,336],[34,156]],[[86642,64169],[85,63],[122,-67],[54,125],[192,-162],[191,213],[28,-201],[223,-94],[-23,-113],[144,-301],[-22,-175],[64,-13],[-51,-96],[90,-193]],[[87739,63155],[-224,-319],[-16,-253],[158,-28],[2,-103],[156,-121],[140,112],[9,-231],[105,-35],[21,-146],[154,-54],[40,84],[34,-114],[247,53],[103,170],[79,-182],[200,9],[-11,-149],[-263,82],[21,-373],[212,155],[106,-75],[-5,-118],[234,98],[181,-167],[-112,-87],[51,-156]],[[89361,61207],[-104,-176],[-252,178],[-23,-127],[-167,-25],[-233,-373],[-191,11],[-381,467],[-158,-208],[312,-185],[87,-351],[62,-89],[179,-19],[157,-319],[-47,-269],[93,-58],[-155,-200],[-90,-297],[91,-210],[211,-58],[247,-350],[69,-239],[-50,-38],[-123,164],[-35,-308],[-175,-199],[-134,71],[-85,-104],[-54,-151],[26,-298],[113,-105],[-38,-109]],[[74688,38920],[134,-3],[62,148]],[[74884,39065],[135,80],[233,-139],[121,89],[118,-135],[205,7],[71,60],[-48,186]],[[75719,39213],[31,60],[1,-135],[142,134],[124,-33],[10,150],[222,88]],[[76249,39477],[-66,-131],[160,-129]],[[76343,39217],[-51,-403],[-126,-77]],[[76166,38737],[-142,-17],[-57,-154],[-125,-63],[-131,-428],[-566,257]],[[75145,38332],[-164,-16],[-118,111],[-257,-316],[-99,37],[101,220],[80,552]],[[61186,20714],[4,99],[-48,-15]],[[61142,20798],[-32,307],[-128,37],[-17,125]],[[60965,21267],[52,-23],[40,280],[95,-26],[45,-130],[190,-4],[40,-152],[-81,-165],[348,236]],[[61694,21283],[2,-267],[100,25],[107,-293],[77,-39],[10,98],[113,-142],[47,-412],[-263,-183]],[[61887,20070],[-135,89],[-75,241],[-152,67],[-19,139],[-320,108]],[[44598,44234],[80,264],[-13,272],[82,13],[5,435]],[[44752,45218],[30,80],[-69,66],[164,344],[-35,52],[336,433],[-26,69],[60,-36],[-24,89],[155,45],[-2,128],[74,59],[-65,533],[86,-9],[-41,105],[118,225],[-31,198],[127,198],[-64,75],[35,125],[55,-18],[-43,54],[257,122],[220,-16],[-89,85],[186,120],[-48,113],[139,152],[-46,28],[35,145],[112,37],[-54,49],[72,107],[-123,70],[75,244]],[[46328,49289],[-5,119],[136,-5],[-26,88],[204,157],[-63,52],[51,193]],[[47124,51276],[58,-151],[223,-103],[140,-210],[193,219],[250,-47],[283,120]],[[48271,51104],[-4,-107],[104,14],[-61,-59],[95,-181],[-87,-46],[163,-92],[-42,-49],[94,-515],[-194,-416],[104,-142],[-88,-136],[-32,-377]],[[48323,48998],[-210,-168],[-54,-245],[-211,-87],[-89,-600],[176,-213],[349,60],[104,-170],[-47,-38]],[[48341,47537],[-56,29],[-21,-262],[108,-93],[-143,-7],[49,-165],[-114,-53],[80,-109],[-135,68],[-80,-52],[65,-99],[-71,-148],[124,-35],[-118,-33],[42,-58],[-55,-119],[97,-79],[-130,7],[43,-83],[-137,-75],[-35,-73],[70,-44],[-86,-35],[78,-130],[-133,-31],[57,-142],[-115,-4],[-62,-151],[92,-25],[-116,-31],[145,-187]],[[47784,45318],[-70,-89],[53,-52],[-119,12],[21,-392],[-146,-21],[11,-76],[-116,-62],[27,-230],[-117,-136],[35,-165],[-86,-20],[16,-212],[-167,-108],[41,-111],[-128,-165],[68,-104],[-80,-53]],[[47027,43334],[-23,-174],[-89,-51],[17,-139],[-109,21],[70,-61],[-43,-42]],[[46850,42888],[-268,187]],[[46582,43075],[-192,233],[-451,59],[-27,94],[-410,-324],[-217,-376],[-34,192],[-176,133],[-83,354],[-328,508],[-66,286]],[[70981,19812],[63,39],[30,331],[-41,154],[-130,36],[16,184],[-81,200]],[[70838,20756],[159,97]],[[72173,19170],[-74,150],[-159,52],[7,95],[-201,96],[-44,189],[-420,-185],[-301,245]],[[44608,6331],[48,-187],[-164,-230],[-79,39],[3,168],[-188,-50]],[[44228,6071],[-315,48],[-9,-202],[-132,-9],[-118,172],[-14,207],[-446,43],[-52,134],[-228,-29]],[[42914,6435],[-2,89],[132,117],[81,452]],[[43125,7093],[133,8],[90,-100],[206,76],[76,-339],[200,105],[91,-87],[42,82],[130,-34],[254,-230],[107,31],[-4,-129],[158,-145]],[[41584,2990],[179,-26],[45,131],[118,49],[113,-333],[304,-155]],[[42343,2656],[76,-342]],[[42419,2314],[-100,-217],[-98,-5],[-96,-289]],[[42125,1803],[-18,66],[-231,-12],[-227,243],[-71,-43],[-527,189],[-41,236],[-193,101],[80,50],[-95,180],[91,58],[519,155],[58,-147],[114,111]],[[79930,24371],[292,-87],[285,60],[465,-245],[57,113],[82,-12],[362,-273]],[[81473,23927],[-220,-250],[41,-88],[-157,-295],[6,-211],[-117,-69],[32,-148],[-419,122],[-382,-159],[-250,39],[-183,-169],[-9,-100],[-203,-12],[-116,-161]],[[79496,22426],[-122,4]],[[79374,22430],[-23,256],[71,169],[-112,168],[19,305],[-158,297]],[[79171,23625],[134,173],[146,-9],[74,86],[350,-108],[100,220],[-5,178],[-116,143],[76,63]],[[51101,12960],[-157,340],[57,591],[-62,90],[-79,-36],[-76,151],[67,192],[-57,132],[-367,-149]],[[50427,14271],[-118,175]],[[51759,15751],[98,23],[118,-122],[101,69],[-20,169],[243,155],[134,-105],[177,50],[78,-91],[341,-14]],[[53029,15885],[178,-836],[243,-214],[131,75],[124,-55]],[[53705,14855],[-85,-300],[89,-160],[-141,-83],[-54,-212],[48,-33],[-92,-60],[95,-279],[-135,-127],[330,-189],[-112,-236]],[[53648,13176],[-101,-44],[-232,112],[-161,-167],[-215,67],[-23,-111],[123,-189],[-63,-249],[71,-206],[-279,-247]],[[52768,12142],[-196,361],[-247,207],[-11,79],[92,62],[-87,115],[-103,-25],[26,143],[-31,106],[-109,25],[21,87],[-477,-647],[-101,119],[-169,-67],[-117,268],[-158,-15]],[[55379,50369],[-481,223],[-266,291],[-158,7],[-97,-158],[-297,-93],[-441,236],[-242,-162],[-41,-112],[-79,35],[32,-76],[-91,-35],[11,-94],[-56,62],[-197,-310],[20,-117],[-345,-267],[89,-597],[-30,-162],[-127,-68],[-428,214],[-243,636]],[[51912,49822],[-29,224],[184,373],[-31,194],[-280,40],[-362,344],[-509,196],[-83,159],[31,154],[534,474],[4,376],[133,295],[-293,481],[247,400],[231,133],[-44,443]],[[51645,54108],[344,721],[-8,240],[-181,89],[98,230],[280,-90],[99,-136],[81,69],[47,354],[-243,440],[263,275],[-18,243],[-124,102],[-22,146]],[[52261,56791],[55,219],[112,120],[211,53],[355,264]],[[52994,57447],[155,-193],[-2,-179],[122,-94],[106,36],[174,-211],[117,-14],[-63,-12],[10,-109],[235,-80],[-33,-386],[140,-260],[184,-40],[217,-234],[117,-34],[135,88],[380,-234],[169,47],[240,-383],[185,25],[91,-123],[124,91],[115,-222],[344,-27],[159,147]],[[56415,55046],[26,-104],[-164,-248],[-156,86],[-455,-190],[135,-140],[-343,-667],[114,-105],[150,-460],[-151,-129],[-120,-647],[6,-384],[-120,-124],[-118,-376],[14,-153],[190,-300],[-104,-173],[60,-563]],[[49163,16393],[-138,-62],[-178,191],[-14,146],[-107,-53],[20,234],[-144,-104],[-23,124],[-140,115],[-251,-30],[-88,-113]],[[48100,16841],[-99,53],[-73,233],[-108,-28]],[[47820,17099],[-25,221],[221,74],[-246,394],[62,425],[299,59],[65,124],[321,171],[151,-70]],[[48668,18497],[276,224],[88,-213],[277,79],[134,-150],[88,180],[191,109],[222,-269],[163,189],[179,1],[180,-128],[192,34]],[[50658,18553],[152,-46],[19,-112],[286,-50],[176,-139],[-36,-176],[49,-39],[279,-13],[15,-187]],[[51598,17791],[-538,-458],[-4,-166],[144,-257],[-166,9],[-270,-141],[10,-188]],[[83481,44053],[133,105],[-10,122],[-122,9],[23,105],[170,99],[-141,126],[-344,-23],[-26,549],[-210,300],[-510,-42],[-398,-503],[-305,22],[-94,181],[23,171],[-188,-29],[-77,93]],[[81405,45338],[86,206],[296,225],[21,140]],[[81808,45909],[270,138],[138,-50],[266,164],[70,-51],[54,123],[104,-33],[236,135],[182,-156],[279,-2]],[[83407,46177],[120,-417],[300,-226],[484,-96],[398,-344],[259,-85],[61,-299]],[[85029,44710],[75,-335],[-339,60],[-18,-78],[143,-103],[-81,-46],[59,-211],[-198,74],[-31,-112],[-239,-12],[-132,-125],[55,-61],[-77,-147],[66,-168],[-117,-62],[-78,-279]],[[84117,43105],[-166,188],[-304,-227],[-7,103],[112,92],[-11,155],[108,96],[-251,222],[-84,185],[38,98],[-71,36]],[[18244,50470],[-3,185],[-338,166],[-19,364],[150,273],[20,235],[-83,65],[-25,201],[-141,59]],[[17805,52018],[106,300],[163,99],[248,-35],[129,168],[-24,172],[456,414],[450,-155],[90,-161],[319,-99],[81,-389],[70,-46],[196,239],[99,61],[141,-58],[122,155],[186,-107],[743,130]],[[21380,52706],[-108,-112],[196,-3],[97,117],[45,-84],[-46,-231],[102,-131],[140,35],[114,-78],[-48,-138],[-171,-51],[266,-209],[-124,-67],[73,-345],[-140,-170],[356,-355],[-78,-168],[-230,79],[7,-144],[-78,-100],[216,49],[209,-128],[21,-341],[232,107],[55,-416],[113,-15]],[[21850,46989],[223,254],[-43,229],[-231,288],[-219,138],[-354,2],[-1191,833],[-347,-85],[104,1070],[-152,-35],[-580,165],[-166,401],[-234,56],[-40,114],[-376,51]],[[73079,63540],[-205,70],[91,135],[26,248],[-222,86],[-55,155],[-299,227],[-492,-434],[-79,329],[-213,257],[-95,1],[-54,201],[-137,89],[-49,266],[-134,76]],[[71162,65246],[124,330]],[[71286,65576],[353,411],[221,-56],[155,225],[-22,304],[63,196],[122,287],[284,188],[125,570],[110,-160],[83,156],[115,5],[202,-185],[-9,123],[293,31],[121,200],[230,62]],[[73732,67933],[34,-341],[-257,-665],[107,-217],[-148,-636],[461,32],[285,489],[231,32],[103,141],[114,-62]],[[74662,66706],[119,-205],[145,-33],[30,-177],[-298,-511],[-56,-1327],[394,-483],[336,-224],[67,19],[45,451],[267,-27],[62,-297],[-73,-9],[-49,-161],[-16,-369],[217,-770]],[[75852,62583],[-241,95],[-121,-285]],[[46447,11025],[-115,339],[125,152],[-101,325]],[[46356,11841],[-120,219],[-25,312],[236,449]],[[46447,12821],[90,66],[19,162],[187,-322],[254,-70]],[[46997,12657],[328,209],[171,-9]],[[47496,12857],[28,-216],[-87,-60],[-29,83],[42,-259],[-116,-45],[97,-153]],[[47431,12207],[244,-174],[-164,-82],[-83,-181],[67,-140],[-125,-131],[133,-362]],[[47503,11137],[-301,-90],[-470,10],[-93,-100],[-192,68]],[[70997,20853],[182,436],[-127,229],[114,407],[-155,66],[-59,179],[113,270],[-72,196]],[[70993,22636],[300,-103]],[[71293,22533],[0,-176],[287,-280],[47,-251],[158,91],[43,-219],[168,-10],[80,-233],[131,150],[-53,167],[317,-53],[129,244]],[[73287,20895],[-49,13],[18,-110],[-67,-17],[18,-124],[-68,-60],[53,-153],[-49,-122]],[[73143,20322],[-338,-421],[62,-128],[120,69],[95,-143],[0,-231],[99,-57],[-34,-68]],[[73147,19343],[-89,22],[0,-216],[-182,3],[-182,138],[-45,-113],[-39,62],[-231,-54],[-70,-104]],[[72309,19081],[-95,-9],[-41,98]],[[72173,19170],[422,508],[-94,306],[-203,251],[-110,-117],[-183,65],[-108,190],[22,184],[-197,247],[-122,-101],[-227,194],[-326,-97],[-50,53]],[[56539,77607],[372,-210],[70,-137],[-62,-936],[95,-529]],[[57014,75795],[-336,-515]],[[56678,75280],[-184,-107],[-120,-230],[-74,24],[-223,-152],[-27,-110],[-296,-144],[39,-110],[-121,30],[46,-52],[-55,-54],[-699,-489],[-458,-534],[-35,68],[-64,-101],[-123,34]],[[54284,73353],[36,255],[156,216],[-103,162],[-518,168],[-128,315],[-175,-220],[-117,-17]],[[53435,74232],[220,318],[39,239],[-242,171],[-76,192],[152,319]],[[53528,75471],[192,-228],[81,150],[274,24],[85,170],[223,4],[270,395],[65,-39],[183,212],[85,-4],[85,169],[324,217],[745,789],[399,277]],[[79399,38060],[313,-94],[124,99],[56,267],[125,-147],[218,105],[201,-50]],[[80436,38240],[-25,-236],[91,-153],[333,154],[94,-65],[9,-140],[297,-37],[-163,-118],[65,-192],[-159,-143],[35,-125],[122,16],[-9,-93],[-477,-14],[31,-109]],[[80680,36985],[-190,17],[-222,238],[-141,-247],[-11,-236],[-128,-124]],[[79988,36633],[-189,6],[-23,217],[-81,87],[79,405],[-335,42],[34,106],[-120,199],[66,131],[-20,234]],[[25842,34983],[-741,500],[-322,765],[4,197],[-166,-12],[-318,187]],[[27996,44031],[117,62],[94,-182],[115,63],[86,209],[132,-121]],[[28540,44062],[164,-725],[256,-311],[46,-199],[-57,-258],[170,-350],[-98,-431],[65,-346],[-63,-296],[63,-153],[-41,-229],[181,-479],[-90,-195],[142,-408],[-90,-186],[68,-232],[305,-394],[175,-45],[151,-165],[584,46],[193,-69]],[[30664,38637],[22,-384],[268,-336],[-198,-220],[8,-262]],[[30764,37435],[-367,-226],[36,-549],[-183,-402],[-119,-67],[-170,-451],[68,-457],[-184,-78],[-35,-148],[-182,18],[-15,-232],[-223,-95]],[[29390,34748],[-351,-19],[-323,441],[-94,-17],[-67,-150],[-71,106],[-24,-405],[191,-238],[24,-183],[0,-167],[-163,-222],[44,-142]],[[28556,33752],[-218,-331],[-5,-159],[147,-230],[-95,-130],[-46,-399],[-182,-310],[-345,201],[-129,599],[-292,223]],[[27391,33216],[-118,493],[-155,218],[12,155],[-220,82],[373,733],[-255,-27],[-407,457],[-221,-119],[-135,227],[-239,-127],[-184,-325]],[[26674,46457],[209,-46],[-74,-253],[280,51],[-38,-128],[101,-237],[-63,-271],[72,-104],[-99,-212],[78,-159],[152,116],[293,-330],[-193,-289],[168,-52],[144,74],[23,-83],[-115,-77],[2,-114],[213,20],[29,-272],[140,-60]],[[27996,44031],[-63,-439],[141,-689],[12,-195],[-91,-203],[92,-445],[-41,-55],[-194,75],[18,-132],[-185,-180],[13,-193],[-100,-305],[-160,56],[-75,127],[-11,425],[-127,326],[-304,154],[-420,-28],[-107,180],[44,154],[-219,275],[43,146],[-198,-6],[-177,241],[-336,114],[-17,-267],[-361,-219],[27,-315],[-358,-205],[-7,-125],[-145,-65],[-226,-365],[-306,21],[217,-425],[-127,-321],[-124,8],[65,-594],[-141,-158]],[[23654,40421],[-33,92],[-333,126],[-32,139],[-133,69],[-18,170],[-141,147],[119,193],[-249,225],[-295,510],[-149,38],[-261,360],[-156,-22],[20,112],[-67,-58],[-137,157],[-48,-86],[-84,43],[-13,131],[-186,-31],[-114,145],[-75,-58],[-73,45],[19,95],[-127,28],[-70,-98],[-90,180],[-208,9],[-224,353],[-633,518]],[[19863,43953],[172,176],[389,142],[490,21],[269,644],[282,294],[0,237],[96,203],[552,-462],[284,286],[179,724],[-152,168],[-194,26],[-123,235],[-178,89],[-79,253]],[[21850,46989],[346,178],[87,416],[128,108],[182,7],[179,244],[-86,257],[59,60],[-149,413],[99,311],[-266,545],[107,58],[-35,126],[98,95]],[[22599,49807],[214,14],[22,-214],[293,-345],[185,23],[-33,-209],[280,-98],[92,49],[-78,101],[102,231],[145,-89],[156,123],[290,-25],[-33,-192],[103,-105],[-118,-21],[65,-141],[122,-33],[-77,-175],[106,-163],[18,-234],[247,-80],[227,48],[-182,-258],[131,-96],[32,-188],[99,78],[62,-146],[29,198],[426,50],[29,-76],[-113,-274],[128,0],[151,163],[12,-281],[135,-163],[92,91],[-84,148],[127,86],[32,-300],[180,126],[58,-70],[-32,-130],[136,-78],[-15,-94],[-138,-76],[9,-110],[244,72],[-68,-167],[135,-120],[-43,-199],[62,-60],[113,59]],[[93315,64060],[-127,-36],[-163,-398],[-307,-28],[-168,149],[72,205],[-94,187],[-150,-125],[-135,186],[-205,-30]],[[92038,64170],[-2,296],[-197,94],[48,112],[-124,92],[72,256],[-118,124],[113,554],[179,369],[-75,252]],[[91934,66319],[155,41],[92,-303],[142,18],[7,-168],[127,9],[50,-198],[348,124],[277,-19],[99,189]],[[93231,66012],[317,425]],[[93548,66437],[36,-354],[186,-100],[13,-116],[-89,-152],[35,-211],[-124,-238],[219,-372],[-219,-127],[-202,-332],[-126,-39],[145,-213],[-107,-123]],[[34143,71375],[-147,203],[-92,-12],[59,234],[-108,-16],[-10,89],[89,44],[-19,104],[-84,-22],[57,42],[-48,94],[-161,-55],[-93,306],[-68,-29],[-28,124],[-83,-75],[20,91],[-138,71],[18,171],[-153,-156],[-61,278],[-129,52],[-168,-147],[-8,242],[-83,10],[5,-113],[-97,189],[-146,-35],[4,170],[65,48],[-80,102],[-130,-53],[-13,126],[-123,8],[-16,253],[-121,152],[46,455],[55,4],[19,162],[152,86],[-40,37],[99,310],[-37,222],[211,200],[376,610],[119,414],[-35,132],[155,194],[4,116],[59,-2],[47,198],[-74,197],[68,60]],[[33277,77260],[236,-142],[96,110],[460,-34],[228,313],[836,-93],[370,127],[80,152],[75,-168],[209,121],[83,-119],[125,-16],[146,252],[-33,301],[83,204],[-43,222],[106,-11],[165,-217],[184,-25],[71,-128],[391,223],[-235,471],[47,170],[-373,580],[133,831],[-133,242]],[[36584,80626],[1235,339],[73,190]],[[37892,81155],[185,60],[179,290],[220,111],[63,205],[838,272],[247,-291],[144,47],[268,-196],[402,127],[569,-405]],[[41007,81375],[95,-272]],[[42314,76231],[-193,106],[-72,182],[-210,-17],[-309,141],[-792,-511],[-168,11],[-53,-154],[109,-188],[-105,-239],[-11,-295]],[[40510,75267],[-401,98],[269,-954],[-78,-84],[-19,-402],[-165,-179],[31,-186],[-100,-66],[0,-292],[-205,-393],[65,-57],[58,185],[126,-12],[-57,-189],[99,-93],[-24,-161],[82,24],[-60,-113],[62,-172],[113,31],[21,143],[130,-51],[185,136],[-100,-253],[69,-70],[202,29],[23,-142],[-121,-181],[94,-141],[-81,-51],[9,-92],[183,17]],[[40920,71596],[-23,-151],[180,77],[161,-147],[44,-180],[-112,31],[-18,-145],[180,41],[138,-133],[-126,-90],[8,-102],[145,-27],[-123,-359],[138,26],[14,-116],[77,5],[-52,-249],[194,66],[-5,-148],[112,108],[58,-103],[-96,-96],[150,46],[2,-177],[-95,-87],[53,-89],[204,273],[92,-248],[-121,-105],[258,124],[85,-173],[-77,-230],[240,-70],[-35,120],[66,-8],[33,154],[60,-113],[-33,-261],[210,23],[42,-154],[118,-51],[66,321],[43,-268],[90,-75]],[[43265,68856],[-80,-177],[79,-89]],[[43264,68590],[-287,-243]],[[42977,68347],[-50,69],[-50,-58],[-30,100],[-98,-53],[-104,138],[-93,-32],[52,145],[-154,9],[98,100],[-101,21],[-51,-58],[15,-61],[-54,-77],[17,138],[-90,-73],[-152,57],[-79,-124],[-136,337],[-146,24],[59,102],[-162,-73],[33,202],[-90,-22],[-16,172],[-134,-58],[-52,145],[-114,-95],[-121,35],[-10,-74],[-147,44],[-8,80],[-40,-79],[-146,29],[-218,134],[-174,10],[-109,-98],[-358,249],[-116,-35],[-94,209],[-70,-5],[-13,130],[-253,193],[-60,291],[-92,97],[-311,-81],[-252,-441],[-145,19],[-71,-142],[72,-78],[-87,-83],[-192,60],[-377,-187],[-115,-192],[-118,-31],[-13,-233],[-70,-73],[-276,572],[-192,29],[-251,317],[61,128],[-74,125],[71,151],[-83,81],[-5,196],[-155,117],[-55,248],[90,96],[30,258],[-5,246],[-124,162],[38,111],[-67,7],[61,209],[-85,127],[-86,-44],[-33,-170],[-103,-29],[-179,718],[-159,72],[-445,-218],[-9,-161],[-98,-119],[-117,12],[-43,-119],[-309,-169],[-673,-803],[-169,155]],[[5284,38457],[-115,488],[-226,316],[73,197],[-28,285],[-257,441],[151,439],[198,279],[30,218],[122,78],[-207,457],[25,104],[-301,234]],[[4749,41993],[-21,153],[106,9],[12,124],[148,0],[199,181],[93,-84],[230,29],[286,178],[827,-170],[67,-159],[189,46],[55,-214],[115,-70],[80,56],[101,-166]],[[7236,41906],[100,-128],[277,26],[197,-218],[-53,-488],[-112,-269],[178,-607],[-165,-591],[-10,-378],[-216,-547]],[[7432,38706],[-107,-79],[-47,-188],[-302,-121],[-663,507],[-209,-353],[-139,-63],[-179,63],[-138,-141],[-244,4],[-120,122]],[[43034,76931],[107,-346],[-108,-22],[-80,-181],[-222,-87],[0,-160],[-103,-153]],[[42628,75982],[-231,86],[-83,163]],[[42314,76231],[35,173],[-65,160],[52,126],[-320,127],[-204,628],[-103,35],[-8,218],[-165,105],[130,242],[-116,409],[156,262],[-159,157],[-247,-183],[149,292],[-231,255],[244,251],[133,377],[-54,29],[25,156],[-125,-7],[18,68],[-110,76],[26,73],[-129,7],[6,129],[-176,37],[11,187],[-130,207],[145,276]],[[41102,81103],[637,-692],[100,-302],[223,56],[244,-226],[215,85],[248,-177],[144,15],[295,-338],[244,-126],[-266,-357],[-55,-275],[-118,-141],[110,-207],[-81,-55],[-41,-198],[-176,-196],[-373,-21],[22,-284],[274,-582],[286,-151]],[[74900,30555],[48,-72],[88,37],[-10,-70]],[[75026,30450],[85,-176],[-224,-298],[43,-87],[-165,-27],[-79,-191]],[[74686,29671],[-40,-213],[-216,-273],[-250,-125]],[[74180,29060],[-233,330],[-138,39]],[[73809,29429],[-38,172],[49,126],[-185,251]],[[73635,29978],[144,99],[251,459]],[[74030,30536],[93,-78],[403,-19],[40,-92],[222,-56],[112,264]],[[45936,78435],[118,-24],[228,181],[61,-32],[-17,82],[111,-33],[396,343],[164,998],[86,274],[314,357],[58,404],[674,963],[14,117],[150,40],[-26,126],[165,143],[22,185],[231,89],[112,259]],[[48797,82907],[631,-451],[82,-323],[401,30],[82,-372],[269,-230],[90,-234],[175,-84],[45,-288],[191,-15]],[[50763,80940],[-438,-430],[-201,-637],[177,-147],[-24,-255],[297,-322],[11,-193],[90,-69],[65,-263],[123,-80],[-12,-73],[-207,20],[-133,-249],[294,-342],[-20,-516],[77,-128],[-57,-180],[397,-514],[116,22]],[[51318,76584],[-200,-215],[-47,-162],[-141,-39],[-127,-143],[143,88],[-40,-165],[-142,-22],[-135,270],[-157,-8],[-221,264],[-238,-226],[-288,-28],[-273,598],[-220,218],[-470,228],[-136,146],[-56,216],[-202,77],[-59,-103],[-131,-14]],[[48178,77564],[-21,256],[-88,-88],[-11,-188],[-90,173],[-174,-12],[55,221],[-126,-11],[-8,221],[-108,-178],[-285,220],[-89,-49],[-23,-181],[-362,-309],[-254,274],[-114,-14],[-21,-160],[-128,-25],[-348,316],[-67,245],[70,87],[-153,-9],[103,82]],[[78490,38435],[-124,-139],[99,-131],[-159,-331],[29,-185]],[[78335,37649],[-392,-201],[43,303],[-231,29],[-80,-81],[-234,80],[-177,266],[19,144]],[[77283,38189],[455,162],[-28,265],[234,124],[36,176],[141,32],[189,-192],[141,16],[39,-337]],[[40864,29138],[94,9],[91,252],[195,184],[-50,102],[43,143],[161,49],[74,-71],[157,159],[28,-83],[176,26],[112,-252],[209,-133],[292,48],[203,222],[160,-1],[-12,-103],[122,113],[257,-58]],[[43176,29744],[8,-276],[-240,-40],[-84,-151],[-143,-39],[-10,-399],[-226,-305],[55,-117],[232,36],[76,-143],[186,209],[200,-17],[-75,-343],[-167,-165],[126,-176]],[[43114,27818],[-107,-83],[-138,48],[-111,-230],[-216,-77],[-26,-287],[-429,78]],[[42087,27267],[-78,29],[-7,216],[-160,43],[-94,231],[-381,280],[-143,572],[98,226],[-458,274]],[[78791,86364],[-88,-104],[-54,-377],[-644,-120]],[[78005,85763],[-590,-18],[-340,253],[168,344],[42,292],[-77,58]],[[77208,86692],[244,401],[16,159],[257,300],[-16,457],[89,483],[-155,293],[166,70],[204,-61],[133,134],[264,34]],[[78410,88962],[153,-100],[203,97],[43,-279],[167,-51],[104,-362],[-48,-347],[-113,-10],[53,-219],[-99,-209],[71,-128],[-72,-88],[16,-266],[-70,-98],[70,-142],[-97,-396]],[[50309,14446],[-164,-193],[-238,302]],[[49907,14555],[135,228],[-42,137],[-210,174],[-391,95],[84,199],[-142,-21],[-28,159],[-168,62],[39,140],[-52,110],[141,158],[131,-147],[75,80],[-316,464]],[[49163,16393],[507,-194],[-9,425],[83,121],[122,-33],[213,134],[203,-173],[121,84],[371,-167]],[[50774,16590],[662,-444],[-43,-335],[110,186],[256,-246]],[[51759,15751],[29,-139],[-197,-177],[-26,-158],[-259,-37],[-227,170],[-129,-190],[49,-166],[-63,-194],[-125,-50],[-307,96],[-81,-176],[37,-66],[-147,-93],[-4,-125]],[[44134,50723],[45,135],[-55,110],[121,171],[-108,343],[137,284],[162,13],[68,222],[266,209],[23,205],[98,12],[36,201],[92,82],[-9,189]],[[45010,52899],[444,-305],[129,-199],[66,40],[185,-261],[176,118],[152,-20],[272,-228],[120,136],[182,-34],[-2,-90],[123,-48],[200,-2],[26,112],[265,-48],[-31,-188],[-173,-59],[64,-141],[-109,-56],[40,-62],[-68,-77],[109,-40],[-192,-120],[136,-51]],[[47124,51276],[-294,-202],[104,-15],[23,-206],[-115,-156],[77,-56],[-70,-52],[-25,-302],[-79,-24],[82,-137],[-121,-17],[33,-86],[-110,-37],[-4,-93]],[[46625,49893],[-186,-94],[-225,194],[-243,31],[-126,146],[-181,-69],[-275,445],[-146,-58],[-130,-309],[-63,84],[-83,-34],[-12,175],[-180,103],[-152,-126],[-103,204],[-341,-71],[-45,209]],[[53975,59856],[-109,243],[36,217],[-189,280],[16,327],[-101,227],[496,519],[90,211],[-68,308]],[[54146,62188],[276,-345],[521,-69],[262,522],[245,171],[179,-22],[404,371],[276,-14],[-57,543],[-73,137],[-204,79],[1,389],[-98,98],[46,214],[-64,181],[228,491],[-415,306],[0,357],[75,146],[-192,73]],[[55556,65816],[-186,122],[-53,168],[258,701],[338,129],[-146,632]],[[55767,67568],[147,-56],[66,-126],[40,52],[-62,71],[132,34],[61,-141],[-73,-39],[76,-43],[29,92],[20,-541],[138,159],[31,240],[164,-39],[127,-224],[-34,-218],[67,-137],[62,-41],[82,155],[-4,-346],[94,68],[128,-177],[84,157],[23,-244]],[[57165,66224],[-261,-156],[57,-185],[-137,-261],[157,-209],[-23,-153],[84,-239],[75,7],[26,-139],[189,-110],[142,-296],[-86,-535],[339,-330],[127,411],[38,-163],[154,-41],[-58,-69],[25,-155],[137,-182],[214,100],[279,-489],[452,-117]],[[59095,62913],[-24,-227],[-192,-340],[62,-278],[-143,-250],[64,-167],[-94,-254],[19,-198]],[[58787,61199],[-115,-115],[-112,135],[-291,37],[-306,-249],[-49,-235],[68,-206],[-343,-836],[-3,-392],[-114,-189],[-334,249],[-38,595],[76,170],[-229,101],[-44,-76],[-273,30],[-314,-194],[-47,-677],[-270,179],[-549,38],[-115,173],[-251,-97],[48,-136],[-78,-103],[-40,161],[-308,188],[-180,-50],[-264,201],[-140,7],[-97,-112],[-100,60]],[[62412,82299],[40,446],[-212,92],[55,175],[-128,285],[122,200],[-33,159],[84,287],[138,238],[-96,298],[70,732],[96,102],[-5,167],[145,-28],[17,115]],[[62705,85567],[145,8],[105,-214]],[[62955,85361],[250,-294],[149,-7],[221,196],[114,-12],[22,208],[72,29]],[[65103,82200],[-280,-110],[-132,87],[-47,-66],[-247,31],[-6,174],[-333,256],[-588,-308],[-101,59],[-140,-67],[-216,123],[-601,-80]],[[36602,54290],[-293,-254],[-110,123],[-43,264],[-308,-217],[-468,80],[42,204],[-89,328],[-95,79],[135,413],[-120,357],[-97,-16],[-96,236],[70,311],[-54,67],[-93,-181],[-154,-6],[-123,529],[-183,38],[80,4],[104,410]],[[34707,57059],[412,273],[162,423],[75,-28],[-27,-157],[189,-35],[65,-142],[97,96],[116,-166],[97,190],[190,54],[-1,108],[117,135],[123,-87],[96,98],[93,225],[-50,117],[173,104],[62,150],[-46,219],[45,350],[-61,128],[87,3],[-16,71],[150,126],[-94,238],[110,53],[47,422],[107,-1],[103,159],[28,267],[193,-16],[-29,173],[-94,75],[0,221],[202,193]],[[37428,61098],[380,95],[118,168],[211,-241],[242,-7],[54,-94],[164,42],[220,295],[98,16],[-45,123],[260,180],[-57,132],[79,160],[117,57],[30,-72],[8,133],[111,-33],[38,156],[95,-85],[-36,136],[130,6],[-112,81],[31,80],[138,-26],[47,-131],[71,92],[54,-58],[-73,-107],[66,35]],[[39867,62231],[60,-83],[-46,-99],[-38,42],[41,-76],[-115,-142],[52,-145],[-23,-111],[-46,29],[70,-198],[-50,-146],[77,-72],[-91,-356],[-184,-265],[165,-39],[22,-78],[-129,5],[18,-157],[65,-34],[5,70],[53,-160],[146,-55],[-234,-110],[-19,-112],[149,-101],[34,-127],[85,21],[-42,-65],[72,-107]],[[39964,59560],[-85,48],[-194,-99],[-101,67],[37,74],[-114,-49],[-73,85],[-100,-103],[67,-118],[-133,-31],[-113,-210],[-106,49],[-48,-149],[181,-112],[30,-171],[-193,-28],[2,-155],[-189,-191],[31,-69],[-223,-92],[-8,-161],[-79,-9],[42,-120],[-68,-34],[20,-91],[-107,20],[-103,-159],[47,-203],[-108,-19],[-29,-187],[-215,-328],[-114,59],[-87,-196],[-91,9],[-2,-157],[-165,-122],[-131,-448],[-118,-113],[196,-436],[-83,-141],[-121,-25],[-77,332],[-245,71],[-163,244],[-22,-423],[-226,-1039],[19,-340]],[[67953,87043],[108,-252],[260,-98],[151,-230],[23,-436],[90,-6],[74,-189],[-33,-205],[-211,-256],[-20,-303],[-1032,-1517],[-840,-669]],[[66523,82882],[-30,-57],[-153,186],[-174,-11],[-160,-99],[-52,-141],[-302,6],[-220,-322],[-205,22],[-68,-263],[-56,-3]],[[65103,82200],[-312,586],[41,369],[-134,65],[-277,515],[-244,-17],[251,165],[31,247],[299,402],[332,91],[-97,137],[-24,215],[-544,173],[-368,380],[-274,-47]],[[63783,85481],[424,594],[287,91],[231,237],[364,4],[259,418],[88,-75],[77,106],[104,-26],[2,156],[236,227],[48,-81],[-86,-87],[-48,-265],[197,78],[171,-311],[-33,-69],[-130,59],[-70,-130],[2049,636]],[[75490,62393],[158,-485],[6,-266],[269,-262],[94,-366],[-41,-83],[-172,-80],[-308,110],[-172,319],[-404,137],[83,401],[-272,12]],[[74731,61830],[-66,78],[-113,-87],[-175,39],[-119,-159],[149,-284],[-236,-284],[0,-197],[205,-580],[-17,-152],[-172,360],[5,245],[-222,349],[-111,493],[-274,240],[-225,-116]],[[73360,61775],[-90,6],[-81,182],[31,180],[-234,279],[183,262],[-228,301],[134,210],[4,345]],[[73079,63540],[162,43],[85,155],[131,-227],[89,-16],[143,334],[217,139],[-51,188],[-76,-5],[61,209],[382,-278],[60,301],[55,-4],[178,-222],[244,-630],[152,-146],[256,-58],[108,-158],[24,-361],[191,-411]],[[24299,36620],[-68,4],[-73,-218],[73,-108],[-98,-175],[15,-137],[114,-177],[-81,-152],[-431,329],[-447,99],[-142,112]],[[23161,36197],[60,801],[-227,332],[103,335],[-248,236],[45,286],[-441,84],[33,214],[159,45],[37,89],[-135,-35],[-202,315]],[[22345,38899],[46,118],[228,144],[185,-111],[453,154],[96,216],[325,192],[-19,149],[-171,125],[45,329],[121,206]],[[23654,40421],[290,-71],[104,54]],[[24048,40404],[114,-195],[318,-218],[318,93],[196,-396],[215,-134],[92,-234],[190,-137],[89,-293],[193,27],[142,-284],[-10,-154],[-177,-202],[-75,-319],[65,-246],[-103,-205],[-41,-357],[-594,-122],[-99,-126],[-499,-151],[-83,-131]],[[79081,33594],[-55,-276],[70,-66],[-127,-646]],[[78969,32606],[-338,65]],[[78631,32671],[-325,65],[-194,221],[-157,43],[80,240],[-60,184],[84,22],[10,101],[436,124],[-77,180],[-134,-9],[-19,114],[80,81],[386,-298],[270,8],[70,-153]],[[63453,36198],[-111,-9],[-49,-155],[-102,106]],[[63191,36140],[-192,253],[39,174],[-119,93]],[[62919,36660],[-17,172]],[[62902,36832],[201,-165],[139,280],[76,-131],[-15,106],[237,78],[-185,432]],[[63355,37432],[108,-19]],[[63463,37413],[209,-170],[141,54],[20,-102],[-101,-84],[155,-11]],[[63887,37100],[108,-261],[-190,-101],[30,-117],[-353,-256],[-29,-167]],[[71936,24930],[-54,265],[120,55],[-98,136],[-38,265],[41,54],[48,-91],[164,3],[79,67],[-42,127],[45,20]],[[72201,25831],[336,192]],[[72537,26023],[121,-114],[46,-214],[245,-60],[116,172],[212,75],[226,-61],[207,279],[144,-212]],[[73854,25888],[-95,-359],[147,-127],[55,-183],[74,54],[76,-214]],[[74111,25059],[-266,-184],[-381,70],[-43,-279],[65,-178],[-59,-162]],[[73427,24326],[-130,-86],[-8,-260],[-363,163]],[[72926,24143],[-312,206],[-139,-132],[-140,56],[-46,448],[-353,209]],[[78176,22125],[36,59],[-140,154],[-291,86],[-46,177]],[[77735,22601],[111,410],[-90,108],[213,120],[185,-44],[52,404],[253,117],[64,228]],[[78523,23944],[218,42],[228,186]],[[78969,24172],[84,-268],[-83,-101]],[[78970,23803],[-199,-290],[-31,-172],[-108,-25],[-195,-243],[33,-419],[-72,-234],[-222,-295]],[[82375,49042],[-1200,128],[-155,-70],[-137,152],[-216,-337],[86,173],[-72,160],[138,198],[77,389],[-18,177],[-111,67],[7,214]],[[80774,50293],[321,208]],[[81095,50501],[201,-234],[-13,-167],[74,-112],[388,167],[152,-238],[234,-72],[135,-166],[73,-286],[115,-101],[3,-187],[-82,-63]],[[79291,70835],[123,-7],[169,-171],[10,-349],[-450,-399],[31,-196]],[[79174,69713],[59,-221],[-78,-83],[-88,155],[-139,-62],[-10,151],[-121,-4],[-77,-125],[-184,180],[23,125],[-188,-138],[-318,55],[-123,-97],[-176,117],[-136,-90],[118,-246],[-189,-217],[-196,-65]],[[77351,69148],[-206,283],[-85,469],[63,141],[-12,318],[147,167],[38,247],[-643,-28],[-38,275],[-171,126],[82,125],[131,655]],[[76657,71926],[131,143]],[[76788,72069],[319,73],[174,213],[-230,115],[-6,412],[-132,100],[-31,164],[52,240],[-252,249],[90,274],[-108,136]],[[76664,74045],[211,-87],[360,298],[159,35],[74,-77]],[[77468,74214],[-39,-269],[128,-105],[189,21],[217,-103],[-1,-154],[109,-161],[188,-106],[-201,-765],[64,-228],[-45,-256],[190,-158],[-8,-253],[124,-26],[216,-449],[338,244],[67,-110],[-19,-483],[306,-18]],[[53157,5332],[-95,116],[-250,-8],[-53,336],[-58,-152],[-95,6],[-91,379]],[[52515,6009],[5,134],[-178,46],[-96,-93],[-99,230],[-107,38]],[[52040,6364],[29,124],[134,90],[-96,179],[149,324],[221,-123],[192,39],[-191,305]],[[52478,7302],[243,311],[171,-4],[347,330],[137,-46]],[[53376,7893],[119,-227],[118,142],[289,-364]],[[53902,7444],[-37,-264],[89,-116],[-57,-355]],[[53897,6709],[-298,-234],[-82,-181],[-44,-182],[128,-266],[-46,-154],[-206,-101],[-37,-226],[-155,-33]],[[74428,49114],[70,51],[32,-121],[196,-77],[454,45],[129,-176],[15,-353],[208,-43],[211,108],[322,-238]],[[76065,48310],[-492,-128],[15,-126],[-133,-67],[-95,88],[-76,-135],[-97,-4],[-60,-166],[43,-111],[-62,-139],[113,-291],[-25,-270],[108,-100],[-27,-241],[153,-51],[153,189],[23,219],[97,47]],[[75703,47024],[40,-81],[112,40],[101,-78],[-8,-405],[-126,-132],[-51,-226],[106,-272]],[[75877,45870],[-222,-167],[-13,269],[-79,61],[-131,-96],[-241,314],[-208,-31],[-284,172],[-49,-85],[-49,130],[-66,-121],[-174,125],[-96,-64],[30,169],[-135,105],[58,198],[-150,42],[-77,199],[64,322],[-154,1096],[69,94],[416,3],[-30,415],[72,94]],[[77532,50675],[-188,24],[-1,214],[-156,248],[54,476],[157,346],[11,373]],[[77409,52356],[522,204],[71,-222],[292,-113],[138,31],[84,164],[139,-101],[42,-163],[303,41],[30,-276]],[[79030,51921],[-130,71],[-214,-247],[-245,-50],[-71,-653],[114,10],[85,-193],[172,-80],[38,-292]],[[78779,50487],[-152,-25],[-94,-132],[-20,-232],[-182,87],[-49,113],[69,101],[-221,178],[-146,22],[-113,-135],[-95,277],[-187,11],[-57,-77]],[[72600,21963],[-12,153],[-167,189]],[[72421,22305],[-23,339],[108,89]],[[72506,22733],[241,162],[173,-59],[29,-266],[86,10],[100,-130],[126,235],[334,180],[242,-291],[233,-59]],[[74070,22515],[91,-73],[-56,-21],[41,-130],[-65,-326],[-92,-121],[43,-232],[-74,-135],[62,-77],[-236,-377]],[[73784,21023],[-303,-61],[-54,-124],[-140,57]],[[73287,20895],[-97,296],[-172,113],[64,194],[-229,161],[-116,263],[-137,41]],[[75280,14047],[105,-40],[120,82],[121,203],[224,2]],[[75850,14294],[66,-156],[208,-24],[16,-80],[110,64],[94,-118],[127,34],[65,-125],[-102,-202],[96,-77],[175,-531]],[[76705,13079],[-1275,-692]],[[75430,12387],[-18,90],[126,158],[-108,-33],[27,148],[-114,395],[-147,-9],[-210,199],[136,39],[145,255],[34,248],[-70,138],[49,32]],[[50824,5242],[28,-67],[-132,-146],[286,-317],[-3,-190],[-158,-259],[-142,-47],[-35,-309],[-147,-172],[-19,-194],[-140,28],[-85,-98]],[[50277,3471],[-536,353]],[[49741,3824],[449,584]],[[50190,4408],[98,153],[176,-68],[84,230],[-73,85],[94,125],[5,168],[250,141]]]}