{"type":"Topology","objects":{"data":{"geometries":[{"properties":{"cd_mun_ibge":"1500107"},"type":"MultiPolygon","arcs":[[[-149,-222,-22,-145,-90]]],"id":0},{"properties":{"cd_mun_ibge":"1500131"},"type":"MultiPolygon","arcs":[[[0,-28,-254]]],"id":1},{"properties":{"cd_mun_ibge":"1500206"},"type":"MultiPolygon","arcs":[[[-62,-406,-391,-139,-21,-24,-128,-39]]],"id":2},{"properties":{"cd_mun_ibge":"1500305"},"type":"MultiPolygon","arcs":[[[-86,1,-51,-6,-38]]],"id":3},{"properties":{"cd_mun_ibge":"1500347"},"type":"MultiPolygon","arcs":[[[-205,-43,-376,-458,-20,-192]]],"id":4},{"properties":{"cd_mun_ibge":"1500404"},"type":"MultiPolygon","arcs":[[[-174,-3,-147,-304,-68]]],"id":5},{"properties":{"cd_mun_ibge":"1500503"},"type":"MultiPolygon","arcs":[[[-88,-232,-236,-148,2,-173,3]]],"id":6},{"properties":{"cd_mun_ibge":"1500602"},"type":"MultiPolygon","arcs":[[[-329,4,-165,-101,-417,-100,-261,-215,-429,-33,-448,-379]]],"id":7},{"properties":{"cd_mun_ibge":"1500701"},"type":"MultiPolygon","arcs":[[[-36,5,-54,-275,-218,-152,-372]]],"id":8},{"properties":{"cd_mun_ibge":"1500800"},"type":"MultiPolygon","arcs":[[[-271,-27,-130,-23]]],"id":9},{"properties":{"cd_mun_ibge":"1500859"},"type":"MultiPolygon","arcs":[[[-452,-382,-226,-194,-170,-330,-380]]],"id":10},{"properties":{"cd_mun_ibge":"1500909"},"type":"MultiPolygon","arcs":[[[-444,-31,6]],[[7]],[[8]],[[9]],[[10]],[[11]],[[12]],[[13]],[[14]],[[15]],[[16]]],"id":11},{"properties":{"cd_mun_ibge":"1500958"},"type":"MultiPolygon","arcs":[[[-113,-45,-95,-409,-326]]],"id":12},{"properties":{"cd_mun_ibge":"1501006"},"type":"MultiPolygon","arcs":[[[17,-106,-301,-26,-263,-99]]],"id":13},{"properties":{"cd_mun_ibge":"1501105"},"type":"MultiPolygon","arcs":[[[-132,-37,-66,-177,-19,-228]]],"id":14},{"properties":{"cd_mun_ibge":"1501204"},"type":"MultiPolygon","arcs":[[[-142,-35,-423,-195,-224,18,-182,-137]]],"id":15},{"properties":{"cd_mun_ibge":"1501253"},"type":"MultiPolygon","arcs":[[[19,-249,-208,-245,-64,-190]]],"id":16},{"properties":{"cd_mun_ibge":"1501303"},"type":"MultiPolygon","arcs":[[[-221,-25,20,-138,21]]],"id":17},{"properties":{"cd_mun_ibge":"1501402"},"type":"MultiPolygon","arcs":[[[-220,-42,-313,-272,22,-129,23,24]]],"id":18},{"properties":{"cd_mun_ibge":"1501451"},"type":"MultiPolygon","arcs":[[[-216,-264,25,-300,-146]]],"id":19},{"properties":{"cd_mun_ibge":"1501501"},"type":"MultiPolygon","arcs":[[[26,-273,-278,-40,-127]]],"id":20},{"properties":{"cd_mun_ibge":"1501576"},"type":"MultiPolygon","arcs":[[[-118,-255,27,28,-358]]],"id":21},{"properties":{"cd_mun_ibge":"1501600"},"type":"MultiPolygon","arcs":[[[-295,-161,-211,-44,-413,-188,-363]]],"id":22},{"properties":{"cd_mun_ibge":"1501709"},"type":"MultiPolygon","arcs":[[[29,30,-443,-284,-410]],[[31]]],"id":23},{"properties":{"cd_mun_ibge":"1501725"},"type":"MultiPolygon","arcs":[[[-428,-131,-230,-449,32]]],"id":24},{"properties":{"cd_mun_ibge":"1501758"},"type":"MultiPolygon","arcs":[[[-196,-346,-322,-360,33]]],"id":25},{"properties":{"cd_mun_ibge":"1501782"},"type":"MultiPolygon","arcs":[[[-424,34,-141,-94,-83]]],"id":26},{"properties":{"cd_mun_ibge":"1501808"},"type":"MultiPolygon","arcs":[[[35,-371,-67,36,-134,-87,37]]],"id":27},{"properties":{"cd_mun_ibge":"1501907"},"type":"MultiPolygon","arcs":[[[38,39,-282,-92,-367,-328,-63]]],"id":28},{"properties":{"cd_mun_ibge":"1501956"},"type":"MultiPolygon","arcs":[[[-440,40,-157]]],"id":29},{"properties":{"cd_mun_ibge":"1502004"},"type":"MultiPolygon","arcs":[[[-59,-314,41,-219,-277,-53,-385,-270]]],"id":30},{"properties":{"cd_mun_ibge":"1502103"},"type":"MultiPolygon","arcs":[[[-135,-180,-108,-89]]],"id":31},{"properties":{"cd_mun_ibge":"1502152"},"type":"MultiPolygon","arcs":[[[-204,-65,42]]],"id":32},{"properties":{"cd_mun_ibge":"1502202"},"type":"MultiPolygon","arcs":[[[-210,-240,-242,-414,43]]],"id":33},{"properties":{"cd_mun_ibge":"1502301"},"type":"MultiPolygon","arcs":[[[-155,-96,44,-112,-97,-189,-287,-82]]],"id":34},{"properties":{"cd_mun_ibge":"1502400"},"type":"MultiPolygon","arcs":[[[-280,-316,-438,-399,-342,-292,-369,-91]]],"id":35},{"properties":{"cd_mun_ibge":"1502509"},"type":"MultiPolygon","arcs":[[[45]],[[46]],[[47]],[[48]],[[49]],[[50,51,-386,52,-276,53]],[[54]],[[55]],[[56]],[[57]]],"id":36},{"properties":{"cd_mun_ibge":"1502608"},"type":"MultiPolygon","arcs":[[[-435,-315,58,-269,59]]],"id":37},{"properties":{"cd_mun_ibge":"1502707"},"type":"MultiPolygon","arcs":[[[60,-290,-248,-80]]],"id":38},{"properties":{"cd_mun_ibge":"1502756"},"type":"MultiPolygon","arcs":[[[-407,61,62,-327]]],"id":39},{"properties":{"cd_mun_ibge":"1502764"},"type":"MultiPolygon","arcs":[[[-288,-296,-336,-191,63,-244]]],"id":40},{"properties":{"cd_mun_ibge":"1502772"},"type":"MultiPolygon","arcs":[[[-203,-116,-78,-454,-377,64]]],"id":41},{"properties":{"cd_mun_ibge":"1502806"},"type":"MultiPolygon","arcs":[[[-109,-178,65,66,-375]]],"id":42},{"properties":{"cd_mun_ibge":"1502855"},"type":"MultiPolygon","arcs":[[[67,-175]]],"id":43},{"properties":{"cd_mun_ibge":"1502905"},"type":"MultiPolygon","arcs":[[[-350,-319,68,-122,-396]],[[69]],[[70]],[[71]],[[72]],[[73]],[[74]],[[75]]],"id":44},{"properties":{"cd_mun_ibge":"1502939"},"type":"MultiPolygon","arcs":[[[76,-260,-84,-200,-427]]],"id":45},{"properties":{"cd_mun_ibge":"1502954"},"type":"MultiPolygon","arcs":[[[-115,-343,-213,77]]],"id":46},{"properties":{"cd_mun_ibge":"1503002"},"type":"MultiPolygon","arcs":[[[-183,-400,78]]],"id":47},{"properties":{"cd_mun_ibge":"1503044"},"type":"MultiPolygon","arcs":[[[79,-247,-209,-251,80]]],"id":48},{"properties":{"cd_mun_ibge":"1503077"},"type":"MultiPolygon","arcs":[[[-286,-156,81]]],"id":49},{"properties":{"cd_mun_ibge":"1503093"},"type":"MultiPolygon","arcs":[[[82,-93,-201,83,-259,-105,-171]]],"id":50},{"properties":{"cd_mun_ibge":"1503101"},"type":"MultiPolygon","arcs":[[[84,85,86,-133,-233,87]]],"id":51},{"properties":{"cd_mun_ibge":"1503200"},"type":"MultiPolygon","arcs":[[[-340,-126,-119,-308,-162,-293]]],"id":52},{"properties":{"cd_mun_ibge":"1503309"},"type":"MultiPolygon","arcs":[[[-144,-136,88,-110,-150,89]]],"id":53},{"properties":{"cd_mun_ibge":"1503408"},"type":"MultiPolygon","arcs":[[[-281,90,-368,91]]],"id":54},{"properties":{"cd_mun_ibge":"1503457"},"type":"MultiPolygon","arcs":[[[-202,92,93,-140,-392,-404,94,95,-154]]],"id":55},{"properties":{"cd_mun_ibge":"1503507"},"type":"MultiPolygon","arcs":[[[-324,-365,-187,96,-111]]],"id":56},{"properties":{"cd_mun_ibge":"1503606"},"type":"MultiPolygon","arcs":[[[-164,-102,97,98,-262,99,-418,100]]],"id":57},{"properties":{"cd_mun_ibge":"1503705"},"type":"MultiPolygon","arcs":[[[-117,-168,-104,-160]]],"id":58},{"properties":{"cd_mun_ibge":"1503754"},"type":"MultiPolygon","arcs":[[[101,-163,102]]],"id":59},{"properties":{"cd_mun_ibge":"1503804"},"type":"MultiPolygon","arcs":[[[103,-167,104,-258,-158]]],"id":60},{"properties":{"cd_mun_ibge":"1503903"},"type":"MultiPolygon","arcs":[[[-186,-176,-302,105,106,-402]]],"id":61},{"properties":{"cd_mun_ibge":"1504000"},"type":"MultiPolygon","arcs":[[[107,-179,108,-374,-151,109]]],"id":62},{"properties":{"cd_mun_ibge":"1504059"},"type":"MultiPolygon","arcs":[[[-325,110,111,112]]],"id":63},{"properties":{"cd_mun_ibge":"1504109"},"type":"MultiPolygon","arcs":[[[113,-120,-124]]],"id":64},{"properties":{"cd_mun_ibge":"1504208"},"type":"MultiPolygon","arcs":[[[-323,-344,114,115,-207,-332,-169,116,-159,-256,117,-362]]],"id":65},{"properties":{"cd_mun_ibge":"1504307"},"type":"MultiPolygon","arcs":[[[-266,-355,-309,118,-125,119,120]]],"id":66},{"properties":{"cd_mun_ibge":"1504406"},"type":"MultiPolygon","arcs":[[[-397,121,122,123,124,125,-339]]],"id":67},{"properties":{"cd_mun_ibge":"1504422"},"type":"MultiPolygon","arcs":[[[126,127,128,129]]],"id":68},{"properties":{"cd_mun_ibge":"1504455"},"type":"MultiPolygon","arcs":[[[-434,-238,-231,130]]],"id":69},{"properties":{"cd_mun_ibge":"1504505"},"type":"MultiPolygon","arcs":[[[131,-227,-234,132,133]]],"id":70},{"properties":{"cd_mun_ibge":"1504604"},"type":"MultiPolygon","arcs":[[[-181,134,135,-143,136]]],"id":71},{"properties":{"cd_mun_ibge":"1504703"},"type":"MultiPolygon","arcs":[[[137,138,-393,139,140,141,142,143,144]]],"id":72},{"properties":{"cd_mun_ibge":"1504752"},"type":"MultiPolygon","arcs":[[[-431,-217,145,-299]]],"id":73},{"properties":{"cd_mun_ibge":"1504802"},"type":"MultiPolygon","arcs":[[[146,147,-235,-305]]],"id":74},{"properties":{"cd_mun_ibge":"1504901"},"type":"MultiPolygon","arcs":[[[148,149,150,-373,151,-223]]],"id":75},{"properties":{"cd_mun_ibge":"1504950"},"type":"MultiPolygon","arcs":[[[152,-198,153,154,155,-285,-441,156]]],"id":76},{"properties":{"cd_mun_ibge":"1504976"},"type":"MultiPolygon","arcs":[[[157,-257,158,159]]],"id":77},{"properties":{"cd_mun_ibge":"1505007"},"type":"MultiPolygon","arcs":[[[-307,-212,160,-294,161]]],"id":78},{"properties":{"cd_mun_ibge":"1505031"},"type":"MultiPolygon","arcs":[[[162,163,164,165]]],"id":79},{"properties":{"cd_mun_ibge":"1505064"},"type":"MultiPolygon","arcs":[[[166,167,168,-331,169,-193,-421,170]]],"id":80},{"properties":{"cd_mun_ibge":"1505106"},"type":"MultiPolygon","arcs":[[[171,172,173,174,-303,175,-185]]],"id":81},{"properties":{"cd_mun_ibge":"1505205"},"type":"MultiPolygon","arcs":[[[176,177,178,179,180,181]]],"id":82},{"properties":{"cd_mun_ibge":"1505304"},"type":"MultiPolygon","arcs":[[[182,183,184,185,-401]]],"id":83},{"properties":{"cd_mun_ibge":"1505403"},"type":"MultiPolygon","arcs":[[[186,-364,187,-412,-283,188]]],"id":84},{"properties":{"cd_mun_ibge":"1505437"},"type":"MultiPolygon","arcs":[[[189,190,-335,-420,-334,-206,191]]],"id":85},{"properties":{"cd_mun_ibge":"1505486"},"type":"MultiPolygon","arcs":[[[-422,192,193,-225,194]]],"id":86},{"properties":{"cd_mun_ibge":"1505494"},"type":"MultiPolygon","arcs":[[[-347,195,196]]],"id":87},{"properties":{"cd_mun_ibge":"1505502"},"type":"MultiPolygon","arcs":[[[197,198,-425,199,200,201]]],"id":88},{"properties":{"cd_mun_ibge":"1505536"},"type":"MultiPolygon","arcs":[[[202,203,204,205,-333,206]]],"id":89},{"properties":{"cd_mun_ibge":"1505551"},"type":"MultiPolygon","arcs":[[[207,-252,208,-246]]],"id":90},{"properties":{"cd_mun_ibge":"1505601"},"type":"MultiPolygon","arcs":[[[-311,-239,209,210,211]]],"id":91},{"properties":{"cd_mun_ibge":"1505635"},"type":"MultiPolygon","arcs":[[[-455,212,-349,213]]],"id":92},{"properties":{"cd_mun_ibge":"1505650"},"type":"MultiPolygon","arcs":[[[214,-265,215,216,-430]]],"id":93},{"properties":{"cd_mun_ibge":"1505700"},"type":"MultiPolygon","arcs":[[[217,-274,218,219,220,221,222]]],"id":94},{"properties":{"cd_mun_ibge":"1505809"},"type":"MultiPolygon","arcs":[[[223,224,225,-381,-229,226,227]]],"id":95},{"properties":{"cd_mun_ibge":"1505908"},"type":"MultiPolygon","arcs":[[[228,-383,-450,229,230,-237,231,232,233]]],"id":96},{"properties":{"cd_mun_ibge":"1506005"},"type":"MultiPolygon","arcs":[[[234,235,236,237,-433,-306]]],"id":97},{"properties":{"cd_mun_ibge":"1506104"},"type":"MultiPolygon","arcs":[[[238,-310,-353,-243,239]]],"id":98},{"properties":{"cd_mun_ibge":"1506112"},"type":"MultiPolygon","arcs":[[[-352,240,-415,241,242]]],"id":99},{"properties":{"cd_mun_ibge":"1506138"},"type":"MultiPolygon","arcs":[[[243,244,245,246,247,-289]]],"id":100},{"properties":{"cd_mun_ibge":"1506161"},"type":"MultiPolygon","arcs":[[[248,-457,249,250,251]]],"id":101},{"properties":{"cd_mun_ibge":"1506187"},"type":"MultiPolygon","arcs":[[[252,253,254,255,256,257,258,259]]],"id":102},{"properties":{"cd_mun_ibge":"1506195"},"type":"MultiPolygon","arcs":[[[260,261,262,263,264]]],"id":103},{"properties":{"cd_mun_ibge":"1506203"},"type":"MultiPolygon","arcs":[[[-356,265,266]]],"id":104},{"properties":{"cd_mun_ibge":"1506302"},"type":"MultiPolygon","arcs":[[[-388,267,268,269]]],"id":105},{"properties":{"cd_mun_ibge":"1506351"},"type":"MultiPolygon","arcs":[[[270,271,-312,-279,272]]],"id":106},{"properties":{"cd_mun_ibge":"1506401"},"type":"MultiPolygon","arcs":[[[273,274,275,276]]],"id":107},{"properties":{"cd_mun_ibge":"1506500"},"type":"MultiPolygon","arcs":[[[277,278,-317,279,280,281]]],"id":108},{"properties":{"cd_mun_ibge":"1506559"},"type":"MultiPolygon","arcs":[[[282,-411,283,-442,284,285,286]]],"id":109},{"properties":{"cd_mun_ibge":"1506583"},"type":"MultiPolygon","arcs":[[[287,288,289,290,-297]]],"id":110},{"properties":{"cd_mun_ibge":"1506609"},"type":"MultiPolygon","arcs":[[[291,-341,292,293,294,-370]]],"id":111},{"properties":{"cd_mun_ibge":"1506708"},"type":"MultiPolygon","arcs":[[[-337,295,296,297]]],"id":112},{"properties":{"cd_mun_ibge":"1506807"},"type":"MultiPolygon","arcs":[[[-432,298,299,300,301,302,303,304,305]]],"id":113},{"properties":{"cd_mun_ibge":"1506906"},"type":"MultiPolygon","arcs":[[[306,307,308,-354,309,310]]],"id":114},{"properties":{"cd_mun_ibge":"1507003"},"type":"MultiPolygon","arcs":[[[311,312,313,314,-439,315,316]]],"id":115},{"properties":{"cd_mun_ibge":"1507102"},"type":"MultiPolygon","arcs":[[[317,318,-351,-394,-437]],[[319]],[[320]]],"id":116},{"properties":{"cd_mun_ibge":"1507151"},"type":"MultiPolygon","arcs":[[[-361,321,-345,322]]],"id":117},{"properties":{"cd_mun_ibge":"1507201"},"type":"MultiPolygon","arcs":[[[323,324,325,-408,326,327,-366]]],"id":118},{"properties":{"cd_mun_ibge":"1507300"},"type":"MultiPolygon","arcs":[[[328,-378,329,330,331,332,333,-419,334,335,336,337]]],"id":119},{"properties":{"cd_mun_ibge":"1507409"},"type":"MultiPolygon","arcs":[[[-398,338,339,340,341]]],"id":120},{"properties":{"cd_mun_ibge":"1507458"},"type":"MultiPolygon","arcs":[[[342,343,344,345,346,347,348]]],"id":121},{"properties":{"cd_mun_ibge":"1507466"},"type":"MultiPolygon","arcs":[[[349,-395,350]]],"id":122},{"properties":{"cd_mun_ibge":"1507474"},"type":"MultiPolygon","arcs":[[[351,352,353,354,355,356]]],"id":123},{"properties":{"cd_mun_ibge":"1507508"},"type":"MultiPolygon","arcs":[[[357,358,359,360,361]]],"id":124},{"properties":{"cd_mun_ibge":"1507607"},"type":"MultiPolygon","arcs":[[[362,363,364,365,366,367,368,369]]],"id":125},{"properties":{"cd_mun_ibge":"1507706"},"type":"MultiPolygon","arcs":[[[370,371,372,373,374]]],"id":126},{"properties":{"cd_mun_ibge":"1507755"},"type":"MultiPolygon","arcs":[[[375,376,-459]]],"id":127},{"properties":{"cd_mun_ibge":"1507805"},"type":"MultiPolygon","arcs":[[[377,378,-453,379]],[[380,381,-451,382]]],"id":128},{"properties":{"cd_mun_ibge":"1507904"},"type":"MultiPolygon","arcs":[[[383]],[[384,385,386,387]],[[388]],[[389]]],"id":129},{"properties":{"cd_mun_ibge":"1507953"},"type":"MultiPolygon","arcs":[[[390,-405,391,392]]],"id":130},{"properties":{"cd_mun_ibge":"1507961"},"type":"MultiPolygon","arcs":[[[393,394,395,396,397,398]]],"id":131},{"properties":{"cd_mun_ibge":"1507979"},"type":"MultiPolygon","arcs":[[[399,400,401,402]]],"id":132},{"properties":{"cd_mun_ibge":"1508001"},"type":"MultiPolygon","arcs":[[[403,404,405,406,407,408]]],"id":133},{"properties":{"cd_mun_ibge":"1508035"},"type":"MultiPolygon","arcs":[[[409,410,411,412,413,414,415]]],"id":134},{"properties":{"cd_mun_ibge":"1508050"},"type":"MultiPolygon","arcs":[[[416,417]]],"id":135},{"properties":{"cd_mun_ibge":"1508084"},"type":"MultiPolygon","arcs":[[[418,419]]],"id":136},{"properties":{"cd_mun_ibge":"1508100"},"type":"MultiPolygon","arcs":[[[420,421,422,423]]],"id":137},{"properties":{"cd_mun_ibge":"1508126"},"type":"MultiPolygon","arcs":[[[424,425,426]]],"id":138},{"properties":{"cd_mun_ibge":"1508159"},"type":"MultiPolygon","arcs":[[[427,428,429,430,431,432,433]]],"id":139},{"properties":{"cd_mun_ibge":"1508209"},"type":"MultiPolygon","arcs":[[[434,435,436,437,438]]],"id":140},{"properties":{"cd_mun_ibge":"1508308"},"type":"MultiPolygon","arcs":[[[439,440,441,442,443,444]],[[445]],[[446]]],"id":141},{"properties":{"cd_mun_ibge":"1508357"},"type":"MultiPolygon","arcs":[[[447,448,449,450,451,452]]],"id":142},{"properties":{"cd_mun_ibge":"1508407"},"type":"MultiPolygon","arcs":[[[453,454,455,456,457,458]]],"id":143}],"type":"GeometryCollection"}},"bbox":[-58.89504214939215,-9.8411535,-46.0614248,2.630103391599693],"transform":{"scale":[0.00012833745686849018,0.00012471381605415747],"translate":[-58.89504214939215,-9.8411535]},"arcs":[[[83377,39532],[-1603,-1309],[-145,-92],[-122,72],[12,-171],[-147,-114]],[[58148,75114],[92,356],[453,488],[63,398],[120,272],[125,167],[160,89],[671,1075],[1094,279],[908,1104],[299,178],[916,242],[467,194],[587,438],[534,515]],[[31424,81897],[116,487],[-102,346],[-593,218],[-553,-163],[-1,196],[214,448],[19,181],[-94,103],[-350,88],[-171,142],[-81,170],[134,257],[-87,254],[203,137],[25,101],[68,418],[-91,168],[104,345],[-47,221],[-480,324],[-7,191],[188,464],[-286,441],[-141,29],[-193,-103],[-608,197],[-45,138],[145,255],[55,564],[-132,137],[-316,136],[-36,83],[172,185],[-75,368],[48,142],[-295,339],[-263,122],[-188,526],[93,198],[-22,74],[-233,-8],[-26,93],[107,229],[-22,127],[-169,76],[-281,-37]],[[24841,98165],[97,150],[242,-60],[96,59],[198,-23],[309,151],[103,7],[29,-103],[334,42],[263,128],[185,-85],[73,94],[192,-24],[45,-78],[199,92],[16,-228],[129,18],[97,-63],[16,145],[127,50],[77,176],[-184,71],[12,125],[133,-32],[30,109],[-50,113],[249,84],[34,115],[142,-47],[40,-90],[107,74],[39,-125],[54,23],[25,-192],[116,2],[114,125],[-36,66],[99,59],[91,-134],[122,52],[-69,131],[181,94],[-59,185],[166,13],[129,140],[49,-115],[190,43],[-30,-251],[69,-166],[188,165],[153,-86],[153,251],[115,16],[235,275],[68,-29],[233,84],[35,108],[249,130],[-30,-60],[88,-103],[-77,-103],[29,-59],[-160,0],[-139,-185],[81,-37],[-10,-84],[137,-195],[124,-65],[38,-144],[116,-1],[-24,-128],[367,-110],[-100,-148],[7,-141],[48,6],[-29,-165],[524,-591],[103,-232],[-101,-119],[34,-63],[-67,-189],[377,-514],[-37,-172],[-120,-54],[14,-56],[-193,-226],[12,-249],[-71,-57],[59,-196],[-52,-109],[71,-296],[100,-149],[171,-89],[-25,-142],[138,-63],[-133,-241],[63,-385],[81,-135],[-1,-198],[150,-153],[-130,-142],[29,-68],[-58,-64],[75,-176],[345,-1],[228,-81],[215,24],[138,97],[187,31],[162,-55],[79,54],[-1,-55],[266,-59],[221,-176],[654,98],[161,-6],[129,-117],[76,149],[203,-77],[54,-108],[276,3],[-4,-93],[219,-45],[-83,-121],[199,-5],[24,-224],[112,29],[38,-61],[112,-2],[14,-85],[198,-131],[92,-193],[69,266],[104,-113],[197,-27],[10,-97],[98,-37],[-29,-54],[81,-78],[-41,-129],[76,-79],[129,73],[-121,-260],[24,-56],[122,-6],[111,-193],[-15,-305],[66,-21],[-11,74],[80,48],[103,-60],[124,102],[120,-51],[-23,136],[144,23],[75,-119],[-31,-124],[47,-109],[88,26],[78,-54],[70,97],[88,-36],[14,-95],[197,9],[-74,-270],[123,54],[39,118],[167,-14],[22,-95],[128,-63],[-69,-265],[322,31],[-47,-116],[337,0],[-3,82],[-119,94],[146,78],[229,-213],[51,-8],[44,100],[57,-111],[178,-66],[7,76],[124,77],[-67,183],[54,28],[166,-109],[-137,-174],[15,-100],[78,-48],[109,63],[55,-107],[77,-4],[100,257],[85,29],[50,-123],[-24,-228],[-153,-115],[95,-107],[434,176],[191,-167],[88,104],[163,-76],[40,-147],[-228,-127],[46,-175],[204,-90],[56,-98],[-179,-263],[57,-129],[108,-6],[401,221],[272,-57],[96,85],[70,-321],[167,-188],[-30,-167],[-95,-87],[-251,30],[-119,-191],[29,-402],[261,-350],[-59,-112],[11,-164],[138,-139],[-5,-422],[851,-564],[214,-273],[470,-315],[58,-99],[130,-40],[44,-167],[212,-148],[106,-263],[154,9],[139,-108],[-111,-401],[-209,-269],[-48,-192],[40,-279],[-112,-154],[24,-69],[-79,-161],[114,-109],[-98,-276],[61,-343],[-110,-230],[274,-351],[35,-243],[175,-110],[133,-195],[-90,-244],[94,-292],[329,-305],[178,-422],[141,-77],[-30,-283],[294,-288],[49,-537],[298,-795],[224,-101],[212,97],[197,-59],[120,-289],[590,-412],[46,-197],[111,-116],[401,-221],[54,-287],[-130,-379],[151,-292],[-183,-285],[90,-144],[-34,-154],[219,-231],[-3,-152],[300,-399],[126,-8],[212,131],[357,44],[117,-99],[101,-330],[-30,-297],[146,-476],[-191,-499],[37,-191],[-194,-221],[-16,-120],[210,-57],[478,228],[278,-196],[130,-180],[-12,-286],[-192,-61],[-79,-115],[153,-251],[42,-347],[-98,-333],[210,58],[327,-152],[196,-428],[250,0],[215,-101],[270,18],[129,-66],[378,35],[210,-150],[206,21],[105,-295],[-24,-281],[307,-144],[123,14],[59,120],[-131,237],[69,103],[197,70],[301,-29],[-18,343],[63,61],[154,-35],[-3,-271],[79,-81],[233,300],[301,-274],[609,75],[240,134]],[[44895,1571],[-11533,877]],[[65595,73106],[105,315],[242,-139],[194,1],[6,287],[65,148],[102,73],[178,-29],[74,115],[134,-83],[64,39],[71,156],[-49,93],[44,145],[-117,158],[107,223],[-47,112],[25,216],[120,183],[150,7],[13,356],[120,212],[-10,358],[270,337],[1018,-1255]],[[95519,71139],[268,98],[191,-197],[206,553],[142,32],[-44,-229],[40,-139],[142,199],[78,249],[-52,126],[140,82],[214,-172],[58,84],[-78,77],[333,66],[124,-176],[-278,-186],[-108,60],[-164,-143],[142,-142],[-67,-159],[-188,-127],[205,-57],[24,-192],[-79,-86],[77,-80],[212,-9],[89,32],[91,181],[132,35],[135,-239],[73,-18],[52,126],[139,49],[81,-118]],[[96997,70792],[24,19],[86,31],[-23,-79],[-87,29]],[[96741,71110],[-29,-10],[-23,9],[37,14],[15,-13]],[[96826,71181],[-20,-40],[-37,1],[37,28],[20,11]],[[95656,71333],[102,42],[25,-14],[-30,-110],[-160,-33],[63,115]],[[96867,71581],[16,53],[38,5],[-29,-61],[-25,3]],[[97068,70740],[6,4],[0,-5],[-6,1]],[[97068,70749],[-8,-4],[-15,0],[4,3],[19,1]],[[97476,70785],[3,70],[60,21],[17,-146],[-50,-18],[-30,73]],[[97068,70858],[7,-1],[-31,-17],[1,3],[23,15]],[[97114,71123],[119,225],[90,4],[0,-183],[-244,-201],[35,155]],[[15108,49574],[1467,3333]],[[69537,53551],[11,179],[205,160],[93,181],[165,52],[-9,134],[80,122],[-64,170],[12,252],[93,69],[-8,74]],[[65343,21234],[285,-61],[111,-159],[320,-160],[90,147],[136,-25],[92,-221]],[[80949,66669],[505,-1036]],[[80761,65284],[-1012,56],[-326,94],[-348,568],[-66,-24],[-81,90],[-295,-54],[-73,50],[-156,339],[-35,307]],[[82143,69119],[-167,-179],[-130,142],[-128,-18],[-22,-125],[-134,-110],[53,-90],[-63,-138],[52,-219],[-139,-249],[145,-203],[-109,-122],[43,-159],[150,82],[3,-105],[124,129],[29,-141],[130,46],[20,-165],[-103,-167],[-123,-56],[3,-107],[240,6],[185,102]],[[82309,67147],[-203,-41],[-118,-143],[-292,-156],[-195,-6],[-172,-93],[-116,5],[-189,143],[-75,-187]],[[80949,66669],[-93,465],[23,596],[-234,320],[-120,433],[-310,433],[-187,435]],[[29208,47910],[28,184],[-89,-68],[-7,57],[33,266],[258,215],[-159,410],[-280,294],[183,204],[-169,188],[227,219],[41,253],[81,7],[93,117],[2,249],[152,86],[-61,55],[77,154],[-156,100],[95,133],[-144,145],[-45,148],[299,320],[75,415],[-75,156],[246,148],[146,447],[-106,178],[-670,-136],[-755,61]],[[82245,68253],[-103,152],[53,50],[-27,65],[68,32],[-78,125],[93,66],[-111,31],[137,110]],[[80118,40311],[689,-907],[-66,-627],[146,-145],[-27,-123],[100,-219],[174,-237],[144,-31],[94,-104]],[[81372,37918],[-2362,-1900]],[[94275,71930],[62,21],[41,166],[130,61],[43,328],[15,-88],[147,-89],[34,-333],[89,-36],[68,195],[122,60],[225,-128],[-52,215],[113,89],[-138,118],[25,38],[275,0],[93,-173],[-11,108],[99,-31],[181,-371],[-153,-53],[-36,-162],[-136,-137],[26,-50],[-61,-65],[132,-90],[-133,-221],[44,-163]],[[95519,71139],[-83,-356],[-122,-137],[50,-42],[35,-596],[216,-329],[64,-256],[-151,-347],[676,-874]],[[94880,72587],[-38,-14],[-47,58],[52,6],[33,-50]],[[50926,54249],[-48,-289],[-147,-155],[-96,-18],[-24,-224],[-342,-25],[-171,-269],[18,-175],[-153,-37],[-106,-208],[-3,-109],[102,-99],[-57,-100],[45,-142],[-89,-102],[-18,-378],[75,-152],[-239,-169],[-162,-221],[227,22],[331,156],[484,-167],[175,-225],[64,-227],[181,-97],[-66,-278],[-150,20],[-345,-321],[-84,-310],[-102,-48],[-55,-437],[-73,11],[-160,-225],[-112,54],[-86,-33],[-103,-191],[-218,-15],[-59,-232],[-215,-82],[-404,-430],[-81,-57],[-376,23],[-226,-176],[-230,5],[-221,-136],[-192,-26],[-205,71],[-204,247],[-92,-8],[-129,-112],[5,-65],[-298,-221],[-101,-325],[-195,-95],[-184,19],[-112,-118],[-121,15],[-198,70],[-199,222],[-209,17],[-191,250],[-189,-72],[-81,49],[-73,183],[44,215],[-253,207],[-90,-12],[-34,387],[106,68],[-10,64],[197,111],[-60,331]],[[82337,34836],[385,-351],[515,-111],[580,-388],[28,-263],[-294,-587]],[[72445,50741],[-119,536],[93,242],[1001,6]],[[65595,73106],[66,-267],[-119,-283],[-112,19],[-90,-209],[97,-129],[-46,-275],[115,-27],[-4,-88],[94,-17],[44,-118],[-49,-244],[66,-97],[-137,-227],[-103,-50],[-173,142],[-77,-8],[-14,-350],[46,-83],[428,-119],[144,111],[126,-95],[140,193],[23,161],[111,91],[156,-50],[121,76],[525,38],[58,-100],[363,2],[82,-295],[159,-265],[-41,-156],[206,-91],[2039,-171]],[[67333,64428],[-364,5]],[[60782,73605],[307,39],[255,122],[500,538],[1534,540],[394,-400],[189,-497],[83,-82],[400,-116],[150,-210],[576,-56],[102,-148],[323,-229]],[[84284,64239],[-241,92],[-140,325],[-369,27],[-31,353],[-127,258],[-274,57],[-51,274],[42,206],[-155,92],[-137,299],[-177,102],[122,227],[-99,99],[-90,274],[85,112],[-32,82]],[[82610,67118],[256,31]],[[98022,64946],[-73,-250],[81,-253],[128,81],[101,-54],[242,40],[182,-58],[139,-195],[-22,-148],[-230,-289],[125,-53],[42,-212],[-289,-1051],[-116,-92],[25,-482],[-224,-194],[137,-101],[-382,-293],[-116,-249],[-133,-46],[-140,-171],[-108,19],[-113,144],[-166,-67],[125,-257],[-129,-224],[6,-302],[-277,-301],[85,-116],[190,179],[162,-18],[9,-70],[-229,-303]],[[81235,70736],[-1075,-1225]],[[71415,25069],[-118,16],[48,316],[-105,86],[-202,20],[-38,146],[-257,-153],[-215,20],[-889,544],[-335,333],[-167,-44],[-177,114],[-227,19],[-136,-98],[-139,-4],[-11,-102],[-197,-133],[-178,109],[-61,-18],[3,-88],[-285,7],[-41,-84],[-193,101],[-19,-97],[-50,21],[-110,-129],[-105,48],[-243,-267],[-109,407],[-108,89],[-27,139],[-173,118],[70,122],[-98,31],[-26,92],[60,93],[-83,102],[-172,-36],[-154,55],[-54,-26],[-54,-230],[-294,44],[-195,-72]],[[91225,67769],[-51,1021],[-156,97],[67,201]],[[89263,59606],[-48,137],[65,186],[-153,304],[193,208],[60,476],[-261,225],[-266,56],[-178,196],[29,437]],[[78151,77376],[-57,-71],[-404,-111],[-179,57],[115,354],[162,99],[251,-55],[55,-124],[-55,-62],[110,-26],[2,-61]],[[77211,77461],[4,79],[134,-147],[-61,13],[-77,55]],[[77529,77534],[58,-3],[-76,-81],[-6,28],[24,56]],[[77301,77562],[-20,-34],[-36,55],[43,-6],[13,-15]],[[75914,77774],[21,52],[167,-45],[52,-129],[-169,-17],[-71,139]],[[68474,75134],[-691,2064],[-800,897],[-36,349],[-223,361],[-359,288],[-113,168],[-160,551],[-155,297],[-296,224],[-465,116],[-539,460]],[[64637,80909],[339,460],[252,527],[155,503],[216,372],[70,396],[239,555],[696,535],[944,236],[98,-323],[74,-64],[550,-228],[227,160],[161,5],[294,-210],[131,-288],[-57,-352],[-320,-567],[-742,-528],[-33,-274],[71,-186],[282,-77],[259,111],[299,-62],[523,13],[97,178],[269,42],[158,-44],[124,-124],[-87,-161],[53,-41],[194,23],[522,271],[112,-195],[234,75],[413,291],[529,130],[302,-14],[215,116],[42,94],[94,-14],[198,-212],[149,-16],[198,-132],[107,-230],[-13,-139],[-296,-272],[-426,-154],[-386,-250],[-87,-198],[-376,-309],[-53,-221],[264,-433],[260,-174],[431,127],[352,-76],[412,-1],[638,-152],[172,-142],[69,-120],[-34,-86],[95,-87],[21,-211],[-65,-95],[-94,-18],[-102,-210],[-206,-60],[-126,-176],[-54,-307],[128,-337],[218,-180],[107,-3],[405,268],[548,-10],[83,-52],[270,136],[130,139],[149,-67],[82,86],[83,-231],[204,-106],[127,83],[198,-49],[185,44],[194,-65],[208,76],[120,-211],[392,-289],[227,-59]],[[77051,75339],[48,217],[-40,33],[-442,-328],[-119,14],[-67,117],[-87,21],[-251,-397],[-119,-28],[-168,145],[-201,-266],[-124,-46]],[[73289,73561],[-87,141],[-369,244],[-509,229],[-305,275],[-206,-13],[-652,-358],[-363,-8],[-335,187],[-469,454],[-413,241],[-381,121],[-492,-34],[-26,131],[-208,-37]],[[73431,79816],[-277,69],[148,222],[84,-9],[215,-272],[-170,-10]],[[72180,80106],[-259,-13],[-106,125],[139,193],[217,58],[204,-105],[33,-95],[-101,-134],[-127,-29]],[[72772,80525],[-99,-164],[-267,31],[-41,57],[336,113],[71,-37]],[[72723,80800],[-112,-128],[-325,-165],[-110,15],[2,74],[232,260],[219,53],[126,-44],[-32,-65]],[[81471,71032],[-2,29]],[[81702,71647],[341,-105],[562,-6],[278,248],[223,488],[451,91]],[[74289,17851],[256,-504],[974,-776],[409,-222],[-134,-418],[10,-721],[-121,-262],[56,-590],[-25,-114],[-166,-183],[-79,-705],[-305,-641],[-270,-995],[-123,-127],[-392,-185],[-215,-296],[-113,-276],[-115,-673],[-372,-334],[-216,-468]],[[84475,62196],[-55,223],[-121,145],[266,921],[-96,141],[24,220],[-89,78],[-120,315]],[[84284,64239],[-15,140],[197,106],[89,200],[284,70],[125,278],[74,-39],[15,165],[140,71],[2,202],[122,151],[82,-85],[268,62],[113,-149],[-25,-691]],[[61736,19787],[-18,-213],[-155,-171],[69,-242],[-86,-339],[85,-99],[71,-269],[56,-12],[48,-329],[166,-60],[15,-203],[78,125],[94,-39],[35,65],[110,-8],[116,86],[60,-159],[345,-50],[16,-207],[169,-122],[237,139],[79,-166],[-23,-190],[98,-147],[112,-14],[-26,-164],[94,-184],[149,109],[237,-48],[164,185],[147,-2],[81,103],[74,-113],[55,43],[468,-304],[258,-41],[109,-107]],[[71415,25069],[180,451],[-71,85],[149,188],[-73,219],[306,434],[-10,159],[135,48],[-288,119],[-62,137],[-219,99],[-16,79],[127,183],[-94,140],[-113,-9],[100,217],[-100,170],[-194,48],[-15,91],[-149,21],[-77,108],[62,296],[-31,204],[-275,250]],[[68285,64357],[-374,-130],[-231,179],[-347,22]],[[67333,64428],[4,122],[-104,74],[-305,531],[34,369],[-230,312],[-25,129],[-541,147],[-182,-95],[-69,101],[1127,514],[91,328],[-76,223],[5,415],[49,99],[287,113],[3,204],[492,234],[390,72],[338,-233],[293,96],[207,-277],[66,38],[66,206],[264,190],[-14,141]],[[27129,67691],[187,-188],[408,-184],[239,-21],[76,-152],[237,31],[16,-78],[152,-45],[15,-101],[158,-41],[184,84],[113,-120],[-3,-170],[71,-62],[-33,-86],[100,-9],[155,-203],[57,51],[115,-87],[39,-168],[44,11],[-29,-54],[49,-3],[-17,-85],[143,-123],[-47,-67],[180,-52],[-40,-71],[76,-24],[-53,-28],[65,-72],[-66,-65],[144,-73],[64,-214],[-100,-35],[60,-50],[-65,-52],[63,-20],[-102,-67],[87,-87],[-90,-38],[71,-28],[-83,-31],[39,-85],[127,9],[95,-69],[43,-136],[69,59],[77,-64],[97,42],[160,-91],[-2,-113],[269,-2],[148,-132],[-3,-68],[104,-32],[-129,-156],[-57,-253],[-73,-70],[-732,-18],[-19,-76],[67,-31],[-74,-68],[84,-47],[34,101],[378,73],[144,-424],[199,5],[107,-146],[58,117],[77,-36],[57,65],[211,-19],[40,-84],[138,31],[-41,-200],[-365,33],[-227,-145],[-634,-235],[-154,-231],[-230,-572],[-240,-211]],[[85073,73408],[102,129],[35,286],[334,99],[-28,162],[102,10],[-78,274],[86,54],[298,-19],[70,-66],[-4,-144],[98,3],[6,-299],[-159,-337],[44,-49],[78,32],[69,-105],[104,125],[62,243],[-79,209],[128,273],[-48,97],[39,47],[149,-30],[-91,-206],[237,49],[45,-204],[121,7]],[[86095,73553],[-2,44],[39,53],[-4,-125],[-33,28]],[[85037,73510],[-24,136],[75,63],[30,-62],[-81,-137]],[[86156,73648],[26,-6],[-15,-63],[-10,37],[-1,32]],[[86246,73756],[-6,-48],[-3,143],[37,-25],[-28,-70]],[[86052,73820],[-4,-15],[-21,-27],[3,12],[22,30]],[[85510,74143],[23,39],[64,-89],[-23,5],[-64,45]],[[85505,74272],[9,14],[50,-62],[-56,21],[-3,27]],[[89981,45965],[30,-140],[-51,-126],[57,-50],[-37,-73],[54,-159],[-54,-54],[-46,56],[-99,-31],[43,-86],[-59,-23],[-19,-200],[-69,-16],[58,-196],[-132,-34],[-225,-229],[-94,18],[3,-86],[-100,-4],[-254,-222],[-62,-265],[49,-67],[-92,-86],[-114,-293],[-271,-392],[-204,-176],[-138,-364],[-238,-300],[-529,-411],[-350,18],[-202,48],[-26,77],[-279,43],[-205,-235]],[[73897,27229],[-110,142],[63,334],[-64,122],[178,109],[-98,18],[-140,196],[-673,-17],[34,116],[-98,70],[14,93],[-184,47],[-23,66],[-74,-20],[-84,130],[13,121],[96,98],[9,244],[652,913],[-66,177],[182,471],[-85,159],[98,771]],[[17995,61458],[-95,12],[-118,-282],[-175,53],[-340,-72],[-183,86],[-41,144],[-72,39],[-342,39],[-59,67],[-7,201],[285,393],[89,261],[-83,279],[-123,103],[-149,22],[-205,-98],[-442,6],[-369,353],[-432,128],[-277,426],[-312,-87],[-344,637],[90,222],[-143,66],[-43,177],[-125,2],[-104,-98],[-98,212],[-292,-20],[40,84],[-103,100],[106,98],[-62,117],[-54,-104],[-112,98],[-99,-126],[-26,193],[-209,-131],[-127,54],[32,141],[-121,51],[-39,-203],[-223,111],[-98,-196],[-211,137],[-99,5],[13,-95],[-66,-79],[-168,181],[-151,-85],[-52,88],[103,129],[-113,44],[-17,125],[-118,19],[-47,-147],[-94,11],[-31,210],[-260,-111],[-40,165],[-163,29],[-54,103],[-155,-108],[32,209],[-137,26],[-107,154],[-327,53],[55,157],[-99,68],[-165,-136],[-54,39],[-167,-46],[-70,76],[-149,-114],[-110,148],[-106,30],[66,112],[-94,186],[-18,257],[-130,-83],[-103,92],[-62,-57],[-64,57],[-171,-63],[66,185],[-185,-2],[-214,389],[-423,123],[-71,-87],[-183,45],[-52,60],[38,131],[-201,50],[-161,-40],[28,190],[-148,41],[34,129],[-157,41],[-75,178],[92,218],[-62,102],[92,77],[86,423],[55,-21],[49,73],[-47,165],[-86,73],[78,189],[-81,124],[-196,46],[-80,93],[16,165],[-61,99],[-124,45],[-134,-102],[-64,33],[-163,-161],[6,-154],[-109,-126],[-240,-21],[42,-193],[-209,-164],[-70,-192],[-277,235],[-66,181],[-63,-45],[7,137],[-110,5],[-122,130],[-62,-41],[8,103],[-109,112],[-143,-87],[-366,-32],[13,91],[-101,31],[-24,118],[-177,64],[33,87],[-88,94],[13,112],[-213,239],[-117,11],[-46,-62],[-132,153],[71,129],[-50,43],[17,130],[106,84],[-25,93],[-276,268],[38,261],[-82,28],[154,44],[-39,158],[-161,91],[-78,-79],[-85,129],[-59,-25],[-50,119],[47,98],[-79,-48],[-78,51],[-13,-72],[-68,117],[-107,-29],[0,110],[-137,69],[-36,-46],[-33,128],[-107,17],[7,111],[-59,-39],[-94,174],[-157,54],[-165,313],[-231,13],[-84,181],[-258,133],[36,41],[-85,166],[44,5],[-71,34],[-7,93],[-84,6],[-2,126],[-67,15],[95,75],[-32,360],[162,142],[-8,231],[-207,363],[88,268],[-454,396],[-466,150],[-237,228],[-10,369],[75,243],[-109,290],[-13,263],[140,285],[-6,665],[-64,109],[-113,42],[-66,387]],[[74289,17851],[-196,-208],[-218,-100],[-28,-171],[107,-55],[-11,-130],[-269,11],[171,-206],[-55,-87],[-563,-323],[31,-98],[135,-62],[-108,-100],[-150,7],[-20,-84],[107,-108],[-160,26],[58,-90],[-61,-60],[-144,72],[-106,-54],[4,86],[-107,-26],[39,71],[-102,64],[-96,-183],[-205,-60],[55,-170],[-104,-163],[-102,-45],[14,-154],[-142,64],[-129,-110],[-246,147],[-254,-76],[-122,45],[-202,-177],[-95,12],[-188,-193],[-53,18],[-115,-162]],[[75592,21740],[79,-776],[-252,-570],[-451,-647],[-812,-946],[-43,-485],[176,-465]],[[91019,58116],[-3,125],[268,144],[134,534],[-132,105],[-222,418],[-31,113],[150,154],[-77,95],[-74,413],[-206,497],[47,277],[-102,221],[121,29],[31,-57],[175,198],[70,-31],[28,51],[-37,81],[50,249],[111,229],[-46,153],[108,-2],[-45,185],[159,341],[22,272],[67,50],[-62,75],[46,56],[-176,254],[27,97],[196,104],[91,240],[99,-41],[124,109],[119,-68],[191,110],[60,191],[110,-99],[160,27]],[[72373,46252],[2863,-36],[206,113],[222,270],[275,69],[130,-94],[143,-325],[235,-219],[270,20],[-206,409],[67,103],[-72,113],[26,192],[-175,27],[20,68],[-113,74],[-52,247],[-151,65],[-121,461],[99,337],[-338,38],[-62,281],[-233,-17],[-185,129],[-153,-30],[-143,225],[82,156],[-43,264],[97,200],[37,370],[137,56],[98,174],[239,94],[33,116],[150,145],[-24,185],[341,11],[241,-321],[258,-119],[234,18],[70,347]],[[81865,48141],[153,-344],[-5,-384],[-101,-147],[11,-417],[-52,-152]],[[55453,69766],[577,582],[133,255],[-65,920],[127,1090],[652,1081],[865,858],[406,562]],[[58148,75114],[472,76],[530,218],[739,102],[421,173],[110,-277],[-59,-370],[-253,-180],[235,-316],[207,-46],[175,77],[47,-42],[22,-132],[-239,-610],[227,-182]],[[60782,73605],[-435,-169],[-284,-385],[-40,-463],[175,-865],[-8,-263],[-111,-671],[-251,-763]],[[51763,66850],[169,144],[925,128],[387,164],[579,136],[648,699],[105,289],[14,276],[127,92],[72,177],[568,344],[96,467]],[[74783,59260],[-17,56],[152,183],[17,208],[-617,283],[145,281],[208,148],[155,428],[291,257],[63,254],[79,126],[77,-3],[0,212],[289,349],[-482,596],[-97,36],[-100,-28],[-287,-280],[41,330],[-77,221]],[[75898,65265],[414,-483],[-8,-120],[-109,-121],[26,-79],[146,-89],[115,36],[40,-129],[66,113],[109,-74],[50,40],[107,-131],[111,27],[134,151],[79,-31],[-75,-272],[193,-231],[-28,-209],[568,-442]],[[85002,67506],[853,834],[-28,-211],[173,-126],[39,-301],[516,-23],[209,-417]],[[85330,66252],[-182,-115],[-205,79],[-66,105],[-10,246],[128,286],[-225,238],[-225,-96],[-143,-407],[-300,-24]],[[78006,50301],[-111,-58],[-152,67],[-219,-8],[-260,198],[-389,-32]],[[76875,50468],[34,288],[395,432],[361,195],[16,161]],[[85267,58727],[47,224],[-78,345],[-240,241],[184,193],[97,414],[156,111],[645,69],[71,145],[73,-53],[32,-149],[238,-71],[15,-118],[428,197],[44,143],[171,42],[63,-150],[371,-209],[55,-154],[155,-82],[167,150],[369,93],[64,-229],[90,51],[148,-52],[72,104],[105,-54],[67,41],[163,-63],[120,-256],[104,-44]],[[89263,59606],[260,-470],[118,-43],[-120,-405],[394,-283],[62,-180],[81,26]],[[90296,65990],[22,-229],[-97,-292],[246,-729],[145,-89],[101,-211],[368,87],[99,-207],[-153,-106],[78,-179],[-205,-159],[96,-287],[-38,-284],[-147,-196],[-152,-159],[-244,-57],[-62,-181],[-444,-442],[-333,-27]],[[8060,34001],[7048,15573]],[[15108,49574],[455,-240],[79,-131],[-145,-325],[-9,-196],[97,-187],[-5,-186],[175,-65],[-65,-248],[30,-511],[173,-105],[109,9],[59,-168],[78,-22],[7,-462],[362,23],[188,-122],[73,-176],[-50,-116],[103,-13],[115,-164],[-54,-75],[56,-102],[-29,-205],[-67,-126],[176,-767],[45,-45],[201,121],[71,-24],[-15,-82],[139,-5],[201,-440],[291,-29],[81,96],[150,39],[79,-96],[-32,372],[209,138],[3,236],[70,18],[-84,48],[-21,187],[157,220],[187,57],[-9,-73],[73,-23],[67,201],[122,-121],[94,27],[80,-58],[104,116],[466,-8],[146,-180],[50,21],[191,-154],[244,108],[82,-12],[-2,-79],[86,-50],[3,109],[157,59],[42,95],[-73,97],[45,107],[84,61],[143,-12],[129,98],[40,177],[-113,69],[77,193],[127,103],[9,122],[43,-45],[230,209],[-49,64],[-95,-6],[5,49],[539,339],[117,8],[90,170],[166,67],[106,447],[512,-135],[91,-225],[183,27],[-44,-95],[55,-90],[-58,-44],[93,-39],[-38,-103],[124,142],[73,-81],[97,247],[51,-12],[109,-188],[80,6],[18,-149],[134,-137],[-94,-73],[-1,-210],[66,-123],[714,108],[197,-394],[179,-42],[206,-144],[12,-95],[126,-42]],[[26471,41862],[39,-238],[103,-44],[-18,-81],[128,-202],[-78,-83],[35,-131],[-92,-146]],[[28169,34684],[62,-297],[-47,-116],[-75,-18],[105,-103],[42,-174],[-96,37],[-14,-46],[140,-128],[193,-497],[81,-9],[67,-138],[60,34],[1,-296],[99,-91],[-66,-39],[17,-75],[77,34],[285,-92],[28,-216],[114,-7],[225,-244],[184,-1],[-25,-130],[138,-249],[-4,-112],[195,-286],[211,-69],[-90,-373],[36,-186],[-132,-177],[-61,7],[8,77],[-127,25],[-250,-173],[-238,-71],[-22,-89],[-179,-71],[-40,-287],[-277,-19],[-74,68],[-94,-37],[19,102],[-355,25],[-62,50],[25,47],[-134,70],[-50,306],[-223,-183],[-128,-340],[94,-405],[173,-127],[45,30],[32,-87],[-13,-138],[-127,-25],[-203,-252],[18,-321],[101,-263],[145,-60],[11,-193],[466,-336],[-72,-269],[106,-259],[-134,-246],[50,-1],[108,-292],[140,-96],[19,-210],[79,6],[98,-181],[-28,-439],[91,-20],[68,-169],[-101,-256],[162,-214],[-56,-240],[50,-173],[-176,-284],[-104,-11]],[[8060,34001],[112,58],[197,285],[310,-29],[52,-143],[69,-31],[200,200],[200,87],[96,-88],[20,-114],[-188,-465],[172,-40],[333,78],[73,-205],[85,216],[345,386],[569,249],[69,-53],[301,59],[255,-129],[131,-207],[464,-249],[668,-57],[-34,-266],[-216,-277],[-73,-247],[41,-121],[200,-158],[157,-443],[127,14],[38,-109],[213,-82],[205,-215],[531,-95],[105,-72],[119,29],[248,-213],[277,70],[73,-146],[114,-8],[94,-101],[224,-27],[64,-94],[-109,-372],[224,7],[171,-165],[199,-19],[448,75],[69,175],[355,7],[431,119],[281,-27],[481,-203],[252,-35],[-45,-172],[-172,10],[-30,-124],[-111,-87],[-153,13],[-189,-183],[-118,38],[-167,-88],[-37,-321],[-183,-223],[-3,-147],[203,-221],[-117,-173],[1,-130],[48,-314],[63,-27],[-10,-102],[78,-8],[-41,-161],[-151,-130],[0,-98],[-200,-289],[-114,-69],[-62,-176],[39,-86],[-113,-74],[-57,-329],[-122,-10],[14,-149],[-144,-157],[53,-113],[-135,-139],[52,-98],[-94,-384],[168,-231],[-104,-28],[-44,-200],[-94,-61],[1,-115],[-144,-15],[54,-192],[-123,-64],[206,-257],[7,-350],[133,-231],[36,-361],[-131,-303],[-189,-80],[42,-131],[-105,-251],[46,-94],[-150,-23],[110,-248],[-90,-129],[-39,35],[-23,-172],[-149,-91],[-1,-93],[-132,-13],[3,-164],[-40,41],[-56,-72],[-65,22],[-108,-143],[-108,-5],[-41,-195],[-78,5],[-35,-139],[-108,17],[21,-59],[-114,-60],[107,-97],[-60,-28],[-36,-184],[-56,0],[-6,-108],[-132,-110],[-1,-195],[-100,27],[-126,-107],[-98,53],[-233,-200],[26,-201],[-87,23],[-5,-136],[-120,-93],[39,-100],[-101,-35],[7,-73],[-60,16],[-191,-505],[-23,-199],[73,-94],[16,-225],[-57,-221],[85,-101],[145,-26],[157,-182],[254,-68],[224,-145],[176,6],[212,-292],[-47,-95],[59,-144],[-21,-184],[259,-156],[41,91],[126,-30],[163,-232],[97,-318],[90,81],[82,-52],[49,-213],[104,-74],[40,-170],[160,-190],[-31,-170],[-210,15],[-33,-176],[-191,-259],[15,-161],[120,-250],[181,-160],[60,-212],[-15,-360],[207,-238],[246,-58],[332,-383],[531,-317],[223,-242],[65,-231],[106,-28],[123,113],[194,-79],[55,-93],[-18,-319],[310,-123],[681,23],[190,-74],[5,-88],[397,-249],[324,200],[153,367],[218,7],[210,-176],[174,-397],[77,54],[306,-25],[142,-158],[185,93],[64,-157],[-51,-160],[43,-118],[255,-253]],[[21339,3454],[-4016,345],[-307,-55],[-206,-181],[-182,-66],[-88,113],[-53,591],[-319,568],[-314,118],[-149,-64],[-567,133],[-337,-86],[-211,113],[-269,271],[37,220],[-63,171],[148,177],[17,135],[-187,158],[29,114],[-189,142],[-84,236],[-340,181],[-442,538],[-352,169],[-463,-61],[-143,227],[-518,49],[-277,213],[46,325],[-27,160],[-79,75],[-280,-12],[-521,293],[-249,-105],[-238,38],[-63,123],[33,397],[-66,231],[-152,193],[20,382],[-206,118],[-15,185],[91,103],[37,173],[-194,149],[59,235],[-277,439],[150,420],[-94,360],[279,705],[-12,199],[-169,239],[-291,68],[-82,80],[-104,512],[-375,337],[-407,635],[-48,734],[-303,643],[-195,1037],[-135,117],[-182,33],[-43,409],[-214,542],[-231,372],[-256,273],[-205,473],[-446,337],[-155,33],[11,-57],[-257,344],[2,729],[-87,325],[-222,381],[-284,364],[-330,218],[-367,604],[-158,118],[-192,9],[-423,495],[-368,1021],[26,656],[74,176],[368,537],[560,387],[137,236],[41,262],[264,52],[238,200],[3132,6961]],[[73845,41326],[-59,-75]],[[73231,42825],[1357,-3],[431,512],[210,86],[88,154],[184,-17],[77,-123],[110,183],[64,10],[-120,128],[185,150],[253,92],[208,261],[484,16],[120,-54],[89,-72],[-2,-265]],[[19873,52732],[-2788,-744],[-241,193],[-269,726]],[[16575,52907],[2850,6306],[-469,181],[-26,87],[349,504],[50,273],[150,302],[158,193],[868,348],[593,430],[662,957],[55,387]],[[74623,62917],[-368,-60],[-170,-222],[-32,85],[69,342],[132,376],[-299,44],[-127,-281],[-345,-325],[-1080,199],[-60,-144],[-322,-140],[-424,-471]],[[71506,64191],[537,429],[323,174]],[[75764,65149],[-173,-193],[-129,-459],[-266,-520],[-137,-639],[-270,-187],[-166,-234]],[[88093,63856],[148,110],[160,-65],[94,121],[156,66],[35,-158],[175,35],[157,-125],[-51,-133],[86,-146],[213,33],[56,-165],[-72,-226],[194,-411],[132,-549]],[[89576,62243],[-396,-3],[-160,-68],[-187,-193],[-17,-94],[-112,-54]],[[88704,61831],[-41,43],[-157,-36],[-144,222],[-118,-87],[-96,38],[-9,687],[44,85],[-71,88]],[[87765,73247],[183,68]],[[78253,31079],[-296,285],[-26,201],[-158,102],[-24,82],[-99,7],[-528,362],[-283,38],[-142,-58],[-1417,341],[-269,-198],[-242,-38],[-283,-205],[-305,-105],[-313,-283],[-331,-21]],[[73537,31589],[-85,76],[-197,-8],[-137,82],[-222,-62],[-94,51],[-424,-225],[-213,49],[-33,-78],[-182,-28],[-78,-99],[-211,-81],[-77,39],[-6,-110],[-84,-1],[-117,175],[-161,-13],[-103,340],[42,330],[-132,93],[-91,401],[-133,-151],[30,-228],[-279,35],[116,-219]],[[65292,37387],[77,-1],[18,-101],[-8,-379],[175,-138],[40,-170],[375,50],[169,-51],[7,-145],[230,-87],[185,11],[336,-223],[130,31],[227,-253],[148,6],[67,-89],[59,33],[102,-68],[123,44],[173,-98],[111,70],[106,-31],[50,-123],[371,-47],[23,-112],[120,7],[138,-145],[249,127],[306,-228],[77,132],[197,61],[103,-102],[219,20],[72,127],[413,159],[184,-85],[-12,-142],[116,-151],[191,-87],[233,-8],[371,179],[56,-31],[107,215],[88,-126],[76,32],[243,-105],[99,131],[153,5],[247,-118],[-20,-80],[191,-70],[143,78],[360,-237],[102,93],[411,44],[293,248],[-160,174],[7,163],[145,26],[20,285],[218,201],[-56,202],[235,190],[-66,413],[61,94],[-6,262],[165,-201]],[[77635,39250],[87,-148],[-334,-103],[-265,36],[-132,-112],[-103,-416],[201,-384],[-6,-292],[-153,-428],[210,-523],[6,-164],[86,-59],[-72,-110]],[[89468,71079],[-1539,-440]],[[88121,71306],[217,220],[-88,104],[31,184],[-60,105],[108,83],[-60,131],[131,142],[-75,234],[-171,245],[-122,41],[127,76],[-106,188],[78,108],[-183,148]],[[87948,73315],[-19,100],[186,377],[-17,502],[200,-52],[192,-179],[55,-116],[-71,-162],[148,-69],[39,-180],[121,-168],[4,-167],[147,-217],[63,30],[26,213],[-69,414],[52,209],[-98,93],[112,165],[-47,43],[267,72],[214,-56],[29,-90],[-153,-305],[37,-132]],[[86337,71517],[-18,209],[485,1734],[-125,114],[115,293],[-1,181]],[[86793,74048],[-111,350],[222,-19],[-105,150],[80,65],[340,19],[-21,-140],[111,-20],[-89,-324],[245,169],[160,-66],[136,-163],[-54,-100],[64,8],[4,-93],[-94,-216],[62,-99],[-87,-180],[103,-8],[6,-134]],[[87765,73247],[-190,-106],[-270,-32],[-260,-208],[23,-399],[-57,-191],[182,-106],[-54,-205],[156,-53],[-28,165],[49,32],[47,-171],[140,-20],[-12,-51],[-68,22],[22,-54],[220,-1],[456,-563]],[[88121,71306],[-192,-667]],[[87929,70639],[-74,-280],[-675,73]],[[82245,68253],[150,46],[146,-100],[67,-134],[-27,-92],[150,-207],[-88,-156],[30,-219],[-63,-273]],[[82610,67118],[-301,29]],[[82309,67147],[-107,126]],[[82202,67273],[-29,95],[73,3],[58,142],[-50,97],[-193,19],[-30,296],[180,182],[34,146]],[[45923,57487],[373,-654],[14,-185],[132,-23],[100,-138],[275,2],[5,-75],[98,3],[33,-104],[-96,-343],[-66,-776],[108,-136],[-72,-687],[62,-324],[268,-532],[193,-162],[210,-313],[48,17],[527,-870],[149,-145],[32,-363],[98,-94],[97,-458],[-237,-317],[-93,-14],[13,92],[-93,8],[-28,-271],[-168,-15],[-131,-390],[-252,-42],[-78,-256],[-98,-93],[-264,73],[-353,-125],[-605,164],[-234,-148],[-85,207],[-134,-131],[1,-224],[-143,-58],[-509,227],[-306,-291]],[[66969,64433],[115,-186],[-44,-170],[-922,-667],[-349,9]],[[54010,64272],[88,221],[486,543],[102,-8],[95,-201],[118,-8],[688,274],[1520,239],[428,411],[413,-6],[1941,3337],[-218,-89],[-306,135],[300,419],[163,487]],[[59828,70026],[205,-79],[191,-265],[255,-160],[513,158],[440,269],[403,14],[175,-28],[407,-332],[278,-128],[119,-181],[145,-32],[113,-400],[-32,-168],[-288,-188],[-207,-415],[-191,-237],[-33,-146],[176,-414],[126,-66],[143,257],[116,-120],[213,62],[364,-575],[153,-443],[908,-740],[299,-541],[196,-70],[145,-157],[231,-14],[373,-289],[106,35],[706,-192],[393,-8]],[[71298,58580],[377,-117],[29,-213],[-79,-495],[234,428],[299,282],[106,6],[84,173],[199,118],[35,170],[158,222],[49,-336],[149,-66],[124,-184],[7,-118],[75,-10],[223,148],[131,-267],[119,196],[152,92],[274,-40],[153,158],[13,181],[161,272],[103,-89],[113,113],[47,-43],[150,99]],[[74783,59260],[512,299]],[[74090,57549],[-2261,13],[-2,-195],[-94,93],[41,74],[-387,-2]],[[80761,65284],[-12,103],[71,88],[257,-9],[141,108],[236,59]],[[81454,65633],[-23,-405],[52,-305],[-111,-224],[-8,-234],[-146,-263],[53,-331],[-309,-451],[-50,-370],[-148,-120],[-102,-237],[-329,-193],[-48,-117],[33,-197],[-267,-264],[-54,-283],[-258,-117],[-156,-198],[-243,-48],[23,-302],[-114,-177],[-172,-20],[-73,-329],[-215,-116],[-205,-571],[-227,68],[-159,-97],[-149,-867],[141,-278],[8,-309],[242,-228]],[[77679,51591],[2,-47]],[[77681,51544],[-4261,-19]],[[73420,51525],[94,382],[-189,124],[-301,736],[-70,512],[53,205],[-176,92],[-123,311],[-408,256],[-102,315],[46,390],[121,168],[354,324],[559,118],[135,185],[154,82],[38,160],[-129,111],[28,470],[-61,90],[12,333],[239,254],[295,-3],[101,409]],[[74090,57549],[166,-1],[43,-95],[-6,130],[101,22],[2,119],[68,-25],[-20,-143],[132,-80],[100,38],[-27,203],[100,65],[-10,95],[85,-12],[9,101],[81,25],[6,154],[141,133],[17,130],[-58,86],[92,51],[-79,94],[157,24],[157,125],[47,151],[130,63],[2,158],[-231,399]],[[75295,59559],[368,286],[210,88],[-3,150],[147,225],[226,121],[50,335],[102,177],[321,197],[181,-3],[547,520],[59,404],[-114,317],[291,324],[399,211],[-82,185],[-161,125]],[[77836,63221],[2925,2063]],[[31646,50396],[10,7176]],[[34150,61996],[103,-57],[87,56],[-166,282],[-201,123],[9,64],[184,226],[155,83],[116,298],[-6,140],[173,125],[148,275],[95,-5],[28,138],[80,57],[-108,333],[25,156],[75,91],[151,25],[13,76],[-79,192],[-77,38],[120,101],[-118,196],[71,80],[214,-50],[79,71],[-42,414],[-116,30],[47,78],[-105,208],[-112,11],[87,122],[106,-77],[28,107],[67,0],[16,242],[-131,344],[-75,-24],[20,-190],[-75,-57],[-95,173],[0,155],[-225,312],[-151,-20],[-337,-200],[-130,131],[-50,-80],[-224,-74],[-159,296],[-99,39],[-50,-41],[-142,83],[-127,250],[-98,1],[-35,105],[117,218],[-121,68],[72,72],[3,191],[94,192],[-136,56],[84,176],[-34,90],[78,123],[3,191],[99,86],[-49,107],[92,74],[-61,52],[-85,-57],[2,-90],[-88,-75],[-88,40],[-184,-72],[-107,82],[-107,486],[163,432],[-156,31],[73,227],[-109,47],[33,145],[227,-67],[47,102],[-117,35],[7,103],[105,52],[-20,140],[95,22],[36,98],[48,-106],[194,44],[-42,126],[172,421],[-29,529],[-120,168],[-206,22],[-78,471],[85,148],[-238,137],[-70,235],[43,238],[-123,-12],[148,681],[-606,446],[-298,371],[-175,621],[-119,-49],[125,345],[-24,177],[-123,129],[-188,-56],[-113,388],[-131,126],[-48,211],[-173,2],[-64,235],[80,251],[-69,454],[108,546],[83,1],[233,354],[2,293],[142,308],[-7,50],[-217,53],[-181,506],[-220,217],[220,415],[-46,214],[66,649],[-56,276],[79,135],[193,125],[85,177]],[[31424,81897],[84,-126],[293,7],[91,-59],[40,-167],[403,-202],[431,-424],[68,-326],[154,-153],[162,-466],[141,-40],[159,78],[556,-432],[767,-18],[-96,-230],[314,-158],[96,-201],[39,-294],[-84,-334],[-131,-47],[-156,45],[63,-212],[-36,-72],[59,-51],[-74,-187],[246,-92],[198,-275],[60,-342],[-175,-265],[242,-215],[77,-124],[1,-149],[170,-100],[69,-224],[-74,-305],[61,-71],[-2,-155],[-176,-172],[-23,-203],[209,-1],[378,-161],[297,103],[112,-86],[38,-238],[238,-134],[53,-518],[169,141],[242,-27],[-93,-222],[47,-38],[325,75],[166,-164],[321,-4],[-29,-262],[-311,-946],[-281,-197],[-152,-239],[166,-295],[111,14],[87,-160],[295,-74],[121,-102],[508,-666]],[[77510,66474],[-607,-248],[-1005,-961]],[[75898,65265],[-134,-116]],[[75764,65149],[-348,80],[-662,26],[-893,-128]],[[72998,69384],[152,596],[7,361],[307,128],[-120,76],[4,123],[-154,128],[-249,54],[-111,-63],[30,170],[63,-13],[26,165],[63,17]],[[97054,59560],[28,-463]],[[89631,55739],[5,155],[-120,344],[59,140],[102,-7],[18,93],[-130,93],[75,309],[181,351],[-16,153],[187,182],[214,17],[57,68],[-217,312],[73,227],[-61,75]],[[90058,58251],[303,24],[108,76],[109,-38],[84,88],[166,-247],[191,-38]],[[91019,58116],[444,164],[89,148],[276,5],[121,71],[-66,140],[119,183],[-17,251],[-185,344],[105,426],[-19,158],[226,52],[-53,206],[259,167],[55,-29],[54,145],[249,87],[197,186],[8,115],[176,-52],[166,222],[123,10],[37,95],[162,-33],[4,184],[-121,258]],[[95759,61084],[819,-1270],[476,-254]],[[73845,41326],[162,-222],[-62,-152],[62,-54],[171,-17],[397,287],[340,-11],[225,-317],[174,-594],[208,-192],[-98,-109],[-110,-5],[14,-47],[173,18],[212,240],[257,-2],[134,-85],[629,-81],[365,174]],[[77098,40157],[1,-593],[-255,-98],[-195,-330],[2,-204],[-61,-77],[-123,21],[-6,-158],[-151,-88],[-113,-278],[-204,-157],[60,-414],[-96,-126],[-43,-277],[37,-312],[-132,-311],[129,-144],[160,-22],[-142,-271],[-129,-52],[-53,-155],[-108,7],[-171,198],[-272,174],[-558,778]],[[74675,37268],[-131,1248],[0,298],[63,142],[-355,538],[-334,144],[14,404],[-153,530],[66,754]],[[90013,68590],[-659,-666]],[[88821,68992],[101,277],[57,-5],[-9,134],[115,156],[-38,38],[110,65],[-24,173],[49,0],[80,165],[-34,33],[128,136],[-6,133],[65,-40],[-15,105],[73,12],[26,118],[-89,41],[64,112],[87,-11],[-18,195],[-76,22],[79,224]],[[21339,3454],[-24,8057]],[[21315,11511],[2,1310],[127,298],[-12,132],[135,172],[-74,144],[54,168],[111,57],[84,163],[136,58],[55,158],[35,151],[-46,150],[185,353],[-7,434],[-125,115],[-206,-106],[-123,148],[25,251],[88,151],[-132,341],[-66,17],[39,101],[-127,13],[-67,139],[8,189],[-104,239],[136,235],[-48,120],[-119,79],[-4,163],[-65,74],[62,380],[-49,12],[28,171],[-69,218],[77,17],[36,168],[-75,79],[27,254],[-104,79],[30,147],[-107,77],[0,175],[-128,-37],[-168,137],[-52,416],[-89,54],[56,253],[-103,56],[180,164],[112,4],[-19,89],[100,158],[-5,94],[-138,-63],[-72,116],[173,412],[-172,182],[118,190],[75,-13],[114,104],[-183,114],[49,115],[-105,95],[105,11],[1,195],[-174,270],[52,153],[99,26],[-11,104],[74,103],[-67,277],[30,182],[334,77],[-10,247],[87,64],[16,113],[133,70],[-22,338],[-101,206],[196,267],[-122,169],[0,219],[107,50],[136,-33],[-17,128],[114,229],[113,-102],[152,175],[31,82],[-88,244],[123,228],[92,30],[308,-85],[89,258],[368,51],[19,116],[175,71],[75,106],[182,-86],[102,69],[192,347],[182,24],[214,286],[250,148],[43,113],[-123,485],[77,26],[88,175],[138,-7],[17,52],[-147,226],[13,113],[403,-205],[-85,-78],[25,-69],[418,-442],[183,-90],[86,52],[72,-71],[170,50],[499,-184],[135,18],[63,-150],[40,32],[51,-64],[18,-176],[338,-119],[166,3],[708,-532],[195,-190],[77,-171],[128,-38],[54,-292],[142,-192],[60,-45],[285,47],[60,-357],[122,-64],[-43,-504],[-64,-128]],[[28760,24596],[-45,-27],[54,-133],[-4,-370],[-134,-63],[208,-348],[-224,-114],[-103,-186],[76,-349],[-200,-57],[51,-385],[173,-136],[-159,-134],[-46,-278],[76,-137],[-104,-402],[137,-190],[-77,-257],[244,-13],[7,-122],[118,-118],[-45,-95],[49,-297],[-89,-88],[-12,-167],[148,-207],[-148,-335],[289,-152],[196,-246],[-26,-48],[-172,20],[-19,-51],[224,-264],[338,21],[114,-240],[191,-63],[-47,-207],[51,-290],[-140,-41],[125,-147],[-73,-81],[45,-99],[-65,-21],[-79,97],[67,-239],[-120,-163],[-151,89],[17,-257],[258,-265],[390,-100],[107,-89],[46,-277],[-49,-82],[68,-165],[-297,-136],[-79,-160],[-253,-183],[107,-175],[-50,-82],[76,-23],[51,-173],[-40,-171],[-98,-81],[-252,-45],[-163,-127],[24,-89],[-107,-89],[76,-97],[-83,-96],[148,-233],[-181,-208],[39,-192],[-206,-17],[-304,-208],[69,-258],[-168,-269],[79,-74],[-188,-179],[295,-368],[-121,-193],[161,-322],[-116,-61],[50,-95],[-85,-121],[98,-60],[91,-256],[-114,-134],[87,-132],[-113,-166],[112,-123],[19,-206],[108,9],[4,-94],[76,-49],[57,-524],[-186,-155],[786,-606],[110,-202],[0,-116],[-74,-31],[95,-90],[-86,-38],[-68,-175],[-258,8],[-272,269],[-180,308],[-65,1],[-30,-124],[-151,-126],[-240,93],[-121,227],[-31,-231],[-95,-133],[276,-348],[12,-156],[-96,-102],[34,-108],[148,-82],[27,-93],[249,107],[66,-28],[17,-435],[122,-172],[-83,-444],[69,-83],[144,44],[77,-102],[126,6],[-9,-291],[63,-121],[418,-58],[173,159],[90,-40],[83,-156],[233,-23],[92,-157],[213,171],[319,-27],[85,-324],[144,252],[56,-1],[224,-150],[129,27],[83,-103],[254,-29],[192,-97],[83,-210],[146,-154],[336,0],[60,-58],[-9,-211],[-118,-124],[-156,-39],[97,-151],[-103,-109],[-203,42],[80,-174],[-146,-99],[-80,-161],[-163,-61],[343,-167],[97,-428],[279,-281],[21,-534],[210,-267],[171,15],[148,-264]],[[33362,2448],[-12023,1006]],[[73231,42825],[203,-448],[499,-408],[-5,-160],[-243,-280],[101,-278]],[[73786,41251],[-258,-538],[-143,-153],[-2298,-240],[-4236,-119],[52,-204],[176,-120],[-103,-207],[-98,-85],[-120,-5],[-5,-59],[349,-184],[-182,-96],[-370,103],[-142,-44],[-64,-81],[38,-215],[-160,135],[-102,-57],[-128,74],[-97,-44],[-146,107],[-16,-135],[-158,17],[-16,-281],[67,-27],[-76,-84],[82,-148],[-80,-197],[30,-227],[-51,-104],[-82,24],[-112,-136],[70,-137],[-115,-397]],[[65292,37387],[-154,-99],[-111,39],[-162,-88],[-429,115],[-272,-63],[-95,119],[-249,49],[-122,-41]],[[62062,37611],[75,184],[197,120],[-52,165],[135,231],[-32,159],[82,48],[141,297],[-74,121],[134,151],[-22,204],[62,229],[-97,100],[10,250],[-168,61],[-104,-116],[-148,88],[-90,283],[25,100],[-104,207],[60,100],[-166,188],[242,44],[-2,93],[78,51],[-131,157],[-70,-12],[-4,146],[80,141],[135,-79],[14,125],[-106,126],[-22,244],[199,353],[-80,157],[28,361],[88,136],[-39,55],[-91,-19],[-19,102],[46,102],[136,34],[47,150],[-131,139],[-31,143],[-136,52],[-186,221],[-97,45],[-152,-98],[-36,186],[-129,8],[-9,113],[110,246],[-32,341],[-59,17]],[[72373,46252],[138,-763],[661,-1762],[-54,-164],[127,-457],[-14,-281]],[[24738,98163],[103,2]],[[24841,98165],[289,-888],[331,-546],[38,-297],[134,-119],[-88,-168],[13,-113],[198,-185],[260,-82],[49,-229],[293,-135],[-36,-271],[-519,-509],[-61,-318],[83,-229],[229,-198],[462,-162],[320,-261],[101,-338],[-140,-213],[-10,-134],[232,-547],[-330,-604],[191,-258],[247,-57]],[[27127,91304],[2,-23613]],[[27129,67691],[1865,-2246],[59,-417],[-80,-1531],[188,-244],[-99,17],[44,-84],[-43,-87],[-110,24],[38,-74],[-89,-101],[8,-451],[-189,-458],[-447,-19],[27,-97],[94,-100],[627,-219],[589,-69]],[[25506,61604],[22,334],[-103,228],[-332,169],[-104,126],[-109,12],[-8,65],[-274,179],[-88,242],[-157,-106],[-397,-38],[-639,69]],[[70115,54944],[382,464],[-14,588],[-476,359],[-247,428],[-11,668],[-239,332],[61,482],[-80,372],[-188,160],[-415,-63],[-146,235],[-64,304],[-222,308],[34,725],[162,268],[40,306],[-69,218],[-157,130],[49,288],[-110,205],[463,388],[-160,260],[58,230],[-70,119],[27,231],[107,135],[-72,206],[103,104],[-36,77],[56,82],[-121,106],[-32,158],[-112,27],[8,141],[-175,24],[-164,348]],[[68285,64357],[521,185],[569,70],[964,-379],[400,-9],[506,133],[261,-166]],[[71506,64191],[-224,-500],[75,-282],[172,-43],[42,-121],[-97,-46],[-5,-107],[-137,-57],[-12,-81],[70,-121],[-43,-218],[250,-295]],[[71597,62320],[-688,-764],[-168,93],[-29,100],[-66,-51],[-18,-137],[77,-148],[7,-199],[105,-169],[117,-52],[101,105],[214,-62],[15,-126],[113,-43],[35,-117],[13,-146],[-51,-58],[90,-86],[5,-122],[-128,-190],[34,-63],[-63,-259],[144,-597],[-138,-394],[-20,-255]],[[71298,58580],[21,-492],[-85,-307],[153,-249]],[[71387,57532],[-46,-330],[-202,-24],[-189,-245],[148,-383],[-270,-1316],[-225,-163],[-488,-127]],[[16722,65664],[-54,221],[57,131],[-168,65],[-257,-24],[-92,-206],[-144,-38],[-103,-139],[-97,34],[-142,-74],[-318,64],[-116,155],[-205,-1],[123,127],[-22,73],[-134,180],[-120,-83],[-84,15],[-65,284],[-79,65],[24,64],[-126,-46],[-141,48],[-163,124],[-32,111],[-275,-91],[-210,32],[-155,157],[-102,-2],[115,461],[-20,169],[-192,-51],[-55,56],[-86,-179],[-201,229],[-196,-187],[-272,234],[3,207],[-241,-87],[104,173],[-18,41],[-116,-38],[-27,127],[-116,104],[-382,65],[-216,-150],[-106,111],[-73,-91],[-93,90],[-110,-49],[23,161],[-61,111],[-52,-11],[-3,174],[-423,624],[-60,303],[-96,63],[-68,286],[-244,41],[-137,223],[-171,-9],[-87,79],[-160,-62],[-236,28],[24,328],[-286,220],[4,278],[-292,-26],[-131,341],[-303,103],[-54,116],[-173,-10],[-143,-156],[12,149],[-212,377],[-495,200],[-60,122],[-284,-15],[41,262],[-123,114],[-351,0],[-44,132],[-207,-255],[-108,-42],[-244,32],[-186,128],[-90,-48],[-200,81],[-151,-152],[-79,29],[-1,146],[-107,13],[-59,111],[86,100],[-57,270],[-129,11],[-30,197],[-533,691],[50,310],[-157,-16],[86,230],[-39,136],[-90,52],[-25,323],[-212,-10],[-226,74],[-117,225],[-212,61],[-469,-91],[-155,79],[58,272],[-233,189],[176,-4],[23,76],[253,-36],[266,119],[-1,74],[-179,181],[77,88],[100,1],[-17,120],[96,92],[-39,80],[-109,38],[-171,-81],[-39,78],[-243,8],[-41,-60],[-72,129],[-139,-128],[-31,100],[-266,18],[-237,250],[-95,-11],[-60,270],[-203,259],[-17,112],[-75,-8],[-22,115],[-164,-35],[6,151],[-114,95],[63,131],[-106,145],[130,87],[-36,120],[-223,-21],[-42,89],[-135,-112],[-88,87],[-103,-118],[-415,-32],[-57,74],[157,136],[-11,175],[-122,65],[-69,-100],[-181,195],[-168,-27]],[[0,78822],[11,9963],[132,-54],[50,-163],[73,13],[28,-173],[208,36],[46,-145],[115,89],[55,-50],[61,128],[180,-42],[150,180],[99,-82],[198,305],[-60,116],[78,312],[138,62],[94,-5],[148,-142],[59,75],[287,-29],[85,-95],[151,-32],[4,-63],[169,281],[53,-80],[24,55],[109,-18],[13,-176],[119,0],[20,-92],[78,156],[110,-97],[36,252],[180,121],[-45,249],[160,239],[-114,-22],[-111,115],[43,50],[-208,97],[58,227],[-86,92],[-9,154],[143,55],[33,-79],[74,59],[38,-55],[95,51],[11,-60],[99,-28],[199,133],[126,-45],[262,82],[-154,170],[76,102],[-85,49],[-12,83],[61,84],[198,1],[1,96],[159,20],[-24,197],[148,168],[73,-56],[-37,-197],[204,-43],[52,103],[147,-63],[70,39],[212,-190],[21,64],[303,152],[113,-68],[40,-107],[89,1],[112,-280],[-24,-66],[151,-82],[144,18],[107,110],[219,-56],[44,148],[471,-196],[2,196],[115,116],[-43,102],[128,141],[-60,107],[4,381],[-146,112],[58,123],[180,-78],[108,35],[23,-64],[166,-50],[36,47],[110,-21],[126,229],[98,-46],[66,8],[35,96],[166,-28],[20,107],[67,-59],[156,78],[161,-81],[-34,128],[79,67],[4,142],[65,-29],[63,60],[279,-104],[119,62],[91,-109],[95,114],[96,-149],[139,-8],[158,-198],[157,59],[13,99],[155,-76],[122,39],[89,126],[46,-26],[-12,-149],[181,15],[119,259],[206,15],[-20,186],[135,119],[-66,157],[67,91],[82,-34],[26,105],[33,-54],[283,127],[-14,89],[77,59],[-70,89],[128,288],[-53,29],[9,216],[188,5],[191,177],[148,-43],[46,196],[-64,54],[115,53],[7,124],[297,18],[70,160],[232,-142],[61,18],[-46,-132],[72,14],[112,-175],[63,25],[124,-103],[-6,128],[139,79],[63,129],[149,-8],[9,165],[255,-63],[25,128],[105,-35],[28,96],[89,28],[16,117],[139,-99],[92,73],[28,-166],[97,-96],[8,-278],[322,-91],[5,-204],[439,-269],[22,-98],[50,20],[-3,-105],[291,161],[-98,191],[31,89],[27,-67],[42,33],[37,120],[51,-332],[108,41],[66,-65],[83,47],[119,-38],[26,43],[40,-83],[85,51],[122,-36],[49,-109],[214,-46],[-8,-187],[77,59],[0,86],[100,-4],[68,93],[-7,161],[240,8],[-2,142],[172,88],[225,-108],[30,64],[59,-67],[85,14],[113,35],[-3,109],[53,-29],[174,150],[99,-113],[87,17],[3,-107],[51,2],[49,-128],[164,13],[43,69],[108,-17],[180,129],[175,38],[91,167],[97,-46],[178,61],[44,-66],[71,31],[106,-64],[59,-135],[73,8],[-3,-88],[105,19],[36,96],[114,-13],[84,113],[187,-41],[218,-134],[39,-120],[83,18],[204,-205],[161,-44],[106,178],[134,24],[153,-116],[201,90],[1,-98],[90,40],[218,-153],[27,-99],[80,21],[9,-72],[121,-33],[137,93],[71,-90],[306,29],[269,-153],[232,144],[90,-24],[202,250],[90,-46],[204,148],[-9,137],[-154,107],[59,95],[-168,69],[56,55],[-22,132],[-106,156],[64,109],[71,-78],[109,-4],[65,399],[-252,122],[37,177],[-64,-10],[-61,101],[-171,-19],[-55,128],[38,83],[-66,15],[35,62],[-143,66],[42,117],[-119,166],[-109,-38],[-305,171],[152,262],[-103,145],[-81,-26],[-72,91],[-75,-54],[-76,119],[-101,-88],[-313,220],[97,82],[-23,55],[122,117],[57,162],[106,23],[22,368],[146,-25],[170,-239],[160,-17],[62,96],[-143,139],[193,274],[74,10],[4,82],[132,57],[-38,40],[49,88],[-206,121],[177,141],[8,111],[83,29],[8,96],[-132,66],[133,194],[429,20],[-2,-119],[175,18],[14,-88],[89,-9],[49,-123],[106,-67],[38,39],[79,-62],[45,-108],[631,-66],[64,-132],[-75,-41],[110,-42],[21,-148],[195,-18],[32,-53]],[[24738,98163],[-310,-83],[-573,148],[-536,-205],[-308,-295],[-117,-889],[55,-153],[-21,-175],[75,-54],[-8,-73],[144,-57],[89,-234],[54,18],[67,-138],[-3,-163],[214,-245],[-77,-320],[102,-20],[94,-311],[62,-45],[-34,-137],[129,-120],[22,-246],[87,-57],[-62,-79],[60,-96],[-55,-86],[66,-357],[74,-106],[0,-202],[-98,-57],[-118,-287],[133,-290],[98,-502],[15,-160],[-79,-22],[85,-155],[77,-7],[-9,-120],[222,-270],[18,-143],[103,20],[-32,-76],[153,-144],[-91,-76],[120,-73],[-56,-40],[78,-321],[272,-118],[162,1],[431,-403],[68,-333],[92,0],[100,-407],[-8,-91],[-134,-76],[7,-92],[-122,-37],[119,-68],[25,-154],[-63,-70],[77,-95],[-259,-217],[42,-153],[-111,-61],[-17,-100],[-103,-33],[-44,-302],[-320,30],[-172,-206],[64,-91],[-95,-102],[29,-159],[-103,-211],[77,-297],[-138,-202],[-82,-347],[93,-221],[-18,-121],[-188,2],[-120,-269],[-133,-98],[81,-72],[-23,-55],[-109,36],[-45,-71],[-61,74],[-138,-14],[-134,-231],[-187,-19],[-81,-378],[-67,-71],[-73,-25],[-152,75],[47,-69],[-172,-67],[-112,-392],[90,-179],[-161,-175],[62,-301],[-99,-274],[137,-146],[189,79],[1,-71],[118,-77],[32,-373],[-62,-282],[169,-215],[53,-403],[-413,-174],[-247,1],[-287,103],[-53,153],[-613,167],[-302,-500],[-162,-159],[-14,-132],[82,-120],[19,-186],[-192,-462],[29,-198],[180,-223],[68,-281],[387,-510],[-4,-306],[90,-110],[88,6],[171,-274],[134,-445],[-73,-59],[95,-199],[23,-497],[-54,-129],[50,-181],[-36,-102],[-71,-6],[-134,-343],[-8,-192],[139,-233],[-125,-263],[70,-355],[-200,-203],[-168,-16],[-3,-212],[-138,-116],[-12,-181],[-104,-145],[-98,-17],[-50,118],[-91,-3],[-71,-126],[-94,-13],[-12,-105],[-186,-118],[-95,-255],[6,-113],[90,-22],[-116,-620],[-132,-163],[-77,10],[-23,-236],[-122,-67],[-44,-194],[136,-153],[189,-662],[80,-31],[80,137],[119,-96],[162,55],[197,-56],[46,-57],[-28,-162],[271,-248],[164,-389],[88,-78],[-50,-450],[96,-185],[146,-28],[74,-213],[-8,-162],[-87,-41],[-157,-748],[252,-186],[30,-284],[213,-248],[75,29],[-5,-59],[77,-34],[177,27],[94,-56],[95,85],[53,-68],[41,67],[44,-115],[95,-37],[46,41],[-47,29],[104,-40],[-2,116],[44,-36],[58,69],[-11,-79],[74,47],[17,-64],[128,88],[95,-72],[-22,71],[58,67],[58,-33],[104,61],[12,-64],[42,51],[115,-36],[-10,-118],[63,-71],[132,0],[31,-67],[38,37],[91,-111],[213,126],[-9,-79],[197,-107],[63,-118],[-269,-500],[-33,-248],[140,-353],[187,-115],[3,-241],[72,-25],[100,-2042],[-322,-239],[-242,-50],[-66,-100],[229,-183],[353,-127],[-459,-150],[-123,58],[-387,-345],[-139,91],[-234,-421],[-148,4],[-261,-249]],[[23317,62884],[-420,243],[-637,238],[-177,-47],[-220,-271]],[[90296,65990],[-167,43]],[[90157,66367],[298,219],[769,1147]],[[92844,66109],[-204,51],[11,137],[-70,-55],[-115,25],[-111,213],[-104,64],[-211,32],[9,-121],[-111,-61],[-81,-4],[-52,73],[-88,-58],[-106,28],[-85,-141],[-220,24],[-120,-44],[-63,-102],[-129,40],[-38,-69],[-147,-8],[-96,68],[-193,-48],[-18,45],[-74,-121],[-144,-20],[12,-67]],[[65343,21234],[-260,-129],[-157,-198],[-376,29],[-13,-137],[-356,-412],[-25,-112],[-100,-8],[1,-67],[-73,-21],[-129,13],[4,-50],[-174,14],[-21,-129],[-62,-36],[-110,48],[-139,-67],[-433,275],[-55,-59],[-190,20],[-326,-137],[-226,49],[-60,-174],[-55,46],[-77,-75],[6,-109],[-201,-21]],[[61736,19787],[-83,-41],[-135,41],[-23,93],[-175,18],[-8,75],[-106,6],[4,96],[-152,51],[-39,87],[-186,-85],[-115,-147],[-76,6],[-25,67],[-202,-164],[-189,137],[-138,-81],[-69,186],[-93,26],[-66,-355],[-114,-105],[-22,-155],[144,-197],[-11,-156],[104,-226],[-1,-346],[104,-64],[10,-220],[-64,-94],[-320,-162],[-51,-111],[25,-110],[176,-130],[15,-374],[116,-87],[79,-311],[403,-324],[-317,-870],[-417,-232],[-157,-415],[-430,-166],[-210,36],[-136,-131],[63,-94],[-57,-49],[-424,-84],[-161,89],[-135,-179],[77,-359],[-115,-43],[13,-100],[-76,-33],[-14,-133],[-71,42],[-182,-360],[-194,-159],[6,-113],[-126,-14],[-108,-160],[-146,121],[-95,-62],[-91,72],[-108,-8],[-215,-158],[-129,-180],[57,-92],[-42,-12],[-89,49],[-35,-50],[-78,92],[-106,-74],[-287,142],[-117,-104],[-156,77],[-179,-350],[-672,218],[-134,222],[-43,-11],[-196,-229],[12,-175],[131,-127],[12,-172],[164,-14],[126,-219],[145,33],[157,-99],[65,53],[194,-328]],[[61230,26990],[-55,-251],[-141,-153],[102,-238],[304,-277],[-31,-364],[152,-252],[274,-119],[116,-150],[336,-81],[32,-297],[312,-147],[229,-499],[89,1],[284,-265],[253,-115],[-99,-693],[27,-140],[-62,-180],[-62,-24],[268,55],[61,-116],[79,50],[494,-247],[69,-159],[394,-63],[94,-150],[61,58],[163,-26],[142,-150],[-19,-107],[113,-123],[-38,-126],[87,-62],[-21,-92],[108,-115],[-2,-139]],[[68464,46211],[-6022,1800],[1622,-2848],[-331,-268],[-422,-93],[-378,-331],[-593,62],[-191,119],[-364,49],[-62,88],[-156,-128]],[[61567,44661],[71,217],[-97,249],[-78,-52],[-92,70],[-146,-172],[-91,17],[-162,245],[-17,260],[-111,41],[-241,651],[-233,-8],[-106,75],[-235,-85],[-123,34],[-163,387],[-178,4],[18,364],[-130,167],[-111,39],[-135,278],[-11,108],[160,137],[35,107],[126,68],[-23,66],[84,107],[96,305],[-22,157],[81,90],[-44,97],[41,212],[135,116],[-24,174],[89,107],[-3,187],[291,26],[-5,1751],[-92,-34],[-159,55],[-81,199],[-144,114],[-69,271],[-100,53],[23,130],[-150,332],[44,303],[54,17],[62,194],[-83,111],[91,54],[136,418],[230,158],[77,-62],[106,15],[51,136],[167,71],[-1,133]],[[70022,52244],[44,-338],[283,-208],[103,11],[148,-95],[-37,-292],[278,-394],[2,-86],[-124,-124],[80,-24],[23,-114],[-322,-341],[-219,-29],[-7,-154],[-98,80],[-96,-33],[-218,-199],[21,-123],[-112,-71],[34,-72],[-227,-83]],[[80760,30523],[-32,147],[59,131],[121,221],[109,29],[-46,289],[168,66],[939,1803],[954,212],[519,-285]],[[83551,33136],[-372,-156],[-409,21],[-138,-145],[-76,-362],[63,-386],[438,-595],[32,-281],[-159,-115],[-429,-116],[-215,-235],[-4,-253],[259,-93],[117,-148],[26,-158],[-66,-149],[-331,-264],[-442,-78]],[[89631,55739],[2608,2172],[94,361],[-38,336],[179,279],[403,176],[516,424],[383,41],[162,-51],[504,104],[339,-48],[129,-118],[327,-73],[84,-111],[163,-58],[51,-107],[259,-28],[39,-79],[402,-67],[24,-62],[80,49],[75,-76],[140,100],[129,-79],[57,187],[208,145],[134,-59]],[[97082,59097],[-33,-87],[83,-139],[-56,-129],[134,-138],[-422,-114],[-138,73],[-75,-147],[106,-154],[-173,-125],[20,-210],[-561,-118],[-107,-272],[-105,209],[-126,-44],[29,-164],[-125,-71],[2,-90],[-127,40],[27,-76],[-124,-29],[-65,-101],[30,-165],[-57,-41],[163,22],[-38,-98],[54,-127],[75,56],[49,-42],[9,-329],[74,-81],[178,139],[21,-232],[72,-12],[-41,-54],[47,-57],[58,35],[52,-100],[-108,-34],[-197,132],[30,-208],[-78,-35],[-148,70],[68,-86],[-34,-55],[-7,54],[-32,0],[47,-70],[-38,-105],[-226,61],[-96,-57],[-3,-84],[144,-78],[68,-222],[-149,-113],[43,-77],[149,-53],[8,-68],[-121,-39],[107,-70],[-6,-101],[-144,26],[-44,-60],[119,-85],[-106,-40],[40,-111],[-78,-37],[32,-265],[-69,-57],[43,-158],[-235,-52],[-8,-212],[-68,5],[31,87],[-50,51],[-102,-123],[-126,22],[29,-125],[117,74],[-7,-131],[81,-72],[-231,-99],[42,-108],[-58,-76],[-167,82],[114,-130],[-102,-74],[127,-98],[-182,-5],[-5,-203],[-52,-41],[-73,56],[-85,-30],[32,-176],[-140,-65],[72,-128],[-123,-63],[112,-33],[-13,-64],[-125,-12],[-72,-101],[-78,46],[-1,-150],[-73,-47],[-71,128],[-52,-152],[-120,85],[-124,-258],[-90,50],[-82,-131],[-128,3],[64,-114],[-15,-42],[-87,36],[3,-106],[69,-124],[-128,-40],[8,-100],[103,-65],[-71,-14],[32,-90],[-72,-15],[61,-124],[-160,25],[72,-172],[-70,46],[-106,-45],[105,-156],[-74,-26],[21,-97],[-146,-72],[-73,36],[-50,-122],[-64,7],[0,-136],[-154,10]],[[84641,48262],[-358,124],[-55,78],[-73,-41],[-114,123],[-55,-74],[-153,30],[-185,-98],[-368,15],[-201,115],[-168,-73],[-11,-58],[-34,82],[-67,-6],[-164,-150],[-229,38],[-169,-183],[-222,109],[-131,-56],[-19,-96]],[[81865,48141],[-117,57],[14,84],[-134,-20],[-39,66],[-188,43],[40,29],[-118,5],[-27,-96],[-56,52],[-98,-80],[-51,48],[-33,-81],[-54,13],[32,53],[-143,-2],[-142,98],[-31,-89],[-130,88],[-203,-85],[-146,86],[-52,146],[-142,69],[-175,-35],[-21,162],[-109,-24],[-21,117],[-138,-76],[-134,79],[-85,-50],[68,116],[-151,74],[-35,-50],[-47,120],[-60,-47],[-177,60],[-43,-87],[6,80],[-142,11],[20,62],[-306,13],[64,75],[-69,38],[15,77],[-139,-18],[-56,37],[40,71],[-246,40],[82,188],[-51,124],[-30,-117],[-148,22],[-2,63],[136,74],[-77,71],[29,104],[-63,91],[133,84],[-109,127]],[[78006,50301],[37,56],[139,-72],[82,58],[-11,97],[-159,79],[202,24],[-98,115],[147,19],[-51,268],[124,27],[-45,125],[-106,41],[24,48],[126,-3],[103,-87],[15,234],[132,-59],[77,169],[98,-4],[34,164],[151,107],[80,-42],[96,155],[85,-52],[68,97],[91,-112],[95,20],[1,52],[-137,59],[60,87],[-25,197],[113,-6],[161,-136],[-21,-81],[226,191],[119,-144],[-78,269],[58,126],[119,-30],[2,-188],[92,128],[-50,42],[180,69],[120,-172],[47,234],[-125,46],[249,109],[199,-25],[170,188],[266,-154],[84,76],[54,-48],[97,27],[-3,63],[-63,-29],[34,84],[96,-54],[78,63],[-19,-148],[91,-58],[172,215],[63,-64],[25,290],[93,-64],[-1,-142],[135,108],[-75,39],[41,55],[243,9],[-52,-137],[36,-66],[103,-7],[90,127],[4,125],[177,-88],[35,131],[110,45],[80,-69],[-37,-127],[113,-20],[64,98],[-14,231],[161,-81],[33,-168],[152,43],[150,-159],[23,149],[-76,114],[237,142],[198,-159],[110,105],[-30,110],[91,13],[110,-97],[39,82],[-215,252],[119,104],[112,-30],[104,292],[127,60],[254,-202],[22,170],[-140,6],[236,77],[40,173],[163,-63],[84,69],[42,-29],[-32,-101],[278,117],[-22,269],[126,50],[-41,192],[157,-93],[19,-91],[98,4],[-58,154],[35,85],[219,-84],[219,156],[2,184],[78,-15],[5,-76],[174,61],[-112,174],[13,94],[-119,-45],[110,202],[207,42],[-233,405],[79,101],[-40,51],[-141,-18],[-203,-102],[-72,159],[-84,-72],[-13,95],[195,452],[-70,60],[-233,-56],[-80,95],[54,159],[-186,79],[195,279],[-99,33],[51,122],[-48,-11],[-39,118],[155,60],[116,135],[-52,273],[337,-84],[46,58],[-39,235],[203,11],[82,-75],[93,142],[-173,78],[-10,71],[220,17],[125,104],[-53,157],[212,-21],[-18,-169],[81,16],[4,-146],[119,-31],[60,-91],[-28,-100],[144,-282],[-5,-118],[138,-183],[-63,-431],[-56,-24],[32,-112],[165,-90],[12,-94],[194,-170],[52,-155],[506,-372],[524,-247],[263,-10],[418,-167],[150,54]],[[70666,31957],[44,-46],[50,52],[96,-98],[-14,-77],[96,-108],[-111,-108],[-18,-185],[83,-97],[-31,-128],[163,-403],[-88,-133],[179,-257],[-82,-168],[5,-436],[107,-86],[85,-279],[136,-51],[28,-135],[-26,-78],[-163,-80],[-198,-33],[-174,79],[-188,-51],[42,-245]],[[70687,28806],[-5802,-7],[199,-132],[33,-184],[-52,-171],[115,-37],[62,-197],[94,-66],[123,74],[48,-96],[-172,-311],[105,-90],[-78,-218],[154,-41],[59,-110],[-113,-149],[2,-134],[121,-60],[-147,-59],[81,-32],[32,-106]],[[65551,26680],[-312,43],[-156,-186],[-342,88],[-128,-123],[-131,64],[-66,-117],[-100,61],[-49,-61],[-536,6],[-22,182],[-90,90],[49,112],[-300,-1],[-9,273],[-100,177],[-115,22],[-3,68],[85,31],[-95,160],[-136,-34],[-117,152],[-9,99],[140,99],[-132,181],[17,132],[191,165],[-2,152],[-151,109],[-244,-164],[4,-91],[-89,130],[-63,-91],[-190,-17],[-393,-225],[52,-199],[-64,-17],[-19,-122],[101,-95],[-63,-115],[51,-74],[-213,-204],[-486,-207],[-86,-143]],[[61230,26990],[-362,-140],[-382,111],[-112,-34],[-286,127]],[[60359,29062],[169,137],[57,227],[216,367],[221,70],[293,478],[214,135],[-38,152],[143,71],[-48,122],[458,222],[242,-139],[625,118],[37,-49],[116,52],[136,-120],[160,32],[308,193],[66,413],[77,67],[186,-161],[246,81],[530,-90],[117,89],[79,-36],[201,259],[99,-23],[245,110],[146,-31],[104,145],[176,-52],[127,57],[204,-173],[451,81],[259,-285],[405,-118],[136,130],[115,-4],[111,153],[245,-220],[182,29],[314,-145],[268,258],[114,-108],[-21,-288],[324,-30],[35,72],[-81,110],[60,110],[146,13],[123,-103],[77,16],[137,336],[131,39],[33,94],[313,9],[146,-132],[190,140],[182,15]],[[65803,17049],[89,140],[164,14],[182,166],[56,236],[356,-102],[-90,135],[83,58],[7,267],[-210,204],[14,197],[-148,69],[242,197],[-28,67],[91,72],[-10,129]],[[70649,17168],[-221,-2186]],[[91036,70885],[149,-1515],[-132,-21],[75,-105],[-43,-156]],[[91085,69088],[-680,-432],[-392,-66]],[[90013,68590],[-17,1442],[200,322],[-9,292],[151,77],[122,273],[-68,144]],[[73897,27229],[1653,1452]],[[80015,26963],[-269,-548],[-29,-190],[97,-557],[-189,-268],[-473,-155],[-251,-304],[-351,-169],[-742,-38],[-423,-184],[-430,-38],[-194,-253],[-309,-221]],[[37362,44977],[-163,69],[-112,-43],[-24,92],[61,107],[-244,-16],[-215,218],[-26,120],[-1,-305],[-56,-9],[-81,-193],[47,-100],[-98,-62],[42,-143],[-249,-160],[139,-156],[-52,-76],[-121,85],[-248,-106],[-159,7],[-35,281],[-187,-25],[-42,98],[-225,59],[-291,-262],[-20,75],[-80,-30],[-49,214],[-137,-19],[-108,188],[-93,-76],[-165,32],[-207,-157],[-184,-520],[135,30],[179,-123],[-241,-248],[-97,42],[-118,-201],[-68,183],[-162,-164],[-47,72],[-142,33],[-24,193],[-180,174],[2,83],[-331,65],[-117,-109],[60,-143],[-109,27],[-217,-321],[-207,60],[-23,-127],[132,-85],[-29,-69],[69,-35],[-165,-121],[148,-263],[-97,-32],[-242,100],[-154,-67],[-128,283],[-224,146]],[[30787,48367],[-70,663],[334,366],[33,268],[-86,377],[44,155],[126,143],[478,57]],[[31646,50396],[249,231],[798,36],[-102,280],[32,100],[502,464],[312,39],[236,224],[-4,132],[108,49],[270,-10],[231,-255],[316,37],[199,107],[462,49],[208,-46],[163,-143],[288,-62]],[[73016,71126],[50,88],[-122,121],[46,59],[-127,492],[359,1136],[84,22],[-2,211],[67,150],[-58,143]],[[75607,72973],[44,-164],[-33,-473],[88,-56],[228,63],[55,-174],[252,-242],[119,-35],[28,-83],[342,-84],[59,-425],[55,-56],[218,-163],[114,23],[101,-64],[73,73],[80,-101],[-93,-99],[52,-101],[-27,-191],[119,-80],[270,-11],[-56,-189],[76,-165],[-32,-407],[155,-86],[51,-188],[176,-221],[527,-91],[441,203],[242,-3],[388,118],[441,10]],[[80160,69511],[-132,-160]],[[80028,69351],[-607,-1044],[-515,-1151],[-537,-446]],[[78369,66710],[-859,-236]],[[77510,66474],[-128,215],[-42,276],[-230,83],[-806,605],[-3,164],[-96,-135],[-211,-114],[-83,25],[77,59],[14,131],[244,85],[109,132],[-112,116],[69,172],[-62,106],[90,66],[69,183],[-101,70],[57,115],[-54,137],[-103,-1],[-78,262],[-170,139],[-47,186],[-127,97],[-129,-37],[-98,66],[21,149],[-146,179],[179,139],[111,243],[-181,112],[10,182],[-127,72],[-17,116],[-853,250],[-17,273],[-223,71],[-284,-28],[-219,174],[-184,-101],[-51,-100],[29,-235],[-187,-55],[-52,-142],[-352,150]],[[69537,53551],[-11,-303],[50,-83],[158,-9],[116,-131],[-37,-232],[107,-195],[-9,-187],[111,-167]],[[70022,52244],[-474,48],[-288,-96],[-494,247],[-76,140],[-147,90],[-115,20],[-339,-247],[-281,218],[-132,286],[-94,-27],[-60,57],[-148,-77],[-18,-197],[-241,-167],[-61,-154],[-276,-70],[-34,-275],[-208,-116],[-54,-152],[-89,30],[-379,-259],[-106,141],[-305,-27],[-67,-57],[-24,-84],[-70,-11],[82,-325],[-2518,-295],[-19,538],[-230,478],[51,279],[-96,300],[-697,521],[36,127],[-155,112],[20,69],[-132,27],[-112,278],[58,241],[-294,-34],[-118,176],[-403,15],[-288,-251],[-252,164]],[[60375,53925],[-398,380],[215,24],[146,348],[-459,182],[-210,198],[-297,124],[-231,219],[-154,-105],[-206,242],[-365,207],[2,95],[-101,35],[-35,253],[-206,291],[-19,271],[-112,-8],[-354,207],[-187,17],[-344,-170],[-496,-15],[-656,-232],[-221,-394]],[[54703,63318],[213,-129],[316,-6],[386,166],[199,396],[302,230],[155,36],[507,-176],[223,29],[443,260],[331,66],[418,334],[628,139],[347,234],[228,-73],[415,-342],[816,-206],[219,66],[252,-30],[180,-203],[525,7],[343,-328],[339,141],[552,-358],[507,188],[31,189],[444,548],[343,47],[168,-105],[253,-452],[399,-487],[572,-1],[12,-79]],[[65769,63419],[-241,-266],[-262,29],[-55,-76],[-128,14],[-228,-342],[297,-460],[192,-955],[455,-236],[292,-322],[186,-416],[175,-173],[132,-424],[188,-278],[65,-231],[198,-221],[85,-201],[587,-212],[199,-370],[155,-160],[54,-214],[173,-266],[-76,-5],[32,-82],[-90,-140],[52,-1146],[179,-387],[194,-105],[-63,-151],[50,-126],[-97,-54],[-61,-170],[243,-137],[-202,-286],[191,-254],[130,-32],[375,-306],[112,-179],[-1,-245],[179,-141],[5,-105],[97,-37]],[[54703,63318],[-243,-472],[-82,-568],[-182,-269],[0,-1197],[139,-196],[10,-401],[334,-175],[120,-159],[-152,-477],[260,-607],[-47,-354]],[[51572,56216],[-138,206],[-302,179],[-446,98],[-866,-29],[-415,381],[-444,69],[-565,-43],[-559,-144],[-364,-182],[-210,11],[-597,385],[-422,214],[-129,-14],[-192,140]],[[45923,57487],[-1,1]],[[45936,64931],[349,577],[159,137],[1186,249],[776,313],[2223,198],[863,289],[271,156]],[[51763,66850],[113,-385],[293,-418],[837,-22],[1057,122],[-110,-190],[147,-250],[-91,-231],[-175,-205],[-30,-337],[90,-484],[116,-178]],[[54010,64272],[1,-444],[404,-292],[228,-73],[60,-145]],[[36070,59542],[764,358],[383,267],[542,834],[107,451],[-6,518],[92,180],[541,543],[973,550],[232,159],[102,170],[0,194],[-50,48],[-807,-122],[-165,-93],[992,1485],[-37,80],[-290,152],[-269,17],[-139,93],[-144,-43],[-182,174],[4,169],[220,44],[49,99],[220,120],[0,169],[-163,280],[-2,384],[445,554],[88,476],[-104,308],[-359,283],[-43,102],[183,234],[27,156],[-297,631],[-82,580],[83,168],[-25,143],[-375,142],[-120,336]],[[38458,70935],[396,-6],[774,367],[848,-290],[127,-246],[68,-602],[192,-316],[155,-114],[-15,-345],[153,-133],[358,-114],[85,-264],[476,-721],[142,-625],[-60,-129],[177,-169],[129,-300],[4,-158],[143,-111],[339,-785],[170,-499],[21,-491],[248,41],[166,-207],[695,91],[765,-181],[552,99],[370,204]],[[45936,64931],[35,-193],[-280,-146],[-44,-335],[-93,-101],[-91,-333],[-102,-116],[-335,-178],[-319,-403],[-440,-228],[-361,168],[-213,-42],[-106,-51],[-36,-148],[-220,-18],[-199,-138],[-13,-80],[104,-38],[48,-122],[84,18],[110,-183],[305,-73],[43,-478],[171,-217],[44,-176],[147,-1376],[-353,-318],[-178,-358],[-289,-57],[-415,-387],[3253,-1219],[-271,-117]],[[45922,57488],[-581,-133],[-69,47],[-203,-27],[-124,127],[-152,37],[-148,-95],[-37,-145],[-253,-158],[-414,-484],[-421,256],[-630,41],[-207,-222],[-81,28],[-209,-113],[-255,93],[-113,-54],[-9,-90],[-162,61],[-168,-127],[-154,-6],[-229,-171],[14,-106],[-124,-311],[-1924,-179]],[[91036,70885],[-101,297]],[[92581,70780],[-247,-164],[-370,-56],[-410,434],[-518,-109]],[[92189,72538],[164,-21],[115,270],[96,45],[17,-105],[68,49],[7,129],[118,177],[-32,108],[139,74],[131,-53],[93,-162],[-188,-293],[219,-321],[42,-371],[-45,-44]],[[92670,70798],[-89,-18]],[[92581,70780],[-148,185],[-162,-12],[-173,130],[-40,201],[85,76],[-111,879]],[[64638,13229],[144,244],[225,131],[-57,331],[265,41],[20,352],[135,251],[-171,25],[-46,91],[158,114],[-104,82],[113,165],[-41,74],[-149,-41],[-115,488],[-93,-31],[-144,79],[-241,-41],[392,307],[-53,110],[141,139],[78,255],[253,177],[-25,68]],[[65323,16640],[18,79],[217,87],[100,173],[145,70]],[[65803,17049],[458,-379],[340,-69],[21,-213],[234,-188],[8,-114],[157,-247],[320,-122],[-1,-64],[100,30],[16,106],[651,271],[146,0],[168,211],[141,-19],[10,-56],[96,18],[197,-173],[181,-14],[64,-172],[34,45],[174,-35],[58,-106],[131,-59],[-33,-85],[357,-221],[105,-218],[40,71],[298,-89],[-9,-47],[117,-15],[46,-114]],[[70428,14982],[149,-18],[82,55]],[[70659,15019],[-41,-153],[-215,-125],[-355,-425],[-69,-327],[112,-273],[204,-116],[61,-273],[-62,-186],[5,-347],[126,-170],[84,-335],[151,-187]],[[66601,18898],[-158,32],[71,224],[-250,173],[-13,189],[82,65],[-56,174],[59,122],[-28,143],[-120,29],[-27,176],[198,247],[-39,38],[57,245]],[[75594,22455],[-2,-715]],[[75592,21740],[-75,-97],[12,-109],[-77,-38],[-7,-117],[-76,-66],[-111,9],[-105,-78],[-128,118],[-157,-99],[-50,52],[-96,-60],[-179,115],[-122,-153],[-1,-99],[-243,-66],[-13,-122],[-136,58],[-91,-73],[77,-95],[-181,-247],[-83,144],[-140,-151],[-178,-61],[-108,38],[-55,-217],[-215,-31],[-192,124],[-262,0],[-185,-75],[-111,-145],[-381,-10],[-187,-127],[-201,14],[-112,-55],[-160,46],[-197,-82],[-140,126],[-136,-84],[-140,-225],[-1,-2634]],[[70649,17168],[-170,212],[-205,-9],[-188,162],[-381,-82],[-136,52],[-78,131],[-205,-107],[-199,-4],[-89,74],[-121,-101],[-31,-171],[-66,44],[-168,-70],[-135,56],[-47,86],[-327,103],[-1,312],[-432,278],[-95,126],[-94,-14],[20,114],[-287,117],[-205,177],[-134,16],[-222,280],[-52,-52]],[[86326,41907],[-2949,-2375]],[[83377,39532],[-193,66],[-86,-101],[-229,8],[-81,-74],[-276,113],[-102,-59],[-124,238],[-320,-64],[-15,112],[-297,195],[-306,-291],[-299,273],[-18,147],[-107,151],[-309,-56],[-497,121]],[[80118,40311],[-313,80],[-171,270],[-186,-83],[-261,193],[-33,91],[-156,-22],[-37,94],[-113,11],[-122,218],[-274,-69],[-267,-264],[-79,-571],[-234,-157],[-74,-464],[-163,-388]],[[77635,39250],[-170,208],[-367,699]],[[77098,40157],[0,0]],[[77098,40157],[0,3397],[-139,192],[10,137]],[[76969,43883],[190,-2],[46,70],[75,-26],[196,105],[199,14],[429,322],[200,4],[290,338],[267,101],[93,181],[128,679],[222,272],[-32,150],[293,-243],[61,89],[226,-162],[44,95],[63,-54],[52,67],[100,-156],[775,449],[382,95],[194,-59],[235,357],[174,128]],[[81871,46697],[146,-579],[242,-322],[271,-221],[222,-432],[296,-96],[188,8],[404,170],[2686,-3318]],[[31582,43547],[-79,-9],[47,-100],[-77,-130],[-204,-66],[-67,-94],[-305,28],[61,-160],[-59,-134],[109,-158],[-13,-130],[-347,-465],[-128,20],[-56,-63],[-151,114],[-125,-6],[-181,-49],[-107,-112],[-151,-14],[-29,-72],[-115,58],[-197,-83],[-89,88],[-179,-319],[-523,-9],[-271,-121],[-18,-125],[-170,61],[-76,-98],[-45,-2],[5,82],[-170,77],[-159,227],[-156,-96],[-139,37],[-52,-128],[-192,232],[-153,72],[-68,-140],[-193,193],[-289,-91]],[[26471,41862],[-222,129],[-209,577],[-169,-29],[-245,244],[-231,-26],[-118,-77],[-197,42],[93,215],[-59,105],[44,20],[-23,124],[72,5],[3,131],[135,56],[-7,91],[146,85],[57,215],[-69,81],[48,161],[-221,8],[47,230],[-114,133],[-181,23],[-180,228],[-75,-42],[-84,316],[-279,-139],[4,-203],[-92,93],[-128,0],[-133,-154],[-328,165],[-15,91],[-117,83],[-126,-15],[-125,84],[163,193],[774,509],[942,495]],[[25252,46109],[241,246],[153,303],[248,235],[-22,-99],[133,-160],[-56,-931],[147,-85],[354,68],[1449,575],[66,-71],[171,151],[-326,101],[81,44],[-28,103],[81,18],[74,226],[-113,80],[68,40],[-82,44],[53,139],[-15,53],[-81,-20],[-36,268],[80,75],[286,-44],[218,243],[247,-34],[124,103],[441,130]],[[29208,47910],[416,-53],[39,-104],[-44,-215],[103,-163],[134,-29],[-69,131],[131,-16],[44,-67],[166,56],[19,-181],[47,-10],[16,208],[121,234],[-119,243],[288,114],[139,255],[148,54]],[[30787,48367],[26,106],[228,107],[-9,115],[75,90],[-119,140],[98,110],[89,-32],[142,62],[172,-64],[51,-171],[195,-182],[111,58],[412,-125],[106,115],[362,-172],[-30,-182],[-156,-132],[15,-130],[-153,14],[-166,-88],[87,-261],[-309,-375],[82,-66],[162,44],[35,-185],[-83,-70],[52,-85],[-51,-85],[149,-247],[10,-141],[-359,-136],[65,-89],[-68,-56],[68,-62],[34,-339],[-302,-117],[-43,-328],[48,-125],[155,-100],[-1,-136],[-144,-96],[-121,6],[-165,-195],[36,-144],[-67,-38],[-50,-248],[-137,-226],[294,-398],[-31,-161]],[[89746,72314],[-191,106],[8,356],[-182,83],[-60,172],[350,-8],[-239,349],[-66,268]],[[89366,73640],[51,142],[43,-80],[141,-36],[53,210],[156,-9],[-122,124],[4,88],[122,18],[118,-101],[53,31],[-65,52],[262,90],[272,-94],[7,-179],[-70,-156],[91,54],[163,-78]],[[80950,72889],[-47,-65],[22,-235],[138,-482],[132,-204],[507,-256]],[[81702,71647],[-233,-586]],[[81469,71061],[-183,67],[-572,-12],[-508,218],[-184,-64],[62,144],[-103,30],[50,144],[-109,138],[-433,158],[-293,613],[-147,138],[-53,253],[-1598,798]],[[82277,68884],[9,84],[-111,58],[-32,93]],[[82143,69119],[407,539],[36,211],[-44,170]],[[83278,68829],[-109,-12],[-52,-266],[-84,-30],[-195,198],[-328,78],[-30,76],[-161,-43],[-42,54]],[[75607,72973],[-171,61],[-254,-279],[-255,106],[-11,-73],[-144,-67],[-134,101],[-34,271],[-327,-103],[-964,558]],[[73313,73548],[-24,13]],[[73289,73561],[148,217],[-8,133],[158,199],[-49,220],[63,336],[108,157],[137,63],[100,848],[292,354],[308,95],[169,-239],[273,-641],[160,-78],[99,-158],[147,-34],[87,-212]],[[75481,74821],[9,-202],[101,-122],[59,-223],[146,-176],[156,-72],[82,-264],[-129,-509],[-94,-121],[-205,17],[1,-176]],[[82866,67149],[41,180],[184,193],[-112,165],[117,149],[182,993]],[[83278,68829],[32,166],[512,293]],[[84613,69220],[70,-1609],[87,-111],[232,6]],[[85002,67506],[-1155,-746],[255,-196]],[[84102,66564],[-209,-61],[-281,72],[-161,115],[-152,258],[-433,201]],[[92844,66109],[4,306],[84,300],[-80,127],[-621,392],[82,40],[79,262],[-136,288],[-111,-26],[-652,165]],[[92706,68418],[143,-27],[294,141],[223,-1025],[326,-115],[172,-162],[31,-89],[-127,-345],[30,-59],[-164,-341],[24,-158],[343,268],[100,-6]],[[93898,63677],[-114,-182],[83,-162],[-19,-970],[-116,-160],[-50,-399],[-142,-176],[-112,-9]],[[93428,61619],[-137,19],[80,67],[8,262],[-187,305],[178,357],[66,24],[27,226],[-98,205],[-678,636],[-117,295]],[[92570,64015],[117,87],[-5,-111],[60,3],[44,51],[-55,38],[99,1],[-72,74],[110,232],[-42,62],[46,113],[113,12],[34,134],[-120,125],[71,25],[76,-63],[10,89],[95,58],[-69,116],[74,118],[-91,77],[-22,147],[95,-38],[115,122],[-476,419],[11,82],[74,-12],[-18,133]],[[61307,8897],[-151,490],[199,240],[330,139],[336,410],[-83,327],[60,113],[-103,83],[171,7],[66,253],[103,85],[-12,141],[311,269],[-127,159],[-1,297],[67,2],[136,195],[60,-148],[191,208],[-2,93],[-76,58],[156,69],[237,-96],[74,25],[20,-210],[131,-62],[-62,156],[72,149],[177,51],[-89,244],[199,35],[12,79],[115,32],[141,-47],[189,44],[78,49],[-13,87],[156,119],[-5,131],[189,100],[79,-44]],[[64638,13229],[8,-148],[142,1],[286,198],[382,73],[124,-38],[131,-186],[268,-108],[185,135],[453,114],[256,-154],[0,-105],[89,-108],[273,-149],[98,-249],[162,-76],[31,-235],[113,-200],[140,-105],[70,-15],[121,166],[125,-118],[253,-10],[248,-128],[168,89],[98,-139],[323,-133],[72,-1],[49,88],[50,-121],[355,174],[167,-128],[204,-17],[152,75],[111,225],[149,-11],[51,154],[115,63]],[[70660,12102],[107,29],[116,-80],[165,68],[134,-104],[156,65],[40,230],[89,-44],[60,142],[122,72],[224,48],[93,-58],[-2,-1720],[-121,-63],[-211,45],[-500,-415],[-89,-149],[116,-430],[-27,-250],[266,-392],[-7,-163],[139,-81],[75,-175],[189,-24],[84,-98],[98,26],[205,-190],[174,34],[104,-54],[378,524],[60,227],[383,152],[68,87]],[[73348,9361],[-862,-1329],[-717,-137],[-473,-398],[-378,-587],[-382,-384],[-156,-435]],[[87597,67435],[-23,100],[102,98],[35,253]],[[87711,67887],[324,526],[254,134],[341,337],[191,108]],[[88821,68992],[135,-240],[405,-294],[-7,-534]],[[89354,67924],[-86,-284],[18,-329],[162,-248],[-24,-144]],[[59294,1141],[64,97],[-4,156],[85,81],[2,238],[53,9],[-58,123],[23,267],[194,184],[75,-14],[266,145],[73,116],[178,-61],[23,-131],[159,-92],[115,221],[-10,234],[144,134],[182,39],[53,200],[-52,63],[116,22],[20,67],[61,570],[-139,222],[47,367],[-98,249],[154,100],[6,240],[83,92],[-25,153],[-75,149],[-118,-9],[-190,210],[-9,106],[-84,-17],[-57,81],[261,428],[-83,255],[111,232],[278,148],[-221,269],[-30,162],[-199,48],[-22,58],[123,258],[189,-82],[290,413],[-41,164],[126,483],[-55,174],[29,135]],[[61307,8897],[534,149],[113,-151],[-25,-195],[364,71],[204,-103],[-134,-101],[-82,-266],[134,-347],[-83,-207],[128,-29],[15,-100],[-86,-247],[80,-70],[127,-538],[135,16],[6,157],[78,119],[127,-79],[183,149],[274,-116],[197,44],[307,-175],[91,164],[-39,65],[39,203],[284,67],[364,-55],[164,-242],[452,-119],[255,72],[590,-6],[60,-57],[280,67],[264,-28],[112,185],[365,43],[189,154],[301,-148],[87,-138],[109,6],[326,-203],[203,18],[165,-120],[160,-10],[132,-199],[180,-94],[211,-321],[256,-86],[127,-227],[578,94],[172,128]],[[70380,6091],[-267,-498],[-102,-79],[18,-163],[-279,-217],[-176,-240],[-218,-26],[-85,-278],[-256,-166],[-83,-149],[-54,-214],[20,-305],[-290,-472],[-119,-351],[30,-200],[-50,-67],[143,-297],[-139,-215],[0,-174],[-246,-267],[-94,-546],[-365,-507],[-143,-585],[-67,-75],[-8411,548]],[[36202,52718],[-11,911],[23,78],[192,96],[-61,134],[44,316],[-280,617],[21,317],[64,51],[-377,577],[-249,48],[-283,696],[-181,51],[-664,-26],[-378,488],[-203,169],[-122,238],[-274,155],[-191,261],[-725,218],[-162,-452],[-293,-89],[-436,0]],[[31656,57572],[17,61],[242,60],[-79,47],[-34,268],[-129,101],[1,189],[-999,-1],[9,173],[-789,-2],[-342,-2172],[-528,-1485],[-176,-868],[-321,-1028]],[[28528,52915],[-484,17],[-158,106],[-217,43],[-109,-111],[-133,-10],[-7554,-228]],[[19873,52732],[4095,7122],[59,372],[158,58],[134,203],[141,44],[71,-44],[74,109],[351,174],[42,158],[146,128],[66,236],[299,53],[-3,259]],[[25506,61604],[215,36],[53,-118],[83,-15],[310,78],[386,210],[855,4],[136,-159],[7,-162],[510,-320],[748,-103],[282,-235],[232,-60],[221,55],[261,192],[-194,528]],[[29611,61535],[826,42],[111,107],[411,163],[733,-97],[122,126],[371,138],[200,286],[292,-90],[991,8],[482,-222]],[[34150,61996],[1415,-2309],[505,-145]],[[36070,59542],[73,-248],[150,-118],[85,-166],[-45,-198],[-83,-70],[-86,-540],[327,-274],[224,-98],[36,-91],[-51,-128],[151,-96],[-4,-163],[145,-128],[-102,-93],[14,-54],[368,-255],[-4,-1057],[71,0]],[[90392,71140],[-846,-65]],[[89546,71075],[-78,4]],[[89468,71079],[6,80],[141,71],[-190,67],[-33,94],[154,61],[-63,106],[25,101],[-134,37],[356,285],[5,48],[-170,57],[8,175],[143,-59]],[[90794,71542],[141,-360]],[[90935,71182],[-543,-42]],[[83822,69288],[-136,293],[-106,77],[-374,75],[-80,81],[48,57],[-60,58],[35,75],[-103,170],[-309,-156],[-195,21]],[[82542,70039],[-171,374],[-1136,323]],[[81235,70736],[236,296]],[[81471,71032],[1029,-293],[548,42],[84,-59],[96,115]],[[84726,69819],[408,-552],[-521,-47]],[[84613,69220],[-387,15],[-108,143],[-296,-90]],[[83790,72862],[703,760],[205,-77],[42,-140],[143,1],[79,-66],[111,68]],[[85073,73408],[121,-101],[74,-625]],[[84946,73372],[-24,73],[9,25],[23,-121],[-8,23]],[[84837,73588],[1,-119],[-33,-53],[-37,127],[69,45]],[[81296,34000],[-230,-187],[7,-82],[-106,-100],[-162,-37],[-481,-392],[-113,-248],[22,-382],[-84,-67],[9,-116],[-135,-62],[-61,-141],[164,-381],[-89,-103]],[[79196,31922],[10,109],[-129,-7],[-548,330],[-477,681],[-96,260],[-336,281],[-81,188],[39,177],[-51,54],[6,390]],[[87853,65825],[121,-119],[25,-247],[138,-91],[129,-210],[44,-542],[-143,-116],[-58,-140],[65,-343],[-81,-161]],[[88093,63856],[-210,-400],[181,-348],[-80,-39],[128,-198]],[[88112,62871],[-1241,-5],[-151,-235],[-222,-72],[-69,-99],[-12,-183],[-248,-393],[-104,-391],[-643,-149],[-84,-283],[-188,34]],[[84983,62098],[57,212],[205,276],[177,71],[48,162],[283,187],[-14,121],[-157,69],[133,132],[-1,74],[-85,-3],[33,382],[176,326],[-41,272],[89,154],[-46,55],[-124,-16],[39,148]],[[85755,64720],[141,242],[-54,53],[69,99],[-89,470],[180,262]],[[44895,1571],[98,388],[-6,267],[191,153],[314,112],[111,426],[369,17],[224,207],[127,-74],[188,67],[-107,232],[140,303],[-267,782],[-123,204],[-22,161],[78,27],[0,101],[-455,544],[-454,107],[-28,219],[226,73],[-55,67],[99,78],[68,-27],[57,156],[141,67],[-238,283],[-42,211],[91,250],[-117,141],[307,273],[188,677],[-114,366],[-132,-14],[63,130],[-155,190],[-26,144],[251,232],[498,-206],[101,26],[41,181],[-196,159],[137,187],[-128,99],[207,187],[174,-39],[0,273],[88,192],[-210,277],[58,201],[-102,140],[-220,95],[-50,342],[92,71],[269,-60],[85,55],[-150,85],[-8,93],[-186,161],[7,353],[-242,15],[-147,214],[3,85],[-137,70],[276,214],[38,255],[313,173],[-97,140],[113,343],[-309,296],[53,146],[-37,88],[74,88],[-247,409],[156,54],[-143,120],[1,158],[-241,-72],[-114,294],[86,156],[-100,4],[-50,88],[-230,94],[77,200],[308,97],[4,86],[-99,116],[112,114],[87,-14],[95,130],[-29,249],[-313,139],[105,89],[-73,132],[27,226],[-95,42],[-198,294],[-265,-3],[-99,215],[-85,-5],[84,252],[-104,149],[-133,-67],[-77,166],[44,139],[-109,44],[-58,111],[239,83],[73,172],[154,142],[7,96],[135,78],[-253,291],[26,432],[-83,49],[-161,-72],[-88,118],[-122,26],[99,163],[-63,146],[-476,348],[-173,191],[-114,256],[-125,111],[-119,2],[18,88],[-108,56],[11,114],[445,475],[23,156],[-68,104],[-210,69],[-147,173],[64,47],[-97,109],[-44,222],[302,496],[13,127],[-43,102],[-226,168],[22,95],[-84,62],[180,69],[59,184],[416,359],[-167,358],[-680,210],[-189,209],[-206,46],[-227,341],[-172,-92],[-144,78],[57,91],[-88,246],[98,124],[-107,151],[231,332],[91,51],[165,-73],[260,-258],[464,757],[-88,183],[92,107],[82,52],[117,-103],[77,69],[143,-20],[114,-232],[108,-81],[4,124],[122,25],[6,117],[168,-56],[87,143],[-244,275],[171,191],[-24,233],[-126,100],[-5,170],[-201,2],[101,316],[-283,71],[50,153],[-115,42],[11,86],[-148,160],[-100,458],[-62,92],[-120,-4],[-180,-116],[-46,71],[82,320],[-99,41],[-7,80],[-130,-7],[-34,140],[-99,33],[150,306],[186,81],[174,-35],[85,145],[319,115],[-65,305],[122,109],[142,18],[27,127],[184,58],[124,-126],[130,25],[215,170],[90,-8],[61,105],[-14,170],[98,1],[123,221],[140,11],[71,71],[78,-156],[124,-29],[40,73],[191,20],[153,181],[265,55],[184,373],[159,59],[32,189],[-91,189],[138,56],[29,105],[170,147],[199,60],[106,-117],[58,71],[104,2],[32,110],[233,-206],[201,-70],[278,227],[-43,110],[341,118],[85,89],[-72,330],[141,267],[-71,559],[74,57],[75,235],[49,236],[-52,132],[211,236],[34,156],[-70,81],[66,123],[-101,170],[-35,234],[254,421],[391,142],[125,144],[78,-94],[159,-9],[281,95],[45,159],[132,-41],[353,396],[123,-98],[35,-159],[243,-148],[245,202],[375,-121],[168,-253],[-80,-254],[37,-138],[68,-36],[122,76],[414,-272],[173,29],[135,-118],[154,-33],[47,-117],[212,-152],[-80,308],[44,182],[67,161],[274,199],[20,182],[-66,66],[59,190],[80,61],[55,264]],[[58028,37614],[4034,-3]],[[62062,37611],[86,-1],[90,-107],[66,54],[93,-93],[89,37],[143,-107],[58,88],[197,12],[90,103],[262,-117],[94,36],[111,-108],[257,10]],[[63698,37418],[-37,-367],[-306,-14],[-56,-122],[131,-594],[-148,49],[-211,-180],[108,-577],[-176,-93],[-279,17],[-164,-174],[-151,-41],[88,-445],[-554,-255],[-85,-138],[82,-193],[-45,-126],[43,-185],[-53,-88],[221,-131],[361,-15],[232,-619],[-221,17],[-232,113],[61,-158],[-170,-218],[41,-106],[-104,-131],[116,-89],[-199,-170],[-54,-12],[-126,157],[-161,-82],[-136,85],[-247,1],[5,114],[-92,41],[-92,-2],[-77,-140],[-167,9],[-234,-375],[83,-180],[-100,-150],[69,-51],[-127,-349],[-275,-45],[2,-207],[-128,-125],[-108,47],[-56,-58],[-182,29],[-122,-121],[46,-117],[-79,-32],[-77,61],[-229,-10],[-299,195],[-203,21],[-111,-38],[-25,-130],[-121,-48],[-115,-203],[-50,-264],[117,-64],[126,88],[49,-80],[111,6],[270,-171],[4,-72],[98,-12],[211,-209],[193,-458],[191,17],[36,-128],[120,102],[206,-152],[82,21],[44,-102],[111,-52],[-13,-78]],[[60359,29062],[-92,-397],[-106,16],[-25,-71],[-106,34],[-62,-118],[151,-322],[82,-72],[109,8],[21,-148],[-63,-198],[149,-67],[-15,-374],[-129,-210],[-185,-89]],[[60088,27054],[127,-152],[2,-168],[163,-62],[-39,-292],[105,-179],[-52,-181],[148,-222]],[[56189,22600],[207,-513],[-55,-203],[79,-321],[-30,-305],[-193,-170],[63,-73],[-199,-16],[-189,-181],[-102,5],[-15,-164],[-81,-99],[86,-63],[-126,-64],[10,-125],[-175,-125],[-43,-126],[155,-65],[-27,-180],[-219,-280],[-63,-186],[-111,-49],[-22,-384],[-205,-83],[-172,-301],[13,-245],[-88,72],[25,-170],[-77,-130],[21,-163],[-54,-36],[41,-111],[-82,-44],[-29,-122],[176,-55],[-102,-177],[9,-357],[-91,88],[-307,-105],[-81,-110],[27,-121],[-143,-143],[-179,67],[20,160],[-115,-20],[-6,73],[84,61],[-35,30],[-193,-102],[-168,66],[-95,-114],[-170,-61],[-94,34],[-19,-68],[-106,42],[-24,-137],[-74,-1],[-81,-115],[32,-34],[-112,-251],[-125,-4],[9,-172],[93,-110],[-45,-37],[90,-76],[-161,-102],[-32,-101],[-86,73],[33,-179],[-83,-41],[41,-83],[-85,-33],[72,-233],[86,-72],[-58,-89],[200,-116],[-182,-386],[119,-179],[161,-2],[-154,-458],[121,-42],[42,-143],[-55,-65],[97,-111],[17,-148],[121,-33],[241,-250],[-42,-182],[76,-124],[-141,-309],[89,-13],[-13,-187],[189,-177],[174,-6],[75,-472],[-39,-65],[218,-143],[329,29],[98,-53],[35,-108],[161,-2],[223,123],[255,-4],[578,374]],[[55427,11719],[134,-418],[-144,-198],[-227,-758],[46,-122],[124,-88],[-61,-82],[121,-31],[89,-122],[-32,-522],[-83,-64],[8,-116],[-84,-98],[116,-46],[10,-106],[-395,-341],[-673,-351],[-44,-331],[230,-172],[91,-186],[125,-58],[628,177],[330,-38],[78,-105],[35,-344],[-137,-289],[336,-255],[46,-168],[222,-77],[-37,-117],[154,-93],[150,44],[300,-211],[240,55],[34,-110],[-126,-330],[248,-249],[56,-183],[-78,-130],[197,116],[221,-438],[108,-7],[-58,-496],[76,-121],[97,-10],[6,-116],[-186,-375],[121,-180],[133,-33],[0,-171],[191,-106],[-39,-176],[89,-134],[132,-129],[300,-111],[-45,-125],[89,-114],[-156,-100],[223,-51],[16,-96],[230,-119],[-30,-59],[75,-41],[-62,-306],[60,-57],[2,-244],[153,-36],[94,-110]],[[59294,1141],[-88,-337],[-110,-117],[51,-139]],[[59147,548],[-14252,1023]],[[86624,70405],[300,4],[136,152],[120,-129]],[[87180,70432],[119,-431],[-29,-292],[119,-288],[-96,-231],[-300,-264],[169,-105],[420,142],[129,-1076]],[[87711,67887],[0,-1]],[[87711,67886],[-1093,558],[-220,21],[-300,128],[117,458],[59,-5],[115,178],[-212,387],[-24,234],[181,287],[31,233]],[[75550,28681],[2703,2398]],[[78253,31079],[943,843]],[[79196,31922],[250,-145],[88,13],[23,-112],[406,119],[74,-95]],[[80037,31702],[-100,-190],[6,-181],[-163,-223],[-18,-213],[104,-72],[480,39],[171,-214],[243,-125]],[[80760,30523],[-17,-80],[86,-149],[169,-14],[106,-219],[81,1],[134,-201],[480,-93],[46,-145]],[[81845,29623],[-283,-196],[-69,-178],[185,-705],[-35,-138],[304,-282],[-35,-368],[-507,228],[-454,-16],[-269,-382],[-520,-379],[-147,-244]],[[80015,26963],[-964,802],[-361,-5],[-160,142],[-336,104],[-231,327],[-550,-39],[-30,-238],[180,-513],[-38,-182],[-425,348],[-414,82],[-15,206],[-73,90],[-526,319],[-139,221],[-383,54]],[[85268,72682],[-54,-124],[138,-96],[3,-159],[129,-35],[26,-128],[110,-33],[-107,-106],[17,-97],[-102,8],[44,-86],[-52,-159],[245,-226]],[[85521,71107],[-538,227],[-11,93],[-108,67],[-5,150],[68,35],[-74,59],[22,110],[-46,91],[-71,-40],[-26,53],[20,93],[66,21],[-108,45],[80,43],[-61,102],[132,66],[-67,10],[-4,67],[-108,-19],[33,113],[-66,25],[16,64],[61,77],[93,-42],[44,151],[82,-25],[74,67],[71,-36],[-9,-83],[187,-9]],[[92189,72538],[-29,-149],[-128,-150]],[[92032,72239],[-197,-196],[-63,-300],[-143,-47],[-412,35],[-277,-73],[-146,-116]],[[90794,71542],[-222,-45],[-39,111],[99,198],[-238,345],[-268,16],[-159,-122],[-130,30],[-31,98],[-90,29]],[[89716,72202],[30,112]],[[89746,72314],[217,908],[237,-23],[175,-188],[-20,378],[303,142],[-13,185]],[[90645,73716],[87,20],[-75,174],[328,-73],[105,-139],[-59,-265],[53,-119],[257,191],[50,-418],[-96,-159],[92,-155],[83,181],[86,6],[138,219],[-102,130],[130,39],[-42,97],[288,59],[139,-246],[-29,-67],[-87,8],[-80,-331],[132,4],[37,-249],[85,76],[24,-161]],[[77160,36547],[349,-52],[659,-414],[842,-63]],[[79010,36018],[45,-146],[97,-52],[673,-88],[167,-202],[252,-100],[305,47],[408,-102],[939,282],[292,-330],[149,-491]],[[82337,34836],[-190,-144],[-24,-85],[-58,27],[-194,-296],[-210,-45],[-32,-79],[-154,-33],[-179,-181]],[[81296,34000],[-751,334],[-168,175],[-272,-57],[-295,57],[-278,191],[-226,56],[-87,110],[-550,159],[-420,-59],[-716,-581]],[[77533,34385],[29,267],[-221,171],[-117,15],[-242,291],[46,33],[-16,337],[47,30],[-84,173],[63,141],[-197,151],[-44,165],[214,140],[149,248]],[[89424,66919],[436,258],[90,-298],[65,-33],[268,229],[175,-82],[-82,-215],[-353,-185],[134,-226]],[[90157,66367],[53,-266],[-81,-68]],[[90129,66033],[-76,109],[-260,-293],[-148,-14],[20,59],[-101,14],[7,-85],[-102,-23],[-77,49],[-39,-40],[19,75],[-73,-31],[-25,86],[-69,-87],[-26,75],[-10,-86],[-88,29],[-27,-122],[-38,82],[-102,-65],[-20,116],[-95,48],[-70,-92],[-68,73],[-45,-52],[-121,40],[57,79],[-179,118],[-99,-46],[72,-106],[-79,-24],[-72,73],[-68,-88],[-118,137],[-128,-8],[-68,-136],[40,-72]],[[87853,65825],[-145,3],[-16,-95],[-142,-47],[-45,82],[-104,-107],[-11,97],[-124,20],[-191,-83],[-37,-80],[-126,27],[-26,-108],[-204,-38],[-92,152],[-257,177],[-331,21]],[[86002,65846],[-111,268],[-175,175],[-178,55],[-208,-92]],[[85330,66252],[-43,68],[1477,942]],[[86764,67262],[94,-227],[112,53],[29,-84],[151,69],[46,-130],[292,179],[-1,164],[72,19],[-34,105],[72,25]],[[87597,67435],[1827,-516]],[[69503,68481],[-67,22],[-35,946],[-87,45],[230,309],[311,166],[-16,156]],[[69839,70125],[167,101],[197,-137],[92,-544],[259,-249],[167,-281],[362,-225],[474,239],[122,-69],[107,-174],[585,-64],[186,184],[160,318],[281,160]],[[72998,69384],[-495,-1157],[-218,-13],[-41,-99],[70,-109],[93,4],[15,-71],[438,-92],[132,-179],[202,1],[40,-155],[-183,-277],[-27,-145],[22,-170],[185,-43],[-61,-157],[25,-727],[409,-347],[257,-521]],[[73861,65127],[-762,-325],[-203,-166],[-361,4],[-169,154]],[[72366,64794],[118,115],[0,323],[139,168],[-237,58],[-53,-68],[-30,95],[-212,-10],[-309,258],[-217,334],[-78,522],[104,263],[4,502],[-156,607],[-353,31],[-374,349],[-227,-183],[-982,323]],[[71390,25047],[25,22]],[[71415,25069],[717,623]],[[58028,37614],[-4700,-10]],[[53328,37604],[-215,186],[45,253],[124,188],[-25,192],[151,319],[-99,-5],[-85,178],[44,144],[-99,301],[12,181],[-98,-9],[-260,146],[244,670],[-61,136],[57,267],[-90,108],[89,111],[74,301],[-45,109],[227,206],[16,146],[340,108],[295,324],[79,16],[238,518],[370,440],[43,234],[333,-20],[464,-315],[244,146],[308,73],[78,133],[140,29],[91,140],[63,-26],[52,66],[-84,94],[-59,-41],[-48,215],[-126,37],[-38,-87],[-63,37],[-28,350],[-280,-68],[-127,115],[-128,-39],[5,-116],[-103,-40],[-117,87],[-66,201],[53,95],[-39,93],[-113,-79],[-86,94],[55,106],[-22,165],[96,152],[-158,141],[-114,29],[-41,-119],[-145,-82],[-110,-319],[-242,90],[37,99],[-118,250],[18,74],[-110,107],[-150,-41],[-106,97],[-67,-38],[7,96],[-159,13],[-67,257],[-175,-31],[-29,127],[-143,120],[-16,269],[-137,204],[-53,-50],[-84,69],[-220,-23],[-77,-192],[-94,-15],[-238,302],[-794,177],[-160,118],[-243,48],[-60,102],[-145,64],[457,121],[135,170],[-64,373],[66,47],[7,148],[-163,284],[76,97],[-83,146],[-7,612],[60,91],[218,79],[56,130],[152,59],[111,-28],[434,1092],[447,34],[188,212],[142,-8],[237,288],[455,-10],[167,181]],[[55268,50810],[687,-3],[16,-255],[115,20],[292,-300],[289,-65],[74,144],[192,-165],[95,-553],[181,-92],[59,-177],[-306,-612],[-125,4],[23,-124],[259,-179],[366,231],[94,-166],[-35,-146],[-108,-105],[43,-163],[-62,-187],[199,33],[309,-185],[425,-71],[-55,-82],[52,-92],[-22,-182],[-68,-19],[-36,-142],[81,-133],[151,-1],[36,-98],[-56,-150],[93,-203],[-262,-423],[137,-166],[36,-349],[83,-50],[106,-307],[-23,-239],[117,-188],[-143,-19],[131,-333],[133,-137],[-98,-236],[65,-170],[112,-83],[-40,-124],[133,-211],[-212,-182],[-131,29],[-126,-144],[-13,-67],[106,-68],[193,89],[67,-118],[-206,-192],[32,-279],[-98,-26],[-34,85],[-79,4],[-53,-228],[367,-452],[-49,-237],[271,-261],[39,-415],[-86,-164],[-107,-30],[-104,-419],[-359,-533],[-89,-320],[-103,-116],[-166,-63],[-61,-209],[-98,-89],[-28,-139],[61,-54],[9,-146],[143,-127],[68,-370],[125,-89],[9,-148],[65,-17],[-66,-252],[-272,-196]],[[54860,58443],[-17,-310],[247,-760],[211,-336],[386,-943]],[[55687,56094],[126,-89],[298,-19],[131,-537],[192,-252],[158,-101],[38,-249],[137,-125],[-87,-52],[-97,103],[-95,-45],[-258,42],[-311,-401],[-66,-140],[46,-37],[-236,-200]],[[53384,56519],[-116,139],[-39,190],[69,523],[409,446],[106,440],[245,430],[293,232],[373,-387],[-3,-63],[139,-26]],[[81519,72431],[26,23],[18,-2],[-8,-20],[-36,-1]],[[77398,73686],[-347,1653]],[[77051,75339],[614,1137],[52,184],[-48,191],[73,218]],[[77742,77069],[840,119],[517,-282],[247,-15],[611,162],[1001,-88],[150,85],[355,53],[338,-211],[157,-288],[-11,-304],[-79,-218],[-411,-477],[-80,-174],[-175,-744],[-30,-623],[55,-78],[-125,-907],[-40,-115],[-112,-75]],[[80950,72889],[-229,231],[-10,107],[-133,23],[-263,467],[-84,-274],[-238,207],[-43,-160],[-123,154],[-212,-99],[-141,101],[-86,-9],[-19,-80],[-588,83],[-78,-82],[-230,141],[-1075,-13]],[[78965,77428],[-76,56],[123,112],[63,-53],[-110,-115]],[[79160,77527],[-6,11],[20,27],[21,-36],[-35,-2]],[[78440,58050],[99,300],[-52,310],[107,200],[113,77],[4,115],[301,367],[226,33],[229,232],[81,-262],[-109,-131],[-4,-133],[306,-15],[279,104],[221,-233],[269,-43],[524,-580]],[[80760,53286],[-166,-13],[-302,-226],[-398,-61],[-202,-168],[-175,-314],[-522,-404],[-331,-127],[-156,-166],[-356,-81],[-228,117],[-245,-252]],[[77679,51591],[-72,10],[-68,218],[-54,702],[-126,595],[402,470],[26,110],[-72,140],[16,152],[-150,6],[-66,170],[-339,183],[-50,346],[39,342],[-102,236],[-142,22],[-91,146],[76,116],[-94,22],[33,390],[411,234],[42,140],[-93,41],[-34,110],[319,276],[98,268],[342,354],[244,133],[69,182],[162,67],[65,149],[-30,129]],[[85337,70580],[184,527]],[[85521,71107],[150,-17],[48,162],[-54,189]],[[85665,71441],[297,-36],[21,-133],[150,27],[204,218]],[[86337,71517],[41,-264],[318,-142],[-72,-706]],[[86624,70405],[-259,-40]],[[86365,70365],[-469,43],[-168,124],[-391,48]],[[17995,61458],[38,92],[-122,76],[-184,-100],[-83,64],[-21,226],[110,488],[-207,265],[31,209],[-137,87],[77,120],[183,52],[116,172],[113,57],[35,281],[-99,120],[51,195],[-134,139],[-172,8],[-171,105],[-44,199],[-131,132],[65,369],[-416,247],[13,177],[-56,13],[64,198],[-189,99],[-3,116]],[[16722,65664],[368,169],[220,-152],[266,29],[279,-191],[390,-86],[-29,-144],[86,-247],[-98,-145],[62,-145],[171,-103],[114,-199],[211,34],[146,-108],[-23,-119],[65,-161],[210,79],[212,-63],[261,-165],[239,-358],[139,-59],[86,91],[376,-66],[256,122],[64,-79],[-19,-74],[140,-48],[76,-170],[192,-141],[190,72],[15,159],[124,92],[96,-56],[256,-385]],[[21863,63047],[-48,-172]],[[21815,62875],[-26,-218],[-686,-127],[-163,-138],[-161,30],[-217,-257],[-322,-100],[-222,-361],[-196,-24],[-186,80],[-303,-298],[-236,177],[-263,-132],[-231,214],[-152,36],[-331,-285],[-125,-14]],[[85267,58727],[102,167],[76,-21],[-21,-355],[-369,-438],[-384,-215],[-137,-153],[86,-444],[-318,-659],[-151,-1023],[-260,-308],[-328,-3],[-177,-71],[-426,-937],[-64,-381],[-82,4],[-147,214],[-134,-46],[-130,-361],[84,-161],[-183,-265],[-231,-8],[-289,-151],[-84,157],[-300,-320],[-352,62],[-288,275]],[[80760,53286],[103,446],[183,364],[-270,323],[100,142],[-298,522],[-30,179],[193,242],[30,265],[153,258],[251,71],[7,74],[-167,228],[105,331],[163,209],[74,350],[-161,324],[87,438],[-223,79],[-26,260]],[[81034,58391],[-16,137],[-120,150],[122,119],[-12,418],[75,307],[250,249],[40,336],[-45,175],[125,224],[219,42],[238,188],[86,255],[280,426],[239,64],[151,-144],[-5,-238],[153,25],[176,244],[211,140],[153,-52],[134,122],[129,280],[142,-39],[75,86],[110,-8],[161,202],[236,103],[134,-6]],[[84475,62196],[521,-48],[-13,-50]],[[84983,62098],[76,-142],[-32,-209],[-98,-123],[159,-90],[-42,-144],[121,-188],[-17,-107]],[[85150,61095],[-234,-41],[66,-260],[-119,-45],[-66,-207],[-119,-20],[28,-156],[-167,-100],[-62,-122],[-9,-184],[136,-243],[120,-91],[-215,-185],[147,-125],[-144,-402],[223,-16],[124,-199],[179,117],[229,-89]],[[94275,71930],[-152,-167],[77,-287],[-232,-61],[-78,-196],[45,-312],[-103,-549],[-86,-75],[53,-112],[-796,-1342],[-191,341],[-331,73],[196,-398],[29,-427]],[[92706,68418],[-77,-151],[-104,-31],[-171,190],[-123,-13],[-176,103],[-216,-44],[-199,-90],[-136,-230],[-11,-189]],[[91493,67963],[-269,-230]],[[91224,67733],[1,36]],[[91225,67769],[992,1508],[-34,150],[83,207],[307,147],[276,266],[25,101],[-78,185],[168,84],[-5,127],[-147,240],[-142,14]],[[92670,70798],[81,131],[-99,303],[100,74],[-119,266],[35,135],[148,-13],[76,220],[135,113],[106,-7]],[[93133,72020],[43,-85],[143,111],[46,280],[227,108],[0,324],[162,60],[-68,79],[163,85],[117,-65],[90,-337],[-120,-14],[118,-111],[-153,-117],[82,-54],[19,-134],[203,136],[-35,-280],[24,-76],[81,0]],[[26588,40937],[-109,-25],[49,-198],[-173,-56],[24,-40],[-137,-73],[-15,-100],[223,-66],[59,-84],[127,-31],[-3,-64],[98,-11],[5,-71],[163,-55],[73,-408],[-71,-61],[30,-126],[245,-222],[284,-432],[-35,-83],[93,-26],[-17,-166],[110,-95],[-271,-215],[-51,-209],[47,-129],[-124,52],[-168,-118],[-1,-140],[-136,-121],[-101,58],[36,-231],[-391,-24],[-322,-173],[-175,97],[-228,-46],[-19,-67],[171,-221],[-310,2],[-79,-164],[163,-204],[26,-142],[399,84],[350,-102],[189,-390],[-80,-200],[633,-480],[171,39],[-44,118],[-69,12],[81,173],[347,31],[38,-184],[111,-73],[-7,-109],[109,-9],[-54,-156],[148,-73],[-56,-96],[157,-91],[-13,-100],[120,-38],[-39,-121]],[[28169,34684],[-2336,46],[-505,-307],[24,-42],[-145,-119],[-343,-114],[-67,72],[-11,261],[-135,125],[-15,196],[-261,178],[-63,-62],[-101,26],[-123,188],[-100,49],[-45,-61],[-47,106],[-111,51],[10,136],[-65,-22],[-26,66],[111,159],[-173,-42],[-94,56],[-190,-86],[-124,159],[-73,-4],[-63,169],[-188,43],[-214,-117],[-28,-122],[92,-17],[125,-148],[85,-1],[-14,-74],[167,-150],[-118,-275],[26,-221],[94,-42],[-125,-198],[44,-427],[-182,-103],[30,-63],[-221,4],[61,-80],[-340,3],[24,-158],[149,-220],[-82,-15],[-7,-75],[-243,-36],[-167,69],[47,146],[-238,101],[-85,112],[-172,49],[-6,-139],[-67,-53],[-488,231],[-102,-58],[-38,67],[-98,-79],[-321,115],[-186,-28],[-80,53],[-145,-56],[-5,92],[-243,-18],[-150,142],[-114,-172],[-148,22],[-81,-337],[-158,54],[-131,-36],[-36,108],[-143,32],[-14,161],[-100,37],[24,150],[-286,-46],[-29,101],[-100,37],[-9,213],[-128,-62],[-313,65],[-9,329],[-104,37],[39,111],[-68,165],[25,266],[-157,-25],[24,107],[-68,187],[248,21],[30,94],[-122,1],[9,234],[-83,-7],[2,97],[-200,-15],[-26,408],[-90,77],[195,292],[172,64],[-5,153],[156,92],[303,45],[173,473],[234,-6],[45,130],[167,96],[47,246],[238,366],[-81,143],[32,148],[-318,261],[-54,410],[109,112],[122,-27],[131,69],[-48,64],[64,76],[-59,303],[104,160],[13,491],[294,372],[96,293],[838,618],[66,285],[118,24],[310,-196],[51,-95],[176,56],[73,-80],[68,25],[63,-260],[-33,-197],[96,-108],[-188,-316],[201,-274],[-177,-299],[98,-118],[35,-247],[199,-34],[76,-75],[156,144],[193,51],[146,-83],[45,-142],[100,-14],[104,132],[-69,188],[121,198],[-188,140],[-165,326],[91,154],[-8,126],[-66,45],[-23,167],[-66,25],[-99,332],[32,97],[154,5],[348,177],[-5,98],[115,21],[-42,133],[127,32],[18,-118],[62,9],[139,237],[138,-27],[414,-342],[99,43],[35,-162],[62,12],[32,-75],[282,-121],[205,7],[113,-96],[377,-40],[50,-92],[151,-46],[95,-198],[703,-156],[333,22],[114,-77],[266,53],[123,-184],[203,-135]],[[56189,22600],[-319,428],[-155,91],[99,179],[326,44],[41,135],[-45,102],[-260,-49],[-9,54],[241,250],[1,136],[-246,98],[17,205],[-58,122],[214,20],[137,-82],[157,-2],[324,281],[100,-20],[82,168],[106,42],[-62,180],[76,14],[24,317],[93,-61],[501,365],[211,-61],[15,88],[275,41],[103,104],[213,57],[615,340],[216,-13],[144,-206],[233,-136],[536,34],[108,-18],[68,-90],[231,41]],[[60542,25798],[-67,-117],[160,15],[11,-81],[223,-109],[62,-153],[-122,-208],[38,-93],[-135,-156],[6,-1139],[-525,-298],[-285,-371],[-40,41],[-448,-112],[-65,-148],[-213,-123],[-222,-319],[-162,-64],[-243,17],[-111,124],[-171,13],[-199,206],[-93,-47],[-16,65],[-117,37],[-104,-100],[-114,74],[-286,7],[-204,-146],[-127,141],[-252,-63],[-417,116],[-86,-112],[65,-73],[-94,-22]],[[72373,46252],[-1554,13],[-26,276],[-209,629],[-479,-513],[-178,-84],[58,-146],[-138,-166],[-426,150],[-457,-177],[-500,-23]],[[68464,46211],[89,73],[-12,68],[-146,67],[79,165],[-183,33],[57,317],[227,214],[181,4],[119,310],[296,136],[95,165],[-55,201],[234,91],[119,189],[-44,217],[117,78],[-213,296],[-11,171],[-88,126],[64,174],[168,68],[21,181]],[[69578,49555],[89,-101],[348,106],[266,-43],[134,176],[110,-18],[63,85],[222,75],[198,-13],[307,279],[135,-58],[145,61],[122,-30],[146,105],[125,428],[153,39],[11,-50],[127,139],[97,-64],[69,70]],[[72445,50741],[14,-99],[-471,-1159],[-40,-330],[24,-352],[148,-379],[-16,-262],[206,-306],[40,-1081],[-55,-348],[78,-173]],[[84641,48262],[-2,132],[266,145],[35,140],[261,234],[23,85],[283,-68],[252,32],[219,262],[181,42],[131,124],[351,-46],[260,-117],[469,501],[50,235],[104,74],[47,162],[909,168],[296,185],[64,-62],[94,15],[721,398],[105,116],[178,44],[117,181],[545,-51],[104,43],[271,-37],[90,57],[115,-510],[-274,-113],[426,-462],[156,-344],[158,87],[80,-65],[53,46],[4,-68],[155,31],[237,250],[60,199],[153,23]],[[92388,50330],[-10,-75],[95,-58],[-110,-79],[110,-68],[-166,-164],[-29,-126],[59,16],[36,-86],[-120,-21],[-12,-63],[81,-11],[-17,-102],[92,6],[-136,-137],[64,-172],[-14,-99],[-100,-88],[57,-144],[-91,-93],[74,-114],[-69,-34],[42,-53],[-31,-116],[-98,-41],[25,-111],[-50,-73],[-60,16],[57,-152],[-45,-102],[-130,-38],[-37,-157],[-202,18],[1,-167],[-51,-38],[0,35],[-76,24],[2,-141],[-192,-75],[30,-157],[-113,-34],[41,-106],[-112,-64],[20,-119],[-55,-14],[-34,95],[-22,-118],[-120,1],[-21,-105],[-127,21],[-45,-109],[-172,-100],[-5,-70],[-77,23],[-216,-226],[-112,88],[-108,-223],[14,-127],[-122,-138]],[[89981,45965],[-296,-17],[-9,-74],[-85,7],[-157,-170],[-363,-123],[-324,139],[-496,365],[-859,194],[-202,287],[-124,29],[-267,-74],[-215,-174],[-540,108],[-263,242],[-74,-22],[-27,259],[-512,412],[-15,130],[-83,3],[7,95],[-60,3],[27,148],[-129,340],[-137,155],[-137,35]],[[44714,49523],[-175,-70]],[[44539,49453],[-26,-117],[-179,-58],[-146,-221],[-168,-100],[-21,-181],[93,-254],[-90,-117],[-48,23],[-108,-167],[-223,-65],[-91,87],[-151,-13],[26,-192],[-82,-219],[-196,-34],[-126,-121],[-250,-76],[-176,-208],[110,-166],[-97,-199],[-272,-46],[-135,49],[-45,95],[-77,-60],[-172,22],[-71,-151],[61,-166],[-105,-207],[152,63],[149,-75],[-71,-52],[-15,-136],[-491,-198],[59,-104],[-113,-94],[-17,-140],[-186,185],[-108,-99],[-164,-14],[-22,140],[-75,19],[-233,-114],[-122,-15],[-97,70],[-192,-125],[-199,-16],[-136,-128],[-94,34],[-167,-68],[-116,96],[-175,-228],[-67,-350],[-145,-20],[-47,98],[-204,48],[-290,-285],[-119,56],[-83,-75],[-140,46],[-83,-56],[81,-164],[-288,-193],[-208,156],[63,137],[-29,102],[-153,-12],[-123,-167],[-144,64]],[[37362,44977],[-84,158],[92,43],[9,94],[124,130],[-94,134],[114,172],[-90,276],[319,242],[-360,167],[-72,122],[-214,40],[-33,118],[-119,67],[79,40],[56,152],[133,24],[61,89],[-83,378],[59,87],[-35,92],[78,74],[-77,170],[59,389],[-44,109],[-249,-202],[-104,-4],[-64,108],[149,271],[-19,104],[-183,73],[-244,323],[-272,150],[-94,132],[-75,241],[81,9],[95,144],[94,-25],[84,83],[-204,201],[-89,329],[-133,50],[108,430],[-28,162],[-118,140],[143,108],[14,83],[-152,121],[-162,17],[96,236]],[[35914,51628],[-24,194],[259,184],[-65,361],[39,296],[79,55]],[[36202,52718],[238,214],[125,289],[800,323],[-25,250],[257,144],[75,219],[88,66],[23,642],[-333,303],[-107,323],[-4,274]],[[37339,55765],[1930,-8]],[[39269,55757],[192,-235],[-70,-62],[84,-311],[-45,-37],[112,-107],[94,-243],[107,-71],[39,53],[88,-49],[363,25],[29,-78],[101,87],[55,-27],[-23,-90],[207,20],[24,-152],[128,40],[23,-154],[103,41],[23,-195],[74,-61],[-66,-29],[74,-57],[-41,-124],[181,-113],[-39,-151],[192,-71],[88,-151],[223,-117],[0,-170],[115,-20],[33,-104],[102,-30],[114,-369],[107,-82],[-61,-188],[67,-438],[-39,-252],[139,-86],[-87,-53],[53,-41],[-32,-116],[-89,-49],[206,-223],[-18,-181],[-151,-218],[54,-153],[139,-55],[36,74],[265,-91],[13,61],[202,78],[159,148],[169,-51],[105,16],[39,89],[16,-70],[59,-3],[0,57],[48,-61],[98,68],[56,-26],[42,75],[92,-58],[53,70],[110,-65],[74,56],[155,-257],[25,-252],[117,-88],[8,-237],[291,-328],[245,-114],[-4,-78]],[[83228,70837],[143,52],[24,71],[-104,76],[84,82],[15,189],[135,-14],[69,312],[119,65],[-62,206],[95,280],[-189,207]],[[83557,72363],[80,294],[153,205]],[[83790,72862],[159,-122],[87,101],[165,-88],[216,-235],[-85,-2148],[1005,210]],[[85337,70580],[-248,-188],[-131,-326],[-232,-247]],[[84726,69819],[-701,949],[-128,-141],[-132,-9],[-537,219]],[[98022,64946],[-590,162],[-240,181],[-229,-16],[-158,173],[-312,137],[-197,425],[-98,-98],[34,-97],[-147,-169],[37,-174],[-129,43],[1,-103],[137,-75],[-234,-145],[-110,39],[99,-187],[-40,-179],[-171,58],[-148,-218],[226,-866],[-22,-294],[222,-277],[-2,-404],[-109,-634],[43,-613],[-34,-153],[-171,-123],[79,-255]],[[95759,61084],[-10,-113],[-1851,2706]],[[93898,63677],[90,279],[-2,235],[-110,962],[422,-5],[-71,417],[96,322],[-115,594],[-107,19]],[[94101,66500],[-45,35],[2148,1667]],[[96204,68202],[1274,988],[9,214],[99,213],[79,42],[119,319],[-7,331],[106,202],[-34,208]],[[97849,70719],[125,-25],[251,183],[-1,151],[173,160],[-33,231],[60,178],[464,217],[185,-219],[34,-266],[-39,-57],[-77,29],[-244,-285],[135,-593],[-270,-343],[160,12],[221,189],[36,424],[101,192],[97,-47],[80,-308],[-36,-152],[-108,-64],[-12,-129],[136,-16],[103,260],[135,128],[100,-11],[153,176],[156,-137],[-183,-182],[100,-5],[148,-317],[-200,-279],[-86,-495],[-272,-114],[-126,-126],[71,-174],[-167,-274],[111,-221],[142,-24],[1,-175],[196,-24],[-95,-240],[-111,-77],[-90,-283],[-96,-84],[108,-82],[3,-89],[-284,-249],[251,-344],[81,-488],[-166,-120],[63,-134],[-135,-129],[58,-431],[-135,-162],[-229,-39],[-95,-192],[-248,67],[-143,-96],[-227,51],[-157,-120]],[[97894,71003],[29,105],[-88,129],[180,179],[74,-69],[-59,-162],[66,-276],[-56,-76],[-146,170]],[[99276,71358],[16,133],[107,-3],[-88,-228],[-46,11],[11,87]],[[54052,51030],[-10,255],[95,125],[-31,127],[-368,419],[-470,761],[-183,75],[-262,298],[56,202],[-86,-24],[-80,175],[-290,209],[34,268],[-188,235],[-258,171],[-92,574],[-206,39],[-166,-88],[-144,-266],[-361,-168],[-116,-168]],[[50926,54249],[-80,155],[33,148],[128,252],[245,273],[-48,529],[340,291],[28,319]],[[51572,56216],[208,154],[563,-16],[566,149],[475,16]],[[53384,56519],[339,-551],[434,-154],[118,-212],[166,-135],[272,-536],[180,-190],[-64,-151],[40,-90],[173,-97],[59,-269],[324,-217],[238,75]],[[55663,53992],[192,-7],[64,-138],[367,-42],[-40,-142],[-79,-17],[-2,-32],[15,-23],[15,-8],[579,52],[-175,-804],[-305,-35],[-188,121],[-67,-170],[-97,-53],[52,-94],[-94,-83],[36,-78],[-111,-47],[-48,-120],[-233,-77],[227,-160],[-19,-174],[-95,-154],[2,-230],[261,-245],[45,-123],[-85,-79],[10,-75],[-564,23],[-102,-51],[44,-117]],[[55268,50810],[-180,-236],[-105,3],[-160,-157],[-106,13],[-336,163],[43,193],[-194,109],[-114,164],[-64,-32]],[[72132,25692],[1765,1537]],[[73897,27229],[2233,-3020],[145,-25],[177,-146]],[[76452,24038],[-248,-214],[-442,-184],[-293,-261],[-62,-289],[187,-635]],[[75594,22455],[-9217,-1700]],[[66377,20755],[5013,4292]],[[71390,25047],[-11,-2397],[132,3],[252,-120],[112,118],[73,-30],[116,87],[228,24],[73,141],[52,-119],[285,-48],[534,160],[257,-59],[349,35],[-51,385],[-155,139],[21,211],[104,188],[23,198],[241,213],[62,140],[137,-75],[96,29],[127,-116],[23,793],[-396,68],[-224,168],[16,157],[-136,-237],[-331,83],[-113,-101],[-89,28],[-217,-112],[-216,-24],[-53,70],[-13,313],[-180,176],[-386,156]]]}