{"type":"Topology","objects":{"data":{"geometries":[{"properties":{"cd_mun_ibge":"4100103"},"type":"MultiPolygon","arcs":[[[-82,-778,-10,-834,-263,-705]]],"id":0},{"properties":{"cd_mun_ibge":"4100202"},"type":"MultiPolygon","arcs":[[[-64,0,-17,-1093]]],"id":1},{"properties":{"cd_mun_ibge":"4100301"},"type":"MultiPolygon","arcs":[[[-667,-322,-1064,1,-554]]],"id":2},{"properties":{"cd_mun_ibge":"4100400"},"type":"MultiPolygon","arcs":[[[-96,-41,-209,-734,-72]]],"id":3},{"properties":{"cd_mun_ibge":"4100459"},"type":"MultiPolygon","arcs":[[[-151,-32,-425,-275,-98]]],"id":4},{"properties":{"cd_mun_ibge":"4100509"},"type":"MultiPolygon","arcs":[[[-185,-1052,-140,2,-902,-547]]],"id":5},{"properties":{"cd_mun_ibge":"4100608"},"type":"MultiPolygon","arcs":[[[-876,-89,-428,-1007,-522]]],"id":6},{"properties":{"cd_mun_ibge":"4100707"},"type":"MultiPolygon","arcs":[[[-23,-544,-354,-123,-8,-22]]],"id":7},{"properties":{"cd_mun_ibge":"4100806"},"type":"MultiPolygon","arcs":[[[-118,-599,3,-629,-16]]],"id":8},{"properties":{"cd_mun_ibge":"4100905"},"type":"MultiPolygon","arcs":[[[-141,-519,-392,-144,-70,-584]]],"id":9},{"properties":{"cd_mun_ibge":"4101002"},"type":"MultiPolygon","arcs":[[[-847,-620,-15,-550,-589,-684,-810,-431,-126,-323,-562]]],"id":10},{"properties":{"cd_mun_ibge":"4101051"},"type":"MultiPolygon","arcs":[[[-1116,-175,-78]]],"id":11},{"properties":{"cd_mun_ibge":"4101101"},"type":"MultiPolygon","arcs":[[[-201,4,-26,-14,-11]]],"id":12},{"properties":{"cd_mun_ibge":"4101150"},"type":"MultiPolygon","arcs":[[[-120,-786,-172,-362,-314]]],"id":13},{"properties":{"cd_mun_ibge":"4101200"},"type":"MultiPolygon","arcs":[[[-36,-157,-508,-406]]],"id":14},{"properties":{"cd_mun_ibge":"4101309"},"type":"MultiPolygon","arcs":[[[5,-929,-889,-271]]],"id":15},{"properties":{"cd_mun_ibge":"4101408"},"type":"MultiPolygon","arcs":[[[-290,-345,-25,-348,-717,-461,-31,-318,-760,-7]]],"id":16},{"properties":{"cd_mun_ibge":"4101507"},"type":"MultiPolygon","arcs":[[[-759,-742,-29,-291,6]]],"id":17},{"properties":{"cd_mun_ibge":"4101606"},"type":"MultiPolygon","arcs":[[[-234,-570,-1155,-163,-560,-1079,-1151,-904]]],"id":18},{"properties":{"cd_mun_ibge":"4101655"},"type":"MultiPolygon","arcs":[[[-332,-457,-244,-219]]],"id":19},{"properties":{"cd_mun_ibge":"4101705"},"type":"MultiPolygon","arcs":[[[-44,-104,-1098,-69,-266,-1041,-536]]],"id":20},{"properties":{"cd_mun_ibge":"4101804"},"type":"MultiPolygon","arcs":[[[-9,-39,-93,-108,-320,-665,-76]]],"id":21},{"properties":{"cd_mun_ibge":"4101853"},"type":"MultiPolygon","arcs":[[[-218,-726,-46,-334]]],"id":22},{"properties":{"cd_mun_ibge":"4101903"},"type":"MultiPolygon","arcs":[[[-414,-957,-780,-865,-294,-170,-251,-1145]]],"id":23},{"properties":{"cd_mun_ibge":"4102000"},"type":"MultiPolygon","arcs":[[[7,-122,-253,-417,-1106,-1069,-366,-496,-188,-21]]],"id":24},{"properties":{"cd_mun_ibge":"4102109"},"type":"MultiPolygon","arcs":[[[-581,-762,-317,-343,-356,-173,-408,-231]]],"id":25},{"properties":{"cd_mun_ibge":"4102208"},"type":"MultiPolygon","arcs":[[[-1137,-287,-121,-312,-623,-426]]],"id":26},{"properties":{"cd_mun_ibge":"4102307"},"type":"MultiPolygon","arcs":[[[8,-75,-272,-603,-486,-40]]],"id":27},{"properties":{"cd_mun_ibge":"4102406"},"type":"MultiPolygon","arcs":[[[9,-777,-81,-819,-199,10,-13,-835]]],"id":28},{"properties":{"cd_mun_ibge":"4102505"},"type":"MultiPolygon","arcs":[[[-133,-193,-295,-43,-87,-539,-110,-880]]],"id":29},{"properties":{"cd_mun_ibge":"4102604"},"type":"MultiPolygon","arcs":[[[-20,-112,11]]],"id":30},{"properties":{"cd_mun_ibge":"4102703"},"type":"MultiPolygon","arcs":[[[12,13,-28,-227,-836]]],"id":31},{"properties":{"cd_mun_ibge":"4102752"},"type":"MultiPolygon","arcs":[[[-551,14,-619]]],"id":32},{"properties":{"cd_mun_ibge":"4102802"},"type":"MultiPolygon","arcs":[[[-628,-989,-30,-614,-119,15]]],"id":33},{"properties":{"cd_mun_ibge":"4102901"},"type":"MultiPolygon","arcs":[[[-480,-84,-565,-90,-1134,-613,-131]]],"id":34},{"properties":{"cd_mun_ibge":"4103008"},"type":"MultiPolygon","arcs":[[[-264,-677,-237,-103,-308]]],"id":35},{"properties":{"cd_mun_ibge":"4103024"},"type":"MultiPolygon","arcs":[[[-99,-772,-454,-1087,-88]]],"id":36},{"properties":{"cd_mun_ibge":"4103040"},"type":"MultiPolygon","arcs":[[[-816,-580,-45,-1110]]],"id":37},{"properties":{"cd_mun_ibge":"4103057"},"type":"MultiPolygon","arcs":[[[-1089,-456,-50,-812,-55]]],"id":38},{"properties":{"cd_mun_ibge":"4103107"},"type":"MultiPolygon","arcs":[[[-73,-732,-65,-1094,16,17,-34]]],"id":39},{"properties":{"cd_mun_ibge":"4103156"},"type":"MultiPolygon","arcs":[[[18,-850,-765,-113,19]]],"id":40},{"properties":{"cd_mun_ibge":"4103206"},"type":"MultiPolygon","arcs":[[[-374,-944,-202,-340,-316,-235]]],"id":41},{"properties":{"cd_mun_ibge":"4103222"},"type":"MultiPolygon","arcs":[[[-128,-208,-526,-1187,-690]]],"id":42},{"properties":{"cd_mun_ibge":"4103305"},"type":"MultiPolygon","arcs":[[[-715,-107,-91,-280,-299,-883,-268,-462]]],"id":43},{"properties":{"cd_mun_ibge":"4103354"},"type":"MultiPolygon","arcs":[[[-53,-79,-176,-1114,-33,-37]]],"id":44},{"properties":{"cd_mun_ibge":"4103370"},"type":"MultiPolygon","arcs":[[[20,-187,-24,21]]],"id":45},{"properties":{"cd_mun_ibge":"4103404"},"type":"MultiPolygon","arcs":[[[-60,-146,-411,-854,-304]]],"id":46},{"properties":{"cd_mun_ibge":"4103453"},"type":"MultiPolygon","arcs":[[[-52,-1103,-416,-77]]],"id":47},{"properties":{"cd_mun_ibge":"4103479"},"type":"MultiPolygon","arcs":[[[22,23,-186,-545,-1189,-1122,-542]]],"id":48},{"properties":{"cd_mun_ibge":"4103503"},"type":"MultiPolygon","arcs":[[[-349,24]]],"id":49},{"properties":{"cd_mun_ibge":"4103602"},"type":"MultiPolygon","arcs":[[[25,26,-228,27]]],"id":50},{"properties":{"cd_mun_ibge":"4103701"},"type":"MultiPolygon","arcs":[[[28,-741,-230,-615,29,-988,-292]]],"id":51},{"properties":{"cd_mun_ibge":"4103800"},"type":"MultiPolygon","arcs":[[[-376,-236,-319,30,-465]]],"id":52},{"properties":{"cd_mun_ibge":"4103909"},"type":"MultiPolygon","arcs":[[[31,-150,-38,32,-1113,-265,-306,-422]]],"id":53},{"properties":{"cd_mun_ibge":"4103958"},"type":"MultiPolygon","arcs":[[[-156,-135,-817,-1108]]],"id":54},{"properties":{"cd_mun_ibge":"4104006"},"type":"MultiPolygon","arcs":[[[-74,33,34,-158,35,-405,-645]]],"id":55},{"properties":{"cd_mun_ibge":"4104055"},"type":"MultiPolygon","arcs":[[[-59,-54,36,37,-149,-167]]],"id":56},{"properties":{"cd_mun_ibge":"4104105"},"type":"MultiPolygon","arcs":[[[-269,-662,-553,-736]]],"id":57},{"properties":{"cd_mun_ibge":"4104204"},"type":"MultiPolygon","arcs":[[[38,39,-485,-594,-56,-211,-42,-94]]],"id":58},{"properties":{"cd_mun_ibge":"4104253"},"type":"MultiPolygon","arcs":[[[-210,40,-95,41]]],"id":59},{"properties":{"cd_mun_ibge":"4104303"},"type":"MultiPolygon","arcs":[[[-86,42,-297,-310,-105,43,-541]]],"id":60},{"properties":{"cd_mun_ibge":"4104402"},"type":"MultiPolygon","arcs":[[[44,-579,-335,45,-725,-757,-692,-214,-631,-1111]]],"id":61},{"properties":{"cd_mun_ibge":"4104428"},"type":"MultiPolygon","arcs":[[[-568,-130,-68,-608,-1179,-47,-153]]],"id":62},{"properties":{"cd_mun_ibge":"4104451"},"type":"MultiPolygon","arcs":[[[-1183,-372,-136,-154,46]]],"id":63},{"properties":{"cd_mun_ibge":"4104501"},"type":"MultiPolygon","arcs":[[[-49,-681,-588,47,-979,-379,-67]]],"id":64},{"properties":{"cd_mun_ibge":"4104600"},"type":"MultiPolygon","arcs":[[[-455,-682,48,-66,-282,-813,49]]],"id":65},{"properties":{"cd_mun_ibge":"4104659"},"type":"MultiPolygon","arcs":[[[-1061,-57,-592]]],"id":66},{"properties":{"cd_mun_ibge":"4104709"},"type":"MultiPolygon","arcs":[[[50,-769,-995,-258,-702]]],"id":67},{"properties":{"cd_mun_ibge":"4104808"},"type":"MultiPolygon","arcs":[[[-830,-1070,-1104,51,-80,52,53,-58,-1090,54,-284]]],"id":68},{"properties":{"cd_mun_ibge":"4104907"},"type":"MultiPolygon","arcs":[[[-1060,-572,-1173,-62,-730,-212,55,-593,56]]],"id":69},{"properties":{"cd_mun_ibge":"4105003"},"type":"MultiPolygon","arcs":[[[-148,-651,-1091,57,58,-169]]],"id":70},{"properties":{"cd_mun_ibge":"4105102"},"type":"MultiPolygon","arcs":[[[-145,59,-303,60,-601,-117,-395,-233]]],"id":71},{"properties":{"cd_mun_ibge":"4105201"},"type":"MultiPolygon","arcs":[[[61,-1178,62,63,-1092,64,-731]]],"id":72},{"properties":{"cd_mun_ibge":"4105300"},"type":"MultiPolygon","arcs":[[[-1161,-941,-829,-283,65,66,-378]]],"id":73},{"properties":{"cd_mun_ibge":"4105409"},"type":"MultiPolygon","arcs":[[[-870,-1000,-972,-719,-606,67,-129,-329,-85]]],"id":74},{"properties":{"cd_mun_ibge":"4105508"},"type":"MultiPolygon","arcs":[[[68,-1097,-1015,-182,-963,-267]]],"id":75},{"properties":{"cd_mun_ibge":"4105607"},"type":"MultiPolygon","arcs":[[[-1018,-448,-1025,-585,69,-143,-752]]],"id":76},{"properties":{"cd_mun_ibge":"4105706"},"type":"MultiPolygon","arcs":[[[-364,-530,-161,-326,-83,-478,70]]],"id":77},{"properties":{"cd_mun_ibge":"4105805"},"type":"MultiPolygon","arcs":[[[71,-733,72,73,-644,-556,-92]]],"id":78},{"properties":{"cd_mun_ibge":"4105904"},"type":"MultiPolygon","arcs":[[[-502,-512,-196,-800,-856,-410,-789,-289]]],"id":79},{"properties":{"cd_mun_ibge":"4106001"},"type":"MultiPolygon","arcs":[[[-433,-708,-166,-967,-862,-844]]],"id":80},{"properties":{"cd_mun_ibge":"4106100"},"type":"MultiPolygon","arcs":[[[-226,-240,-260,-142,-1082]]],"id":81},{"properties":{"cd_mun_ibge":"4106209"},"type":"MultiPolygon","arcs":[[[-664,-273,74,75]]],"id":82},{"properties":{"cd_mun_ibge":"4106308"},"type":"MultiPolygon","arcs":[[[76,-421,-1117,77,-174,78,79]]],"id":83},{"properties":{"cd_mun_ibge":"4106407"},"type":"MultiPolygon","arcs":[[[-1143,-277,-820,80,-776,81,-704,-435,-415]]],"id":84},{"properties":{"cd_mun_ibge":"4106456"},"type":"MultiPolygon","arcs":[[[-479,82,-331,-695,-566,83]]],"id":85},{"properties":{"cd_mun_ibge":"4106506"},"type":"MultiPolygon","arcs":[[[-207,-871,84,-328,-162,-528]]],"id":86},{"properties":{"cd_mun_ibge":"4106555"},"type":"MultiPolygon","arcs":[[[85,-540,86]]],"id":87},{"properties":{"cd_mun_ibge":"4106571"},"type":"MultiPolygon","arcs":[[[87,-1086,-650,-891,-100]]],"id":88},{"properties":{"cd_mun_ibge":"4106605"},"type":"MultiPolygon","arcs":[[[-1127,-339,-449,-1016,-1095,-401,-355]]],"id":89},{"properties":{"cd_mun_ibge":"4106704"},"type":"MultiPolygon","arcs":[[[-288,-1139,-429,88,-875,-504]]],"id":90},{"properties":{"cd_mun_ibge":"4106803"},"type":"MultiPolygon","arcs":[[[-564,-179,-709,-305,-1135,89]]],"id":91},{"properties":{"cd_mun_ibge":"4106852"},"type":"MultiPolygon","arcs":[[[-281,90,-106,-137]]],"id":92},{"properties":{"cd_mun_ibge":"4106902"},"type":"MultiPolygon","arcs":[[[91,-555,-914,-109,92,93,94,95]]],"id":93},{"properties":{"cd_mun_ibge":"4107009"},"type":"MultiPolygon","arcs":[[[-470,-964,-111,-164,-1153,-1033]]],"id":94},{"properties":{"cd_mun_ibge":"4107108"},"type":"MultiPolygon","arcs":[[[-443,96,-1044,-213]]],"id":95},{"properties":{"cd_mun_ibge":"4107124"},"type":"MultiPolygon","arcs":[[[-152,97,-274,-439]]],"id":96},{"properties":{"cd_mun_ibge":"4107157"},"type":"MultiPolygon","arcs":[[[-399,-795,-909,-937,-1159,-377,-669]]],"id":97},{"properties":{"cd_mun_ibge":"4107207"},"type":"MultiPolygon","arcs":[[[-1165,-101,-773,98,99,-890]]],"id":98},{"properties":{"cd_mun_ibge":"4107256"},"type":"MultiPolygon","arcs":[[[-338,-1125,-222,-782,-803,-1021]]],"id":99},{"properties":{"cd_mun_ibge":"4107306"},"type":"MultiPolygon","arcs":[[[-360,-116,-225,-1037,-471,-474]]],"id":100},{"properties":{"cd_mun_ibge":"4107405"},"type":"MultiPolygon","arcs":[[[-127,-432,-774,100,-1164]]],"id":101},{"properties":{"cd_mun_ibge":"4107504"},"type":"MultiPolygon","arcs":[[[-537,-1039,-224,-115,-204,-659]]],"id":102},{"properties":{"cd_mun_ibge":"4107520"},"type":"MultiPolygon","arcs":[[[-1171,-1191,-548,-900]]],"id":103},{"properties":{"cd_mun_ibge":"4107538"},"type":"MultiPolygon","arcs":[[[-336,-911,-799,101,-523]]],"id":104},{"properties":{"cd_mun_ibge":"4107546"},"type":"MultiPolygon","arcs":[[[-437,-721,-653,-147]]],"id":105},{"properties":{"cd_mun_ibge":"4107553"},"type":"MultiPolygon","arcs":[[[102,-239,-1099,103,104,-309]]],"id":106},{"properties":{"cd_mun_ibge":"4107603"},"type":"MultiPolygon","arcs":[[[-138,105,106,-714,-347,-386,-468]]],"id":107},{"properties":{"cd_mun_ibge":"4107652"},"type":"MultiPolygon","arcs":[[[107,108,-913,-321]]],"id":108},{"properties":{"cd_mun_ibge":"4107702"},"type":"MultiPolygon","arcs":[[[-881,109,-538,-661,-203,-942]]],"id":109},{"properties":{"cd_mun_ibge":"4107736"},"type":"MultiPolygon","arcs":[[[-190,-177,-1031,-484,-886,-686]]],"id":110},{"properties":{"cd_mun_ibge":"4107751"},"type":"MultiPolygon","arcs":[[[110,-969,-165]]],"id":111},{"properties":{"cd_mun_ibge":"4107801"},"type":"MultiPolygon","arcs":[[[-626,-898,-859,-1009,-427]]],"id":112},{"properties":{"cd_mun_ibge":"4107850"},"type":"MultiPolygon","arcs":[[[111,112,-768,-325,-125,-368,113]]],"id":113},{"properties":{"cd_mun_ibge":"4107900"},"type":"MultiPolygon","arcs":[[[-342,-205,114,-223,115,-359]]],"id":114},{"properties":{"cd_mun_ibge":"4108007"},"type":"MultiPolygon","arcs":[[[116,-600,117,118,-618,-396]]],"id":115},{"properties":{"cd_mun_ibge":"4108106"},"type":"MultiPolygon","arcs":[[[-787,119,-313,120,-286]]],"id":116},{"properties":{"cd_mun_ibge":"4108205"},"type":"MultiPolygon","arcs":[[[-254,121,122,-353,-134,-639,-420,-189]]],"id":117},{"properties":{"cd_mun_ibge":"4108304"},"type":"MultiPolygon","arcs":[[[-197,-932,-832,-936,123]]],"id":118},{"properties":{"cd_mun_ibge":"4108320"},"type":"MultiPolygon","arcs":[[[-494,-1054,-184]]],"id":119},{"properties":{"cd_mun_ibge":"4108403"},"type":"MultiPolygon","arcs":[[[-689,-369,124,-324,125,-430,126,-1163,-206,127]]],"id":120},{"properties":{"cd_mun_ibge":"4108452"},"type":"MultiPolygon","arcs":[[[-567,-697,-330,128,129]]],"id":121},{"properties":{"cd_mun_ibge":"4108502"},"type":"MultiPolygon","arcs":[[[-481,130,-612,131]]],"id":122},{"properties":{"cd_mun_ibge":"4108551"},"type":"MultiPolygon","arcs":[[[-246,-194,132,-879,-298]]],"id":123},{"properties":{"cd_mun_ibge":"4108601"},"type":"MultiPolygon","arcs":[[[133,-352,-403,-238,-675,-640]]],"id":124},{"properties":{"cd_mun_ibge":"4108650"},"type":"MultiPolygon","arcs":[[[-371,-487,-818,134,-155,135]]],"id":125},{"properties":{"cd_mun_ibge":"4108700"},"type":"MultiPolygon","arcs":[[[-247,-278,136,137,-467,-754,-728,-220]]],"id":126},{"properties":{"cd_mun_ibge":"4108809"},"type":"MultiPolygon","arcs":[[[-391,138,139,-1051]]],"id":127},{"properties":{"cd_mun_ibge":"4108908"},"type":"MultiPolygon","arcs":[[[-583,-285,-445,-1047,-520,140]]],"id":128},{"properties":{"cd_mun_ibge":"4108957"},"type":"MultiPolygon","arcs":[[[-633,-217,-178]]],"id":129},{"properties":{"cd_mun_ibge":"4109005"},"type":"MultiPolygon","arcs":[[[-259,-839,-256,-641,-1083,141]]],"id":130},{"properties":{"cd_mun_ibge":"4109104"},"type":"MultiPolygon","arcs":[[[142,143,-393,-498,-753]]],"id":131},{"properties":{"cd_mun_ibge":"4109203"},"type":"MultiPolygon","arcs":[[[144,-232,-791,-412,145]]],"id":132},{"properties":{"cd_mun_ibge":"4109302"},"type":"MultiPolygon","arcs":[[[-438,146,-652,147,-168,148,149,150,151]]],"id":133},{"properties":{"cd_mun_ibge":"4109401"},"type":"MultiPolygon","arcs":[[[152,153,154,155,-1107,-637,-180,-569]]],"id":134},{"properties":{"cd_mun_ibge":"4109500"},"type":"MultiPolygon","arcs":[[[-509,156,157,158]]],"id":135},{"properties":{"cd_mun_ibge":"4109609"},"type":"MultiPolygon","arcs":[[[-1067,-918,-404,-506,-381,159]]],"id":136},{"properties":{"cd_mun_ibge":"4109658"},"type":"MultiPolygon","arcs":[[[160,-529,161,-327]]],"id":137},{"properties":{"cd_mun_ibge":"4109708"},"type":"MultiPolygon","arcs":[[[-557,162,-1154,163,164,-968,165,-707,-262,-242]]],"id":138},{"properties":{"cd_mun_ibge":"4109757"},"type":"MultiPolygon","arcs":[[[166,167,168]]],"id":139},{"properties":{"cd_mun_ibge":"4109807"},"type":"MultiPolygon","arcs":[[[-986,-674,-252,169,-293]]],"id":140},{"properties":{"cd_mun_ibge":"4109906"},"type":"MultiPolygon","arcs":[[[-1169,170,-656,-221,-1123]]],"id":141},{"properties":{"cd_mun_ibge":"4110003"},"type":"MultiPolygon","arcs":[[[171,-794,-409,172,-363]]],"id":142},{"properties":{"cd_mun_ibge":"4110052"},"type":"MultiPolygon","arcs":[[[173,174,-1115,175]]],"id":143},{"properties":{"cd_mun_ibge":"4110078"},"type":"MultiPolygon","arcs":[[[-466,-1034,-1057,-694]]],"id":144},{"properties":{"cd_mun_ibge":"4110102"},"type":"MultiPolygon","arcs":[[[-1027,176,-192,-634,177,-216,-183]]],"id":145},{"properties":{"cd_mun_ibge":"4110201"},"type":"MultiPolygon","arcs":[[[-710,178,-563,179,-636,-191]]],"id":146},{"properties":{"cd_mun_ibge":"4110300"},"type":"MultiPolygon","arcs":[[[-501,-873,-842,180,-514]]],"id":147},{"properties":{"cd_mun_ibge":"4110409"},"type":"MultiPolygon","arcs":[[[181,-1014,-751,-923,-243,-958]]],"id":148},{"properties":{"cd_mun_ibge":"4110508"},"type":"MultiPolygon","arcs":[[[-215,-1063,-591,-1028,182]]],"id":149},{"properties":{"cd_mun_ibge":"4110607"},"type":"MultiPolygon","arcs":[[[183,-1053,184,-546,185,186,187,-495]]],"id":150},{"properties":{"cd_mun_ibge":"4110656"},"type":"MultiPolygon","arcs":[[[188,-419,-255]]],"id":151},{"properties":{"cd_mun_ibge":"4110706"},"type":"MultiPolygon","arcs":[[[189,-685,-711,190,-635,191]]],"id":152},{"properties":{"cd_mun_ibge":"4110805"},"type":"MultiPolygon","arcs":[[[-296,192,193,-245,-459,-746]]],"id":153},{"properties":{"cd_mun_ibge":"4110904"},"type":"MultiPolygon","arcs":[[[-511,-250,194,-801,195]]],"id":154},{"properties":{"cd_mun_ibge":"4110953"},"type":"MultiPolygon","arcs":[[[-387,-933,196,197,-797,-398]]],"id":155},{"properties":{"cd_mun_ibge":"4111001"},"type":"MultiPolygon","arcs":[[[198,-823,199,200]]],"id":156},{"properties":{"cd_mun_ibge":"4111100"},"type":"MultiPolygon","arcs":[[[201,-943,202,-660,203,204,-341]]],"id":157},{"properties":{"cd_mun_ibge":"4111209"},"type":"MultiPolygon","arcs":[[[205,-1162,-872,206,-527,207]]],"id":158},{"properties":{"cd_mun_ibge":"4111258"},"type":"MultiPolygon","arcs":[[[208,209,210,211,-729]]],"id":159},{"properties":{"cd_mun_ibge":"4111308"},"type":"MultiPolygon","arcs":[[[212,-1043,-444]]],"id":160},{"properties":{"cd_mun_ibge":"4111407"},"type":"MultiPolygon","arcs":[[[-632,213,-691,-1055,214,215,216]]],"id":161},{"properties":{"cd_mun_ibge":"4111506"},"type":"MultiPolygon","arcs":[[[-727,217,-333,218,-248,219]]],"id":162},{"properties":{"cd_mun_ibge":"4111555"},"type":"MultiPolygon","arcs":[[[-1124,220,-655,-783,221]]],"id":163},{"properties":{"cd_mun_ibge":"4111605"},"type":"MultiPolygon","arcs":[[[222,223,-1038,224]]],"id":164},{"properties":{"cd_mun_ibge":"4111704"},"type":"MultiPolygon","arcs":[[[-559,-241,225,-1081]]],"id":165},{"properties":{"cd_mun_ibge":"4111803"},"type":"MultiPolygon","arcs":[[[226,227,228,-700,-257,-837]]],"id":166},{"properties":{"cd_mun_ibge":"4111902"},"type":"MultiPolygon","arcs":[[[-616,229,-740,-582,230,-407,-792,231,232,-394]]],"id":167},{"properties":{"cd_mun_ibge":"4112009"},"type":"MultiPolygon","arcs":[[[233,-903,-976,-1175,-571]]],"id":168},{"properties":{"cd_mun_ibge":"4112108"},"type":"MultiPolygon","arcs":[[[-375,234,-315,235]]],"id":169},{"properties":{"cd_mun_ibge":"4112207"},"type":"MultiPolygon","arcs":[[[236,-676,237,-402,-1100,238]]],"id":170},{"properties":{"cd_mun_ibge":"4112306"},"type":"MultiPolygon","arcs":[[[-261,239,240,-558,241]]],"id":171},{"properties":{"cd_mun_ibge":"4112405"},"type":"MultiPolygon","arcs":[[[242,-922,-860,-959]]],"id":172},{"properties":{"cd_mun_ibge":"4112504"},"type":"MultiPolygon","arcs":[[[243,-460,244,245,-301,-279,246,247]]],"id":173},{"properties":{"cd_mun_ibge":"4112603"},"type":"MultiPolygon","arcs":[[[-516,248,249]]],"id":174},{"properties":{"cd_mun_ibge":"4112702"},"type":"MultiPolygon","arcs":[[[-673,-1146,250,251]]],"id":175},{"properties":{"cd_mun_ibge":"4112751"},"type":"MultiPolygon","arcs":[[[252,253,254,-418]]],"id":176},{"properties":{"cd_mun_ibge":"4112801"},"type":"MultiPolygon","arcs":[[[255,-838,256,-699,257,-994,-642]]],"id":177},{"properties":{"cd_mun_ibge":"4112900"},"type":"MultiPolygon","arcs":[[[258,259,260,261,-706,262,-833]]],"id":178},{"properties":{"cd_mun_ibge":"4112959"},"type":"MultiPolygon","arcs":[[[-678,263,-307,264,-1121]]],"id":179},{"properties":{"cd_mun_ibge":"4113007"},"type":"MultiPolygon","arcs":[[[265,266,-962,-896,-1042]]],"id":180},{"properties":{"cd_mun_ibge":"4113106"},"type":"MultiPolygon","arcs":[[[-463,267,-882,-946,-373]]],"id":181},{"properties":{"cd_mun_ibge":"4113205"},"type":"MultiPolygon","arcs":[[[-663,268,-735,269,270,-888,-483,-604,271,272]]],"id":182},{"properties":{"cd_mun_ibge":"4113254"},"type":"MultiPolygon","arcs":[[[-440,273,274,-424,-490]]],"id":183},{"properties":{"cd_mun_ibge":"4113304"},"type":"MultiPolygon","arcs":[[[-607,-723,-436,-370,-1181]]],"id":184},{"properties":{"cd_mun_ibge":"4113403"},"type":"MultiPolygon","arcs":[[[275,-821,276,-1142,-984]]],"id":185},{"properties":{"cd_mun_ibge":"4113429"},"type":"MultiPolygon","arcs":[[[277,278,-300,279,280]]],"id":186},{"properties":{"cd_mun_ibge":"4113452"},"type":"MultiPolygon","arcs":[[[-811,281,282,-831,283]]],"id":187},{"properties":{"cd_mun_ibge":"4113502"},"type":"MultiPolygon","arcs":[[[-781,-609,-948,-350,-446,284,-586,-825,-805]]],"id":188},{"properties":{"cd_mun_ibge":"4113601"},"type":"MultiPolygon","arcs":[[[-788,285,286,-1136,287,-503,288]]],"id":189},{"properties":{"cd_mun_ibge":"4113700"},"type":"MultiPolygon","arcs":[[[289,290,291,-987,292,293,-864,-1006,-346]]],"id":190},{"properties":{"cd_mun_ibge":"4113734"},"type":"MultiPolygon","arcs":[[[294,295,-745,-311,296]]],"id":191},{"properties":{"cd_mun_ibge":"4113759"},"type":"MultiPolygon","arcs":[[[297,-884,298,299,300]]],"id":192},{"properties":{"cd_mun_ibge":"4113809"},"type":"MultiPolygon","arcs":[[[-853,301,302,303]]],"id":193},{"properties":{"cd_mun_ibge":"4113908"},"type":"MultiPolygon","arcs":[[[-925,-534,-1130,304,-713]]],"id":194},{"properties":{"cd_mun_ibge":"4114005"},"type":"MultiPolygon","arcs":[[[-423,305,306,307,308,309,310]]],"id":195},{"properties":{"cd_mun_ibge":"4114104"},"type":"MultiPolygon","arcs":[[[311,312,313,-361,-476,-472,-624]]],"id":196},{"properties":{"cd_mun_ibge":"4114203"},"type":"MultiPolygon","arcs":[[[314,315,-344,316,-761,317,318]]],"id":197},{"properties":{"cd_mun_ibge":"4114302"},"type":"MultiPolygon","arcs":[[[-666,319,320,-912,-1065,321]]],"id":198},{"properties":{"cd_mun_ibge":"4114351"},"type":"MultiPolygon","arcs":[[[-561,322,323,324,-767]]],"id":199},{"properties":{"cd_mun_ibge":"4114401"},"type":"MultiPolygon","arcs":[[[325,326,327,328,329,-696,330]]],"id":200},{"properties":{"cd_mun_ibge":"4114500"},"type":"MultiPolygon","arcs":[[[-578,-458,331,332,333,334]]],"id":201},{"properties":{"cd_mun_ibge":"4114609"},"type":"MultiPolygon","arcs":[[[-1074,-473,-907,335,-525,336,-389,-451,-648]]],"id":202},{"properties":{"cd_mun_ibge":"4114708"},"type":"MultiPolygon","arcs":[[[-1126,337,-1020,-450,338]]],"id":203},{"properties":{"cd_mun_ibge":"4114807"},"type":"MultiPolygon","arcs":[[[339,340,341,-358,-971,-357,342,343]]],"id":204},{"properties":{"cd_mun_ibge":"4114906"},"type":"MultiPolygon","arcs":[[[344,345,-1005,-385,346,-718,347,348]]],"id":205},{"properties":{"cd_mun_ibge":"4115002"},"type":"MultiPolygon","arcs":[[[349,-951,350,-447]]],"id":206},{"properties":{"cd_mun_ibge":"4115101"},"type":"MultiPolygon","arcs":[[[-400,351,352,353,-543,-1128,354]]],"id":207},{"properties":{"cd_mun_ibge":"4115200"},"type":"MultiPolygon","arcs":[[[355,356,-970,357,358,359,-477,360,361,362]]],"id":208},{"properties":{"cd_mun_ibge":"4115309"},"type":"MultiPolygon","arcs":[[[-1184,-531,363,364]]],"id":209},{"properties":{"cd_mun_ibge":"4115358"},"type":"MultiPolygon","arcs":[[[-453,-497,365,-1077]]],"id":210},{"properties":{"cd_mun_ibge":"4115408"},"type":"MultiPolygon","arcs":[[[-688,366,367,368]]],"id":211},{"properties":{"cd_mun_ibge":"4115457"},"type":"MultiPolygon","arcs":[[[-1182,369,-441,-488,370,371]]],"id":212},{"properties":{"cd_mun_ibge":"4115507"},"type":"MultiPolygon","arcs":[[[372,-945,373,374,375,-464]]],"id":213},{"properties":{"cd_mun_ibge":"4115606"},"type":"MultiPolygon","arcs":[[[-388,-670,376,-1158,377,378,-978]]],"id":214},{"properties":{"cd_mun_ibge":"4115705"},"type":"MultiPolygon","arcs":[[[379]],[[380,-505,-596,381]],[[382]],[[383]]],"id":215},{"properties":{"cd_mun_ibge":"4115739"},"type":"MultiPolygon","arcs":[[[-749,-576,-492]]],"id":216},{"properties":{"cd_mun_ibge":"4115754"},"type":"MultiPolygon","arcs":[[[384,-1004,-469,385]]],"id":217},{"properties":{"cd_mun_ibge":"4115804"},"type":"MultiPolygon","arcs":[[[386,-397,-671,387,-977,-934]]],"id":218},{"properties":{"cd_mun_ibge":"4115853"},"type":"MultiPolygon","arcs":[[[-1050,-452,388,389,390]]],"id":219},{"properties":{"cd_mun_ibge":"4115903"},"type":"MultiPolygon","arcs":[[[391,-518,-413,-499,392]]],"id":220},{"properties":{"cd_mun_ibge":"4116000"},"type":"MultiPolygon","arcs":[[[-617,393,394,395]]],"id":221},{"properties":{"cd_mun_ibge":"4116059"},"type":"MultiPolygon","arcs":[[[396,397,-796,398,-672]]],"id":222},{"properties":{"cd_mun_ibge":"4116109"},"type":"MultiPolygon","arcs":[[[399,400,-1101,401,402]]],"id":223},{"properties":{"cd_mun_ibge":"4116208"},"type":"MultiPolygon","arcs":[[[403,-917,-574,-646,404,405,-507]]],"id":224},{"properties":{"cd_mun_ibge":"4116307"},"type":"MultiPolygon","arcs":[[[-793,406,407,408]]],"id":225},{"properties":{"cd_mun_ibge":"4116406"},"type":"MultiPolygon","arcs":[[[-790,409,-855,410,411]]],"id":226},{"properties":{"cd_mun_ibge":"4116505"},"type":"MultiPolygon","arcs":[[[-517,-1012,-500,412]]],"id":227},{"properties":{"cd_mun_ibge":"4116604"},"type":"MultiPolygon","arcs":[[[413,-1144,414,-434,-952]]],"id":228},{"properties":{"cd_mun_ibge":"4116703"},"type":"MultiPolygon","arcs":[[[415,-1102,416,417,418,419,-638,-1118,420]]],"id":229},{"properties":{"cd_mun_ibge":"4116802"},"type":"MultiPolygon","arcs":[[[421,422,-744,-491,423,424]]],"id":230},{"properties":{"cd_mun_ibge":"4116901"},"type":"MultiPolygon","arcs":[[[425,-627,426,-1008,427,428,-1138]]],"id":231},{"properties":{"cd_mun_ibge":"4116950"},"type":"MultiPolygon","arcs":[[[429,430,-809,-775,431]]],"id":232},{"properties":{"cd_mun_ibge":"4117008"},"type":"MultiPolygon","arcs":[[[-703,432,-843,-953,433,434]]],"id":233},{"properties":{"cd_mun_ibge":"4117057"},"type":"MultiPolygon","arcs":[[[435,-722,436,437,438,439,-489,440]]],"id":234},{"properties":{"cd_mun_ibge":"4117107"},"type":"MultiPolygon","arcs":[[[441,442,443,444,445,446]]],"id":235},{"properties":{"cd_mun_ibge":"4117206"},"type":"MultiPolygon","arcs":[[[-1026,447,-1017,448,449]]],"id":236},{"properties":{"cd_mun_ibge":"4117214"},"type":"MultiPolygon","arcs":[[[-955,-845,-867,-779]]],"id":237},{"properties":{"cd_mun_ibge":"4117222"},"type":"MultiPolygon","arcs":[[[-649,450,451,-1049,-493,452,-1076]]],"id":238},{"properties":{"cd_mun_ibge":"4117255"},"type":"MultiPolygon","arcs":[[[453,-771,-807,-683,454,455,-1088]]],"id":239},{"properties":{"cd_mun_ibge":"4117271"},"type":"MultiPolygon","arcs":[[[456,457,-577,-747,458,459]]],"id":240},{"properties":{"cd_mun_ibge":"4117297"},"type":"MultiPolygon","arcs":[[[460,-716,461,462,463,464]]],"id":241},{"properties":{"cd_mun_ibge":"4117305"},"type":"MultiPolygon","arcs":[[[465,-693,-755,466,467,468,-1003,-863,-965,469,-1032]]],"id":242},{"properties":{"cd_mun_ibge":"4117404"},"type":"MultiPolygon","arcs":[[[-475,470,-1036,-895,-625,471]]],"id":243},{"properties":{"cd_mun_ibge":"4117453"},"type":"MultiPolygon","arcs":[[[-908,472,-1073,-939]]],"id":244},{"properties":{"cd_mun_ibge":"4117503"},"type":"MultiPolygon","arcs":[[[473,474,475,476]]],"id":245},{"properties":{"cd_mun_ibge":"4117602"},"type":"MultiPolygon","arcs":[[[477,478,479,480,481]]],"id":246},{"properties":{"cd_mun_ibge":"4117701"},"type":"MultiPolygon","arcs":[[[482,-887,483,-1030,-595,484,485,-605]]],"id":247},{"properties":{"cd_mun_ibge":"4117800"},"type":"MultiPolygon","arcs":[[[-575,-814,486,487,488,489,490,-743,491]]],"id":248},{"properties":{"cd_mun_ibge":"4117909"},"type":"MultiPolygon","arcs":[[[492,-1048,493,494,495,496]]],"id":249},{"properties":{"cd_mun_ibge":"4118006"},"type":"MultiPolygon","arcs":[[[-1011,-858,-920,-750,497,498,499]]],"id":250},{"properties":{"cd_mun_ibge":"4118105"},"type":"MultiPolygon","arcs":[[[-874,500,-513,501,502,503]]],"id":251},{"properties":{"cd_mun_ibge":"4118204"},"type":"MultiPolygon","arcs":[[[504,505,506,507,508,509,-597]]],"id":252},{"properties":{"cd_mun_ibge":"4118303"},"type":"MultiPolygon","arcs":[[[510,511,512,513,514,515]]],"id":253},{"properties":{"cd_mun_ibge":"4118402"},"type":"MultiPolygon","arcs":[[[516,517,518,519,-1046,520,-840,-877,521,-1013]]],"id":254},{"properties":{"cd_mun_ibge":"4118451"},"type":"MultiPolygon","arcs":[[[522,523,524]]],"id":255},{"properties":{"cd_mun_ibge":"4118501"},"type":"MultiPolygon","arcs":[[[525,526,527,528,529,530,-1188]]],"id":256},{"properties":{"cd_mun_ibge":"4118600"},"type":"MultiPolygon","arcs":[[[531,-1131,-533]]],"id":257},{"properties":{"cd_mun_ibge":"4118709"},"type":"MultiPolygon","arcs":[[[532,533,-924,534]]],"id":258},{"properties":{"cd_mun_ibge":"4118808"},"type":"MultiPolygon","arcs":[[[535,-1040,536,-658,537,538,539,540]]],"id":259},{"properties":{"cd_mun_ibge":"4118857"},"type":"MultiPolygon","arcs":[[[541,-1129,542,543]]],"id":260},{"properties":{"cd_mun_ibge":"4118907"},"type":"MultiPolygon","arcs":[[[544,545,546,-901,547,-1190]]],"id":261},{"properties":{"cd_mun_ibge":"4119004"},"type":"MultiPolygon","arcs":[[[-622,548,-590,549,550]]],"id":262},{"properties":{"cd_mun_ibge":"4119103"},"type":"MultiPolygon","arcs":[[[551,-737,552,-668,553]]],"id":263},{"properties":{"cd_mun_ibge":"4119152"},"type":"MultiPolygon","arcs":[[[-643,-573,-915,554,555]]],"id":264},{"properties":{"cd_mun_ibge":"4119202"},"type":"MultiPolygon","arcs":[[[556,557,558,-1080,559]]],"id":265},{"properties":{"cd_mun_ibge":"4119251"},"type":"MultiPolygon","arcs":[[[560,-766,-848,561]]],"id":266},{"properties":{"cd_mun_ibge":"4119301"},"type":"MultiPolygon","arcs":[[[562,563,564,565,-698,566,567,568]]],"id":267},{"properties":{"cd_mun_ibge":"4119400"},"type":"MultiPolygon","arcs":[[[-1059,-1156,569,570,-1174,571]]],"id":268},{"properties":{"cd_mun_ibge":"4119509"},"type":"MultiPolygon","arcs":[[[572,-647,573,-916]]],"id":269},{"properties":{"cd_mun_ibge":"4119608"},"type":"MultiPolygon","arcs":[[[574,575,-748,576,577,578,579,-815]]],"id":270},{"properties":{"cd_mun_ibge":"4119657"},"type":"MultiPolygon","arcs":[[[580,581,-739,-763]]],"id":271},{"properties":{"cd_mun_ibge":"4119707"},"type":"MultiPolygon","arcs":[[[582,583,584,-1024,-826,585]]],"id":272},{"properties":{"cd_mun_ibge":"4119806"},"type":"MultiPolygon","arcs":[[[586,587,-680,588,589]]],"id":273},{"properties":{"cd_mun_ibge":"4119905"},"type":"MultiPolygon","arcs":[[[-1029,590,-1062,591,592,593,594]]],"id":274},{"properties":{"cd_mun_ibge":"4119954"},"type":"MultiPolygon","arcs":[[[595,596,597]]],"id":275},{"properties":{"cd_mun_ibge":"4120002"},"type":"MultiPolygon","arcs":[[[598,599,600,601]]],"id":276},{"properties":{"cd_mun_ibge":"4120101"},"type":"MultiPolygon","arcs":[[[602,603,604]]],"id":277},{"properties":{"cd_mun_ibge":"4120150"},"type":"MultiPolygon","arcs":[[[605,-724,606,-1180,607]]],"id":278},{"properties":{"cd_mun_ibge":"4120200"},"type":"MultiPolygon","arcs":[[[608,-785,-654,609,-949]]],"id":279},{"properties":{"cd_mun_ibge":"4120309"},"type":"MultiPolygon","arcs":[[[610,611,612,-1133]]],"id":280},{"properties":{"cd_mun_ibge":"4120333"},"type":"MultiPolygon","arcs":[[[613,614,615,616,617]]],"id":281},{"properties":{"cd_mun_ibge":"4120358"},"type":"MultiPolygon","arcs":[[[618,619,-846,620,621]]],"id":282},{"properties":{"cd_mun_ibge":"4120408"},"type":"MultiPolygon","arcs":[[[622,623,624,-894,625,626]]],"id":283},{"properties":{"cd_mun_ibge":"4120507"},"type":"MultiPolygon","arcs":[[[-990,627,628,629,-982]]],"id":284},{"properties":{"cd_mun_ibge":"4120606"},"type":"MultiPolygon","arcs":[[[-1112,630,631,632,633,634,635,636]]],"id":285},{"properties":{"cd_mun_ibge":"4120655"},"type":"MultiPolygon","arcs":[[[637,638,639,-679,-1119]]],"id":286},{"properties":{"cd_mun_ibge":"4120705"},"type":"MultiPolygon","arcs":[[[640,641,-993,-1084]]],"id":287},{"properties":{"cd_mun_ibge":"4120804"},"type":"MultiPolygon","arcs":[[[642,643,644,645,646]]],"id":288},{"properties":{"cd_mun_ibge":"4120853"},"type":"MultiPolygon","arcs":[[[647,648,-1075]]],"id":289},{"properties":{"cd_mun_ibge":"4120903"},"type":"MultiPolygon","arcs":[[[-720,-868,-892,649,-1085,650,651,652]]],"id":290},{"properties":{"cd_mun_ibge":"4121000"},"type":"MultiPolygon","arcs":[[[653,-784,654,655,656]]],"id":291},{"properties":{"cd_mun_ibge":"4121109"},"type":"MultiPolygon","arcs":[[[657,658,659,660]]],"id":292},{"properties":{"cd_mun_ibge":"4121208"},"type":"MultiPolygon","arcs":[[[661,662,663,664,665,666,667]]],"id":293},{"properties":{"cd_mun_ibge":"4121257"},"type":"MultiPolygon","arcs":[[[668,669,670,671]]],"id":294},{"properties":{"cd_mun_ibge":"4121307"},"type":"MultiPolygon","arcs":[[[-1140,672,673,-992,-985]]],"id":295},{"properties":{"cd_mun_ibge":"4121356"},"type":"MultiPolygon","arcs":[[[674,675,676,677,-1120,678]]],"id":296},{"properties":{"cd_mun_ibge":"4121406"},"type":"MultiPolygon","arcs":[[[679,680,681,682,-806,683]]],"id":297},{"properties":{"cd_mun_ibge":"4121505"},"type":"MultiPolygon","arcs":[[[684,685,-885,-927,-712]]],"id":298},{"properties":{"cd_mun_ibge":"4121604"},"type":"MultiPolygon","arcs":[[[686,687,688,689,-1186]]],"id":299},{"properties":{"cd_mun_ibge":"4121703"},"type":"MultiPolygon","arcs":[[[-1056,690,691,-756,692,693]]],"id":300},{"properties":{"cd_mun_ibge":"4121752"},"type":"MultiPolygon","arcs":[[[694,695,696,697]]],"id":301},{"properties":{"cd_mun_ibge":"4121802"},"type":"MultiPolygon","arcs":[[[698,699,700,701]]],"id":302},{"properties":{"cd_mun_ibge":"4121901"},"type":"MultiPolygon","arcs":[[[702,703,704,705,706,707]]],"id":303},{"properties":{"cd_mun_ibge":"4122008"},"type":"MultiPolygon","arcs":[[[708,709,710,711,-926,712]]],"id":304},{"properties":{"cd_mun_ibge":"4122107"},"type":"MultiPolygon","arcs":[[[713,714,715,716,717]]],"id":305},{"properties":{"cd_mun_ibge":"4122156"},"type":"MultiPolygon","arcs":[[[718,-973,-998,-869,719,720,721,722,723]]],"id":306},{"properties":{"cd_mun_ibge":"4122172"},"type":"MultiPolygon","arcs":[[[724,725,726,727,-758]]],"id":307},{"properties":{"cd_mun_ibge":"4122206"},"type":"MultiPolygon","arcs":[[[728,729,730,731,732,733]]],"id":308},{"properties":{"cd_mun_ibge":"4122305"},"type":"MultiPolygon","arcs":[[[734,735,736,737]]],"id":309},{"properties":{"cd_mun_ibge":"4122404"},"type":"MultiPolygon","arcs":[[[-764,738,739,740,741]]],"id":310},{"properties":{"cd_mun_ibge":"4122503"},"type":"MultiPolygon","arcs":[[[742,743,744,745,746,747,748]]],"id":311},{"properties":{"cd_mun_ibge":"4122602"},"type":"MultiPolygon","arcs":[[[749,-919,750,-1019,751,752]]],"id":312},{"properties":{"cd_mun_ibge":"4122651"},"type":"MultiPolygon","arcs":[[[753,754,755,756,757]]],"id":313},{"properties":{"cd_mun_ibge":"4122701"},"type":"MultiPolygon","arcs":[[[758,759,760,761,762,763]]],"id":314},{"properties":{"cd_mun_ibge":"4122800"},"type":"MultiPolygon","arcs":[[[764,-849,765,766,767]]],"id":315},{"properties":{"cd_mun_ibge":"4122909"},"type":"MultiPolygon","arcs":[[[-827,-996,768,769]]],"id":316},{"properties":{"cd_mun_ibge":"4123006"},"type":"MultiPolygon","arcs":[[[-808,770,771,772,773,774]]],"id":317},{"properties":{"cd_mun_ibge":"4123105"},"type":"MultiPolygon","arcs":[[[775,776,777]]],"id":318},{"properties":{"cd_mun_ibge":"4123204"},"type":"MultiPolygon","arcs":[[[778,-866,779,-956]]],"id":319},{"properties":{"cd_mun_ibge":"4123303"},"type":"MultiPolygon","arcs":[[[780,-804,781,782,783,784]]],"id":320},{"properties":{"cd_mun_ibge":"4123402"},"type":"MultiPolygon","arcs":[[[785,786,787,788,789,790,791,792,793]]],"id":321},{"properties":{"cd_mun_ibge":"4123501"},"type":"MultiPolygon","arcs":[[[-910,794,795,796,797,798]]],"id":322},{"properties":{"cd_mun_ibge":"4123600"},"type":"MultiPolygon","arcs":[[[799,800,801,-857]]],"id":323},{"properties":{"cd_mun_ibge":"4123709"},"type":"MultiPolygon","arcs":[[[-824,-1022,802,803,804]]],"id":324},{"properties":{"cd_mun_ibge":"4123808"},"type":"MultiPolygon","arcs":[[[805,806,807,808,809]]],"id":325},{"properties":{"cd_mun_ibge":"4123824"},"type":"MultiPolygon","arcs":[[[810,811,812]]],"id":326},{"properties":{"cd_mun_ibge":"4123857"},"type":"MultiPolygon","arcs":[[[813,814,815,-1109,816,817]]],"id":327},{"properties":{"cd_mun_ibge":"4123907"},"type":"MultiPolygon","arcs":[[[818,819,820,821,822]]],"id":328},{"properties":{"cd_mun_ibge":"4123956"},"type":"MultiPolygon","arcs":[[[823,824,825,-1023]]],"id":329},{"properties":{"cd_mun_ibge":"4124004"},"type":"MultiPolygon","arcs":[[[-1149,-997,826,827,-905]]],"id":330},{"properties":{"cd_mun_ibge":"4124020"},"type":"MultiPolygon","arcs":[[[828,-940,-1071,829,830]]],"id":331},{"properties":{"cd_mun_ibge":"4124053"},"type":"MultiPolygon","arcs":[[[831,-931]]],"id":332},{"properties":{"cd_mun_ibge":"4124103"},"type":"MultiPolygon","arcs":[[[832,833,834,835,836,837,838]]],"id":333},{"properties":{"cd_mun_ibge":"4124202"},"type":"MultiPolygon","arcs":[[[839,840,841,-878]]],"id":334},{"properties":{"cd_mun_ibge":"4124301"},"type":"MultiPolygon","arcs":[[[-954,842,843,-861,844]]],"id":335},{"properties":{"cd_mun_ibge":"4124400"},"type":"MultiPolygon","arcs":[[[845,846,847,848,849,850]]],"id":336},{"properties":{"cd_mun_ibge":"4124509"},"type":"MultiPolygon","arcs":[[[851,852,853,854,855,856]]],"id":337},{"properties":{"cd_mun_ibge":"4124608"},"type":"MultiPolygon","arcs":[[[-921,857,-1010,858,-897,-960,859]]],"id":338},{"properties":{"cd_mun_ibge":"4124707"},"type":"MultiPolygon","arcs":[[[860,861,-966,862,-1002,863,864,865,866]]],"id":339},{"properties":{"cd_mun_ibge":"4124806"},"type":"MultiPolygon","arcs":[[[867,868,-1001,869,870,871,-1167,-893]]],"id":340},{"properties":{"cd_mun_ibge":"4124905"},"type":"MultiPolygon","arcs":[[[872,873,874,875,876,877]]],"id":341},{"properties":{"cd_mun_ibge":"4125001"},"type":"MultiPolygon","arcs":[[[878,879,880,-947,881,882,883]]],"id":342},{"properties":{"cd_mun_ibge":"4125100"},"type":"MultiPolygon","arcs":[[[884,885,886,887,888,-928]]],"id":343},{"properties":{"cd_mun_ibge":"4125209"},"type":"MultiPolygon","arcs":[[[-1166,889,890,891,892]]],"id":344},{"properties":{"cd_mun_ibge":"4125308"},"type":"MultiPolygon","arcs":[[[893,894,-1035,895,-961,896,897]]],"id":345},{"properties":{"cd_mun_ibge":"4125357"},"type":"MultiPolygon","arcs":[[[898,-1172,899,900,901]]],"id":346},{"properties":{"cd_mun_ibge":"4125407"},"type":"MultiPolygon","arcs":[[[902,903,-1150,904,905,-974]]],"id":347},{"properties":{"cd_mun_ibge":"4125456"},"type":"MultiPolygon","arcs":[[[906,907,-938,908,909,910]]],"id":348},{"properties":{"cd_mun_ibge":"4125506"},"type":"MultiPolygon","arcs":[[[911,912,913,914,915,916,917,-1066]]],"id":349},{"properties":{"cd_mun_ibge":"4125555"},"type":"MultiPolygon","arcs":[[[918,919,920,921,922]]],"id":350},{"properties":{"cd_mun_ibge":"4125605"},"type":"MultiPolygon","arcs":[[[923,924,925,926,927,928,929]]],"id":351},{"properties":{"cd_mun_ibge":"4125704"},"type":"MultiPolygon","arcs":[[[930,931,932,933,-981,934,935]]],"id":352},{"properties":{"cd_mun_ibge":"4125753"},"type":"MultiPolygon","arcs":[[[-1160,936,937,938,-1072,939,940]]],"id":353},{"properties":{"cd_mun_ibge":"4125803"},"type":"MultiPolygon","arcs":[[[941,942,943,944,945,946]]],"id":354},{"properties":{"cd_mun_ibge":"4125902"},"type":"MultiPolygon","arcs":[[[947,948,949,950]]],"id":355},{"properties":{"cd_mun_ibge":"4126009"},"type":"MultiPolygon","arcs":[[[951,952,953,954,955,956]]],"id":356},{"properties":{"cd_mun_ibge":"4126108"},"type":"MultiPolygon","arcs":[[[957,958,959,960,961,962]]],"id":357},{"properties":{"cd_mun_ibge":"4126207"},"type":"MultiPolygon","arcs":[[[963,964,965,966,967,968]]],"id":358},{"properties":{"cd_mun_ibge":"4126256"},"type":"MultiPolygon","arcs":[[[969,970]]],"id":359},{"properties":{"cd_mun_ibge":"4126272"},"type":"MultiPolygon","arcs":[[[971,-999,972]]],"id":360},{"properties":{"cd_mun_ibge":"4126306"},"type":"MultiPolygon","arcs":[[[973,974,-1176,975]]],"id":361},{"properties":{"cd_mun_ibge":"4126355"},"type":"MultiPolygon","arcs":[[[976,977,978,979,980]]],"id":362},{"properties":{"cd_mun_ibge":"4126405"},"type":"MultiPolygon","arcs":[[[-991,981,982,983,-1141,984]]],"id":363},{"properties":{"cd_mun_ibge":"4126504"},"type":"MultiPolygon","arcs":[[[985,986,987,988,989,990,991]]],"id":364},{"properties":{"cd_mun_ibge":"4126603"},"type":"MultiPolygon","arcs":[[[992,993,994,995,996,-1148,-1078]]],"id":365},{"properties":{"cd_mun_ibge":"4126652"},"type":"MultiPolygon","arcs":[[[997,998,999,1000]]],"id":366},{"properties":{"cd_mun_ibge":"4126678"},"type":"MultiPolygon","arcs":[[[1001,1002,1003,1004,1005]]],"id":367},{"properties":{"cd_mun_ibge":"4126702"},"type":"MultiPolygon","arcs":[[[1006,1007,1008,1009,1010,1011,1012]]],"id":368},{"properties":{"cd_mun_ibge":"4126801"},"type":"MultiPolygon","arcs":[[[1013,1014,-1096,1015,1016,1017,1018]]],"id":369},{"properties":{"cd_mun_ibge":"4126900"},"type":"MultiPolygon","arcs":[[[1019,1020,1021,1022,1023,1024,1025]]],"id":370},{"properties":{"cd_mun_ibge":"4127007"},"type":"MultiPolygon","arcs":[[[1026,1027,1028,1029,1030]]],"id":371},{"properties":{"cd_mun_ibge":"4127106"},"type":"MultiPolygon","arcs":[[[1031,1032,-1152,-1058,1033]]],"id":372},{"properties":{"cd_mun_ibge":"4127205"},"type":"MultiPolygon","arcs":[[[1034,1035,1036,1037,1038,1039,1040,1041]]],"id":373},{"properties":{"cd_mun_ibge":"4127304"},"type":"MultiPolygon","arcs":[[[1042,1043,1044,1045,1046]]],"id":374},{"properties":{"cd_mun_ibge":"4127403"},"type":"MultiPolygon","arcs":[[[1047,1048,1049,1050,1051,1052,1053]]],"id":375},{"properties":{"cd_mun_ibge":"4127502"},"type":"MultiPolygon","arcs":[[[1054,1055,1056,1057,-1157,1058,1059,1060,1061,1062]]],"id":376},{"properties":{"cd_mun_ibge":"4127601"},"type":"MultiPolygon","arcs":[[[1063,1064,1065,1066,1067]]],"id":377},{"properties":{"cd_mun_ibge":"4127700"},"type":"MultiPolygon","arcs":[[[1068,-1105,1069,1070,1071,1072,1073,1074,1075,1076]]],"id":378},{"properties":{"cd_mun_ibge":"4127809"},"type":"MultiPolygon","arcs":[[[1077,-1147,1078,1079,1080,1081,1082,1083]]],"id":379},{"properties":{"cd_mun_ibge":"4127858"},"type":"MultiPolygon","arcs":[[[1084,1085,1086,1087,1088,1089,1090]]],"id":380},{"properties":{"cd_mun_ibge":"4127882"},"type":"MultiPolygon","arcs":[[[1091,1092,1093]]],"id":381},{"properties":{"cd_mun_ibge":"4127908"},"type":"MultiPolygon","arcs":[[[1094,1095,1096,1097,1098,1099,1100]]],"id":382},{"properties":{"cd_mun_ibge":"4127957"},"type":"MultiPolygon","arcs":[[[1101,1102,1103,1104,1105]]],"id":383},{"properties":{"cd_mun_ibge":"4127965"},"type":"MultiPolygon","arcs":[[[1106,1107,1108,1109,1110,1111]]],"id":384},{"properties":{"cd_mun_ibge":"4128005"},"type":"MultiPolygon","arcs":[[[1112,1113,1114,1115,1116,1117,1118,1119,1120]]],"id":385},{"properties":{"cd_mun_ibge":"4128104"},"type":"MultiPolygon","arcs":[[[1121,-1193,-1170,1122,1123,1124,1125,1126,1127,1128]]],"id":386},{"properties":{"cd_mun_ibge":"4128203"},"type":"MultiPolygon","arcs":[[[1129,1130,1131,1132,1133,1134]]],"id":387},{"properties":{"cd_mun_ibge":"4128302"},"type":"MultiPolygon","arcs":[[[1135,1136,1137,1138]]],"id":388},{"properties":{"cd_mun_ibge":"4128401"},"type":"MultiPolygon","arcs":[[[1139,1140,1141,1142,1143,1144,1145]]],"id":389},{"properties":{"cd_mun_ibge":"4128500"},"type":"MultiPolygon","arcs":[[[1146,1147,1148,1149,1150]]],"id":390},{"properties":{"cd_mun_ibge":"4128534"},"type":"MultiPolygon","arcs":[[[1151,1152,1153,1154,1155,1156]]],"id":391},{"properties":{"cd_mun_ibge":"4128559"},"type":"MultiPolygon","arcs":[[[1157,1158,1159,1160]]],"id":392},{"properties":{"cd_mun_ibge":"4128609"},"type":"MultiPolygon","arcs":[[[1161,1162,1163,1164,1165,1166]]],"id":393},{"properties":{"cd_mun_ibge":"4128625"},"type":"MultiPolygon","arcs":[[[1167,1168,1169,-1192,1170,1171]]],"id":394},{"properties":{"cd_mun_ibge":"4128633"},"type":"MultiPolygon","arcs":[[[1172,1173,1174,1175,1176,1177]]],"id":395},{"properties":{"cd_mun_ibge":"4128658"},"type":"MultiPolygon","arcs":[[[1178,1179,1180,1181,1182]]],"id":396},{"properties":{"cd_mun_ibge":"4128708"},"type":"MultiPolygon","arcs":[[[1183,1184,1185,1186,1187]]],"id":397},{"properties":{"cd_mun_ibge":"4128807"},"type":"MultiPolygon","arcs":[[[1188,1189,1190,1191,1192]]],"id":398}],"type":"GeometryCollection"}},"bbox":[-54.619857079145184,-26.717122,-48.027548182957986,-22.516832906368105],"transform":{"scale":[6.592374819935398e-05,4.2003310969428645e-05],"translate":[-54.619857079145184,-26.717122]},"arcs":[[[83279,48453],[276,-153],[40,281],[320,-98],[71,201],[332,-312],[363,593],[68,440],[-123,-32],[15,153],[328,-137],[208,223],[82,-110],[-93,-30],[-61,-506],[280,122],[47,-253],[373,-174],[73,-288],[242,310],[413,-253],[81,290],[676,81],[204,-183],[71,92],[-171,320],[275,-173],[198,250],[268,-508],[326,-128],[145,-370],[324,402],[73,-365],[272,254],[466,98],[211,-321],[-64,552],[233,-5],[110,-200],[-84,-315],[84,-146],[-87,6],[254,-199],[35,350],[251,57],[-56,194],[114,92],[146,-68],[175,282],[191,9],[224,-292],[110,234],[195,-716],[585,-698],[-4,-197],[479,-14],[-264,-981],[-592,-620],[-166,-1375],[257,-84],[75,-273],[-206,-134],[-14,-395],[-194,147],[86,-519]],[[81691,16343],[-298,-474],[-25,-414],[-166,26],[4,-332],[-409,-37],[58,-510],[-157,-3],[-48,-227],[-282,83],[-212,-386],[-381,-266]],[[6839,64712],[596,402],[480,909],[276,1308],[-125,1059],[68,929]],[[49857,96421],[404,-175],[626,161],[559,-1150],[795,-543]],[[64919,89732],[329,-62],[684,469],[391,-162],[153,-389],[313,148],[197,-116]],[[70178,16803],[-267,-54],[95,-767],[-476,448],[-533,-188],[-74,-274],[-83,537],[-369,-811],[-155,165],[-33,-301],[-200,509],[-253,-382],[123,755],[-457,33],[-149,-191],[406,-205],[-398,-884],[-443,522],[-238,-79],[-180,593],[-153,111],[-133,-182],[51,-310],[-253,206]],[[50339,75456],[-536,65],[-230,465],[-1059,459],[-248,-202],[-150,459],[-347,-155],[-436,152],[-316,626],[-185,87],[-41,307],[-319,-4],[-7,280],[-574,32],[59,321]],[[17273,59495],[198,-73]],[[76698,27827],[-142,-32],[-8,-237],[-192,-194],[82,-500],[-77,-265]],[[66667,83153],[-192,-71],[52,-255],[-287,-171],[23,-249],[-69,173],[-220,7],[-42,-161],[-112,115],[-355,-215]],[[64467,87079],[141,-399],[480,520],[-38,-748],[387,279],[-17,-520],[244,291],[372,-444],[-89,-163],[-182,126],[40,-324],[301,62],[88,-148],[-81,363],[172,114]],[[18037,10359],[-464,-342],[-273,128],[-250,-281],[-433,260],[-396,-47],[-481,510],[-62,394],[-639,-170],[-381,665],[188,466],[-156,207]],[[66429,85271],[-60,179],[153,557],[-237,81]],[[66285,86088],[-10,554],[146,132],[379,21],[250,-242],[449,99]],[[15421,21516],[-5,-266],[351,167],[235,-251],[-356,-20],[18,-366],[245,166],[10,-655],[-473,60],[237,-359],[212,69],[233,-308],[-184,-216],[-323,186],[236,-286],[-183,-128],[93,-193],[-83,-319],[173,-49]],[[50120,90503],[1157,-582],[478,-634],[-41,302],[205,916],[298,372]],[[90552,42214],[316,478],[634,-96],[165,310],[158,-45]],[[91825,42861],[-83,-153],[137,-385],[-104,-139],[102,-121],[-147,-109],[80,-413],[-135,-290],[-184,-47],[-146,-401]],[[14690,12149],[17,288],[-330,441]],[[17382,12349],[-361,-510],[-656,531],[-512,-303],[-29,-174],[-361,-38],[-197,291],[-249,-78],[-74,189],[-253,-108]],[[17273,59495],[-151,-317],[-581,-366],[-263,74],[-171,-394],[-195,-13],[-31,300],[-286,161],[-334,-144],[-369,118],[-178,529],[-254,273]],[[16697,63488],[1256,-1467],[-680,-2526]],[[17627,65166],[-930,-1678]],[[16697,63488],[-555,-969]],[[48402,71849],[-64,265],[415,428],[55,479],[358,813],[489,-540],[349,224],[439,-87],[268,311],[83,-169],[238,195],[241,-150]],[[67499,86652],[-603,1157],[235,897],[-145,914]],[[66986,89620],[311,-24],[485,444],[460,-148],[429,449],[384,-119],[298,608],[479,-199],[155,-395],[169,-67],[68,149],[-128,517],[142,119],[416,-632],[-184,-743]],[[69126,86276],[-407,109],[-334,509],[-86,-124],[-73,121],[-157,-326],[-105,157],[-465,-70]],[[50205,79365],[-1,3]],[[50050,88191],[296,-132],[-196,-316],[112,-210],[16,233],[169,2],[-43,-160],[159,171],[25,-323],[805,-194],[7,-1577],[928,5]],[[45634,76980],[180,-892],[343,-507],[109,-1007],[614,-1060],[421,-361],[-90,-283],[235,-12],[111,-322],[-126,-161],[254,-207],[-67,-325]],[[29063,46891],[-253,144],[-188,-134],[-75,266],[-217,-257],[50,345],[-92,101],[-142,-459],[-141,-82],[-354,714],[-275,83],[-81,-60],[346,-211],[-14,-342],[-314,147],[-95,336],[-207,-206],[169,-289],[-503,183],[17,-541]],[[25126,47909],[249,388],[-560,-5],[75,448]],[[83824,34331],[457,255],[733,-152],[96,273],[222,-195],[78,171],[140,-159],[-73,-263],[215,-102],[92,431],[-60,439],[107,14],[-76,159],[348,460],[-128,186],[68,327],[344,-143],[91,261],[130,-208],[134,173],[4,348],[189,6],[3,214],[240,206],[-46,294],[141,73],[-155,216],[114,65],[0,402],[145,324],[205,37],[98,280],[167,-223],[87,208],[-72,94],[360,111],[135,455],[271,107],[112,-258],[81,303],[164,-86],[-3,422],[327,246],[565,-493],[170,98],[131,444],[201,11],[-130,289],[402,174],[-108,112],[38,185],[151,-154],[101,190],[188,-198],[125,179],[202,-136]],[[91345,40803],[-18,-381],[157,-10],[111,-361],[-17,-400],[207,14],[154,-250],[39,-541]],[[90655,37763],[-292,103],[-268,-461],[-59,697],[-63,-103],[-233,192],[2,193],[-339,102],[-34,271],[-319,7],[-307,-195],[56,-176],[-287,-520],[-529,-141],[-393,-738],[96,-359],[-89,-267],[179,-89],[60,-597],[152,-124],[-165,-215],[-14,-486],[-136,-247],[145,-942],[-217,-168]],[[23311,42798],[120,204],[-159,-8],[98,187],[-83,116],[355,109],[-266,395],[336,89],[107,295],[-224,434],[304,29],[-62,429],[217,-240],[119,135],[-210,279],[-19,251],[228,-25],[-158,257],[392,124],[-173,222],[454,287],[-108,290],[202,-20],[-25,568],[216,-166],[82,188],[-177,60],[-99,421],[348,201]],[[25126,47909],[100,-481],[131,28],[100,389],[597,-405],[-308,-222],[44,-673]],[[79568,28657],[-104,-16],[-114,405],[-493,171],[-104,219],[-328,-149],[-283,123],[-1281,-1411],[-14,-310],[-149,138]],[[76698,27827],[-20,518],[-247,286],[-115,-95],[-112,464],[320,950],[-419,254],[-254,-310],[-317,7],[-90,-202],[-673,78],[-315,-208],[139,685],[196,183],[-214,204],[-293,-55],[-78,529],[195,254],[-355,154],[45,695],[-104,208],[-215,-130]],[[78388,35075],[542,-498],[206,-869],[309,-204],[-222,-247],[121,-302],[743,-394]],[[79431,30908],[-1313,1001],[-57,204],[93,104],[-196,167],[110,721],[-146,385],[-514,449],[-176,515],[-612,196],[42,225],[-178,497],[188,584],[-167,157],[125,463],[195,64]],[[36288,60441],[84,-347]],[[31505,62196],[295,448],[135,838],[-222,398],[6,657],[312,535],[701,687]],[[48688,46682],[-47,739],[-358,535],[245,242],[-389,143],[27,438],[-415,494]],[[47623,54488],[115,23],[167,-378],[280,825],[-378,-71],[-99,190],[82,210],[651,-211]],[[39603,32202],[-231,-49],[43,-294],[-193,-41],[-13,-236],[-405,27],[50,-202],[-256,-172],[123,-503],[-322,30],[-52,199],[-52,-443],[-125,-102],[-147,187],[-112,-330],[154,-81],[-233,-196],[93,-291],[-317,282],[-248,-2],[-79,-359],[-112,12],[10,176],[-106,-147],[63,-191],[-320,22]],[[11681,24435],[117,64],[-262,206],[73,159],[-121,337],[-208,104],[-214,-162],[210,382],[-284,48],[75,465],[-334,-305],[-140,156],[72,324],[-241,-153],[-241,261],[-86,-293],[143,-182],[-165,-357],[-115,112],[-35,697],[-185,18],[114,258],[-319,353]],[[15406,27506],[-477,893],[-700,463]],[[16762,30382],[83,-542],[517,36],[102,-793],[-156,-857]],[[75572,80174],[67,-164],[328,42],[249,-296],[57,-522],[-439,7],[-6,-207],[341,-18],[-78,-229],[354,-152],[-7,-417],[215,126],[-50,-371],[-306,146],[-199,-367],[70,-616],[-247,118],[22,-348],[-121,-155],[130,-356],[-238,-34],[65,-324]],[[17640,46982],[12,-1331],[434,-89],[59,138],[240,-256],[179,247],[770,181]],[[21771,42367],[296,-134],[123,274],[-40,328],[1017,158],[144,-195]],[[23311,42798],[-158,-387],[-242,-121],[128,-206],[-103,-132],[81,-388],[133,-46],[64,-392],[231,116],[33,-99],[-111,-164],[46,-196],[-184,-27],[193,-213],[-90,-263],[119,-55],[-205,-302],[14,-834],[-219,-488]],[[19536,32221],[-2252,516]],[[76083,41203],[-56,183],[-135,-28],[-333,-660],[-448,203],[-316,-450],[-350,-83],[110,-180]],[[70402,40382],[296,197],[293,1583],[-273,268],[-330,-191],[-190,668],[-251,-102],[-370,1089],[-616,456],[-55,176],[149,208],[-381,719],[-238,19],[-338,-339],[-240,195],[-43,713],[-330,523],[-361,128],[-556,-298],[-226,76]],[[19838,32142],[-176,155],[128,855],[-142,122],[-38,368],[263,27],[157,365],[276,-63],[-73,201],[212,-7],[52,404],[-101,130],[100,99],[-169,59],[10,299],[349,102],[-139,161],[175,498],[-84,383],[126,-56],[48,389],[325,338],[-122,569],[238,126],[209,409],[322,36],[241,370],[1016,120]],[[23041,38601],[341,-32]],[[45329,91142],[-318,648],[185,723]],[[45346,96642],[1032,-923],[686,158]],[[77682,43136],[-149,666],[-301,361],[35,352],[-173,693],[-198,28],[-251,475],[567,1941]],[[82094,48001],[44,356],[294,315],[481,17],[366,-236]],[[83279,48453],[-129,-573],[446,-494],[33,-980],[404,-338],[164,95],[122,-302],[-215,-1475],[-455,-941]],[[84428,39668],[-605,-553]],[[14578,32508],[57,-285],[-143,-187],[37,-162],[-244,213],[100,-440],[-209,-138],[165,-401],[-153,-337],[186,-88],[-114,-238],[-181,-11],[166,-261],[-120,-121],[124,-48],[-319,118],[197,-412],[-285,-133],[282,-411],[169,33],[-64,-337]],[[14229,28862],[-180,-575],[-352,-410],[183,-691],[-63,-324],[-250,63],[-445,752],[-209,81],[-153,-268],[-57,-892],[-219,-170],[-206,93],[-107,411],[306,876],[-171,219]],[[33745,24209],[512,-180],[380,582],[346,117],[80,-263],[-366,-820],[529,363],[461,-390],[191,-439],[370,79]],[[31474,70709],[-263,-647],[114,-103],[-81,-414],[-187,-248],[127,-189],[-16,-1016],[-771,-2244],[-1360,560]],[[25626,82772],[-116,-275],[45,-251]],[[37333,5973],[-419,503],[-659,-522],[-483,304],[-256,-154],[-504,521],[-356,-105],[-87,191],[-175,-144],[-201,203],[-177,-195],[-344,424],[-290,-338],[-606,-90],[-267,469],[-296,33],[-409,487]],[[81767,32552],[-447,939],[94,303],[-126,198],[123,160],[-233,646],[258,377],[-36,136]],[[81881,35393],[951,-161],[209,-244],[-121,-268],[69,-254],[258,68],[141,-279],[297,338],[139,-262]],[[83824,34331],[-276,-184],[-354,-1350],[175,-740]],[[76124,26415],[197,-31],[-81,106],[121,109]],[[76361,26599],[180,-161],[337,375],[-60,-172],[234,-481],[-17,-890],[116,-226],[317,75],[15,414],[155,167],[370,-29],[-14,-1336],[277,-234],[101,-630],[625,-252],[36,-430],[373,-563]],[[19334,45872],[7,345],[-165,-2],[-130,274],[170,522],[-128,127],[448,155],[-105,142],[35,265],[269,185],[-61,156],[454,226],[-116,414],[512,64],[35,240],[236,86],[-86,164],[284,301],[-165,143],[51,137]],[[22947,51127],[-160,-340],[-320,76],[-134,-216],[106,-418],[-330,-53],[-195,-592],[-718,-803],[1161,-1052]],[[22521,46926],[-297,25],[284,-314],[-126,-116],[-77,171],[-206,-335],[-215,70],[125,-283],[-125,-174],[-315,142],[-73,-377],[131,-143],[-38,-203],[202,-79],[11,-160],[-179,-74],[237,-432],[-199,-226],[168,39],[75,-233],[-112,-179],[161,-173],[-152,-139],[-118,-598],[88,-768]],[[21771,42367],[-341,-379],[-258,721],[-89,-84],[-225,309],[-191,-121],[96,277],[-328,58],[-2,1579],[-163,149],[-1862,-90],[49,363],[193,-90],[304,431],[130,-196],[52,171],[210,-61],[-12,468]],[[63023,83868],[-50,-341]],[[62997,82301],[-18,-3]],[[37074,8913],[-253,100],[168,261],[-115,173]],[[43684,17210],[262,-430],[-237,-881],[324,-750],[310,-252],[14,-404],[-277,-333],[-152,152],[-42,-151],[-435,5],[54,-432],[-281,4],[-75,-522],[282,-168],[191,162],[56,-204],[-191,-375],[-269,-34],[-37,-489],[-233,70],[-145,416],[-285,-129],[-71,119],[0,-137],[193,-127],[-96,-179],[83,-474],[508,86],[95,-236],[-128,-183],[103,-225],[-59,-163],[211,-93],[-11,280],[284,-57],[54,-321],[214,149]],[[28781,20128],[-6,-275],[328,-177],[425,303],[247,-233],[539,183],[860,-1205],[1760,26],[1003,-367]],[[36288,60441],[-46,235],[659,840],[-207,105],[-108,587],[299,1214]],[[36911,63444],[371,-625],[92,129],[197,-169],[404,75],[-67,245],[309,395],[750,-1915],[-495,-394],[-520,-77],[-112,-577],[198,-562],[-70,-150],[-513,132],[-83,433],[-107,-129],[-71,171],[-649,225],[-257,-210]],[[22006,25262],[-84,492],[305,232],[-201,247],[120,186],[-296,116],[113,388],[-305,274],[48,194],[-92,75]],[[35982,87869],[-160,790],[-393,602],[213,1283]],[[50941,14665],[-243,119],[-434,-663],[-352,36],[-225,250],[44,432],[-126,275],[-201,97],[-72,-394],[-187,-61],[-89,588],[-308,311],[-89,-667],[-461,389],[-595,-216],[-286,555],[-491,-227],[-281,-396],[-168,418],[116,403],[-462,252],[98,466],[-536,107],[-76,246]],[[45519,64080],[184,-271],[431,375],[247,-235],[128,146],[-53,138],[283,63],[-73,214],[221,243],[-43,263],[151,457],[416,392],[117,324],[-60,142],[474,1137]],[[81767,32552],[115,-338],[218,-45],[33,-367],[148,88],[32,-303]],[[79788,25568],[-90,227],[351,1273],[-54,902],[126,630],[-319,-104],[-234,161]],[[79568,28657],[36,391],[-194,340],[51,717],[-112,259],[82,544]],[[79431,30908],[149,515],[386,492],[121,646]],[[80087,32561],[570,-893],[109,267],[161,-34],[166,760],[674,-109]],[[24395,98048],[595,674],[723,115],[1007,-1008],[651,260],[494,-119]],[[28409,43851],[113,-159],[-20,647],[136,-200],[193,173],[93,-396],[427,-154],[-211,-342],[648,-93],[-465,-737],[470,-28]],[[20632,24219],[802,-145],[733,796],[-225,207],[64,185]],[[22006,25262],[752,-670],[133,278],[520,279],[-41,152],[266,427],[-16,283],[115,17],[-134,172]],[[22310,22384],[-102,-240],[171,-265],[-103,-292],[67,-360],[251,-289],[152,-809],[615,-129]],[[4361,48153],[83,834]],[[29894,59724],[-169,84],[-219,865],[-413,694]],[[28331,64111],[451,-190],[-30,-125],[339,86],[77,-283],[235,-87],[88,-226],[518,238],[231,-397],[74,98],[99,-219],[612,-240],[269,-508],[211,-62]],[[31505,62196],[285,-467],[273,-1155],[-254,-1219]],[[48033,61841],[372,54],[123,183],[9,431],[364,107],[-66,245],[250,50],[75,309],[-192,529],[-375,294],[105,300],[340,233],[-97,95],[86,519],[-173,72],[37,489],[-354,427],[-169,764],[-136,88],[71,230],[-370,-35],[9,243]],[[47942,67468],[31,72]],[[79860,24846],[-152,413],[80,309]],[[79788,25568],[315,284],[251,-33],[-8,174],[177,28],[-68,111],[53,80],[585,101]],[[40226,65894],[-1560,-1114],[-298,512],[82,255],[267,151],[360,973],[-244,104],[78,-230],[-182,-14],[-46,-319],[-319,18],[-86,-324],[-87,271],[-240,-448]],[[64260,68039],[-204,-636],[50,-222],[-140,-101],[107,-496],[-359,-783],[-562,-185],[-404,226]],[[18037,10359],[-184,370],[47,226],[-321,448],[222,-45],[118,531],[-537,460]],[[17382,12349],[144,542],[-100,224],[139,31]],[[22004,8786],[-861,705],[-421,717],[-163,-23],[-38,609],[-194,117],[-15,302],[-365,-343],[-1080,451],[-830,-962]],[[37980,72478],[-173,-363],[-203,-60],[-286,303],[9,682],[-446,104]],[[38091,75912],[129,212]],[[47615,90468],[-101,852],[142,269],[35,893],[-128,821]],[[50089,92540],[-328,-249],[143,-256],[-78,-382],[114,-26],[-161,-320],[151,-181],[-178,13],[-45,-249],[249,-66],[-136,-312],[163,-124],[-18,207],[155,-92]],[[50120,90503],[-108,-184],[220,-199],[-52,-245],[-146,129],[-37,-392],[-156,136],[-2,-242],[-148,86],[-2,-184]],[[41037,85236],[-728,-588]],[[40145,84791],[-35,326],[-245,50],[109,369],[-338,-130],[44,453],[-217,249],[131,271],[-33,282]],[[17575,57901],[44,184],[-186,142],[169,276],[-105,91],[119,430],[-145,398]],[[17471,59422],[574,-454],[994,-297],[419,486],[-15,361],[174,86],[88,361]],[[4907,27606],[-494,-341],[-318,-835],[-324,298],[-240,-86],[-70,-814],[-510,-634],[22,-809],[-119,-101],[-303,964],[-621,911],[-149,94],[-363,-343],[-173,278],[49,427],[-278,263],[-616,-97],[-123,2502],[-237,395],[-40,442],[236,263],[324,1174],[1233,2247],[425,2041]],[[22068,12779],[-1420,-333]],[[19097,16694],[-265,347],[34,369],[80,452],[385,483]],[[21054,17383],[1166,32],[189,284],[275,1],[342,300],[97,268]],[[26195,17014],[118,-168],[-234,110],[-93,-300],[-216,162],[95,-355],[-142,51],[-23,-285],[-205,70],[66,-250],[183,28],[144,-210],[-420,-136],[-17,-219],[246,116],[133,-135],[-3,-137],[-193,29]],[[36495,22869],[-274,174],[27,215]],[[36248,23258],[1582,1575],[439,1034],[621,456],[132,-300],[777,-237],[18,-506],[194,-51],[121,182]],[[46144,10088],[49,-406],[605,311],[173,-234],[102,144],[701,-304],[257,-451],[-121,-821],[101,43],[158,-372],[198,294],[31,479],[560,334],[347,598],[67,392],[546,527],[146,342],[171,-43],[113,279],[213,53]],[[51085,8704],[-122,-293],[136,-259],[-395,-351],[32,-280],[-206,47],[27,-340],[-205,-104],[125,-416],[281,-226],[-54,-323],[367,-92],[-93,-210],[135,-69],[-227,-172],[83,-204],[-203,-144],[35,-226],[313,-337],[131,-601],[291,-125],[-99,-258],[214,-205],[-153,-155],[43,-424],[-239,-269],[163,-242],[-100,21],[-85,-341],[-282,81],[-130,-292],[-149,53],[-108,-436],[-597,-85],[-140,250],[-897,-394],[-215,-308],[190,-207],[-23,-432],[-261,-336],[63,393],[-425,296],[-63,499],[-262,334],[29,298],[-194,439],[-289,-52],[101,440],[-263,492],[-223,85]],[[39851,59863],[116,157],[-383,201],[235,164],[178,-214],[196,273],[-6,-461],[129,-68],[82,428],[-221,431],[294,8],[-71,333],[96,116],[435,-491],[5,514],[-339,92],[30,158],[213,134],[54,332],[424,-195],[98,130],[-429,312]],[[20666,59153],[-99,409],[361,1165]],[[41337,40501],[205,-106],[131,-356],[-262,-247],[274,-762],[-127,-300],[114,-321],[-218,-1676],[212,-1145]],[[39692,33506],[116,476],[-109,-43],[-193,449],[-9,384],[-144,263],[-632,279],[-172,912],[89,222],[-145,396],[159,250],[-253,328],[92,194]],[[46562,62460],[120,251],[314,-560],[350,120],[76,-274],[439,410],[195,-8],[-16,-354],[-109,-50],[102,-154]],[[48033,61841],[55,-405],[301,-9],[180,-513],[212,313],[-169,139],[33,235],[312,-441],[302,134]],[[5434,55760],[58,470],[-298,1520],[-684,947],[-123,509],[47,806],[-273,937],[34,570],[866,1545],[621,339],[1157,1309]],[[6839,64712],[1070,-620]],[[28892,87099],[-176,631],[-309,442],[-633,194]],[[68823,75709],[-158,84],[198,367],[-121,195],[-266,21],[-47,211],[-483,251]],[[26696,79248],[-39,521],[-258,734],[-563,171],[-281,1572]],[[25555,82246],[213,-218],[429,-62],[453,151]],[[45329,91142],[429,-708],[388,134]],[[43907,91093],[1422,49]],[[26999,34368],[-146,111],[-21,-241],[-262,142],[-286,-418],[-5,230],[-130,168],[-45,-139],[-134,350],[-31,-335],[-97,-6]],[[24079,33048],[-275,71],[104,203],[-199,220],[223,3],[85,360],[44,-125],[218,92],[-116,309],[208,14],[51,199],[-240,296],[332,123],[-216,432],[285,-164],[81,287],[236,-55],[-263,157],[12,148],[91,-46],[34,292],[254,42]],[[24902,38429],[76,190],[361,76],[-157,849],[116,582],[-192,351],[-4,634],[-131,-55],[62,135],[-158,-10],[70,155],[-231,93],[185,230],[-129,139],[188,119],[-355,37],[268,349],[-123,175],[219,112],[-136,408],[263,-27],[-238,396],[395,114],[-285,158],[196,303],[-208,-78],[11,150],[-150,49],[281,213],[-411,232],[262,143],[-26,247],[327,83],[-124,132],[165,359],[-104,147],[146,-91],[-9,240],[143,-249],[-22,355],[227,96],[-106,250],[109,-24],[117,349]],[[25790,46545],[639,257],[265,-173]],[[26694,46629],[87,-104],[-162,-60],[94,-417],[-302,-72],[191,-109],[-84,-299],[298,269],[314,-563],[173,187],[223,-39],[96,282],[303,-67],[-16,-242],[-418,-445],[209,-406],[262,-13],[43,362],[172,91],[-135,-269],[306,-236],[29,-262],[-373,48],[405,-414]],[[28409,43851],[-79,-389],[-177,-5],[64,-213],[-197,78],[-109,-133],[25,-262],[-192,62],[131,-357],[-181,-34],[38,-316],[-162,40],[301,-173],[-248,-95],[163,-39],[-34,-246],[137,-4],[-100,-43],[9,-278],[-241,-126],[154,-281],[-64,-264],[568,-281],[15,-321],[-140,-87],[176,-320],[-134,-246],[204,-153],[-41,-251],[504,-901],[-133,-416],[268,1],[748,750]],[[42816,26695],[-22,169],[133,109],[-46,266],[-300,376],[-87,502],[429,-134],[218,592],[-189,254],[133,75],[12,275],[138,-91],[245,536],[-13,495],[-257,195],[149,551],[-57,131],[-294,-72],[-50,234],[458,628],[-125,528],[277,616],[119,796],[-304,5],[-623,-627],[-545,337],[-375,-17],[-303,-375],[-817,-54],[-515,-518],[-204,120],[-398,-395]],[[39603,32202],[-94,368],[89,144],[-205,178],[116,437],[183,177]],[[39692,33506],[207,-146],[-111,212],[293,-2],[-30,277],[188,-503],[126,198],[273,-176],[32,322],[198,-275],[-38,259],[255,-84],[-3,217],[130,64],[-86,249],[181,137],[223,-259],[300,511],[-168,304],[-193,41],[236,535],[-39,201]],[[41666,35588],[1301,-254],[632,736],[528,-655],[879,211],[-43,500],[235,-50],[40,232],[-289,571],[47,660],[-363,896],[98,208]],[[92010,31591],[-212,109],[-162,791],[-345,32],[368,1363],[-165,171],[-286,-213],[-365,115],[190,426],[-126,215],[-11,448],[-186,95],[95,152],[-104,152],[122,282],[-73,383],[166,424],[-544,227],[283,1000]],[[90655,37763],[26,305],[271,38],[174,559],[166,105],[433,107],[181,-517],[227,-37],[-155,551]],[[91978,38874],[421,-393],[458,993],[229,140],[140,968],[865,552],[89,217],[493,-400],[363,-546],[53,-393],[411,-6],[-3,-420],[-173,-215],[81,-150],[331,548],[17,267],[147,45],[7,241],[148,-393],[146,167],[127,843],[224,25],[-68,235],[136,219],[316,-570],[-61,-133],[154,-52],[-125,-277],[336,-153],[-100,-1178],[175,-547],[347,-814],[375,-257],[-326,-891],[-227,-186],[30,-151],[435,-324],[174,-436],[551,-537],[248,225],[553,28],[71,518],[156,-201],[104,191],[193,-42],[0,-372],[-843,-1092],[-233,-421],[-19,-397],[-1089,-1686],[-426,-1051],[-232,-1017],[-486,204],[-608,-565],[-345,-97]],[[92080,20590],[-229,-99],[-43,-698],[118,-119],[-535,-2048],[-251,-54],[24,-127],[-175,57],[0,183],[-190,-82],[-157,521],[-571,-662],[-4224,68],[154,-219],[-123,-78],[-57,221],[-92,-65]],[[34944,10611],[-42,202],[-262,-401],[-192,155],[-95,-148],[-242,320],[-1,243],[-222,-124],[-277,325],[-107,-157],[327,-306],[-207,-187],[-313,355],[3,615],[-249,-288],[-102,309],[-253,-38],[66,292],[374,79],[-173,249],[217,89],[-603,256],[-185,-213],[14,562],[295,-160],[-166,430],[-312,63],[5,-182],[-341,-146],[77,244],[-116,424],[-226,-243],[123,-329],[-177,160]],[[31030,14344],[218,179],[164,-195],[94,280],[3,-204],[231,-4],[205,227],[28,414],[285,-152],[-18,162],[127,7],[106,-292],[178,124],[240,-298],[330,113],[224,-130],[136,362],[328,97],[406,444],[-366,351],[100,270]],[[67626,66067],[-897,-1318]],[[65675,65665],[-479,347],[24,763],[-309,-112],[-138,236],[15,355],[-199,-123],[40,-183],[-174,14],[48,189],[-127,81],[128,167],[57,-131],[113,318],[-223,155],[65,223],[-256,75]],[[64260,68039],[-110,-10],[-32,238],[157,-103],[83,263],[-205,262],[75,212],[-215,51],[121,753],[-298,591],[-355,249],[-225,-50]],[[62870,70634],[179,141],[83,-120],[15,226],[-158,8],[76,196],[275,-188],[2,-217],[160,282],[-142,259],[226,-35],[142,466],[-134,188],[111,-11],[31,309],[-48,225],[-248,100],[121,203],[-174,126],[141,183],[-27,335],[-106,39],[152,17],[19,265],[202,-259],[-45,374],[201,-308],[-60,344],[228,-90],[-86,175],[194,394]],[[23382,38569],[1520,-140]],[[24902,38429],[281,-231],[141,-682],[-14,-609],[-186,24],[42,-253],[-125,14],[-4,-338],[-107,-52],[96,-194],[-122,-68],[124,-134]],[[25028,35906],[-1992,351],[-36,203],[174,-7],[-75,612],[323,972],[-40,532]],[[55465,81272],[-220,-206],[-266,39],[194,-367],[26,-398]],[[13009,79941],[427,809],[291,999]],[[40660,82212],[249,251],[-60,246],[217,264],[6,294],[717,108],[-11,1958]],[[43808,83199],[-108,-277],[-364,202],[-318,-668],[-522,-128],[-275,-411],[-485,-278]],[[22521,46926],[161,160],[-269,283],[-56,360]],[[22357,47729],[31,369],[320,166],[-172,293],[316,-83],[111,354],[-62,154],[284,226],[-199,277],[297,72],[-11,136],[-396,57],[400,187],[0,202]],[[23899,49204],[-61,-365],[190,-212],[-135,-132],[145,-140],[-208,-141],[200,-267],[-258,1],[-184,-409],[181,-218],[-247,-130],[99,-199],[-85,-170],[-539,92],[-200,-177],[-276,189]],[[61522,33521],[-184,-466],[26,-261],[-229,-113],[-38,-520],[-96,65],[-53,-1123]],[[57875,34364],[174,-117],[602,429],[123,990],[335,556],[-83,340],[-610,529]],[[55466,24630],[-117,-7],[-169,397],[-158,-285],[-273,71],[-62,-694],[-225,56],[-106,-171],[-453,355],[-16,-263],[-214,70],[-530,-426],[-90,-427],[95,-335],[-154,-75],[-51,-254],[-485,257],[80,165],[-314,65],[102,-276],[-244,-38],[17,-316],[-302,192],[63,-238],[-257,35],[-59,-227],[-245,-145],[-52,279],[-99,-8],[1,-582],[-150,-129],[-386,337],[-162,-949],[-138,-17]],[[48770,25542],[-74,184],[160,272],[279,-407],[149,138],[-39,198],[543,-102],[197,209],[63,-201],[91,146],[287,-302],[40,385],[340,734],[5,1006],[-522,-33],[29,160],[-246,280],[-370,209],[-68,229],[206,99],[-9,274],[-426,345],[-91,495],[330,234],[213,-336],[147,71],[32,-235],[288,108],[10,155],[154,-368],[699,248],[172,-131],[105,268],[35,-242],[159,-95],[-24,167],[114,12],[172,-398],[435,374],[351,-326]],[[35342,97347],[445,281],[311,-82],[266,-1325],[604,480]],[[29564,75700],[-381,-697]],[[63276,35761],[-317,1067],[-365,186],[-1067,1351],[-853,645],[-25,245],[-363,-294],[-128,163],[-196,-337],[-252,193],[-189,391],[-54,598]],[[12957,60882],[-418,2643],[131,410],[-45,466],[-656,116],[-687,-437],[-525,70],[-741,-317],[-129,294]],[[9915,64631],[184,-92],[453,1102],[523,411],[2289,-194]],[[14251,66806],[447,-591],[175,-613],[509,107],[95,-548],[256,-192],[-52,-631],[-308,-319],[528,-516],[14,-344],[219,-235],[8,-405]],[[16142,62519],[-1682,-2803]],[[14460,59716],[-392,157]],[[19336,55992],[249,-170],[-54,-416],[167,-164],[-83,-99],[117,-157],[-50,-292],[263,-39],[-189,-168]],[[60948,31103],[338,-982],[-640,-3152]],[[54945,26871],[186,369],[-672,101],[-95,162],[-141,-94],[4,230],[-310,151],[-65,-217],[-394,121],[-455,762],[-238,-110],[-74,416],[200,196]],[[58145,31794],[143,39],[89,315],[674,284],[70,-295],[759,34],[1068,-1068]],[[38478,59382],[67,-150],[40,253],[312,-100],[74,-280],[86,449],[300,-404],[52,327],[170,-31],[22,-238],[40,326],[-117,154],[95,100],[176,-273],[56,348]],[[39851,59863],[200,-592],[120,24],[24,485],[25,-257],[318,-234],[-329,-71],[168,-266]],[[39311,99459],[1332,-663],[591,-823]],[[40946,93178],[-321,265],[-146,516],[-423,529],[-334,934],[-488,757]],[[3464,35270],[-110,54],[-153,-348],[-34,270],[-151,-138],[0,193],[-243,28],[-81,231],[-276,-92],[-198,377]],[[2218,35845],[391,1017],[259,-31],[95,287],[-569,1469],[73,1357]],[[64467,87079],[-594,-221],[-68,546],[-449,44],[30,239],[-100,64]],[[62088,90048],[287,-248],[330,199],[847,-227],[172,293],[0,480],[605,203],[300,-254],[290,-762]],[[64919,89732],[68,-725],[-101,-1004],[-85,-438],[-334,-486]],[[40652,72473],[39,-245],[-273,180],[31,-251],[-156,-196],[577,-433],[96,-316]],[[39797,69674],[-420,-132],[-145,-511],[-156,158]],[[38049,71699],[-117,201],[48,578]],[[37980,72478],[166,-2],[84,285],[136,-124],[16,208],[195,-192],[-90,176],[86,96],[91,-187],[143,264]],[[26195,17014],[-329,179],[-409,-290],[-357,213],[185,229],[-89,318],[92,294],[301,186],[14,-219],[211,518]],[[27479,19295],[-198,-420],[201,-262],[525,83],[-229,-512],[215,-158],[283,238],[310,-337],[173,34],[10,-190],[-342,-349],[170,-593]],[[28468,14461],[-168,-5],[-226,384],[-595,464],[-327,-49],[36,419],[235,23],[55,-163],[94,165],[-65,120],[185,123],[-180,37],[-48,496],[-207,-78],[10,250],[-335,-130],[-512,502],[-225,-5]],[[80377,35379],[-243,-244],[-176,230],[-355,-572],[-279,-182],[-588,465],[-348,-1]],[[78388,35075],[99,314],[-153,224],[95,474],[-360,500],[-216,-88],[-50,-324],[-456,440],[-67,-137],[-149,200],[-306,-38]],[[76825,36640],[-135,384],[85,33],[-30,307],[-226,214],[29,324],[-206,183],[62,152],[-283,559],[211,198],[-48,180],[173,-91],[-67,175],[86,192],[212,-41],[52,263],[226,102],[-799,854],[-84,575]],[[76083,41203],[445,644]],[[25055,96148],[827,5],[83,-266],[1030,-11],[61,-254],[311,-207]],[[54643,41616],[259,18],[0,218],[241,-157],[91,505],[238,276],[-589,1672]],[[57188,44299],[252,-668],[310,-344],[104,-679],[164,57],[243,-696],[420,-400],[-39,-248],[828,-466],[-3,-886]],[[59467,39969],[-668,-999],[28,-190],[-183,-198],[34,-265],[-170,121],[-160,-143],[-89,-445],[157,-759]],[[58416,37091],[-406,-15],[-141,231],[-118,-115],[-105,199],[32,391],[-170,327],[-730,940],[-380,193],[-550,-96]],[[47510,56849],[-228,-122],[-471,296],[-115,-288],[-304,157],[-75,-243],[-234,11],[-52,202],[-768,277],[-396,-471],[250,-191],[130,-352],[-155,-254],[108,-313],[-295,-253]],[[43701,55037],[73,218],[-112,210],[233,246],[1,595],[-452,71],[-247,473],[117,146],[-116,184],[201,116],[-87,390],[123,10],[-299,327],[25,167],[193,-80],[-144,207],[150,142],[-153,194],[96,221]],[[46433,60947],[188,-513],[644,-373],[-194,-614],[348,-435],[-393,-532],[270,5],[131,-429],[195,227],[-148,-498],[55,-257]],[[17674,77252],[-32,936],[222,759],[-36,436],[-309,1064],[-813,1478],[-144,775],[52,472],[-497,181]],[[18841,82765],[-52,-291],[254,-186],[-150,-1664],[181,-580],[359,-520],[127,-568],[-490,-1145]],[[38091,75912],[255,-774],[-235,-156],[-557,-1128],[-673,-710]],[[36881,73144],[-312,-251],[-435,479],[-399,-181]],[[35648,73608],[419,292],[107,380],[495,147],[102,408],[606,143],[199,635],[313,-215],[202,514]],[[67520,72341],[298,224],[173,-330],[691,69],[257,371],[260,-53],[11,258],[-147,22],[46,182],[138,-207],[86,112]],[[68043,85048],[316,-84],[32,259],[760,634],[63,335],[-88,84]],[[69126,86276],[174,-24],[50,513],[270,115],[190,318],[154,-62],[24,443],[527,505],[-45,1495]],[[70470,89579],[299,-569],[821,-524],[-241,-857],[71,-350],[398,-332],[95,128],[177,-286],[512,137],[367,-554]],[[48868,86346],[30,-933],[-329,-935]],[[45915,85387],[35,216],[-230,282],[-350,56],[-337,529],[-321,-42]],[[43527,87826],[241,-26],[298,473],[638,349],[711,-268],[524,369],[150,470],[-139,726],[196,649]],[[46146,90568],[153,609],[271,-322],[272,-717]],[[70304,58835],[301,354],[-17,226],[271,-57],[255,570],[322,150],[1884,-994],[172,314],[-6,383],[551,774],[-28,247],[-31,-168],[-136,24],[-246,679],[132,1349]],[[44368,71729],[-98,162],[94,380],[-120,165],[-552,90],[-100,309],[-317,22],[34,407],[-149,320],[-149,-173],[-172,66]],[[45423,75396],[354,-746],[-187,-504],[109,-952],[-72,-320],[110,-66],[-118,-217],[176,-322],[-147,-140]],[[29093,61367],[-236,-353],[-149,-584],[-389,-223],[-797,33],[-231,-416],[-148,-992],[-170,-169],[431,-335],[-11,-488],[-834,-685]],[[26640,61384],[132,508]],[[28111,63995],[229,-814],[125,19],[-55,-525],[465,-589],[-55,-109],[87,29],[42,-359],[156,-40],[-12,-240]],[[67182,74921],[-68,-668],[142,-159],[16,-537],[161,-267],[-299,-667],[180,-365],[206,83]],[[67520,72341],[-117,-493],[393,-302],[140,161],[351,-1190],[267,-61],[98,-805]],[[68254,68120],[-900,893],[93,61],[-26,359],[-239,995],[-422,693],[154,200],[2,355],[191,109],[-101,95],[-60,849],[-453,655],[187,929],[-258,322]],[[30631,77144],[79,273],[-158,203],[74,153],[-234,847]],[[43303,58874],[-108,202],[-629,-179],[-117,-240],[-69,-967],[149,-36],[-132,-257],[-460,51],[-923,-519]],[[40441,58812],[-64,140]],[[40377,58952],[1767,1564]],[[46109,61702],[115,-243],[305,218],[199,-247],[6,-169],[-301,-314]],[[46433,60947],[-154,-114],[46,-216],[-116,-238],[-222,19],[170,-221],[-174,-119],[106,-216],[-150,101],[-206,-276],[66,303],[-240,127],[63,-252],[-140,-216],[-232,211],[-781,-136],[-285,-797],[-316,-369],[-565,336]],[[37430,98751],[204,904],[307,344],[440,-105],[509,-418],[421,-17]],[[39311,99459],[-10,-273],[380,-670],[-90,-599],[89,-258]],[[57251,81760],[-30,-272],[-276,-301],[-125,-995],[-358,-26],[-652,878],[-345,228]],[[55465,81272],[22,258],[-398,918],[338,490],[-42,980],[273,456],[-236,333],[101,268]],[[17834,51846],[79,154],[-148,272],[85,159],[-99,65],[31,334],[-330,544],[169,270],[-48,121],[188,-203],[56,172],[-222,759],[239,175],[-223,121],[188,153],[-361,368],[23,327],[-188,68],[163,127],[194,-225],[109,89],[-143,308],[164,203],[-181,243],[-33,321],[94,40],[-254,494],[142,246],[-97,195],[144,155]],[[17575,57901],[484,-586],[226,299],[301,-32],[281,259],[258,-699],[-40,-420],[226,-256],[25,-474]],[[19336,55992],[-94,-382],[-577,-668],[27,-410],[-138,-300],[145,-41],[125,-518],[-128,-406],[109,-339],[435,-96]],[[70017,75790],[306,886],[-252,41],[-45,234],[-256,144],[-109,549],[352,253]],[[71097,81208],[337,-211],[-121,-17],[51,-339],[293,134],[68,-255]],[[72487,78149],[-436,-634],[560,-327],[313,-562],[-214,-779],[119,-657]],[[67485,79036],[-33,-301],[274,-208],[-50,-285],[-292,-23],[42,-169],[241,90],[81,-291],[380,136],[-282,-190],[3,-259],[-178,44],[39,-142],[629,105],[-335,-359],[-58,-346]],[[67946,76838],[-99,-468],[-235,-4],[85,-463],[-370,-294],[-20,-587],[-125,-101]],[[67182,74921],[-293,123],[-467,-409]],[[66422,74635],[-865,-146]],[[65465,79392],[81,285],[393,293],[579,33]],[[26553,57158],[1,-1646],[156,257],[222,-63],[111,298],[223,-21],[160,330],[100,-73],[707,1252],[866,83]],[[28104,52911],[-71,-164],[-163,103],[40,-252],[-161,87],[49,341],[-299,-29],[93,-169],[-99,-137],[18,171],[-178,88],[33,-429],[-131,86],[-68,-169],[-48,448],[-234,156],[-96,-320],[-154,311],[-34,-380],[121,-148],[-224,13]],[[31870,70017],[-149,492],[-247,200]],[[31474,70709],[-35,312],[537,973],[-8,830],[267,220],[-21,574],[99,253],[185,48],[74,763],[165,395],[116,-4],[21,341]],[[46005,67982],[-285,-84],[-72,-212],[-270,150],[-109,-290],[-16,176],[-275,115],[-345,-314],[19,-466],[-167,18],[196,-444],[-146,-4],[-69,-263],[-179,318],[-268,-266],[-28,-364],[-170,91]],[[75473,19617],[-138,-414],[-91,130],[-241,-96],[48,-387],[-329,202],[-145,-322],[-187,218],[-194,-336],[-189,150],[-27,-254],[-170,-148],[-161,175],[-118,-198],[-69,162],[-230,-151]],[[71079,16624],[-123,248],[-282,-299],[194,-223],[-370,-667],[-82,132],[206,690],[-444,298]],[[70178,16803],[5,471],[385,-322],[38,597],[-324,942],[-244,209],[-192,-73],[-86,773],[121,181],[-392,378],[-672,-491],[-392,149],[-191,288],[-330,-153],[-241,247],[-121,-71],[-477,1359],[-448,244]],[[72970,27697],[30,-287],[655,-468],[274,30],[0,-846],[41,316],[217,130],[108,-154],[149,189],[51,-178],[238,215],[25,-176],[165,388],[337,-220],[79,215],[93,-121],[234,144],[64,-163],[-89,-136],[483,-160]],[[76124,26415],[-138,-840],[177,-2058],[-242,-1246],[1449,-605]],[[30762,41725],[114,148],[-184,194],[0,225],[-356,370],[-31,-874],[-334,124],[70,-587],[-89,-14],[-267,604],[381,287],[-273,360]],[[29793,42562],[13,457],[198,-212],[-51,206],[106,66],[107,-176],[145,401],[291,43],[78,535],[343,135],[212,400],[395,45],[-150,546],[112,561],[-129,396],[145,189],[-73,208]],[[58005,89658],[566,84],[273,-354],[169,1],[298,215],[523,1280],[408,62],[170,-235]],[[60662,88149],[-249,-480],[-2,-623],[-452,-566],[-180,-841],[-160,215],[-436,-520],[-389,-7],[-83,-191],[-137,259],[-326,142],[-335,-296]],[[46562,62460],[15,-258],[-468,-500]],[[46109,61702],[-281,73],[-418,-484],[-269,73],[-279,-276],[-374,334],[-339,-117],[111,628],[-154,505]],[[44666,64640],[383,195],[245,-272],[-378,-618],[140,-423],[131,66],[142,606],[190,-114]],[[45519,64080],[4,-525],[100,-100],[216,199],[723,-1194]],[[15068,32629],[-490,-121]],[[14578,32508],[227,351],[-201,229],[105,127],[83,-141],[-42,211],[206,153],[-283,157],[251,300],[-219,29],[27,242],[149,97],[-42,197],[-104,-120],[-86,396],[132,-19],[130,255],[-269,968],[149,109],[-174,293],[31,615],[-163,235],[151,200]],[[16566,36854],[25,-227],[-152,-52],[130,-137],[-120,-243],[81,-34],[-30,-448],[1344,-187],[-85,-207],[419,-237],[-75,-364],[-144,149],[-182,-89],[323,-240],[-139,-287],[55,-329],[-241,-338],[68,-188],[-301,-117],[-12,-161],[-122,225],[-272,-82],[321,-407],[-172,35],[-1,-152]],[[26441,90804],[105,-234],[-327,-242],[77,-423]],[[41030,87336],[-352,-103],[-177,-298],[-572,-372],[-368,98]],[[39561,86661],[-14,258],[-250,-222],[27,379]],[[39181,87971],[200,473],[-83,488],[-154,104],[130,87],[-208,104],[30,476],[-243,-107]],[[38737,91427],[220,-174],[125,140],[152,-295],[255,-96],[201,-434],[836,-527],[43,-223],[335,-45],[78,-276],[192,199]],[[51577,74511],[83,316],[-181,93],[109,159],[-125,187],[-211,-36],[5,-228],[-209,158],[-7,-192],[-212,207],[-101,-233],[-100,250],[-197,-123],[66,114],[-158,273]],[[50339,75456],[-109,1856],[-172,375],[-26,529],[173,1149]],[[50205,79365],[444,-122],[43,-249],[221,150],[51,453],[214,0],[278,1489],[65,-169],[202,240],[-579,1018],[442,560],[574,24],[-205,382],[26,407],[-246,401],[15,306],[33,159],[543,-1]],[[52323,83825],[-9,-575],[587,-77],[-9,-395],[372,8],[472,-2250],[491,-289],[247,185],[725,-92]],[[55199,80340],[-94,-392],[-184,216],[-169,-136],[252,-544],[67,-712],[213,-262],[229,184],[102,-106],[-42,-573],[-167,-392],[164,-106],[377,329],[122,-176],[-66,-622],[-279,-282],[-32,-644]],[[36372,60094],[990,-161],[85,-171],[37,130],[202,-466],[335,109],[457,-153]],[[38478,59382],[-623,-248],[-54,-400],[-377,-107],[-72,-267],[-322,37],[-194,-327],[-208,23],[95,-309],[-258,34],[-297,-582],[-265,111],[711,-760],[769,-341],[59,-156],[-262,49],[40,-290],[-131,148],[3,-288],[-162,93],[-194,-194],[141,-368],[-56,-232],[-149,267],[-23,-208],[-221,158],[109,-226],[-284,-58],[44,-252],[-391,-187],[25,-208],[-141,141],[46,-189],[-114,9],[-194,-417]],[[33021,57592],[372,362],[172,594],[-59,351],[255,147],[-4,418],[298,470],[-93,412],[116,185],[221,-92],[196,439],[195,-122],[87,266],[1595,-928]],[[42144,60516],[28,509],[-437,-12],[-417,295],[1193,1110],[-203,61],[-109,-183],[-62,242],[106,248],[-261,-99],[50,268]],[[44538,65250],[-320,-696],[276,276],[172,-190]],[[44666,64640],[-56,-244],[129,-56],[-12,-419],[-161,18],[-57,-326],[162,-239],[-565,-936]],[[44106,62438],[-424,-227],[90,-255],[-1628,-1440]],[[44016,96376],[1330,266]],[[45346,96642],[34,-4133],[-184,4]],[[45196,92513],[-110,671],[-748,336],[127,856],[-69,545],[-485,692]],[[55858,18487],[-526,183],[-537,620],[-76,673],[101,288],[-314,834],[-145,-4],[-73,506],[304,467],[571,127],[-106,370],[185,418],[233,-90],[113,362],[181,-3],[-198,1296]],[[29775,52817],[-124,30],[-53,-154],[137,-98],[-126,-57],[-111,95],[39,181],[-232,-80],[199,181],[-447,87],[-218,333],[-161,-130],[24,177],[-133,46],[-99,-197],[-154,118],[-194,-154],[122,-198],[-140,-86]],[[28104,52911],[-220,360],[116,61],[77,445],[187,28],[123,619],[228,242],[-49,852],[362,625],[-24,815],[195,617]],[[29099,57575],[753,218],[107,652],[261,489],[-326,790]],[[29894,59724],[212,250],[137,-83],[631,719],[362,-396],[30,-627],[543,-232]],[[31809,59355],[235,241],[170,751],[107,-233],[-165,-698],[407,-316],[458,-1508]],[[33021,57592],[256,-798],[-403,-684],[0,-289],[-468,-1292],[-498,-783],[118,-1508]],[[38666,83980],[340,559],[319,229],[820,23]],[[40145,84791],[164,-143]],[[40309,84648],[51,-420],[-268,-407],[241,-532],[-115,-197],[164,-87],[9,-165],[-191,-67],[61,-321]],[[45423,75396],[-329,-647],[-581,-61],[-323,170],[-227,-315],[-217,140],[-334,-493],[-525,-133],[-48,-580]],[[42839,73477],[-149,-34],[104,-230],[-210,144],[-106,-302],[-37,347],[-123,-242],[-87,290]],[[43133,80509],[141,116],[101,-469],[256,200],[45,-248],[197,111],[65,-226],[173,87],[-130,-137],[41,-238],[124,90],[144,-176],[-98,-113],[102,-234],[146,232]],[[45414,78346],[-99,-584],[271,-163],[-124,-92],[167,-30],[-143,-215],[217,-149],[12,-167],[-81,34]],[[45634,76980],[-28,-167],[-131,33],[66,-243],[-188,-241],[103,-213],[-124,-290],[91,-463]],[[79639,22099],[221,2747]],[[79860,24846],[120,-75],[251,-975],[243,-75],[310,-406],[575,-51],[165,-335]],[[80612,18376],[-343,-260],[-495,97]],[[19035,16589],[62,105]],[[19097,16694],[486,-185],[266,-412],[-35,-326],[366,-155],[67,-568],[346,-253],[-115,-400],[172,-101],[206,-507],[48,-825],[-256,-516]],[[20648,12446],[-448,298],[-160,-134]],[[36874,9447],[-442,-133],[218,535],[-483,286],[-113,-359],[-160,272],[-14,442],[-153,-138],[33,-298],[-97,-116],[-118,273],[-281,13],[-22,324],[-168,-371],[-130,434]],[[34944,10611],[490,811],[923,680],[138,325],[7,1382],[-609,-50],[-140,755],[-484,-78],[-159,807],[178,552],[-155,186],[-338,-523],[-90,246],[-394,161],[7,248],[-269,-14]],[[34049,16099],[191,274],[-154,534],[-181,110],[32,1366]],[[33937,18383],[508,65],[168,290],[-136,195],[411,123],[-102,317],[379,64],[-39,215],[172,26],[-6,181],[180,-68],[-83,94],[141,263],[-88,171],[325,120],[-175,309],[208,-69],[147,265],[-93,109],[171,198],[-31,285],[166,389],[180,75],[-76,681],[229,49],[2,139]],[[36495,22869],[335,-388],[249,494],[201,67],[246,-547],[346,-59]],[[38424,18557],[-230,-282],[354,-453],[-124,-232],[140,-283],[-124,-205],[95,-133],[-208,42],[-153,-443],[71,-127],[227,127],[-42,-200],[101,-66],[-270,-473],[152,-111],[-247,-619],[73,-119],[-131,-85],[72,-235],[-108,-415],[128,-37],[35,-381],[-187,-381],[202,-345],[91,-754],[-336,-516],[38,-403],[-410,-610],[-344,-886],[-387,-188],[-28,-297]],[[42081,54700],[1620,337]],[[43701,55037],[1204,268]],[[44905,55305],[735,166],[153,-1453],[1830,470]],[[47623,54488],[117,-430],[-204,-281],[193,-221],[335,-24],[-120,-172],[96,-154],[-32,-652],[-273,-449],[305,134],[36,-163],[-272,-602]],[[7943,46715],[10,263],[-168,-107],[-15,229],[-295,3],[125,232],[-229,258],[-87,-281],[-392,322],[-201,-147],[226,794],[-210,133]],[[4571,50626],[-267,1968],[146,1020],[468,894]],[[19235,76958],[242,-9],[415,-441],[319,323],[202,-125],[878,983]],[[22760,76516],[-337,-5356],[-372,133],[-146,263]],[[42231,73450],[-119,-166],[-124,119],[-219,-311],[-34,211],[-305,-166],[53,-328],[-91,-89],[-174,192],[-153,-411],[-158,229],[-133,-331],[-122,74]],[[40652,72473],[50,793],[-325,451],[-95,-53],[-9,257],[-456,-287],[-272,69],[56,-272],[-93,140],[-171,-99],[39,-159],[-119,74],[110,-267],[-189,-291],[-99,108],[-136,-201],[-136,266]],[[38807,73002],[238,313],[-32,224],[208,133],[-86,235],[168,148],[-7,389],[141,19],[-93,153],[107,-37],[292,667]],[[42071,80689],[180,-3],[95,304],[20,-259],[371,56],[175,-409],[221,131]],[[43133,80509],[-59,-358],[187,-165],[-45,-298],[107,-68],[-169,-134],[104,-166],[-108,-360],[96,-99],[-51,-221],[128,-80],[-134,-117],[99,-78],[-94,-165],[152,-31],[-97,-227],[141,-598],[-53,-426],[229,-215],[500,67],[76,-263],[-894,-1132],[-517,-1246],[-314,-90],[-186,-589]],[[51273,73618],[154,82],[-172,476],[173,12],[-79,202],[228,121]],[[51577,74511],[257,-51],[76,-186],[-98,-384],[-180,93],[121,-1114],[-96,-42],[18,-470],[-103,-55],[58,-328],[-150,-359],[-139,56],[-103,-697],[682,-694],[233,34],[144,-353],[191,19],[108,365],[101,-95]],[[50736,67332],[-289,-244],[-574,825],[-379,42],[-211,332],[-349,-471],[-91,144],[-115,-231],[-101,204],[-108,-154],[-30,168]],[[48259,71604],[-36,188],[179,57]],[[48402,71849],[84,-139],[187,134],[110,-297],[300,-127],[109,142],[258,-112],[207,245],[640,-239],[214,85],[217,337],[172,749],[230,25],[99,199],[44,767]],[[24052,91944],[-706,26],[-277,427]],[[22632,96773],[344,724],[264,-869],[198,407],[549,546]],[[22576,62239],[-115,-1218],[-291,51],[-31,152],[-313,-119],[-30,254],[-76,-130],[-236,209],[-170,-203],[84,-163],[-383,-133],[35,-313],[-122,101]],[[20928,60727],[-323,-156],[-287,224],[-78,-172],[166,-107],[-34,-172],[-274,36],[-73,-354],[-320,-61]],[[19705,59965],[-113,434],[166,-131],[-96,264],[179,79],[-156,342],[-59,652],[77,903]],[[21426,66587],[234,176],[187,-284],[86,287],[152,17],[860,-395]],[[41736,81639],[-23,-395],[219,-50],[47,-247],[94,162],[146,-162],[-148,-258]],[[42071,80689],[-71,-608],[178,-134],[-56,-823]],[[41083,77138],[-282,30],[-172,-305],[-159,38],[-133,-441],[-129,-38],[-10,-318],[-164,134],[-4,-525],[-287,-467]],[[39743,75246],[-1523,878]],[[38220,76124],[0,3]],[[38300,78965],[322,592],[-128,323],[83,347],[407,190],[133,345],[661,329],[167,339],[137,3],[179,1019]],[[40261,82452],[399,-240]],[[40660,82212],[-31,-226],[528,-396],[156,-185],[-36,-145],[459,379]],[[31654,11462],[476,-618],[155,-637],[-223,-600],[137,-325],[-174,-392],[46,-221],[-171,-418],[76,-206],[-172,-485]],[[31804,7560],[-454,-288],[-391,84],[-360,-173],[-1152,1494],[-333,-127]],[[13719,53559],[0,-2563]],[[24148,8260],[-991,-520],[0,227],[-512,238],[-296,493],[32,167],[-377,-79]],[[22004,8786],[-313,1914],[150,339],[-144,197],[126,313],[-123,239],[310,-57],[-15,304],[-115,25],[191,100],[-146,32],[4,202],[326,-126],[-23,542],[-164,-31]],[[22068,12779],[63,239],[263,-18],[-53,325],[108,-205],[158,38],[-72,444],[301,-75],[-25,316],[290,218],[-205,152],[1584,97],[16,261],[179,146]],[[35817,34781],[-420,35],[-68,292],[-192,117],[12,938],[-351,119],[9,207],[-165,170],[-120,-154],[-160,617],[-103,-56],[40,210],[-249,-107],[96,94],[-75,192],[154,168],[-147,147],[35,146],[-150,26],[-59,215],[-58,-421],[-125,105]],[[36884,41319],[90,-270],[188,69],[147,-163],[-87,-612],[113,102],[177,-579],[261,24],[10,-178],[199,-94],[-51,-683],[120,-457],[370,-10],[200,-452],[-130,-400]],[[38491,37616],[-181,-48],[6,-191],[-85,59],[-121,-278],[-100,129],[83,198],[-262,-3],[1,249],[-192,-165],[25,-199],[-341,255],[82,-297],[-73,-316],[-422,418],[-63,-221],[-171,175],[5,-252],[-236,160],[18,-291],[-160,133],[85,231],[-245,360],[-170,-471],[130,-384],[-80,-169],[107,-799],[-146,11],[-30,-304],[-116,-24],[268,-626],[315,-159]],[[45958,68625],[-467,748],[-124,554],[-663,-105],[-26,-140],[-330,171],[-238,-502],[65,-121],[-370,-106],[-521,-600]],[[43285,69589],[45,565],[232,119],[-64,284],[226,12],[-24,260],[141,217],[109,-132],[94,285],[200,-21],[-190,246],[55,184],[212,-165],[47,286]],[[44368,71729],[305,88],[256,512],[365,291],[354,-491]],[[45648,72129],[242,-90],[24,-317]],[[9634,39028],[34,140],[255,-102]],[[10095,38436],[139,-439],[-67,-976],[117,-387],[310,-107],[317,-406],[-65,-506],[132,-273],[-116,-165],[129,-331],[-163,-71],[127,-161],[-143,-105],[52,-189],[1249,-718],[302,121],[116,-416],[-236,-275],[332,-32],[81,194],[117,-311],[-224,-79],[60,-188],[-96,-187],[155,-86],[-142,-46],[-19,-215],[-81,279],[-216,-160],[254,-327],[-211,52],[52,-259],[191,-53],[-157,-226],[-196,10],[-30,-256],[241,-181],[-210,-138],[186,-145],[-5,-239],[-219,-80],[305,-296],[-217,-82],[114,-477],[-186,-60],[139,-260],[-50,-187],[249,67],[154,-304],[-206,-587],[-210,120],[56,-266]],[[12306,28027],[-169,-5],[-1154,-1306],[-314,287]],[[94233,20827],[-17,11],[-8,16],[34,-26],[-9,-1]],[[92080,20590],[-39,197],[-196,83],[86,181],[-186,133],[92,185],[-435,801],[-77,412],[-500,229],[-33,1297]],[[93180,23888],[-807,-2285],[-70,-1026],[-73,123],[-150,-110]],[[94868,23321],[-23,36],[35,37],[18,-40],[-30,-33]],[[94811,23393],[-6,-20],[-41,48],[19,0],[28,-28]],[[50736,67332],[287,1012],[433,-27],[224,-278],[523,470]],[[53461,64974],[-344,-115],[-429,348],[-104,413],[-278,79],[102,304],[-151,467],[-331,319],[-288,92],[-267,-192],[-635,643]],[[6466,35690],[-116,568]],[[9079,36709],[158,4],[36,-3751],[236,-728]],[[7909,54714],[-2,-352],[128,-120],[-164,-421],[49,-466],[-304,2],[-3,-253],[-526,41],[-107,-269],[-750,14],[-450,816],[-180,146],[-82,-188],[-79,314],[-158,1],[-363,529]],[[4918,54508],[516,1252]],[[5434,55760],[101,-227],[124,104],[160,-167],[490,144],[180,235],[59,-162],[249,14]],[[26650,82117],[127,106],[76,818],[569,256],[218,461],[6,337],[377,121],[341,1682]],[[28156,81450],[-443,691],[-620,-264],[-443,240]],[[47445,86907],[-603,3231]],[[46842,90138],[773,330]],[[47615,90468],[676,40],[-306,-1491]],[[7891,36923],[-422,-408],[-191,210],[5,-264],[-151,58],[-98,-253],[-290,441],[-63,-475],[-331,26]],[[6350,36258],[-247,193],[32,324],[-132,277],[-769,430],[-213,580],[-266,-232],[-208,86],[-176,491],[-410,175],[-102,467],[-203,-7],[-170,345],[-304,-142],[19,173],[-146,37],[258,618]],[[6908,40458],[-59,-304]],[[22576,62239],[369,4149]],[[22945,66388],[1076,-230],[72,-229],[433,-125],[57,-332],[156,26],[52,-235],[330,261]],[[26505,64873],[-154,-357],[111,-227],[-132,-403],[126,-34],[-153,-178],[238,-1231],[231,-551]],[[26772,61892],[-452,218],[-143,-100],[-43,183],[-2133,1033],[-533,-746],[-537,60],[-238,-352],[-117,51]],[[89975,25953],[-949,706],[-157,-34],[12,-282],[-240,19],[-397,-373],[-679,361],[-393,-1078],[122,-257],[-579,-33],[-259,-695],[-805,-703]],[[86668,32953],[29,731],[238,265],[666,-449]],[[87601,33500],[-123,-258],[178,-347],[-133,-768],[320,-216],[-85,-263],[160,-430],[-94,-162],[292,-1005],[396,-565],[146,121],[317,-212],[337,71],[431,-470],[301,-80]],[[43542,87564],[856,-881],[182,93],[132,-348]],[[44712,86428],[-253,-1569],[-529,-415],[-44,-553],[-353,-9],[275,-683]],[[43808,83199],[-710,298],[-258,847]],[[41661,89527],[289,1151],[-150,207],[302,229],[67,1432]],[[42771,92519],[129,-246],[425,-185],[233,-637],[349,-358]],[[43907,91093],[-75,-360],[134,-139],[63,-451],[-563,-324],[-85,-577],[-525,-883]],[[29101,83464],[782,1178],[-2,1070]],[[58440,80226],[176,519],[-77,779],[130,88],[-131,39]],[[58915,82523],[24,-581],[317,69],[-201,-154],[19,-199],[111,71],[82,-278],[193,149],[21,-273],[267,-58],[-158,-301],[225,12],[15,-286],[103,115],[451,-352],[-24,-180]],[[20879,49816],[-361,57],[-134,270],[65,143],[-313,457],[-397,-295],[-312,629],[-175,-142],[8,-440],[-519,-1317],[-639,233]],[[17925,51022],[-50,126],[172,232],[-167,62],[-46,404]],[[17834,51846],[1449,-84],[69,362],[-107,71],[147,224],[-152,413]],[[19240,52832],[143,-16],[-104,195],[170,-42],[38,255],[109,-134],[148,147],[-40,205],[115,120],[-134,106],[86,142],[-64,250],[146,10],[-100,218],[173,74],[-170,125]],[[19756,54487],[1129,268],[-245,265],[-38,214],[159,65],[4,223],[-263,424],[54,189],[-153,514]],[[21854,52295],[54,-197],[-155,72],[-64,-226],[-262,-26],[96,-370],[-221,81],[-223,-680],[44,-237],[-149,58],[229,-553],[-55,-211],[-183,-19],[44,-206],[-130,35]],[[29063,46891],[-122,320],[93,144],[236,-140],[154,475],[-224,273],[91,297],[-67,217],[125,-65],[-22,309],[201,-161],[88,117],[-232,184],[-31,230],[345,-66],[90,173],[-130,288],[117,94],[54,-138],[214,563],[307,119],[-31,150],[159,43],[228,710],[-212,1104],[-719,686]],[[29775,52817],[305,10],[-114,62],[107,160],[-130,196],[211,52],[63,-123],[-109,-96],[207,-84],[-61,-122],[105,31],[76,-322],[-23,172],[137,-108],[11,229],[175,-421],[27,123],[216,-99],[240,351],[84,-74],[-37,-397],[290,201],[3,-283],[163,-178],[305,141]],[[32868,46920],[-219,55],[-54,-181],[-199,412],[-205,-224],[82,-185],[-141,94],[-323,-485],[-57,157],[-161,-52],[-87,341],[31,-490]],[[31535,46362],[-679,167],[-128,-104],[110,-238],[-85,-171],[-211,72],[-16,191],[-174,-30],[235,194],[-447,151],[124,-358],[-84,-102],[-408,261],[-175,-127],[-334,386],[-161,-517],[-85,262],[232,341],[-186,151]],[[37410,86020],[119,-602],[226,-385],[489,-20],[-383,-498],[32,-679],[208,133]],[[36039,82110],[-1515,-759],[-833,507],[-28,403],[-305,264]],[[33362,82922],[587,842],[1022,110],[856,626],[215,-84],[164,758],[-301,1788],[77,907]],[[35982,87869],[992,-386]],[[21054,17383],[-68,-271],[-38,279],[-272,219],[-311,-105],[-423,411],[-300,36],[-152,-182],[-105,350],[75,272],[-129,-47]],[[19331,18345],[-94,85],[72,385]],[[21614,22269],[-2,-480],[86,6],[-41,177],[248,-154],[-72,-111],[126,-234],[-184,-2],[103,-454],[144,-112],[-229,-81],[13,-347],[232,-544],[-197,-111],[-122,-456],[-223,-27],[-240,-1021],[-349,-152],[147,-783]],[[63588,77010],[-2106,49],[-501,-328]],[[60405,78524],[131,235],[-264,254],[126,332],[-214,81],[103,384],[-292,41],[310,315],[-113,137],[168,-26]],[[60360,80277],[133,-138],[624,97],[244,-676],[223,219],[227,-156],[303,169],[199,380],[253,-24],[190,595]],[[33721,37841],[76,-318],[-298,105],[-48,-339],[83,50],[37,-199],[-155,90],[107,-269],[-263,-313],[126,-87],[-51,-191],[207,28],[-45,-207],[-181,19],[77,-248],[-423,-677],[555,-448],[-2,-746],[-245,-368],[94,-781],[-1228,290],[-260,-578],[44,-266],[-194,-4],[84,-440],[-68,-301],[-123,25],[75,-187],[-312,-346],[2,-438],[-219,4]],[[28185,30032],[173,136],[-211,-4],[198,419],[133,-236],[73,310],[-114,73],[16,277],[161,-4],[-236,257],[164,-74],[117,292],[63,-233],[157,78],[-34,401],[231,-142],[-88,119],[94,158],[-128,136],[69,151],[-103,48],[139,245],[-126,241],[179,-16],[27,143],[-131,12],[139,307],[417,260],[-32,289],[170,243],[-473,428],[-2230,22]],[[26999,34368],[-51,373],[570,223],[171,-215],[-13,249],[141,-142],[145,115],[34,434],[223,-165],[88,247],[229,-71],[58,288],[207,121],[307,-120],[424,389],[254,-61],[-35,375],[-496,560],[337,438],[-16,409],[205,503],[-99,230]],[[29682,38548],[5,189],[154,16],[-135,150],[92,169],[-92,132],[430,287],[-87,124],[308,152],[-56,169],[127,-72],[52,345],[-103,228],[217,-43],[-55,108],[98,47],[-339,901],[287,305],[177,-30]],[[30762,41725],[377,-47],[349,-613],[-298,14],[20,-295],[-219,77],[-85,-158],[342,-444],[29,386],[157,-215],[-101,-418],[509,-320],[129,139],[-114,451],[188,-173],[72,187],[258,-44],[-202,254],[202,414],[60,-616],[175,-167],[53,168],[168,-91],[72,-378],[226,565],[367,36]],[[33589,39539],[51,-398],[-283,-233],[433,-294],[-409,-366],[193,-118],[-38,-372],[185,83]],[[23987,97581],[408,467]],[[24395,98048],[97,-555],[563,-1345]],[[25055,96148],[134,-598],[-78,-658],[221,-943],[1526,-273]],[[26858,93676],[-130,-951],[53,-1346],[-177,-81],[-163,-494]],[[26441,90804],[-609,1238],[-318,-637],[-190,-94],[-599,960],[-112,-347],[-561,20]],[[24052,91944],[-70,1107],[670,2383],[-332,1285],[-275,7],[154,488],[-212,367]],[[24147,80017],[-127,-564],[139,-585],[-88,-891],[143,-820]],[[23970,76756],[-1210,-240]],[[22760,76516],[46,762]],[[9589,53143],[33,176],[-202,-17],[57,378],[-255,128],[196,46],[-240,176],[229,148],[-205,134],[64,161],[-137,187],[-104,-128],[-66,228],[-265,2],[-65,-218],[-80,149],[-188,-242],[-257,163],[145,179],[-90,126],[-250,-205]],[[7909,54714],[-153,274],[148,166],[-232,239],[-85,-327],[-20,339]],[[10807,55881],[138,-773],[-188,-688],[295,-8],[-229,-598],[152,-16],[22,-288],[201,48]],[[20598,26789],[116,-365],[-348,140],[-16,183],[-259,-177],[363,-393],[-187,-146],[107,-195],[-410,-32],[340,-86],[-120,-29],[12,-509],[-279,-74],[68,-192]],[[16987,27788],[104,13],[32,374],[185,51]],[[17308,28226],[405,-20],[188,643],[636,64],[166,-74],[284,-656],[234,-46],[218,403],[-225,665],[140,253]],[[41014,56929],[-55,-111],[233,-143],[-81,-214],[191,-110],[-91,-30],[64,-244],[77,-90],[65,178],[117,-179],[-224,-107],[134,-316],[-148,-267],[385,-106],[400,-490]],[[42081,54700],[3,-390],[319,-329]],[[39225,54829],[-132,136],[313,-84],[-26,413],[206,-48],[-203,371],[298,81],[-181,348],[206,163],[46,-231],[184,-38],[-299,526],[208,40],[-122,289],[280,251],[-227,276],[49,273],[180,-165],[58,119],[-62,358],[-239,9],[204,89],[-100,244],[313,-70],[-3,335],[179,-10],[-234,273],[320,35]],[[40441,58812],[104,30],[-53,-335],[405,-8],[-215,-299],[274,-387],[-273,34],[123,-234],[-251,-176],[225,-152],[239,121],[-200,-337],[195,-140]],[[47618,71843],[123,-166],[-34,-443]],[[47226,68086],[-300,-79],[7,-290],[-195,285],[-126,-125],[-159,140],[-4,-222],[-318,301],[-126,-114]],[[46005,67982],[-134,381],[98,-11],[-11,273]],[[45958,68625],[-104,425],[251,-156],[-87,427],[226,399],[100,-55],[-83,437],[140,149],[-165,-41],[-26,206],[185,162],[-292,286],[235,265],[-297,344],[12,231],[-139,18]],[[45914,71722],[506,310],[206,-359],[91,-720],[189,-79],[162,280],[-150,312],[180,407],[237,180],[283,-210]],[[59106,57216],[-156,-397],[-317,-41],[73,-157],[-128,-87],[18,-268],[-266,-250],[-89,-345],[-165,83],[-289,-444],[-96,232],[2,-336],[-231,134],[-44,-271],[-270,289],[-171,-497],[-161,226],[-155,-193]],[[49846,60905],[-123,239],[-240,-224],[-103,369],[-121,5]],[[49259,61294],[-29,167],[137,-139],[262,613],[10,-428],[264,49],[49,215],[87,-202],[325,6],[-68,405],[119,-84],[179,190],[-168,87],[171,117],[-69,180],[397,-418],[116,218],[-152,138],[149,1],[-11,138],[268,-284],[-36,217],[222,146],[126,-455],[141,-29],[462,155],[12,227],[154,-178],[-76,425],[298,-32],[-37,246],[149,-166],[180,213],[286,-374],[187,277],[251,-18],[54,723],[-235,344],[87,342],[-126,331],[67,317]],[[53461,64974],[4,275],[-281,430],[18,374],[354,311],[111,563]],[[59417,64096],[140,-33],[11,-247]],[[36340,76045],[-260,-460],[-467,-256],[-46,-245],[-148,122],[-79,-283],[-223,-68]],[[37035,80179],[455,-456],[-4,-1089]],[[8443,46515],[269,230],[-36,187],[183,-99],[98,219]],[[38220,76127],[-1446,32],[-153,158],[-281,-272]],[[36340,76045],[-50,241],[216,766],[375,308],[-8,368],[613,906]],[[37486,78634],[167,-72],[287,352],[360,51]],[[38300,78965],[714,-532],[44,-398],[585,-369],[-178,-263],[-365,-38],[-429,-397],[-249,-530],[26,-256],[-228,-55]],[[37333,5973],[-128,1215],[160,434],[-40,270],[192,317],[-117,-7],[71,325],[-183,387],[-214,-1]],[[37074,8913],[197,660],[178,-128],[-63,-319],[370,-353],[54,136],[-221,424],[310,-200],[58,369],[175,150],[-15,342],[140,-92],[67,-342],[288,150],[110,-183],[335,50],[-132,-555],[148,118],[176,-122],[-187,-322],[218,-249],[422,-72],[10,-261],[318,-101],[143,252],[144,-123],[186,232],[261,-113],[123,-258],[-212,10],[-10,-136],[315,-554],[190,54],[-58,213],[227,146],[230,-443],[128,214],[352,2],[551,1053],[986,611],[149,661],[160,3],[54,418],[-128,22],[238,134],[-187,239],[26,254]],[[43898,10904],[287,29],[-18,262],[102,84],[183,-202],[-39,-626],[142,-219],[43,437],[181,25],[84,-226],[-6,212],[277,98],[-23,-159],[216,-23],[-139,-151],[178,-49],[-50,-347],[220,235],[72,-268],[137,39],[82,245],[317,-212]],[[46144,10088],[-164,-95],[119,-245],[-183,6],[21,-302],[-222,-173],[323,125],[200,-565],[-270,-283],[411,-250],[30,-205],[-158,41],[12,-243],[-173,-239],[611,74],[-182,-517],[81,-320],[247,-238],[73,-429],[-136,-59],[292,-418],[-129,-225],[-63,-672],[258,-1632]],[[47142,3224],[-357,-240],[-931,184],[-516,-90],[-534,573],[-424,-415],[-613,210],[-832,-388],[-324,93],[-55,172],[-896,-519],[-353,461],[-479,-104],[-277,347],[-199,-112],[-379,237],[-365,-48],[-362,616],[-494,420],[-245,-50],[-98,376],[-80,-104],[-55,160],[-58,601],[-883,369]],[[70291,26603],[-125,-100],[25,-180],[-337,305],[-84,-191],[-87,74],[-74,-146],[103,-166],[-143,-141],[115,-184],[-319,-117],[-250,-394],[-165,413],[-316,-22]],[[64641,28316],[1,2]],[[72815,34409],[957,-2113]],[[73772,32296],[235,-137],[-122,-737],[132,-425],[-154,-132],[-45,-612],[-200,-98],[-7,-386]],[[37467,41639],[-80,-219],[-232,369],[-117,-306],[-151,63],[-3,-227]],[[36884,41319],[-281,-73],[331,-266],[-41,-129],[-595,433],[-27,-159],[-213,288],[-97,-149],[142,-302],[-196,-52],[409,-255],[-272,-8],[1,-186],[-308,161],[-101,318],[-209,-70],[-227,424],[-125,-377],[82,-97],[-194,-108],[274,-167],[86,-281],[-219,253],[-174,-127],[-300,253],[99,-409],[-148,-56],[170,-230],[-243,-339],[-126,50],[54,624],[-294,-182],[266,-782],[-226,-231],[-11,163],[-196,-63],[41,608],[-146,-176],[56,-237],[-337,156]],[[33589,39539],[-101,606],[-291,-103],[299,395]],[[33496,40437],[203,-102],[72,163],[70,469],[-173,126],[185,157],[-111,225],[210,290],[-54,1225],[233,224],[-235,359],[46,308],[-117,344],[83,65],[-118,38],[135,81],[-299,351],[122,291],[-207,251],[195,148],[-265,-25],[-98,313],[204,-109],[25,137],[-410,302],[120,236],[-271,345],[31,160],[-211,-54],[7,165]],[[32868,46920],[243,-27],[-12,258],[170,-7],[-187,165],[275,180],[-270,202],[122,253],[82,-224]],[[33762,47628],[-6,-324],[392,-225],[-214,-162],[209,-243],[638,317],[15,169],[-133,63],[53,293],[118,-218],[494,-24],[-307,-189],[311,-196],[-134,-309],[103,-166],[171,216],[-110,-340],[76,-164],[255,-64],[209,247],[302,-227],[62,90],[-190,224],[354,-96],[-20,319],[156,38],[45,-353],[79,137],[332,-128],[-110,-143],[294,-190],[-158,-145],[123,-120],[190,12],[74,357],[458,-139],[-115,247],[143,-52]],[[10807,55881],[-897,3]],[[10031,61823],[713,-386],[6,-244],[-204,-344],[297,-381],[356,-18],[244,-310],[248,97],[81,475],[499,-456],[164,395],[522,231]],[[12957,60882],[361,235],[102,-386],[-178,-510],[575,204],[251,-552]],[[14068,59873],[-78,-977],[284,-127],[138,-779],[-367,-97],[-153,-1015],[266,-988],[315,-1],[37,-229],[-416,-1430],[-190,-96],[-185,-575]],[[13719,53559],[9,2332],[-2921,-10]],[[28767,81089],[-181,254],[-430,107]],[[28156,81450],[740,475],[7,639],[125,97],[-203,506],[276,297]],[[29101,83464],[125,-212],[287,214],[427,-96],[91,-207],[428,-201],[985,1266]],[[36124,92871],[233,-62],[705,330],[202,973],[-12,1241]],[[38891,94940],[48,-559],[-125,-14],[-16,-204],[-349,-94],[-73,-353],[32,-221],[265,-151],[-90,-593],[-131,41],[111,-1124],[174,-241]],[[38737,91427],[-562,-691],[535,-412],[143,-728]],[[38853,89596],[-1571,-8],[32,164],[-772,174],[-693,1004]],[[91467,23421],[-675,687]],[[90792,24108],[83,114],[-119,366],[138,416],[-404,589],[-515,360]],[[89975,25953],[57,232],[-296,1177],[358,883],[-50,671]],[[90044,28916],[745,823],[169,452],[130,-53],[324,708],[598,745]],[[92010,31591],[251,301],[307,62],[170,-419],[664,35],[260,365],[2056,-2798]],[[95718,29137],[498,-495],[-381,-1072],[49,-187],[-320,-467],[-582,15]],[[39680,97659],[108,-46],[-281,-537],[62,-256],[-308,-178],[-27,-463]],[[39234,96179],[-371,-422],[149,-570],[-121,-247]],[[38891,94940],[-364,299],[-623,-85],[-103,-237],[-549,436]],[[37252,95353],[-284,1348]],[[36968,96701],[396,253],[-88,1037],[154,760]],[[37430,98751],[1095,-1727],[161,656],[994,-21]],[[31445,85379],[3,217],[-840,300],[-727,-184]],[[29881,85712],[-548,-62],[-969,248]],[[28364,85898],[528,1201]],[[28892,87099],[313,351],[61,643],[666,-84],[387,1052],[405,487],[58,523],[-182,606],[118,848]],[[31583,97638],[533,-442],[775,596],[458,-25]],[[34110,90170],[-67,-174],[187,-758],[-154,-388],[185,-533],[-23,-471],[227,-357],[-224,-669],[-277,-179],[-608,-1503]],[[6707,48414],[-117,-114],[26,-218],[-247,491],[-128,-284],[-393,173],[-58,-166],[-337,570],[-141,-249],[-316,340],[-277,-291],[-85,270],[-190,51]],[[4444,48987],[127,1639]],[[4571,50626],[238,71],[210,-193],[197,361],[352,-204],[99,134],[341,-81],[793,-647],[-97,-472],[-166,-48],[108,-710],[100,4],[-39,-427]],[[27616,13180],[1195,418],[-14,569],[-329,294]],[[28468,14461],[157,896],[-195,280],[-113,583],[110,473],[170,136]],[[28597,16829],[195,-269],[256,392],[-27,209],[264,-336],[230,297],[171,-410],[-176,-54],[112,-411],[576,115],[-305,-577],[378,-233],[171,192],[397,-357],[-45,-141],[-464,-22],[-187,-329],[549,103],[-154,-566],[492,-88]],[[31030,14344],[243,-540],[-260,-381],[516,-32],[-157,-184],[210,-146]],[[31582,13061],[-103,-75],[-49,-502],[161,-189],[-361,-131],[325,-47],[99,-655]],[[31654,11462],[-288,-309],[155,-243],[-164,-269],[-287,17],[116,-261],[-449,32],[161,-174],[-164,-105],[87,-236],[-502,79],[-258,-69],[-27,-185],[-318,158]],[[59498,12745],[-510,-572],[236,-923],[-402,-111],[-128,590],[-458,-18],[-664,-467],[-214,-634],[-455,717],[-187,-862],[-257,-274],[-171,106],[14,795],[-369,398],[-177,-85],[192,-724],[-200,-338],[-122,307],[-261,155],[-74,456],[-252,217]],[[59498,12745],[-771,484],[-56,217],[119,235],[-167,103],[-729,1641],[-251,12],[-725,-927],[-184,352],[-283,7],[-28,630],[118,113],[-76,99]],[[56465,15711],[157,398],[1,778],[299,246],[737,155],[475,-14],[35,-152],[263,259],[148,-96],[135,247],[212,-258],[427,-86],[552,627]],[[60545,15577],[-426,-928],[126,-679],[-463,-429],[-284,-796]],[[32732,65759],[182,113],[-12,245],[500,160],[-1386,1775],[398,490]],[[32998,69282],[775,-1062],[633,203],[1317,-1095]],[[37527,66078],[424,-349]],[[37951,65729],[21,-185],[-140,99],[-189,-196],[40,-154],[-416,-160],[96,-129],[-83,-258],[-142,31],[8,-313],[-236,-281],[116,-116],[-149,-284],[34,-339]],[[36911,63444],[-26,-22]],[[36885,63422],[-679,549],[-180,685],[184,118],[-2095,157],[-522,-408],[-105,116],[-175,-125],[-235,104],[-292,519],[-54,622]],[[17627,65166],[-1118,2731],[460,353],[24,272]],[[20968,65646],[-184,-42],[-16,-303],[-152,-95],[178,-184],[-58,-271],[-326,-180],[-83,-605],[-133,71],[-71,-213],[55,-684],[-162,-4],[1,-381],[-178,33],[-136,-280]],[[19703,62508],[-66,575],[-254,522],[34,991],[-201,605],[-524,724],[-382,442],[-683,-1201]],[[15190,68308],[-715,-943],[-224,-559]],[[14251,66806],[-151,-18],[-481,-817],[-255,-113]],[[13364,65858],[-133,485],[44,853],[-686,1615],[319,217]],[[12811,69791],[345,93],[177,329],[184,725],[-230,521],[305,140]],[[12150,19160],[-232,-60],[222,406],[-459,335],[402,276],[-197,75],[70,229],[-200,52],[158,176],[-235,246],[219,334],[-43,225],[287,2],[-138,178],[95,381],[-319,42],[189,224],[-180,251]],[[15523,21789],[-102,-273]],[[15421,21516],[-239,-85],[-208,-380],[-921,157],[253,-870],[-702,100],[24,-237],[318,-282],[-72,-189],[124,-320]],[[79775,13803],[-146,-440],[-298,-105],[-156,232],[-132,-268],[-113,207],[-7,-287],[-117,75],[48,-109],[-242,-152],[-35,215],[-317,40],[-62,-276],[-322,-270]],[[77059,15398],[92,707],[-272,683],[134,514],[-84,565],[117,438]],[[79552,15652],[289,-45],[138,-258],[-204,-1546]],[[82447,29646],[-286,877],[152,1064]],[[82313,31587],[780,26],[335,258]],[[67626,66067],[-33,268],[729,1077],[-125,461],[57,247]],[[68254,68120],[208,-35],[-6,322],[347,-10],[-71,306],[177,241],[-257,707]],[[68652,69651],[912,467],[212,806]],[[70487,67018],[143,-135],[-127,18],[48,-313],[-186,-188],[241,-205],[-135,-78],[142,-178],[-119,-27],[32,-296],[-101,-56],[85,-97],[-331,-208],[-181,108],[-86,-293],[-99,108],[-297,-300],[-228,226],[-188,-86],[-66,398],[-162,5],[-29,194],[-499,-50],[-569,532],[-149,-30]],[[19035,16589],[-189,-11],[-238,-318],[-1476,-459]],[[16399,17767],[29,191],[98,-156],[75,223],[17,-182],[109,103],[35,-230],[163,-93],[-47,-304],[308,137],[44,-246],[191,78],[100,-307],[693,243],[305,-379],[376,-6],[140,-250]],[[48770,25542],[423,-248],[217,-544],[254,-222],[-319,-1164],[269,-899],[494,-453],[205,-965]],[[50313,21047],[-285,158],[-14,-469],[-242,-234],[53,-200],[-139,35],[-99,-406],[-260,-101],[184,-247],[-375,2],[159,-555],[-223,-25],[51,-363],[-364,28],[-121,-407],[11,603],[-324,70],[11,-505],[-241,-201],[-360,202],[71,267],[-144,244],[-366,-468],[3,-347],[-152,96],[-64,-365],[-388,38],[-63,-457],[-539,187],[-26,-501],[-502,6],[-48,-147]],[[45517,16985],[-395,146],[-341,-303],[-176,395],[-460,372],[-11,312],[449,766],[-269,428],[-327,-310],[-349,-1020],[182,-383],[-136,-178]],[[43684,17210],[-386,-402],[-240,318],[-217,-29]],[[39347,23391],[49,452],[492,-123],[-204,457],[371,118],[-190,316],[402,525],[-135,275]],[[40132,25411],[48,333],[448,-400],[226,527],[169,-159],[-83,-506],[251,-64],[63,482],[286,-121],[151,908],[294,-61],[37,-529],[193,-134],[30,639],[398,-69],[-148,391],[321,47]],[[42816,26695],[368,190],[-123,-316],[210,-272],[248,95],[-61,263],[287,-398],[163,184],[278,-212],[-52,256],[134,294],[583,-258],[118,104],[90,-409],[144,34],[-54,318],[177,195],[345,-456],[84,-798],[176,-298],[3,231],[130,-50],[177,400],[120,-77],[117,365],[322,104],[181,-245],[-56,253],[211,127],[-16,-166],[216,-161],[169,178],[-3,230],[192,-498],[-380,-83],[44,-533],[-212,-138],[248,-505],[201,15],[-3,461],[90,-186],[426,350],[313,-130],[92,208],[-64,244],[176,99],[145,-162]],[[67510,57785],[697,-271],[28,206],[301,236],[294,-138],[217,305],[234,45],[230,465],[338,-87],[145,442],[84,-207],[226,54]],[[70304,58835],[183,-1107],[201,-433],[-191,-750],[212,-148],[152,-527],[628,314],[205,-87],[191,-437],[511,-238],[424,-1289],[254,-392],[983,358],[1577,-1249],[114,-395],[8,-1966],[234,-285],[269,249],[184,-395],[104,20]],[[75517,49404],[-470,906],[-900,-162],[-93,169],[-1195,228],[-141,-354],[-255,436],[-480,57],[-95,448],[-457,-352],[-435,-1002],[-292,378],[-152,-19],[-45,-397],[-318,-429],[-493,558],[-103,-125],[-280,127],[-6,247],[-197,269],[-242,-73],[-119,520],[-715,972]],[[82585,29867],[225,385],[433,114],[153,-123],[275,1252]],[[85811,30292],[177,-606],[155,-133],[-518,-788],[75,-327]],[[38120,46032],[-199,108]],[[37921,46140],[237,953],[242,325],[-96,47],[52,395],[229,297],[-247,453],[10,429],[-155,33],[-61,223],[216,383],[-27,419],[94,102],[-110,280]],[[39020,51196],[114,-120],[101,133],[35,-392],[461,-213],[55,-272],[-115,-175],[382,-231],[512,499],[472,-170],[560,290],[-9,548],[118,22],[-133,209],[115,72],[-90,168],[148,82],[95,-226],[29,562],[422,-55],[-125,573],[-276,121],[-19,332],[100,139],[5,-228],[320,51],[69,445],[-105,241],[124,91],[18,289]],[[42403,53981],[244,-228],[-105,-294],[238,169],[121,-218],[-121,-261],[124,-265],[204,-279],[206,13],[-149,-324],[303,-299],[-51,-205],[162,-616],[469,-861],[5,199],[274,279],[539,-20],[873,683],[250,-161],[253,120],[178,-416],[104,330],[239,-37],[51,208],[227,-225],[16,-223],[188,-63],[559,487]],[[47804,51474],[274,-75],[-226,-428],[178,-214],[-744,-1041],[136,-197],[259,463],[-68,-234],[116,-110],[22,-365]],[[47751,49273],[-597,-72],[55,-485],[-199,-330],[47,-525],[-193,-163],[-114,-567],[-288,168],[25,-276],[324,-164],[5,-196],[-170,-158],[181,-294],[-416,-210],[-42,-225],[-176,99],[-5,-423],[-59,173],[-313,-446],[-86,136],[-145,-280],[32,-307],[-284,-3],[0,-452],[-647,-564],[12,-189],[-509,-286],[-78,273],[-308,6]],[[45936,81759],[-473,1217],[116,295],[75,1585],[261,531]],[[45915,85387],[268,-225],[307,106],[-41,-533],[508,-447],[60,-463]],[[26296,89905],[773,-1026],[101,315],[194,68],[410,-896]],[[27774,88366],[-562,-1254],[-433,590],[-456,246],[-264,-562],[-254,-868],[223,-2128],[-188,-588],[107,-680],[-321,-350]],[[25626,82772],[135,392],[-230,422],[-286,-532],[-646,-178]],[[24074,85975],[858,1205],[122,975],[335,603],[759,697],[148,450]],[[11789,22532],[-219,107],[349,357],[-232,244],[-251,-87],[105,509],[-310,372],[213,53],[-109,282],[322,-302],[-57,351],[81,17]],[[11681,24435],[382,-421],[343,176],[342,-111],[209,130],[63,305],[173,-82],[51,415],[203,-45],[-37,240],[409,-213],[446,488],[298,76],[15,210],[307,-300],[251,145]],[[15823,21848],[-300,-59]],[[15523,21789],[-305,-225],[-709,71],[-328,-344],[-961,1031],[-57,-274],[-890,-72],[-261,285],[-73,435],[-150,-164]],[[64457,38571],[-93,274],[-262,138],[136,486],[-410,-285],[153,360],[-223,259],[156,145],[-46,226],[-242,-380],[-117,88],[-73,536],[-221,-235],[-76,465],[380,-145],[33,275]],[[65175,43443],[260,-668],[595,-319],[232,-473],[474,-167],[352,178],[78,-248],[264,-41],[257,-524],[-78,-207],[199,-146],[-88,-184],[455,-24],[1043,508],[418,-63],[130,-403],[286,76],[167,-381],[183,25]],[[70402,40382],[95,-1053],[519,-172],[285,185],[-22,163],[298,334],[406,238],[361,-230],[267,134],[-41,-258],[417,-504],[93,49],[-101,200],[110,269],[212,-243],[139,252],[101,-201],[56,362],[226,-132],[34,199],[218,40],[182,-194],[118,119],[-82,189],[262,60]],[[74555,40188],[-104,-224],[164,-188],[-185,10],[1,-344],[-401,-58],[-1,-938],[174,-200],[7,-525],[303,-112],[416,-722],[-17,-240],[-467,-943],[-239,-162],[-398,150],[-406,568],[-552,-768],[-599,-181],[564,-902]],[[72815,34409],[-398,-453],[-263,173],[-278,-353],[-698,-320],[-296,-429],[-299,153],[-67,226],[-179,-178],[-384,493],[-206,-142],[-232,96],[23,242],[-330,550],[23,186],[-356,217],[44,-231],[-236,-407],[142,-270],[-86,-329],[116,-149],[-583,-613],[-385,-83],[-292,-856],[-234,137],[-628,-392],[-388,194],[102,372],[-233,615],[64,360],[126,-6],[-48,274],[-461,510]],[[93180,23888],[-427,126],[-266,292],[-246,-231],[16,-250],[-314,-69],[200,-503],[-176,-274],[-438,167],[-62,275]],[[91467,23421],[319,1201],[-213,136],[-23,555],[772,308],[312,-758],[-31,315],[280,318],[-270,395],[535,61],[-210,304],[157,89],[-110,322],[172,-20],[-214,308],[215,38],[125,239],[-77,189],[179,448],[606,-253],[776,293],[351,-588],[-136,-390]],[[94982,26931],[-964,-1076],[-838,-1967]],[[49857,96421],[-43,-592],[-99,-89],[85,-156],[-93,45],[-196,-358],[159,24],[81,-203],[-24,-455],[176,139],[-82,-294],[108,-470],[231,-18],[-112,-251],[198,-369],[-109,-194],[109,-203],[-157,-437]],[[50089,92540],[-282,57],[-392,487],[-254,-513],[-156,143],[14,253],[-305,-164],[-265,-427],[-327,210],[-128,670],[-431,47]],[[47563,93303],[-94,202],[133,256],[-1,447],[-450,634],[37,559],[-133,162],[9,314]],[[47064,95877],[278,-13],[363,269],[433,625],[329,-13],[345,-343],[430,233],[615,-214]],[[73611,29769],[-209,-492],[-360,-367],[110,-232],[-125,-188],[53,-747],[-110,-46]],[[72970,27697],[-258,180],[-384,-220],[-61,207],[-453,24],[-79,-205],[231,-315],[-233,-240],[-128,59],[74,199],[-240,-101],[-111,319],[-21,-343],[109,-61],[-82,-62],[172,-121],[-107,-370],[-311,-18],[-140,-301],[-237,234],[22,-138],[-303,-22],[-25,323],[-114,-122]],[[70291,26603],[-99,292],[38,597],[118,51],[180,893],[138,368],[408,33],[403,1400],[128,86],[89,-684],[431,-579],[282,486],[1204,223]],[[33745,24209],[-242,17],[-513,629],[-335,-132],[-250,172],[-184,-228],[-57,488],[-473,347]],[[33151,28852],[479,200],[-30,277],[524,47],[313,-253],[776,234]],[[35573,27150],[-216,-801],[158,-73],[-468,-15],[-32,-518],[104,-297],[-371,-234],[-68,308],[-354,33],[-307,-476],[-184,46],[-127,271],[-124,-113],[-121,-240],[352,-524],[-70,-308]],[[20691,90888],[-438,-849]],[[18346,92927],[499,253],[387,656],[1699,1005]],[[51832,9974],[-196,-423],[-580,-483],[29,-364]],[[51085,8704],[-267,176],[183,490],[-236,451],[155,77],[-324,67],[84,250],[211,-65],[-53,324],[-323,-11],[67,193],[266,40],[90,311],[-107,115],[107,147],[-282,-190],[-95,174]],[[50561,11253],[42,408],[171,193],[-232,89],[155,319],[-174,339],[107,215],[-186,236],[234,393],[-35,267]],[[49689,89408],[384,-242],[-119,-378],[228,-169],[-194,-108],[62,-320]],[[50050,88191],[-346,-304],[36,-308],[-170,161],[76,-246],[-163,-29],[-62,-441],[-302,-77],[23,-336],[-274,-265]],[[48868,86346],[-212,-64],[-1211,625]],[[47445,86907],[350,522],[52,1245],[138,343]],[[47985,89017],[153,-325],[298,-61],[485,512],[383,177],[241,-105],[144,193]],[[13998,19410],[205,-524],[392,-337],[243,236],[57,-351],[410,-313],[552,627]],[[15857,18748],[293,40],[145,-207],[-239,-3],[-365,-414],[294,-75]],[[13435,16054],[-315,1],[-21,242],[-232,27],[-137,233],[8,315],[-376,305],[33,261],[-227,-126],[-34,192],[96,38],[-340,200],[122,195],[-183,234],[-41,488],[149,54],[-9,249],[181,-194],[41,392]],[[12150,19160],[440,-6],[142,-264],[147,190],[319,-277],[800,607]],[[38101,83969],[20,182],[297,112],[248,-283]],[[38666,83980],[184,-338],[-186,-620],[-146,1],[-53,-717],[-465,-634],[26,-405],[-474,-12],[-517,-1076]],[[37035,80179],[-10,-15]],[[36123,81012],[297,612],[-381,486]],[[36039,82110],[384,482],[463,-341],[140,62],[131,365],[222,16],[-128,239],[264,471],[586,565]],[[52339,89278],[-122,1599]],[[52217,90877],[144,144],[146,464],[-60,352],[118,112],[-222,456],[63,476],[-288,1054],[123,779]],[[52241,94714],[400,-386],[1395,-262],[807,-659]],[[49861,46603],[87,132],[125,-346],[203,33],[165,-209],[50,414],[240,135],[-105,-514],[452,101],[-116,-340],[386,-176],[-8,319],[523,289],[-161,-690],[224,-96],[216,391],[-44,-370],[145,-23],[97,-305],[296,88],[-92,-247],[187,-156],[-34,-558],[240,-67],[-85,-298],[87,-235],[394,185],[-207,-410],[295,94],[-336,-616],[511,22],[47,-257],[-141,129],[-112,-254],[266,-398],[201,56],[-34,259],[374,-33],[63,253],[74,-344],[-236,-80],[-90,-485],[445,-49],[190,-331]],[[54643,41616],[61,-345],[320,10],[-122,-491],[455,-41],[-46,-341],[339,-403],[-99,-219],[74,-607],[223,-33]],[[55848,39146],[177,-666],[-357,-1269],[132,-384],[102,-74],[-9,240],[182,79],[100,-358],[220,31],[180,-673],[191,94],[353,-522],[599,-265],[-89,-619],[246,-396]],[[57875,34364],[6,-797],[-193,-460],[123,-349],[-64,-271],[398,-693]],[[58145,31794],[16,-819],[-227,530],[-399,220],[-110,295],[-519,-40],[-217,-293],[-104,198],[-173,-60],[-1263,-1281],[-556,-203],[74,-398],[-91,83],[-83,-306],[-183,209],[-92,-94],[58,-203],[-418,-194],[-285,-572],[-95,103],[-93,-210],[-441,-200],[-53,399]],[[52891,28958],[-185,408]],[[52706,29366],[277,238],[197,-50],[375,721],[-179,108],[107,112],[-43,169],[-218,106],[-13,-647],[-79,145],[20,-117],[-114,-69],[-32,491],[-233,-124],[-19,130],[-120,-153],[-77,20],[109,332],[217,53],[91,321],[-624,-57],[280,426],[190,-49],[3,388],[-334,-81],[46,370],[327,-32],[-35,469],[324,-17],[-365,43],[-76,514],[-255,-354],[118,-219],[-1,-61],[-245,24],[4,538],[-221,189],[-164,-271],[-118,207],[100,159],[-466,462],[285,-26],[-3,237],[135,-253],[-1,823],[189,-171],[-75,452],[236,46],[-442,424],[224,159],[521,-141],[-487,479],[-231,-177],[-156,399],[117,131],[88,-201],[142,493],[239,213],[-384,44],[-44,366],[-175,117],[-252,-70],[122,496],[-337,31],[-65,185],[247,116],[-166,516],[283,426],[-274,432],[236,60],[-379,84],[-91,211],[276,458],[-75,419],[238,553],[-67,-82],[-127,552],[-211,-537],[92,-211],[-48,-442],[-470,33],[370,-285],[-41,-214],[-400,-139],[286,-295],[-41,-200],[134,-190],[-92,-65],[-234,422],[-155,-109]],[[22155,55292],[-96,692],[-381,122],[-172,460],[-327,-334],[-357,623],[-144,-216],[-275,10]],[[20403,56649],[-6,520],[-220,318],[171,496],[5,694],[110,346],[203,130]],[[20666,59153],[7,-217],[622,-331],[469,429],[563,-151],[154,366],[263,-24],[83,-181],[47,175],[570,128],[533,-1203],[347,-108],[89,122],[28,-168]],[[69496,75433],[521,357]],[[70017,75790],[399,143],[832,-701],[500,1078],[213,127],[23,-359],[236,-96],[-76,-173],[280,-203],[-167,-303],[93,-411]],[[83671,31495],[-243,376]],[[83428,31871],[-59,186]],[[83369,32057],[565,150],[606,420],[472,834],[312,136],[736,23],[608,-667]],[[86668,32953],[103,-68],[-2,-313],[-293,-725],[-381,-192],[-156,-569],[86,-146],[-307,-236],[93,-412]],[[85811,30292],[-754,126],[-349,449],[-149,494],[-638,318],[-250,-184]],[[9324,49012],[135,1281],[-444,500],[239,-3],[14,348],[-66,1345],[-205,293],[481,100],[111,267]],[[9589,53143],[215,-38],[212,-479]],[[23527,27392],[-180,778],[-190,167],[-335,-748],[-225,-99],[-203,1161]],[[23319,32459],[178,-368],[12,350],[168,-178],[120,185],[-77,382],[120,-61],[239,279]],[[24079,33048],[318,16],[151,-338],[-65,228],[159,223],[-227,141],[280,52],[-126,286],[146,-187],[81,251],[106,-161],[438,201],[-36,418],[307,-397],[231,449]],[[25842,34230],[87,-590],[999,-1097],[23,-1070],[-268,-70],[-58,-221],[111,-59],[-105,-99],[74,-547],[675,-201],[392,-634],[120,-575]],[[18346,92927],[241,-630],[367,-273],[-33,-1031],[545,-593],[304,179]],[[16749,83793],[-348,225],[-284,-665]],[[16117,83353],[-374,-242],[-610,302],[-58,-476],[-142,-188],[97,-678],[-341,-418],[-368,-56],[-340,-385],[-254,537]],[[13727,81749],[324,1476],[388,930],[201,909],[275,455],[31,2959],[412,1177],[556,543],[438,1007],[866,532],[836,736],[292,454]],[[37527,66078],[-38,-113],[-1766,1363]],[[35723,67328],[-10,248],[188,119],[-223,311],[489,308],[-22,404],[125,-112],[101,225],[105,-203],[92,184],[225,-32],[-204,340],[310,171],[-95,332],[280,380],[-26,522],[138,-125],[174,368],[159,-181],[230,688],[144,-246],[15,474],[131,196]],[[38049,71699],[257,-19],[-11,-328],[467,-193],[126,-554],[301,-306],[-113,-1110]],[[39076,69189],[-148,-168],[49,-344],[-304,-426],[-69,-529],[-104,-184],[-165,141],[-808,-1601]],[[77046,18305],[-24,215],[-148,-92],[-191,371],[-509,27],[-118,722],[-583,69]],[[75473,19617],[-193,358],[-347,27],[32,171],[525,235],[109,-187],[434,265],[76,256],[402,-51],[113,90],[-57,83],[6,38],[392,-181],[405,945]],[[77370,21666],[416,341],[228,-184],[328,333],[109,-299],[404,336],[69,-220],[395,9],[87,244]],[[79406,22226],[233,-127]],[[79639,22099],[-9,-374],[-313,-566],[-76,-571],[-72,-142],[-146,86],[-99,-440],[-171,42],[-339,-1167],[205,-121],[80,-335],[91,187],[288,-230],[112,208],[438,10],[-33,-286],[90,68],[89,-255]],[[79774,18213],[-220,-405],[-20,-1020],[111,-507],[-93,-629]],[[79552,15652],[-277,195],[-62,381],[-548,-261],[-406,502],[-172,-120],[-228,558],[-222,-216],[-210,110],[-223,456],[-158,1048]],[[6849,40154],[560,-160],[70,352],[336,-359],[298,294],[229,-295],[869,190],[44,-411],[160,-49],[-146,-151],[174,-28],[-93,-122],[284,-387]],[[9634,39028],[105,-332],[-48,-879],[-299,26],[220,-530],[-151,-136],[-380,241],[-2,-709]],[[9079,36709],[-1183,-31],[-5,245]],[[7891,36923],[-16,1315],[-1421,-41],[395,1957]],[[56377,84988],[-854,-13]],[[55523,84975],[-109,202],[-349,-212],[-55,201],[683,797]],[[24441,57990],[300,443],[492,87],[306,358],[445,885],[67,400],[151,66],[-198,610],[372,484],[264,61]],[[26640,61384],[-85,-73],[4,-4156]],[[26559,57155],[-6,3]],[[26553,57158],[-288,115],[-276,-379],[-197,148],[-243,-107],[-598,-504]],[[23383,55191],[32,2058],[1026,741]],[[15823,21848],[156,91],[-231,464],[87,253],[-451,-224],[-85,216],[343,618],[-69,389],[-182,-64],[-124,201],[196,14],[43,236],[-258,36],[338,450],[-464,153],[100,283],[-189,125],[291,141],[-188,218]],[[15136,25448],[-254,273],[129,84],[430,-287],[-168,217],[-46,414],[275,51],[-252,314],[341,39],[-509,241],[102,154],[516,0],[-294,558]],[[15406,27506],[423,-6],[-45,865],[298,456],[173,-134],[66,-733],[559,-15],[107,-151]],[[16987,27788],[61,-151],[-142,-572],[241,-372],[2,-454],[259,51],[134,-235],[-300,80],[17,-360],[-124,-193],[168,36]],[[16940,21571],[-175,-376],[-283,-128],[-221,480],[-438,301]],[[58132,26598],[79,220],[202,-74],[135,665],[248,62],[-32,167],[271,161],[86,-219],[45,117],[1480,-728]],[[60646,26969],[544,215],[572,-49],[350,-407],[86,-324],[-111,-488],[252,-44],[160,-361],[373,-238]],[[25962,8516],[-638,-68],[-576,393],[-600,-581]],[[24148,8260],[87,1209],[-339,401],[-15,354],[-178,78],[-14,259],[-98,-69],[-42,415],[109,11],[-44,217],[144,196],[-221,126],[407,445],[84,345],[-95,79],[171,173],[-116,229],[233,-13],[10,-556],[564,1117],[9,887],[-129,554]],[[24675,14717],[50,154],[150,-196],[79,198],[27,-282],[161,-11],[-78,165],[187,126],[-74,273],[217,28],[69,-198],[171,411]],[[25634,15385],[66,-156],[-114,-270],[263,-361],[263,-90],[401,-509],[857,-93],[50,-141],[-264,-3],[146,-181]],[[56792,44882],[-496,-169],[-119,-415],[-464,327],[-25,-170],[-294,12],[-511,-319]],[[54883,44148],[-410,182],[-577,932],[62,3037],[-276,612],[-9,608],[-287,316],[-418,-39],[42,920],[-509,427],[39,383],[-545,683],[1,197],[309,54],[85,599],[411,485]],[[53423,56931],[1167,-624],[113,220],[451,-22],[341,-273],[139,-792],[520,-159],[208,-414],[299,27]],[[56661,54894],[83,-108],[-146,-184],[53,-170],[239,153],[237,-180],[638,-859],[-57,-487],[212,-130],[54,-461],[1184,-1109]],[[42841,17097],[-465,-362],[-286,61],[-358,-360],[-717,700],[-696,240],[-272,-647],[-180,-72],[-339,300],[52,574],[-347,173],[4,631],[-324,248],[-489,-26]],[[38424,18557],[-362,985],[-496,131],[-72,452],[-247,315],[-26,796],[458,754],[370,37],[-177,409]],[[37872,22436],[462,42],[374,886],[17,341],[378,-6],[244,-308]],[[39347,23391],[-37,-434],[118,-157],[328,-25],[153,180],[99,-115],[327,272],[-32,177],[204,-230],[153,306],[352,210],[188,-239],[263,406],[199,-727],[353,93],[-54,-256],[231,-254],[-4,-691],[527,-1076],[-111,-131],[112,-305],[-146,-191],[133,-1151],[-183,-517],[103,-279],[-182,-86],[35,-396],[255,-414],[-82,-112],[192,-152]],[[72487,78149],[-167,469],[106,288],[-134,18],[-1,326],[-158,-7],[-97,265],[107,109],[-91,266],[174,14],[-237,432],[-154,-53],[5,268],[-115,-24]],[[71725,80520],[114,183],[649,-96],[301,736],[-90,559],[-269,-221],[-50,226],[-288,-104],[-257,282],[-133,767],[491,496],[-134,238],[260,413],[-206,412],[195,124],[143,420],[82,-53],[-6,644],[449,201],[-123,348],[116,277]],[[72969,86372],[308,-336],[742,99],[223,-245],[-142,-558],[67,-204],[292,-351],[150,74],[59,-283],[290,-2],[-75,-203],[448,-915],[101,-945],[313,-743],[-75,-512],[147,-654],[-117,-282],[-103,95],[-25,-233]],[[75572,80174],[-91,-331],[-642,296],[-475,-477],[-333,162],[-177,-273],[23,-393],[-346,-88],[-271,147],[-453,-414],[-3,-304],[248,-103],[11,-292],[-335,-135],[-241,180]],[[63588,77010],[243,496],[-154,221],[-194,-86],[-106,311],[174,50],[-97,14],[-41,396],[-147,-86],[-94,146],[74,126],[-104,159],[232,92],[-83,180],[132,296],[-366,-235],[7,197],[229,215],[-189,182],[-257,-59],[294,341],[-286,270],[111,492],[-210,15]],[[62756,80743],[-91,211],[286,-130],[68,138],[-274,288],[-138,-207],[3,426],[307,22],[-101,487],[-346,52],[-78,186],[298,-59],[165,418],[124,-277]],[[62979,82298],[-198,-189],[319,-952],[690,-370],[79,-314],[358,-274],[102,-270],[951,90],[185,-627]],[[65465,79392],[92,-4903]],[[65557,74489],[-1357,-228]],[[64200,74261],[-199,314],[62,408],[188,172],[-208,-74],[-24,639],[-218,176],[119,189],[-133,243],[186,288],[-156,227],[146,0],[-3,139],[-372,28]],[[55571,24534],[-105,96]],[[55466,24630],[-202,783],[-193,96],[115,626],[-197,33],[-184,333],[140,370]],[[54945,26871],[327,-36],[102,-201],[164,88],[214,-258],[123,146],[180,-105],[298,453],[142,-520],[187,154],[80,-127],[139,246],[144,-210],[181,172],[282,-141],[-25,-274],[190,-175],[76,134],[234,-109],[-107,295],[256,195]],[[58132,26598],[157,-1329],[363,-11],[189,-347],[349,310],[261,-200],[-24,-197],[-200,-26],[94,-285],[352,2],[40,-223],[101,310],[157,-98],[7,-533],[-107,12],[0,-419],[-119,-132],[172,-38],[-20,-367],[154,-22],[114,-278],[172,43],[-3,-395],[203,317],[82,-195],[124,172],[79,-317],[-89,-207],[225,65]],[[59810,20082],[-94,174],[-2,-192],[-94,7],[8,199],[-260,59],[-20,182],[-132,-74],[-11,253],[-292,43],[74,62],[-164,345],[-341,-65],[-287,761],[-127,134],[-118,-167],[-444,356],[-1935,2375]],[[48489,67947],[-217,110],[56,-275],[-196,182],[-1,-226],[-214,-20],[150,-230],[-94,52]],[[47973,67540],[-352,317],[-108,-108],[-1,212],[-150,105],[-60,-302],[-76,322]],[[47226,68086],[-103,290],[160,79],[-156,255],[195,-36],[9,474],[131,-276],[140,300],[-133,602],[218,43],[-139,399],[157,-107],[50,283],[-324,220],[295,164],[-19,458]],[[47707,71234],[86,-289],[164,208],[83,-102],[108,346],[164,81],[-53,126]],[[48259,71604],[254,-147],[-104,-78],[249,-277],[27,183],[360,-214],[35,-181],[170,29],[20,-926],[204,-493],[145,-24],[-176,-599],[-480,-108],[-14,-425],[-410,47],[-50,-444]],[[31691,25502],[-178,48],[-59,-149],[381,-878],[-139,-271],[-210,53]],[[27831,27382],[211,19],[91,224],[-243,-33],[-107,293],[125,576],[226,48],[-71,336],[-188,18],[17,204]],[[27892,29067],[160,-165],[-100,373],[145,120],[144,-234],[130,55],[-122,100],[64,311],[-121,-137],[-238,270],[332,-13],[-167,211],[66,74]],[[28185,30032],[301,-11],[303,-268],[172,-514],[332,667],[820,420],[130,-38],[-18,-289],[165,-198],[448,867],[335,33]],[[31173,30701],[259,-88],[192,307],[957,-1120],[570,-948]],[[33151,28852],[349,-538],[-448,-254],[-35,-541],[-156,-14],[-13,-271],[-231,-248],[-5,-376],[-327,-328],[-95,100],[-301,-190],[94,-177],[-49,-371],[-243,-142]],[[51291,54327],[-985,572],[-381,-259],[-100,323],[-205,-620],[-190,167],[-360,-256],[-193,88],[24,271],[-326,144],[-3,276],[-131,43]],[[48441,55076],[-89,390],[-257,220],[287,220],[-41,308],[165,509],[-428,-362],[-152,116],[139,337],[-108,220],[278,66],[4,171],[-580,-146],[-149,-276]],[[47510,56849],[38,462],[209,-51],[173,512],[-401,-244]],[[47529,57528],[679,1091],[93,-404],[226,-117],[276,167],[120,-334],[276,-154],[21,757],[404,249],[208,-74]],[[80377,35379],[-107,178],[57,369],[-91,-53],[-113,292],[-492,127],[-622,495],[-772,124],[0,335],[249,150],[257,481],[-816,1036],[-31,451],[-371,775],[189,539],[-352,67],[-834,1102]],[[76528,41847],[-79,252],[134,243],[331,-57],[311,770],[206,-110],[87,293],[164,-102]],[[77682,43136],[72,-272],[316,237],[336,-213],[164,351],[221,-98],[246,207],[12,303],[257,165],[30,-438],[-126,-89],[220,-218],[-93,-107],[233,-266],[10,-190],[-121,12],[127,-188],[-240,-192],[18,-458],[-112,-165],[545,-466],[59,-190],[-185,4],[40,-104],[237,-198],[32,177],[105,-43],[689,-1004],[242,14],[231,-271],[30,152],[165,-78],[164,-408],[872,-95],[101,-203],[365,28],[138,-280],[741,563]],[[83823,39115],[76,-548],[364,-248],[0,-209],[-872,-348],[-198,-345],[-650,-451],[307,-432],[-300,-367],[-656,-281],[-13,-493]],[[81881,35393],[-185,-44],[-65,161],[-231,-199]],[[81400,35311],[-549,229],[-474,-161]],[[71079,16624],[197,128],[-116,187],[44,276],[-127,22],[62,140],[326,-92],[180,233],[355,-31],[69,612],[403,124],[10,185],[217,-9],[-43,-392],[147,-50],[429,391]],[[73232,18348],[107,-453],[-100,-247],[21,-825],[231,-408],[773,119],[493,-224],[190,129],[420,-369],[449,-103],[567,497],[225,-716],[395,-30],[56,-320]],[[77059,15398],[171,156],[-35,-278],[357,-1029],[-95,-875],[78,-345],[341,-362]],[[77876,12665],[-57,-332],[-158,-105],[142,-251],[-208,-299],[-116,131],[-122,-140],[-130,231],[-13,-170],[-127,275],[-4,-410],[-208,118],[67,-123],[-183,-159],[-289,559],[-2,-335],[-189,-94],[51,345],[-209,-276],[-54,397],[-146,103],[-86,-201],[-213,168],[140,175],[-72,247],[-101,5],[33,-280],[-211,-161],[-79,539],[-570,-56],[218,315],[-208,-25],[-316,543],[-244,-407],[-148,330],[191,310],[-368,105],[2,380],[-296,473],[-131,59],[-14,-160],[153,-44],[-160,-226],[-137,510],[-85,-357],[-175,126],[-38,458],[-273,-107],[-69,574],[-180,-188],[148,574],[-231,-264],[-368,475],[98,207],[-395,147],[-133,-133],[-232,227],[-307,-184],[-84,153],[99,187]],[[46746,82229],[271,1596]],[[47017,83825],[170,26],[-55,-269],[110,-163],[484,1097],[843,-38]],[[48569,84478],[1744,-100],[-11,-1327],[-374,-644],[-89,-790],[208,-571],[459,-373],[-302,-1305]],[[50204,79368],[-83,-153],[-730,-112],[-494,820],[-361,107],[-336,-179],[-186,-454],[-695,948]],[[33762,47628],[-180,-315],[-113,324],[-178,83]],[[33291,47720],[101,589],[-152,69],[97,246],[114,-95],[-152,267],[97,226],[-82,380],[-804,1591],[-360,137],[-260,501],[136,607]],[[32026,52238],[130,201],[421,-485],[122,159],[375,-194],[740,38],[952,929],[212,-154],[307,899],[243,207]],[[35528,53838],[385,-455],[246,2],[-16,-470],[396,-468],[216,258],[255,-45],[71,397],[392,392],[241,-66],[-26,140],[179,-52],[44,203],[237,-119],[-23,293],[228,-301],[92,218],[201,-92],[-133,239],[189,-48],[-20,172],[220,103],[22,182],[195,-103],[40,161],[-195,130],[261,320]],[[39225,54829],[114,-518],[195,-116],[-362,-77],[243,-132],[-170,-7],[-5,-210],[122,-59],[-80,-149],[207,-91],[-175,-174],[221,-139],[-415,-379],[204,-174],[-170,-101],[54,-191],[-170,80],[65,-233],[-64,116],[-87,-179],[246,-322],[-178,-578]],[[39020,51196],[-216,-219],[-201,160],[-135,-324],[60,-197],[-236,20],[13,-157]],[[38305,50479],[-290,-116],[-309,-562],[-574,-182],[-86,222],[-299,115],[-487,-114],[-381,-395],[-290,-54],[-73,-236],[-97,89],[-5,-218],[-168,33],[-19,-195],[-352,57],[-169,-564],[-227,144],[27,-263],[-392,-49],[20,-340],[-372,-223]],[[28767,81089],[506,-3],[790,-487]],[[29589,79020],[-1193,-3742]],[[24799,75621],[708,187],[24,1198],[468,621],[236,91],[-34,631],[713,-41],[-218,940]],[[26696,79248],[775,-359],[573,793],[235,-219],[145,678],[236,165],[107,783]],[[49832,58709],[-144,115],[-93,443],[261,433],[-135,439],[140,185],[-81,162],[66,419]],[[49846,60905],[169,-59],[67,-489],[253,-89],[119,249],[64,-464],[345,-232],[82,-321],[81,233],[159,-297],[549,302],[-165,-192],[196,-168],[-80,-387],[469,-321],[10,-230],[153,224],[88,-125],[-2,208],[215,-55],[-18,-262],[314,-125],[-55,-321],[175,168],[280,-460],[146,125],[-60,-302],[-257,68],[157,-92],[-116,-235],[239,-325]],[[53423,56931],[-131,15],[100,-300],[-103,-155],[62,-107],[279,181],[-86,-219],[184,-44],[-182,-135],[146,-213],[-365,-1138],[-528,-412],[2,-860]],[[52801,53544],[-1510,783]],[[51291,54327],[103,352],[-82,188],[-225,-41],[23,211],[-116,46],[227,384],[-178,287],[651,-420],[649,253],[-63,408],[-321,91],[-60,379],[-231,303],[-465,162],[-73,414],[-234,312],[-1064,1053]],[[47319,80345],[-775,-1036],[-155,-498],[-439,-463]],[[45950,78348],[-202,-182],[25,288],[-128,-138],[-59,231],[-172,-201]],[[45414,78346],[8,365],[-277,200],[-79,299],[-178,-415],[-31,350],[-417,359]],[[44440,79504],[363,300],[651,1176],[267,820],[215,-41]],[[45936,81759],[137,-136],[151,341],[329,-17],[193,282]],[[46746,82229],[290,-519],[283,-1365]],[[17565,13146],[-220,908],[-82,-101],[-9,193],[-188,17],[-46,355],[-186,-252],[-49,383],[-147,-221],[-83,130],[72,210],[-189,93]],[[16681,15789],[34,-272],[417,284]],[[17132,15801],[88,-50],[-126,-132],[0,-312],[306,219],[51,-530],[300,144],[-43,252],[141,33],[155,-236],[-62,-173],[364,-200],[-40,-180],[195,21],[47,-167],[172,172],[67,-296],[91,-55],[53,231],[9,-172],[350,-142],[138,-854],[122,-1],[1,-198],[265,2],[121,-476],[143,-91]],[[20040,12610],[-340,-118],[-28,-258],[-190,103],[105,-179],[-176,-165],[-383,237],[-274,-239],[-238,110],[-162,432],[-789,613]],[[75352,75480],[454,423],[-27,134]],[[75779,76037],[364,-293],[-83,-144],[105,-309],[-140,-252],[91,-416],[-256,-277],[-36,-337],[226,-362],[-164,-378],[209,-94],[19,-204]],[[18672,24397],[732,-62],[581,579]],[[19985,24914],[425,-75],[-343,-470],[356,130],[21,-248],[188,-32]],[[20632,24219],[162,-275],[257,-11],[-79,-83],[69,-232],[421,73],[21,-268],[182,53],[137,-282],[162,65],[283,-284],[220,-440],[-157,-151]],[[22310,22384],[-696,-115]],[[21614,22269],[-155,-146],[-128,135],[88,-452],[-365,-533],[-99,-596],[-171,-223],[-605,-245],[-55,412],[-341,-704],[-597,66]],[[62997,82301],[-150,608],[137,116],[-11,502]],[[62973,83527],[286,-21],[77,-227],[323,-126],[110,-290],[343,-269],[459,79],[362,-733],[532,386]],[[65465,82326],[-450,-940],[-185,-29],[-196,345],[-339,153],[-446,-164],[-424,124],[-4,-230],[-163,89],[-119,-152],[-147,202],[69,203],[-148,117],[84,257]],[[59501,75244],[-377,-237],[-320,47],[-5,-171],[-185,-39],[-303,201],[-440,-486],[-803,26]],[[56684,75554],[-13,174],[150,-18],[-39,236],[305,-125],[13,292],[237,52],[77,297],[243,-44],[-72,185],[179,308],[240,-140]],[[20253,90039],[840,-903]],[[19296,82937],[-455,-172]],[[18841,82765],[-356,-245],[-348,251],[22,347],[397,139],[147,393],[-370,286],[-405,-210],[-519,-758],[-603,556],[-57,269]],[[16749,83793],[316,-27],[146,359],[265,150],[199,1689],[2095,4615]],[[19770,90579],[483,-540]],[[41778,85333],[-351,11],[-129,-214],[-261,106]],[[41037,85236],[-7,2100]],[[41030,87336],[346,1045],[-181,606],[-21,709]],[[41174,89696],[153,93],[334,-262]],[[41661,89527],[447,-251],[85,-285],[183,1],[200,-318],[27,-248],[253,-67]],[[42856,88359],[135,-300],[294,110],[242,-343]],[[43527,87826],[15,-262]],[[43542,87564],[-150,-637],[76,-723],[-113,-546],[-398,-628],[-117,-686]],[[42840,84344],[-347,516],[-145,-121],[-224,238],[-164,389],[-182,-33]],[[6237,44015],[-172,-12],[61,-381],[-104,-154],[272,-412],[5,-336],[235,-16],[-190,-279],[858,-1162],[-294,-805]],[[6908,40458],[-2047,-73],[-138,-41],[22,-314],[-271,-138],[-291,344],[-870,-163]],[[3313,40073],[-281,-101],[-143,323],[-422,-351]],[[2467,39944],[1021,6239],[873,1970]],[[4361,48153],[1390,-844],[64,-625],[1079,15]],[[41756,92540],[-587,-144],[-254,175],[31,607]],[[40946,93178],[14,1435],[-140,494],[130,890],[-587,949],[200,70],[-1,220],[293,460],[379,277]],[[41234,97973],[423,-626],[271,-83]],[[21511,82742],[-159,-117],[-559,324],[-779,826],[-277,-49],[-131,-319],[94,-608],[-139,-92],[-265,230]],[[19296,82937],[-37,620],[268,461],[-45,565],[281,1625],[232,333],[-60,127],[685,823],[167,1101],[306,544]],[[21093,89136],[1510,-1660]],[[16940,21571],[73,429],[-191,171],[503,42],[147,626],[-254,648],[97,682],[91,-11],[-218,754],[127,202],[-155,174],[254,58],[-111,272]],[[17303,25618],[292,-273],[21,477],[529,92],[76,-191],[-70,-193],[-135,38],[67,-176],[-96,-70],[137,-309],[117,500],[118,-212],[122,131],[-131,-647],[94,-287],[228,-101]],[[18672,24397],[-47,-357],[157,78],[26,-295],[66,241],[138,-93],[43,-399],[-154,-68],[55,-426],[189,173],[-25,-316],[322,-108],[74,-271],[-335,200],[167,-430],[-205,-32],[-32,235],[-36,-190],[-116,116],[-52,-207],[185,-195],[-136,-173],[-249,73],[53,-239],[130,22],[-77,-278],[232,-143],[-118,12],[-87,-275],[128,20],[229,-423],[-218,84],[-83,-156],[111,-165],[198,53],[38,-288],[-171,-69],[114,-125]],[[19186,19983],[188,-256],[-321,-195],[234,-219],[-103,-111],[215,-75],[40,133],[191,-344],[-243,118],[68,-211],[-146,-8]],[[19309,18815],[-653,215],[-1022,849],[-152,356],[-176,69],[-55,497],[-189,309],[67,374],[-189,87]],[[15068,32629],[1351,324],[865,-216]],[[17284,32737],[75,-290],[-420,-47],[191,-343],[-225,-157],[437,10],[-124,-84],[-45,-371],[-190,309],[-163,-291],[229,-312],[-199,-274],[209,-116],[-160,-266],[-223,104],[86,-227]],[[16762,30382],[-497,228],[-131,-267],[-126,387],[-147,-213],[-152,131],[-74,-197],[5,154],[-203,30],[-92,261],[66,553],[-186,152],[40,269],[-178,-53],[85,496],[-104,316]],[[37467,41639],[-36,316],[133,38],[-126,120],[121,165],[-69,217],[151,-2],[-131,259],[433,214],[385,680],[808,215],[-274,596],[47,832],[-192,-132],[1,184],[-412,26],[-186,665]],[[38120,46032],[451,298],[54,-246],[157,-52],[-52,-130],[247,25],[88,214],[78,-198],[-44,531],[113,-145],[146,234],[353,-41],[-59,-421],[627,431],[205,-270],[-8,302],[126,-118],[17,253],[324,36],[-53,-888],[494,-501],[283,-658],[509,-54],[622,-508],[120,-330],[438,148],[198,-365],[249,-66]],[[43803,43513],[-123,-694],[35,-707],[-352,-557],[-247,91],[26,-449],[278,109],[497,-254],[242,-462],[753,-32]],[[43186,40317],[-769,245],[-28,254],[-194,135],[-60,-130],[-298,363],[64,-221],[-174,14],[34,-195],[-404,140],[67,-328],[-87,-93]],[[41337,40501],[-281,19],[59,-285],[-211,-34],[-123,385],[-218,-231],[-84,462],[-323,-432],[86,-262],[-99,-48],[-148,95],[31,367],[-203,-100],[199,595],[-191,-67],[-72,153],[-129,-416],[-184,283],[-69,-172],[-160,135],[134,189],[-317,10],[213,327],[-257,-97],[-162,-381],[-266,-54],[86,-264],[-161,-225],[66,323],[-127,485],[-85,10],[62,-157],[-143,50],[105,-157],[-76,-75],[-130,289],[-275,80],[245,524],[-359,-125],[7,-243],[-103,267],[-207,-85]],[[63286,87751],[-35,-1174],[-276,-26],[76,-339],[-203,-14],[146,-209],[144,245],[219,-223],[-253,-275],[173,-99],[-99,-209],[182,-428],[-108,-120],[-99,178],[-119,-529],[416,-428],[-427,-233]],[[63023,83868],[-291,92],[-409,-423],[-427,201],[-790,1398],[-215,57],[-32,593],[-316,535],[341,832],[-222,996]],[[60662,88149],[175,1359],[-377,544],[77,147],[-125,512]],[[60412,90711],[436,-409],[477,481],[555,-195],[159,-167],[49,-373]],[[62088,90048],[-7,-587],[-208,-302],[676,-159],[461,-753],[16,-402],[260,-94]],[[21484,83856],[179,28],[87,1465],[430,691],[180,956],[243,480]],[[22603,87476],[1471,-1501]],[[24074,85975],[-12,-804],[185,-1234],[-81,-94]],[[74051,71494],[364,-82],[208,352],[955,519],[1,281],[388,-39],[-60,220],[207,226]],[[76114,72971],[255,-161],[83,-463],[357,-301],[120,-1044],[-237,62],[3,-426],[-146,-142],[197,-125],[-153,-406],[165,-363],[-18,-531],[-179,-265],[-308,-78],[96,-284],[-325,68]],[[14636,37392],[-132,123],[177,73],[-117,279],[252,150],[303,901],[-176,435],[37,238],[-399,341],[-164,561],[-416,344],[-541,54]],[[15091,43953],[103,-223],[-53,-314],[199,-167],[212,-626],[668,-533],[34,-240],[-351,-630],[146,-269],[18,-638],[872,-1044],[-177,-79],[-102,-468],[-182,102],[-146,-434],[-44,-500],[263,-371],[-73,-172],[88,-493]],[[16566,36854],[-1459,145],[-162,413],[-309,-20]],[[4444,28184],[-2419,-455],[7,3536],[-277,528],[-20,487],[306,492],[110,-95],[169,474],[359,-232],[81,-414],[258,-89],[68,-335],[262,-178]],[[67485,79036],[-180,-84],[-107,293],[-485,247],[-195,511]],[[66518,80003],[318,319],[-86,508],[106,160],[-146,217],[264,54],[74,226],[-96,178],[222,77],[-322,542],[158,304],[-31,361],[-311,-106],[-1,310]],[[66667,83153],[-214,302],[274,-96],[112,308],[-342,43],[-101,193],[213,150],[199,-179],[97,355],[-102,385],[-205,45],[151,208],[-320,404]],[[66429,85271],[172,296],[193,-372],[210,83],[-71,-106],[108,-161],[162,61],[4,216],[335,2],[97,258],[50,-290],[133,107],[-31,-303],[207,316],[45,-330]],[[68043,85048],[-65,-160],[313,-362],[-126,-148],[43,-252],[170,363],[48,-164],[101,109],[235,-283],[218,56],[0,-420],[232,565],[-71,-211],[110,-309],[74,169],[210,-93],[-94,-80],[26,-341],[160,180],[150,-292],[186,-14],[122,-286],[-63,-156],[240,140],[262,-226],[-25,-146],[251,-101],[-178,-170],[335,-590],[-75,-308],[335,-151],[-70,-159]],[[71097,81208],[6,-206],[-132,-14],[192,-60],[-148,-254],[135,-210],[-141,-183],[-18,-754],[179,-95],[-78,-163],[123,-111],[-95,-2],[-77,-748],[-616,-378],[-188,-311],[-226,178]],[[70013,77897],[-203,80],[-98,337],[-336,349],[-458,78],[-450,393],[-450,-35],[-126,-205],[-407,142]],[[33348,94140],[1,3627]],[[33349,97767],[800,-446],[959,-179],[234,205]],[[35342,97347],[79,-336],[-114,-233],[258,-1853]],[[60529,77655],[321,4],[-131,-245],[141,-275],[-214,-242],[245,42],[90,-208]],[[60981,76731],[-269,-202],[284,-100],[-144,-299],[104,-292],[-98,-176],[59,-520],[-171,-226],[172,-559],[-320,-501],[182,-328],[512,-321],[244,-1277],[-63,-259],[-206,-126]],[[60098,73674],[-99,695],[-335,312],[-3,429],[-158,131]],[[13435,16054],[1281,1344],[606,-113],[-94,445],[142,35],[7,-228],[160,21],[-101,134],[93,99],[161,-172],[36,150],[137,-44],[-8,252],[130,112]],[[15985,18089],[232,76],[182,-398]],[[16399,17767],[57,-243],[-168,88],[-420,-277],[555,-164],[-121,-180],[191,-34],[-66,-453],[109,-207],[-197,-22],[-104,-341],[481,10],[-35,-155]],[[16681,15789],[-277,-59],[-113,-236],[343,25],[166,-527],[-308,457],[-125,-36],[224,-253],[-153,-299]],[[16438,14861],[-255,88],[-8,-219],[-236,48],[26,-305],[-253,-86],[-66,-448],[-259,-80],[-653,-933],[-357,-48]],[[14377,12878],[-425,556],[-155,531],[-473,346],[21,774],[205,445],[-115,524]],[[41928,97264],[1234,412],[313,-68],[296,-195],[245,-1037]],[[44016,96376],[-105,-763]],[[43911,95613],[-148,-540],[-374,-372],[-1,-646],[-184,-172],[190,-1351],[-623,-13]],[[42771,92519],[-602,27]],[[42169,92546],[93,496],[-506,-502]],[[41756,92540],[21,2618],[-77,38],[228,2068]],[[31042,80593],[156,-2],[99,371],[-74,560],[-271,76],[249,408],[244,114]],[[33351,82161],[1,-3504]],[[32694,77672],[-109,39],[-11,870],[-149,534],[-353,197],[-294,458],[-226,-2]],[[60098,73674],[-50,-149],[339,-336],[153,-1103],[243,-66],[159,175],[54,-391],[271,-259]],[[61267,71545],[71,-340],[451,-357],[-183,-162]],[[57869,67631],[-645,-421],[12,298],[-163,313],[-568,625],[144,795],[-208,314]],[[56516,70791],[-290,406],[-33,292],[261,342],[315,91],[-21,356],[-548,240],[-248,1471],[-221,78],[-94,446],[251,68],[78,456],[-342,590],[68,495]],[[55692,76122],[366,-9],[-108,-518],[171,228],[198,-76],[-125,-286],[200,-177],[40,442],[111,-239],[139,67]],[[56684,75554],[175,-34],[-99,-111],[122,-66],[-70,-143],[407,56],[-31,-219],[-259,-81],[310,-114],[-171,-257]],[[57068,74585],[229,-2],[-115,-219],[64,-178],[312,187],[-43,-324],[268,-165],[-48,197],[141,117],[19,-283],[171,-59],[77,-252],[80,288],[308,163],[581,-156],[326,102],[103,-215],[557,-112]],[[26741,26528],[293,452],[215,-445],[209,-95],[145,261],[32,607],[196,74]],[[27831,27382],[29,-72]],[[29062,22996],[-175,-215],[130,-169],[143,81],[-60,-514],[154,-163],[-91,-112],[116,-293],[244,-98],[-88,-230],[74,-691],[-728,-464]],[[28781,20128],[-338,-201],[31,-213],[-137,116],[-92,-321],[-136,140],[59,-282],[-123,31],[70,-247],[-89,-112],[-258,9],[66,203],[-86,143],[-269,-99]],[[27479,19295],[21,965],[-310,-234],[-237,454],[-175,-266],[-189,54]],[[35565,94925],[167,-296],[392,-1758]],[[36124,92871],[111,-853],[-386,-1088]],[[35849,90930],[-207,-386]],[[35642,90544],[-658,151],[-678,-560],[-196,35]],[[34110,90170],[100,301],[-408,-74],[-476,472],[22,3271]],[[33348,94140],[369,-274],[1183,-43],[216,617],[449,485]],[[42032,62955],[-60,98],[-985,-836]],[[40987,62217],[-95,335],[92,263],[-278,-40],[-43,282],[-304,21],[57,559],[173,-254],[229,152],[-293,214],[89,191],[-82,224],[171,363],[-339,257],[336,51],[-165,248],[23,220],[-300,-29],[129,401],[-161,219]],[[40226,65894],[139,-8],[-12,321],[348,-139],[-303,299],[261,508]],[[42837,66591],[78,-215],[400,-230],[583,193],[-77,-196]],[[43821,66143],[-140,-133],[70,-178],[897,-162],[-110,-420]],[[44538,65250],[-2506,-2295]],[[62646,23392],[58,616],[464,665],[-59,480],[-237,120]],[[62872,25273],[360,161],[68,329],[241,-211],[101,1237],[172,330],[167,29],[147,553],[528,364],[-15,251]],[[64641,28316],[571,-443],[735,55],[215,-212],[177,-658],[1185,-100],[176,-443],[226,-37],[535,-596],[193,11],[-20,-139]],[[68634,25754],[140,-372],[-167,-22],[3,-363],[-187,220],[-70,-211],[-322,157],[78,-220],[-319,-284],[-16,-175],[87,56],[378,-578],[-491,-357],[45,-666],[-118,112],[-66,-314],[-187,40],[62,-123],[-258,103],[108,-682],[-333,-78],[54,177],[-151,-45],[-287,-598]],[[66617,21531],[-169,-33],[101,-388],[-468,-217]],[[24894,22270],[84,184],[-131,560],[443,294],[10,593],[-393,369],[-244,547],[-442,-164],[396,860],[-409,-66],[-108,-295],[-152,-22],[59,905],[-159,346],[-247,-181]],[[23601,26200],[-209,-26],[-129,326],[126,177],[432,25],[19,145],[-713,-15],[-314,325],[571,-37],[143,272]],[[23527,27392],[388,-219],[157,726],[576,249],[-6,-553],[218,-314],[183,28],[216,362],[718,-225],[418,-1069],[187,-114],[159,265]],[[26741,26528],[161,-63],[102,-306],[-89,-13],[84,-344],[-125,-37],[-55,-283],[70,-203],[-131,-109],[134,-120],[-89,-676],[547,-733],[79,-386],[-680,-702],[-477,-76],[-100,-199],[-757,-26]],[[36123,81012],[757,-456],[145,-392]],[[37025,80164],[-547,-975],[-417,-250],[-515,-917],[51,-530],[-366,-939],[40,-468],[-455,-779]],[[34769,75342],[-528,-119],[-170,241],[-274,-22],[-157,301]],[[33340,77313],[12,1344]],[[33352,78657],[343,177],[368,-188],[591,698],[358,130],[88,634],[481,734],[542,170]],[[8134,69319],[120,976],[350,939],[12,826],[298,921],[24,558]],[[11216,72684],[114,-762],[406,-1142],[694,-254],[381,-735]],[[12811,69791],[252,-232],[-155,-531]],[[12908,69028],[-1020,146],[-1120,483],[-415,-513],[-359,237],[-329,-334],[-1531,272]],[[75634,63020],[-135,-192],[-107,122],[-528,-142],[-279,332],[-276,-124],[-10,-238],[-361,131],[-210,-223]],[[73728,62686],[63,441],[-573,1470]],[[74963,68824],[233,-285],[262,149],[233,-354],[333,178]],[[76024,68512],[191,-176],[-231,-117],[167,-128],[-42,-267],[234,-490],[188,281],[-41,-485],[347,-425],[-38,-177],[321,-129]],[[7943,46715],[35,-196],[465,-4]],[[8443,46515],[176,-256],[190,74],[52,-435]],[[8409,43912],[-95,-52],[47,235],[-114,49],[-98,-321],[-193,-54],[-134,344],[-177,-173],[-75,211],[-99,-224],[-244,303],[-204,-108],[-22,-190],[-242,293],[-206,-239],[-316,29]],[[6237,44015],[-85,257],[162,427],[-2,756],[321,-14],[11,623],[250,635]],[[6894,46699],[1049,16]],[[82096,21236],[-312,286],[-425,-142],[226,509],[-130,556],[69,484]],[[81524,22929],[73,334],[-285,1860],[-13,1087],[-206,103]],[[81093,26313],[501,655],[-65,227],[116,264],[197,46],[-18,575],[291,700],[75,-122],[79,121],[178,867]],[[82447,29646],[138,221]],[[82585,29867],[535,-256],[148,-578],[1228,-1199],[105,148],[272,-213],[230,259],[227,-38],[370,448]],[[85700,28438],[134,-365],[-174,-185],[117,-313],[-144,-337],[268,-256],[223,56],[95,-494],[-135,200],[-208,-174],[5,-793],[112,-177],[-286,-548],[88,-266],[-28,-612],[-185,-380],[69,-210]],[[85651,23584],[182,-230],[199,216],[249,-484],[476,-315],[303,-66],[117,170],[164,-741],[295,-250],[-231,-258],[-422,-46],[-131,-234],[-401,239],[-39,-177],[-599,-310]],[[29589,79020],[474,1579]],[[30063,80599],[568,347],[411,-353]],[[31042,80593],[510,-825]],[[31552,79768],[-149,-409],[-451,-46],[-150,-263],[-342,-49],[-68,-381]],[[30392,78620],[-590,-596],[21,286],[-214,58],[-20,652]],[[60545,15577],[-80,218],[197,37],[-92,422],[-160,-22],[14,362],[-246,74],[-17,396],[-140,208],[84,319],[-199,224]],[[59906,17815],[-51,612],[117,39],[141,575],[-258,310],[-45,731]],[[59810,20082],[320,-86],[14,247],[188,85],[-16,311],[117,-110],[140,156],[133,-444],[234,7],[-85,406],[88,75],[-248,79],[-230,603],[175,10],[-62,221],[279,-259],[-26,186],[135,139],[-132,160],[131,342]],[[60965,22210],[116,581],[385,-77],[140,249],[305,-132],[361,604],[182,-208],[192,165]],[[62646,23392],[97,-183],[517,467],[511,63],[269,-709],[555,484],[242,-491],[114,163],[247,-406],[205,84],[-11,-291],[254,-225],[-32,-311],[391,-324],[76,-820]],[[66081,20893],[102,-308],[344,-188],[255,-1405],[-169,-1136],[-384,-854],[-223,-948]],[[66006,16054],[-287,-310],[-167,32],[-510,-701],[110,-908],[-138,-73],[181,-15],[-35,-227],[-57,158],[-70,-150],[-117,99],[-315,500],[-130,-36],[124,417],[-161,358],[-484,526],[-58,-216],[-379,86],[-255,430],[110,203],[-253,-26],[-1,224],[-164,141],[-94,-314],[-44,212],[-304,80],[-78,-233],[-138,140],[-525,-321],[-338,897],[-322,-491],[0,-451],[153,-159],[438,132],[0,-377],[-642,-284],[-511,180]],[[4444,28184],[-142,147],[-195,802],[-228,104],[311,877],[-655,732],[-186,497],[-1,560]],[[3348,31903],[181,1616],[-89,194],[122,1213],[-133,156],[35,188]],[[3464,35270],[235,174],[6,-197],[240,29],[34,441],[-96,44],[183,132],[82,-138],[6,201],[239,-268],[371,5],[93,428],[222,-42],[207,-380],[620,-285],[100,-210],[16,380],[216,-205],[145,373],[83,-62]],[[6466,35690],[238,-405],[-89,-540],[126,-370],[72,-1451],[158,172],[167,-84],[537,-738]],[[7218,28478],[-290,-516],[-452,205],[-204,-184],[-16,-305],[442,-313],[28,-398],[-334,42],[-486,472],[-99,-107],[25,-626],[-278,-66],[-391,914],[-256,10]],[[4907,27606],[-209,533],[-254,45]],[[8726,43483],[-117,186],[-125,-203],[-75,446]],[[8409,43912],[185,707],[302,311],[-35,968]],[[8861,45898],[124,341],[143,-361],[255,178],[222,-360],[-177,-176],[288,-151],[-123,-393],[282,-47],[44,-441],[323,135],[7,-253],[162,119],[10,-214],[176,57],[-43,-225],[231,-37],[-59,-305],[174,34],[47,-172],[95,173],[370,-111],[6,211],[273,-76]],[[14189,42315],[153,-430],[-295,-318],[-140,88],[-89,-261],[-209,188],[-149,-691]],[[13460,40891],[-385,347],[-152,377],[-658,-178]],[[40659,66875],[-191,172],[188,338],[-21,235],[-227,87],[-123,534],[-185,166],[-273,-240],[180,571],[-395,262],[218,442],[-33,232]],[[39797,69674],[288,-162],[238,514],[170,-5],[473,1191]],[[40966,71212],[541,-1921],[1192,424],[139,331],[197,-368],[250,-89]],[[43285,69589],[-207,-263],[212,-437],[-216,50],[-69,-189],[279,-226]],[[43284,68524],[484,-65],[-435,-832],[-68,-470],[-428,-566]],[[42837,66591],[-853,-327],[-196,247],[-243,18],[-101,503],[-611,-599],[-93,74],[66,273],[-147,95]],[[23069,92397],[-1438,-517],[-153,-304],[-315,195],[-472,-883]],[[20691,90888],[-54,449],[171,302],[-616,295],[347,528],[40,909],[373,14],[-21,1456]],[[20931,94841],[705,194],[996,1738]],[[22632,96773],[275,-1497],[-71,-1959],[233,-920]],[[58440,80226],[475,-479],[-3,-853],[236,-292],[388,220],[167,365],[319,-31],[180,-638],[203,6]],[[60405,78524],[74,-330],[-183,-195],[165,107],[145,-273],[-77,-178]],[[60529,77655],[-222,-153],[-61,-690],[-349,-127],[-237,-340],[26,-986],[-183,-118]],[[59503,75241],[-2,3]],[[59501,75244],[-764,653],[-278,461],[-189,-33],[-266,446]],[[58004,76771],[157,254],[-68,248],[100,495],[-339,565],[7,622],[87,294],[318,84],[174,893]],[[29564,75700],[5,259],[469,823],[593,362]],[[30631,77144],[472,-754],[286,179],[479,-99],[826,1202]],[[32694,77672],[174,38],[472,-397]],[[33340,77313],[101,-693],[237,-30],[144,-272],[-271,-311],[89,-264]],[[33640,75743],[-202,-16],[28,-155],[-142,85],[-22,-219],[-83,153],[-35,-198],[-310,21]],[[32874,75414],[-57,250],[-501,450],[-854,-1560],[-643,-222],[-781,435],[-224,651],[-250,282]],[[62748,65842],[-826,658],[54,-209],[-198,-665],[-469,-182],[-20,-367],[-160,-160],[-178,96],[-95,-187],[-40,239],[-300,-208],[-242,165],[-27,-200],[-214,24],[-154,-248],[-246,21],[-31,-153],[-104,146],[72,-192],[-116,22],[71,-159],[-108,-187]],[[59417,64096],[-287,-71],[-325,521],[129,483],[-422,356],[317,108],[161,697],[-618,410],[-503,1031]],[[57869,67631],[260,-38],[596,548],[-51,281],[285,473],[426,113],[201,-155],[257,303],[548,-147],[193,445],[-77,499],[166,-74],[270,918],[448,180],[215,-291]],[[61606,70686],[595,-430],[248,82],[319,440],[102,-144]],[[62870,70634],[386,-139]],[[63256,70495],[475,-681],[-189,-584],[117,-593],[-215,-313],[-102,164],[29,-213],[-132,-195],[-243,132],[-79,-144],[33,-233],[-142,-287],[116,-265],[-157,-99],[80,-568],[-124,-300],[25,-474]],[[41083,77138],[89,5],[14,416],[294,540],[23,337],[667,381],[-48,307]],[[42122,79124],[360,20],[336,-387],[-89,-683],[-358,-519],[-289,358],[-119,-319],[103,-924],[-95,-335],[-402,-323],[-308,-752],[-190,-114],[-241,640],[284,570],[-197,233],[166,549]],[[31486,24305],[68,-540],[-246,-56],[147,-172],[-107,-423],[145,-88],[-164,-75],[111,-577],[-855,192],[26,-668],[-903,-95],[-4,308],[283,-22],[-21,397],[-265,54],[-8,281]],[[29474,25270],[768,39],[104,950],[108,136],[162,-616],[381,-304],[13,-414],[476,-756]],[[75634,63020],[314,281],[-271,259],[107,81],[-151,304],[78,335],[167,30],[-73,434],[207,54],[-96,169],[114,91],[-182,116],[328,45],[195,402],[279,-148],[72,80],[-129,328],[98,188],[-93,36],[220,11],[1,-201],[99,-4],[162,137],[-90,184],[130,167]],[[77120,66399],[185,283],[182,-230],[19,-267],[-214,47],[51,-261],[261,-25],[64,-287],[-259,-259],[187,57],[163,-235],[-67,-386],[266,-295],[-144,-332],[404,-174],[89,-525],[299,-221],[-17,-237],[139,1],[-85,-152],[82,-321],[381,-174],[-65,-295],[305,-271],[276,125],[143,-327],[377,-225],[63,-299],[-120,-168],[-93,-839],[75,-255],[-219,-271],[768,-879],[101,-866],[151,-95],[75,-387],[344,-103],[186,-431],[723,-291],[-705,-1190],[-88,-399],[49,-105],[140,281],[84,-214],[-257,-544]],[[77501,50065],[55,1156],[-71,461],[-239,281],[42,746],[98,235],[211,46],[394,745],[-17,629],[235,400],[142,990],[-106,205],[-2121,-17],[314,2910],[-351,669],[-166,1257],[-226,414],[30,279],[184,115],[-266,471],[128,6],[172,562],[-309,395]],[[7675,32274],[434,8],[637,638],[294,-533],[469,-153]],[[9509,32234],[530,-637],[-6,-449],[90,22],[-73,-410],[185,-224],[-126,-251],[184,-271],[-84,-174],[300,138],[222,-635],[109,-7],[-129,-390],[274,-724],[-135,-154],[14,-384],[-137,116],[148,-284],[-124,-104],[303,-271],[-385,-138]],[[10669,27003],[-356,270],[-429,-361],[-349,15]],[[9535,26927],[-439,542],[-484,-518],[-420,643],[-174,-1403],[-160,-25],[-323,1315],[403,987],[26,557],[-231,59],[-515,-606]],[[7218,28478],[13,207],[-166,159],[194,106],[-76,390],[206,31],[-54,393],[206,177],[-294,542],[272,297],[-263,443],[127,473],[397,58],[-105,520]],[[55221,89993],[617,457],[97,844],[-428,839],[-377,-243],[-165,96],[295,831],[-133,127],[-281,-207],[-3,670]],[[54843,93407],[432,277],[534,-553],[688,262],[620,-611],[568,-1418],[365,-353],[-200,-1094],[155,-259]],[[58005,89658],[351,-1090],[-31,-1107],[-356,-611],[24,-233],[-187,-375],[-141,62],[-369,-435]],[[57107,85841],[37,404],[175,58],[-272,153],[72,409],[-365,49],[184,317],[-200,194],[84,219],[-156,82],[-211,587],[-493,265],[17,424],[-256,-75]],[[55693,85963],[-794,-434],[-1035,-1241],[-406,-59],[-546,-447],[-589,43]],[[52323,83825],[3,588]],[[52326,84413],[2,1277]],[[52328,85690],[11,3588]],[[52339,89278],[285,-229],[63,281],[553,433],[924,28],[14,209],[173,83],[395,-266],[297,281],[178,-105]],[[55221,89993],[-30,-568],[485,-137],[47,-361]],[[55723,88927],[-123,-638],[160,-651],[-265,-216],[-415,0],[176,-1183],[437,-276]],[[71555,74200],[380,-163],[85,630],[330,225]],[[72350,74892],[479,298]],[[72829,75190],[296,-133],[417,206],[525,-107],[515,265],[190,-169],[580,228]],[[75352,75480],[-13,-506],[-300,-766],[37,-280],[-129,23],[4,295],[-549,135],[-128,-271],[-119,38],[-57,-274],[-464,219],[-227,-170],[-150,211],[-614,-354],[242,-141],[277,98],[186,-231],[245,69],[53,-445],[278,-333],[-112,-75],[198,-591],[41,-637]],[[74051,71494],[-421,-356],[52,-191]],[[27860,27310],[246,-968],[656,-294],[129,-997],[428,309],[155,-90]],[[29474,25270],[107,-420],[131,-52],[-50,-150],[374,-543],[-55,-756],[307,-204],[109,-488],[-704,164]],[[29693,22821],[-631,175]],[[29062,22996],[-1176,328],[-26,3986]],[[56516,70791],[281,-556],[-361,-240],[5,-440]],[[56441,69555],[-161,-221],[81,-309],[-499,-29],[-42,-250],[129,-148],[-241,-88],[45,-313],[-284,43],[85,-217],[-168,-91],[186,-191],[-105,-310],[201,-11],[-114,-45],[83,-132],[-91,-159],[-230,266],[-137,-186],[37,-160],[-314,37],[1,-278],[-244,-139],[-121,282],[-686,-230],[42,167],[-227,84]],[[53667,66927],[-251,-187],[-190,82],[-195,-383],[-187,118],[-529,-127],[30,793],[-152,132],[-74,395],[86,250],[-184,169],[203,127],[-21,213]],[[52203,68509],[-172,297],[57,282],[166,117],[59,339],[212,97],[172,609]],[[52697,70250],[103,-98],[5,241],[168,90],[-17,296],[211,-83],[441,226],[-919,532],[456,304],[585,-491],[490,-35],[105,-478],[94,52],[114,-255],[232,93],[98,-206],[180,211],[379,-105],[26,312],[94,-169],[187,93],[50,-141],[76,163],[64,-152],[116,108],[309,-173],[172,206]],[[33356,85138],[6,-2216]],[[33362,82922],[-4,-397]],[[33358,82525],[-7,-364]],[[33351,82161],[-1906,-41]],[[31445,82120],[-1,2108]],[[31444,84228],[1,1151]],[[31445,85379],[1908,-2],[3,-239]],[[28396,75278],[787,-275]],[[29183,75003],[-107,-548],[-155,-66],[-271,-718],[-161,-1583]],[[25185,69795],[113,186],[-236,453],[143,378],[-190,806],[-431,32],[-317,716],[77,1390],[-487,1504],[113,1496]],[[23970,76756],[244,401]],[[24214,77157],[314,-488],[271,-1048]],[[24799,75621],[205,-632],[794,-471],[238,-515],[470,33],[297,-292],[424,81],[1169,1453]],[[22806,77278],[-482,-265],[-944,431],[-89,245]],[[21291,77689],[-159,511],[62,557],[-107,22],[-66,369],[221,510],[-141,324],[102,257],[-116,319],[223,239],[-19,337],[317,527],[-90,561],[-47,-96],[-107,260],[210,267],[-63,89]],[[21511,82742],[50,173],[-376,251],[-38,254],[120,320],[217,116]],[[21484,83856],[-43,-408],[1119,-132],[31,-512],[133,-124],[1152,326],[7,323],[-210,448],[493,66]],[[24166,83843],[136,-124],[-239,-316],[536,-527]],[[24599,82876],[-405,-1258],[-47,-1601]],[[24147,80017],[-1149,287],[-192,-3026]],[[61522,33521],[309,303],[-449,389],[-31,424],[135,110],[-141,405],[331,276],[-126,186],[189,92],[7,-267],[115,-75],[-24,391],[166,97],[15,279],[332,-203],[154,365],[134,-371],[180,110],[44,-257],[206,-59],[167,-316],[41,361]],[[63276,35761],[265,18],[81,201],[152,449],[-36,361],[176,70],[-20,500],[402,-367],[-62,151],[94,85],[-122,58],[124,410],[-235,381],[223,158],[-79,491],[218,-156]],[[64457,38571],[21,-184],[657,-693],[227,94],[166,-269],[309,197],[101,-358],[-20,-946],[189,-264],[-283,-311],[265,-519],[-102,-162],[-92,-1160]],[[65895,33996],[-186,-591],[100,-815],[123,-186],[-56,-499],[-427,-81],[-272,-876],[-450,-304],[-35,-217],[207,-355],[-257,-1754]],[[64642,28318],[-426,-57],[-202,297],[-132,-194],[-343,556],[23,621],[-243,543],[-155,-6],[-179,-412],[-963,129],[12,203],[121,-20],[-36,350],[202,-85],[36,251],[-65,160],[-147,-89],[-43,521],[-249,12],[-134,327],[-28,572],[199,142],[-203,240],[101,526],[-211,275],[-55,341]],[[59106,57216],[170,176],[-78,168],[100,239],[155,-178],[58,272],[-20,486],[-179,-198],[-157,279],[440,272],[-229,161],[71,261],[373,-20],[-221,349],[71,360],[-366,451],[208,262],[280,40],[-314,508],[82,-342],[-243,-182],[-361,405],[-80,454],[438,72],[230,420],[-332,94],[-365,432],[532,63],[2,433],[123,-208],[158,59],[-371,493],[18,382],[269,137]],[[59568,63816],[214,-120],[249,-717],[176,60],[67,-175],[139,137],[386,-127],[79,224],[298,-305],[168,380],[110,-163],[245,208],[142,-248],[86,203],[249,-531],[270,-255],[117,162],[290,-381],[123,211],[86,-224],[90,153],[340,-258],[69,235],[464,-187],[225,107],[129,-246],[685,-189]],[[60903,55292],[-960,284],[-261,-103],[-576,1743]],[[34769,75342],[47,-36]],[[34816,75306],[301,-451]],[[35117,74855],[183,-311],[-8,-808],[356,-128]],[[35648,73608],[87,-417]],[[35735,73191],[65,-247],[-303,-189],[-38,-354],[-2461,-3119]],[[32998,69282],[-584,-740]],[[32414,68542],[-286,316],[-258,1159]],[[31870,70017],[2899,5325]],[[26858,93676],[84,738],[425,1001]],[[27367,95415],[224,145],[305,703],[1,637],[-152,420],[120,650]],[[27865,97970],[917,-588],[384,-6],[1301,1251],[401,203],[715,-1192]],[[31583,97638],[-466,-1133],[144,-2447],[-543,-2533]],[[30718,91525],[-654,146],[-313,186],[7,139],[-1007,-242],[-375,399],[-194,568],[-278,-543],[-259,622],[-168,64],[-53,332],[-566,480]],[[10031,61823],[-121,-5939]],[[9910,55884],[-11,-476],[-2332,-3]],[[7567,55405],[-198,190],[-76,-77],[120,-261],[-286,136],[102,243],[-119,214],[-172,-134],[16,-246],[-157,231]],[[6797,55701],[-41,884],[152,11],[249,535],[100,544],[-569,437],[236,687],[-70,4437],[1055,856]],[[7909,64092],[647,-274],[585,505],[382,784],[294,6],[98,-482]],[[9915,64631],[-28,-504]],[[9887,64127],[-349,-1052],[-14,-954],[100,-532],[407,234]],[[57188,44299],[-396,583]],[[56792,44882],[237,993],[393,203],[358,826],[372,-148],[153,200],[108,861],[-115,78],[47,256],[-143,278],[77,156],[92,-103],[41,764],[195,-34],[-81,415],[204,-303],[105,380],[-130,134],[201,-77],[-108,381],[135,-36],[-179,120],[82,158],[-165,300],[131,220],[149,-123],[207,578]],[[59158,51359],[66,-142],[60,268],[-141,152],[158,-14],[70,338],[99,-118],[257,594],[-127,126],[49,219],[104,-50],[-232,270],[65,182],[299,-163],[91,221],[181,-47],[-225,295],[162,279],[-106,80],[154,52],[-13,611],[473,177],[-10,182],[131,-88],[16,435],[164,74]],[[60903,55292],[336,-591],[366,11],[-52,240],[190,-24],[272,-617],[257,24],[79,-286],[493,-574],[0,165],[174,-6],[-89,82],[45,235],[44,-203],[133,102],[-86,206],[239,-7],[261,643],[271,15],[19,201],[203,15],[87,224],[292,-39],[193,632]],[[66894,54542],[1624,-1532],[-28,-363],[284,-417],[-281,74],[8,-323],[-206,-124],[-218,132],[-43,-183]],[[68034,51806],[-316,-237],[58,-155],[-255,116],[-249,-264],[393,-663],[-306,-296],[350,-615],[-347,-146],[81,-264],[-246,-148],[478,-907],[-544,-887],[-680,-583],[-109,-287]],[[66342,46470],[-256,-54],[-199,-301],[-433,-81],[-24,-493],[166,-363],[-166,-529],[129,-320],[-247,68],[-29,330],[-349,-179],[-308,204],[311,-809],[346,253],[-355,-507],[247,-246]],[[65175,43443],[-17,-196],[-215,170],[-137,-357],[-216,-110],[-48,-324],[-238,52],[31,-360],[-316,17],[195,-361],[-418,-220],[345,-524],[-338,-117],[-95,-410],[-156,75]],[[63552,40778],[-597,484],[-75,-322],[-343,527],[-79,526],[-376,366],[855,3226],[18,112],[-611,-937],[-251,82],[-352,-389],[-105,-349],[-237,85],[-272,-402],[-368,-160],[-198,104],[-112,438],[-255,276],[-947,-112],[-275,104],[-266,457],[-501,-550],[-574,205],[-244,-310],[-199,60]],[[81691,16343],[-37,1235],[-154,235],[-177,-188],[-523,206],[-188,545]],[[80612,18376],[178,517],[491,-39],[62,289],[-137,160],[167,70],[0,268],[714,540],[-25,349],[-116,88],[160,177],[-10,441]],[[82096,21236],[232,519],[407,-236],[57,797],[124,94],[-21,263],[219,520],[159,-279],[195,215],[185,-94],[360,220],[107,-1308],[578,125],[49,-200],[180,26],[241,259],[232,-540],[-79,-303],[155,-145],[315,116],[22,-187]],[[85813,21098],[-137,-373],[13,-1214],[-286,-206],[82,-194],[-123,-173],[201,-398],[-56,-231],[256,6],[175,-419],[-209,-507]],[[85729,17389],[-589,-699],[-510,291],[-211,-407],[-236,479],[-423,-229],[-136,277],[-83,-150],[-198,215],[-202,-461],[-547,367],[-56,-187],[-471,-234],[-21,-183],[-355,-125]],[[13719,50996],[1812,-2723]],[[16425,46909],[-28,-413],[-317,-299],[238,-1470],[-459,840],[-519,9],[-351,379],[-385,26],[-178,-182],[-238,321],[-593,-326],[377,-206],[184,-455],[-89,-241],[208,39],[143,-440],[-64,-281],[121,73],[301,-283],[60,227],[255,-274]],[[15091,43953],[-161,-253],[33,-1355],[-774,-30]],[[14189,42315],[-776,4],[-125,439],[-288,21],[-373,457],[-72,-198],[-222,-96],[-92,131],[-71,-177],[-298,343],[96,184],[-249,36],[68,115],[-161,146],[65,104]],[[11691,43824],[193,481],[236,44],[568,746],[-375,1273],[-1057,808],[-213,58],[-77,-223],[-3,299],[-413,295],[-334,-88],[-57,209],[-92,-263],[-168,133],[95,-193],[-183,-106],[60,-130],[-299,311],[-186,-215],[-57,199],[-110,-193],[-61,114],[45,-405],[-246,74]],[[8957,47052],[-91,339],[112,429],[-32,575],[-190,381],[161,64],[3,243],[310,-263],[94,192]],[[9324,49012],[267,-142],[405,339],[61,651],[593,1111],[-67,255],[-197,73],[-13,311],[-241,134],[89,213],[-188,-47],[18,186],[-150,30],[267,197],[-125,162],[-104,-191],[77,332]],[[10016,52626],[662,-150],[358,-347],[347,131],[232,251],[-58,469],[-103,401],[-256,177]],[[11198,53558],[152,287],[396,8],[501,-662],[69,-647],[453,-291],[130,-668],[382,-179],[194,-459],[244,49]],[[71555,74200],[-104,-449],[323,-34],[5,-246],[172,-14],[268,-657],[-179,-281],[72,-402],[236,-110],[3,-337],[-157,-253],[530,-1149]],[[71239,68407],[-551,-218],[157,-222],[-17,214],[112,-43],[126,-230],[-281,-51],[-11,-202],[-170,131],[144,-570],[-261,-198]],[[70487,67018],[-662,-13],[-646,275],[597,3644]],[[69776,70924],[202,319],[-162,539],[289,-8],[-247,245],[-258,-359],[-141,523],[155,220],[-121,17],[49,379],[133,-59],[-342,249]],[[69333,72989],[142,-4],[-368,234],[-86,252],[-224,-81],[280,621],[-249,13],[-80,168],[102,155],[-143,71],[329,560],[-371,64],[127,404],[-93,92],[124,171]],[[68823,75709],[31,-185],[207,80],[137,-247],[298,76]],[[69496,75433],[178,-400],[640,-586],[195,60],[325,-292],[721,-15]],[[23319,32459],[-176,-333],[203,-92],[-39,-354],[-282,133],[-23,-362],[-187,-216],[100,-266],[-126,-183],[-72,203],[-83,-70],[237,-231],[-139,-342],[341,83],[-201,-274],[-26,-358],[-143,45],[175,-365],[-262,303],[-81,-149],[95,-382],[-373,-197],[414,-232],[-277,-169]],[[22394,28651],[-232,113],[-547,-254],[-98,-268],[97,-776]],[[21614,27466],[-196,-249],[-574,-59],[-246,-369]],[[20598,26789],[-139,142],[-49,937],[-809,-18],[362,1320],[-268,342],[-341,-54]],[[19354,29458],[-86,163],[-125,-117],[141,401],[-301,78],[227,104],[-130,198],[141,80],[42,183],[-85,-128],[-245,291],[265,-54],[49,197],[128,-8],[-324,190],[162,221],[-66,239],[356,44],[33,681]],[[19536,32221],[101,-191],[201,112]],[[19838,32142],[669,-167],[-65,361],[258,-109],[103,576],[140,-148],[107,102],[-162,39],[25,213],[176,85],[-153,399],[239,-199],[114,384],[102,-340],[418,-367],[830,121],[295,-511],[385,-122]],[[84428,39668],[-79,364],[-232,-154],[-279,94],[-107,486],[88,261],[-330,530],[189,347],[-65,726],[-251,359],[-23,365],[150,472],[160,-73]],[[83649,43445],[1676,-754],[48,170],[377,122],[1750,2008],[297,-734],[-92,-245],[1627,3],[182,-219],[91,-914],[132,-157],[40,187],[473,-155],[-33,-210],[263,-112],[72,-221]],[[90552,42214],[-521,-574],[-516,-52],[-112,-270],[-371,-215],[-98,-313],[-358,68],[-694,-386],[73,-305],[-317,-243],[-320,265],[-720,-9],[-234,-97],[-120,-337],[-460,38],[-118,184],[-363,-293],[-241,324],[-634,-331]],[[25121,65524],[-962,2449],[225,547],[245,32],[119,583],[437,660]],[[25185,69795],[1222,-530],[19,345],[616,326],[429,562],[139,644],[442,724],[437,222]],[[28489,72088],[122,-2532],[145,-676],[-279,-748],[560,-1724]],[[29037,66408],[155,-557],[-609,-926],[-252,-814]],[[28331,64111],[-220,-116]],[[28111,63995],[-235,418],[-196,-258],[-81,354],[-116,-129],[-123,234],[-112,-136],[-17,234],[-138,-88],[-20,192],[-250,-265],[-56,306],[-262,16]],[[26505,64873],[-195,119],[-257,-124],[-71,245],[-244,-139],[-190,115],[16,319],[-443,116]],[[17925,51022],[148,-69],[-16,-791],[-148,-197],[92,6],[-58,-202],[145,-51],[14,-307]],[[18102,49411],[-1,-441],[162,-56],[-149,-251],[-144,95],[-169,-315],[80,-566],[-108,-40],[17,-468],[-150,-387]],[[17640,46982],[-1215,-73]],[[16425,46909],[-894,1364]],[[15531,48273],[-76,933],[93,324],[480,394],[38,179],[-211,287],[37,303],[206,102],[-92,856],[268,287],[-56,111],[1707,-1027]],[[50397,39369],[-99,-230],[147,-823],[-1465,-145],[3,-215],[-177,113],[96,-239],[-104,-124],[58,-265],[-207,246],[-143,-418],[-346,286],[-1132,-652],[-355,80],[-243,-316],[-945,427],[218,848],[-668,732],[-304,-31]],[[44731,38643],[-74,273],[-261,-119],[-149,387],[-440,-206],[-196,374],[-305,-24],[-51,252],[-107,-132],[6,483],[-145,14],[177,372]],[[43186,40317],[135,-349],[1023,-171],[115,-184],[158,596],[295,349]],[[44912,40558],[169,262],[469,91],[-33,395],[305,-126],[176,148],[-18,224],[178,-211],[124,404],[441,248],[28,245],[111,-225],[173,212],[197,-251],[-149,906],[188,145],[177,-143],[198,388],[-85,141],[203,-101],[-12,306],[339,-52],[-115,361],[215,217],[-409,385],[244,308],[68,-167],[-70,333],[107,26],[-24,156],[273,-104],[-217,580],[325,370],[-100,267],[139,394],[161,-8]],[[48688,46682],[232,-189],[204,222],[110,-437],[206,339],[421,-14]],[[49861,46603],[223,-639],[-291,-188],[-232,127],[63,-227],[-238,-196],[30,-325],[-160,-158],[71,-173],[-138,12],[-72,-250],[262,-459],[-220,-337],[-216,11],[-143,-468],[48,-298],[-167,-203],[423,-13],[308,-286],[449,22],[-100,-306],[182,-146],[20,-390],[-149,-262],[178,-233],[-168,-277],[132,-143],[-44,-314],[209,-295],[51,-512],[215,-119],[10,-189]],[[26498,52518],[-127,109],[47,-198],[-147,-114],[96,-202],[-213,-187],[-142,159],[-111,-242],[241,-143],[-364,-418],[278,-195],[-329,-10],[6,-336],[-180,184],[-80,-172],[392,-349],[-300,4],[-99,217],[36,-273],[-94,-81],[107,-230],[-209,-17],[107,-375],[-149,-62],[39,-204],[-298,-33],[256,-344],[-330,172],[156,-357],[-235,146],[38,-227]],[[24890,48740],[-125,76],[-136,-174],[-478,208],[-52,183],[183,361],[-64,150],[-190,-23],[-129,-317]],[[23899,49204],[-254,-22],[-130,177],[274,175],[138,610],[-651,-5]],[[23276,50139],[-126,-18],[-30,932],[-173,74]],[[22947,51127],[-307,244],[-137,523],[-353,77],[-93,266],[-203,58]],[[21854,52295],[-48,145],[286,572],[34,902],[-116,368],[257,472],[-112,538]],[[22155,55292],[201,147],[-12,-167],[227,75],[158,-359],[103,109],[-51,170],[80,-91],[62,151],[263,-154],[86,245],[111,-227]],[[23383,55191],[233,-168],[68,373],[226,-171],[-36,288],[134,173],[450,218],[493,527]],[[24951,56431],[-3,-1567],[1364,-250],[186,-2096]],[[16993,68522],[-552,461]],[[14500,77650],[960,-922],[320,-590],[716,-401],[313,407],[127,761],[571,140],[167,207]],[[17674,77252],[181,-1043],[439,-23],[72,-1136],[657,428],[62,949],[-331,1176],[316,208]],[[19070,77811],[4,-553],[156,-60],[5,-240]],[[19235,76958],[143,-420],[-136,-200],[437,-838],[181,-1322],[-499,-845],[108,-377],[1958,-992],[478,-408]],[[21905,71556],[-145,-375],[258,-566],[30,-458],[-95,-273],[-208,96],[-104,-163],[-249,-912],[-194,-261],[-19,-440],[232,-642],[15,-975]],[[21426,66587],[-137,-99],[-110,-958],[-211,116]],[[20968,65646],[51,502],[-1226,2623],[-779,-263],[-792,391],[-43,-242],[-632,-623],[-554,488]],[[55858,18487],[170,-364],[-403,-493],[249,-383],[-86,-283],[166,-520],[399,-304],[112,-429]],[[56465,15711],[-1233,-2359],[-222,-742],[29,-1132]],[[55039,11478],[-198,103],[-793,-315],[-369,381],[-352,-1148],[-466,-72],[-23,-167],[-265,158],[-408,-466],[-333,22]],[[51832,9974],[384,569],[298,829],[517,656],[-85,481],[-292,210],[-319,-114],[-121,412],[-363,307],[-544,-60],[-83,463],[-222,244],[-359,-259]],[[50643,13712],[-51,289],[277,231],[72,433]],[[50941,14665],[286,140],[-30,447],[111,197],[118,-65],[94,673],[367,-179],[216,493],[179,-76],[34,208],[-161,110],[212,182],[91,36],[22,-429],[72,163],[82,-231],[383,-84],[111,371],[218,103],[27,269],[198,29],[53,-224],[198,-68],[86,225],[166,-139],[64,217],[157,-4],[203,583],[-19,349],[423,206],[243,-127],[251,252],[400,-116],[62,311]],[[39181,87971],[15,-359],[276,152],[-16,-315],[-230,-224],[98,-149]],[[39324,87076],[-839,-735],[-762,-393],[-313,72]],[[37410,86020],[-562,-256],[126,1719]],[[36974,87483],[296,-568],[1681,1121],[230,-65]],[[56377,84988],[484,13],[246,840]],[[57107,85841],[126,-230],[-50,220],[113,38]],[[57296,85869],[36,-261],[278,98],[82,-504],[221,39]],[[57913,85241],[-39,-400],[209,54],[23,-186],[-368,-215],[115,-151],[344,62],[12,-435],[306,64],[-1,-250],[96,-14],[-220,-513],[253,98],[274,-287],[116,-319],[-13,-232],[-105,6]],[[58915,82523],[-414,-523],[149,-125],[-112,-224]],[[58538,81651],[-282,-11],[-344,-410],[-333,482],[-328,48]],[[57251,81760],[-829,10],[-45,3218]],[[71239,68407],[638,253],[847,1608]],[[72724,70268],[501,405],[17,362],[440,-88]],[[73682,70947],[369,-250],[631,118],[281,-1991]],[[74963,68824],[82,-467],[-161,-260],[-227,-124],[-63,-238],[-472,-157],[-197,-461],[-246,97],[-141,-194],[200,-686],[301,-177],[299,-691],[-469,-575],[-240,-22],[-87,-269],[-324,-3]],[[73218,64597],[-296,567],[-253,28],[-115,710],[89,514],[-341,633],[-251,44],[-47,290],[-290,164],[-104,-131],[-34,387],[-244,160],[-93,444]],[[64630,55740],[-79,246],[190,332],[459,145],[801,1234],[-475,666],[-859,92],[358,1079],[-406,1137],[445,1099]],[[65064,61770],[-209,1937],[122,386],[399,71],[125,576],[189,148],[21,140],[-139,35],[103,602]],[[65675,65665],[310,112],[38,-242],[103,136],[203,-97],[-148,-179],[67,-179],[222,311],[259,-778]],[[66729,64749],[348,-386],[72,-338],[127,88],[262,-232],[-9,155],[209,67],[38,-319],[264,-86],[79,-480],[262,-151],[68,-547],[177,-24],[-60,-487],[81,-63],[-183,-414],[-136,124],[-74,-371],[-401,-52],[-32,-343],[-218,-61],[-77,-240],[-261,-15],[32,-169],[-164,-153],[-106,-572],[73,-331],[-146,-196],[0,-281],[219,-441],[16,-352],[321,-294]],[[67510,57785],[334,-410],[49,-541],[-120,-706],[201,-547],[-32,-416],[-195,-278],[-126,84],[20,-172],[-204,-215],[-363,-151],[-180,109]],[[66894,54542],[-634,212],[-328,486],[-119,-153],[-22,445],[-438,532],[-723,-324]],[[10095,38436],[-172,630]],[[9923,39066],[-1039,3444],[-158,973]],[[8726,43483],[220,6],[172,-499],[-16,200],[130,108],[176,-238],[137,164],[157,-141],[230,270],[28,-283],[167,91],[-107,-254],[195,59],[43,-174],[215,102],[-90,149],[169,272],[-4,-200],[224,-77],[-86,-182],[218,41],[-93,-139],[138,-151],[-180,-42],[55,-239],[-230,-146],[176,-393],[-36,-211],[347,-136],[-108,-247],[193,8],[75,-238],[94,247],[265,14],[47,330],[540,88],[78,-205]],[[12265,41437],[-37,-2858],[-2133,-143]],[[26589,20268],[-59,-149],[281,-205],[-136,3],[-69,-291],[177,38],[149,-257],[13,-288],[-194,4],[136,-564],[-295,358],[-132,-179],[210,-205],[8,-268],[-246,374],[-111,-74],[59,-315],[-262,286],[-304,-94]],[[25814,18442],[-1141,-157],[-521,278],[-302,-232],[-727,-63]],[[23123,18268],[370,899],[-132,833]],[[23361,20000],[532,312],[-1,184],[222,-126],[2,210],[340,180],[-88,83],[136,83],[-181,219],[211,252],[232,-83],[-44,227],[123,95],[-202,381],[301,-3],[-50,256]],[[24894,22270],[252,-56],[-26,695],[392,19],[212,220],[14,-491],[-323,-405]],[[25415,22252],[409,-263],[121,-283],[251,307],[387,-311],[-11,-213],[-413,230],[-97,-261],[168,-439],[586,41],[-227,-792]],[[8938,73539],[399,2789],[346,1291],[271,306],[585,21],[1654,1369],[615,250],[201,376]],[[13009,79941],[974,-1747],[517,-544]],[[14500,77650],[148,-405],[-144,-2677],[127,-179],[63,-628],[-89,-836]],[[13195,72516],[-1647,264],[-332,-96]],[[11216,72684],[-515,243],[-141,-146],[-241,240],[-1381,518]],[[77212,47652],[-363,385],[-300,747],[-840,-304],[-19,383],[-262,109],[89,432]],[[75517,49404],[281,-114],[229,240],[185,-47],[87,477],[248,118]],[[76547,50078],[303,410],[0,388],[219,194],[235,-104],[-42,-714],[239,-187]],[[77501,50065],[259,636],[89,989],[121,132],[203,-100],[222,445],[125,-80],[97,258],[86,-69],[35,492],[492,98],[106,221],[462,229],[715,1126],[411,262],[142,58],[353,-404]],[[81419,54358],[83,-838],[-257,-127],[-86,-425],[-408,-229],[245,-842],[-181,-167],[-5,-205],[-197,155],[-158,-217],[77,-607],[-86,-166],[197,-214],[-145,-184],[92,-406],[-142,-411],[251,-358],[-184,-226],[100,-241],[414,-461],[1065,-188]],[[82094,48001],[-217,-713],[282,-1408],[-500,241],[-487,-133],[-83,-303],[-654,795],[-556,369],[-400,40],[0,224],[-245,225],[-198,-54],[-155,301],[-176,-179],[-283,31],[-325,370],[-261,-285],[-624,130]],[[36816,29498],[47,-313],[-201,79],[37,138],[-256,-66],[79,-274],[-311,-101],[30,-364],[-98,65],[-53,-216],[84,-247],[150,39],[-10,-221],[-147,-109],[25,-155],[-142,274],[-142,-232],[217,-269],[-139,-157],[-179,106],[-6,-303],[-228,-22]],[[35573,27150],[-116,385],[177,166],[-155,198],[123,41],[-17,434],[278,182],[-69,245],[-148,-24],[58,302],[-96,186],[-131,-126],[-264,218]],[[35213,29357],[405,-15],[-159,271],[264,7],[-248,172],[192,229],[-256,140],[57,-214],[-127,23],[22,216],[-228,279],[389,-116],[-121,204],[127,79],[-31,308],[147,30],[-311,301],[134,192],[-271,27],[270,294],[-130,137],[65,309],[-87,66],[-75,-206],[-169,428],[314,-34],[13,381],[183,-64],[-41,190],[198,60],[-98,161],[213,284],[-96,490],[251,435],[-192,360]],[[35817,34781],[605,16]],[[36422,34797],[65,-1246],[291,-148],[-150,-390],[388,-467],[-96,-155],[173,-66],[-51,-302],[205,-431],[-103,-395],[-156,99],[33,-338],[91,25],[-125,-169],[80,-159],[-132,21],[20,-183],[-125,9],[66,-167],[-98,55],[-33,-260],[-140,-84],[122,-156],[-12,164],[126,-32],[-45,-524]],[[29716,9897],[-201,-220],[-164,214],[-237,-1341]],[[29114,8550],[-278,17],[-286,359],[-391,-273],[-1265,220],[-412,-396],[-520,39]],[[25962,8516],[158,1279],[-178,625],[-202,137],[74,232],[-148,103],[58,248],[-134,-147],[-143,383],[126,144],[548,-639],[289,433],[219,722],[164,11],[69,212],[-142,212],[243,64],[-101,210],[273,-51],[-280,318],[254,130],[55,-270],[55,50],[-40,318],[101,80],[-125,34],[-145,118],[265,-75],[27,184]],[[27302,13581],[36,-350],[278,-51]],[[27616,13180],[19,-178],[-229,-136],[167,-201],[193,148],[-121,-223],[260,-536],[-193,79],[-136,-262],[300,-222],[21,-195],[58,149],[712,-1073],[633,174],[416,-807]],[[16441,68983],[-1027,-399],[-224,-276]],[[15190,68308],[-217,523],[-64,614],[-506,851],[-65,349],[-281,327],[-194,-22],[-271,649]],[[13592,71599],[-397,917]],[[13195,72516],[852,2],[558,407]],[[14605,72925],[347,63],[628,-272],[177,-284],[500,17],[138,-188],[747,184],[183,-736],[256,-226],[64,-743],[-605,-592],[-599,-1165]]]}