{"type":"Topology","objects":{"data":{"geometries":[{"properties":{"cd_mun_ibge":"4300034"},"type":"MultiPolygon","arcs":[[[-9,-232,-46,-552,0]]],"id":0},{"properties":{"cd_mun_ibge":"4300059"},"type":"MultiPolygon","arcs":[[[-82,-203,-370,-1448,-1159,-784]]],"id":1},{"properties":{"cd_mun_ibge":"4300109"},"type":"MultiPolygon","arcs":[[[-120,-452,-238,-308,-67,-528,-691]]],"id":2},{"properties":{"cd_mun_ibge":"4300208"},"type":"MultiPolygon","arcs":[[[-250,-469,-86,-517,-28]]],"id":3},{"properties":{"cd_mun_ibge":"4300307"},"type":"MultiPolygon","arcs":[[[-635,-1332,-860,-637,1]]],"id":4},{"properties":{"cd_mun_ibge":"4300406"},"type":"MultiPolygon","arcs":[[[-1358,-279,-345,-880,-1044,-31,-744,-665]]],"id":5},{"properties":{"cd_mun_ibge":"4300455"},"type":"MultiPolygon","arcs":[[[-966,-1036,-266,-260,-1256,-932]]],"id":6},{"properties":{"cd_mun_ibge":"4300471"},"type":"MultiPolygon","arcs":[[[-437,-1070,-88,-57,-74]]],"id":7},{"properties":{"cd_mun_ibge":"4300505"},"type":"MultiPolygon","arcs":[[[-273,2,-695,-421,-603]]],"id":8},{"properties":{"cd_mun_ibge":"4300554"},"type":"MultiPolygon","arcs":[[[-677,-1086,-154,-43]]],"id":9},{"properties":{"cd_mun_ibge":"4300570"},"type":"MultiPolygon","arcs":[[[-178,-24,-1039,-58,-170,-1377]]],"id":10},{"properties":{"cd_mun_ibge":"4300604"},"type":"MultiPolygon","arcs":[[[-628,-33,-218,-1422]]],"id":11},{"properties":{"cd_mun_ibge":"4300638"},"type":"MultiPolygon","arcs":[[[-131,-117,-35,-98,-48]]],"id":12},{"properties":{"cd_mun_ibge":"4300646"},"type":"MultiPolygon","arcs":[[[-720,-100,-193,-274,-601]]],"id":13},{"properties":{"cd_mun_ibge":"4300661"},"type":"MultiPolygon","arcs":[[[-406,-267,-655,-465,-219,-322]]],"id":14},{"properties":{"cd_mun_ibge":"4300703"},"type":"MultiPolygon","arcs":[[[-659,-255,-8,-225,-112,-1411,-123]]],"id":15},{"properties":{"cd_mun_ibge":"4300802"},"type":"MultiPolygon","arcs":[[[-40,-963,-181,-450,-470,-1405,-1442,-657,-269]]],"id":16},{"properties":{"cd_mun_ibge":"4300851"},"type":"MultiPolygon","arcs":[[[-37,-1094,-1163,3]]],"id":17},{"properties":{"cd_mun_ibge":"4300877"},"type":"MultiPolygon","arcs":[[[-532,-1172,-1052,-446]]],"id":18},{"properties":{"cd_mun_ibge":"4300901"},"type":"MultiPolygon","arcs":[[[-12,-19,4,-360,-1239,-140]]],"id":19},{"properties":{"cd_mun_ibge":"4301008"},"type":"MultiPolygon","arcs":[[[-160,-325,-363,-1236,-56,-127,-714,-84]]],"id":20},{"properties":{"cd_mun_ibge":"4301057"},"type":"MultiPolygon","arcs":[[[-1197,-1243,-1223,5]]],"id":21},{"properties":{"cd_mun_ibge":"4301073"},"type":"MultiPolygon","arcs":[[[565]]],"id":22},{"properties":{"cd_mun_ibge":"4301107"},"type":"MultiPolygon","arcs":[[[-75,-124,-356,-13,-900]]],"id":23},{"properties":{"cd_mun_ibge":"4301206"},"type":"MultiPolygon","arcs":[[[-162,-757,-289,-1309,-1083,-1140,-240]]],"id":24},{"properties":{"cd_mun_ibge":"4301305"},"type":"MultiPolygon","arcs":[[[-143,-557,-53,-699,6,-295]]],"id":25},{"properties":{"cd_mun_ibge":"4301404"},"type":"MultiPolygon","arcs":[[[-226,7,-254,-186,-1152,-277,-1349]]],"id":26},{"properties":{"cd_mun_ibge":"4301503"},"type":"MultiPolygon","arcs":[[[-165,-90,-253,-21,-301]]],"id":27},{"properties":{"cd_mun_ibge":"4301552"},"type":"MultiPolygon","arcs":[[[-1421,-63,-183,-207,-141,-201]]],"id":28},{"properties":{"cd_mun_ibge":"4301602"},"type":"MultiPolygon","arcs":[[[8,9,-118,-331,-30,-586,-47,-233]]],"id":29},{"properties":{"cd_mun_ibge":"4301636"},"type":"MultiPolygon","arcs":[[[10,-507,-55,-79]]],"id":30},{"properties":{"cd_mun_ibge":"4301651"},"type":"MultiPolygon","arcs":[[[-765,-606,-22,-59,-1041,-25,-1327,-992]]],"id":31},{"properties":{"cd_mun_ibge":"4301701"},"type":"MultiPolygon","arcs":[[[-1027,-282,-20,11,-139,-546,-614]]],"id":32},{"properties":{"cd_mun_ibge":"4301750"},"type":"MultiPolygon","arcs":[[[-1117,-69,-36,-901,12,-355]]],"id":33},{"properties":{"cd_mun_ibge":"4301800"},"type":"MultiPolygon","arcs":[[[-339,13,-575,-319,-1310,-936]]],"id":34},{"properties":{"cd_mun_ibge":"4301859"},"type":"MultiPolygon","arcs":[[[-1470,-1194,-107,14,-581]]],"id":35},{"properties":{"cd_mun_ibge":"4301875"},"type":"MultiPolygon","arcs":[[[-1361,15]]],"id":36},{"properties":{"cd_mun_ibge":"4301909"},"type":"MultiPolygon","arcs":[[[-1165,-1097,-1114,-359,-220,16]]],"id":37},{"properties":{"cd_mun_ibge":"4301925"},"type":"MultiPolygon","arcs":[[[-281,17,18,19]]],"id":38},{"properties":{"cd_mun_ibge":"4301958"},"type":"MultiPolygon","arcs":[[[-1062,-436,-73,-492]]],"id":39},{"properties":{"cd_mun_ibge":"4302006"},"type":"MultiPolygon","arcs":[[[-312,-1143,-185,-649,-26,-214]]],"id":40},{"properties":{"cd_mun_ibge":"4302055"},"type":"MultiPolygon","arcs":[[[-137,-425,-173,-145,-1024]]],"id":41},{"properties":{"cd_mun_ibge":"4302105"},"type":"MultiPolygon","arcs":[[[-814,-388,-95,-1408,-592,-168,-197]]],"id":42},{"properties":{"cd_mun_ibge":"4302154"},"type":"MultiPolygon","arcs":[[[-327,-994,-513,-110,-147,-1076,-288]]],"id":43},{"properties":{"cd_mun_ibge":"4302204"},"type":"MultiPolygon","arcs":[[[-1254,-444,-235,-1078,-968,-931]]],"id":44},{"properties":{"cd_mun_ibge":"4302220"},"type":"MultiPolygon","arcs":[[[-1320,-302,20,-252,-27,-558,-102]]],"id":45},{"properties":{"cd_mun_ibge":"4302238"},"type":"MultiPolygon","arcs":[[[-190,-303,-1322,-101]]],"id":46},{"properties":{"cd_mun_ibge":"4302253"},"type":"MultiPolygon","arcs":[[[21,-605,-1202,-1481,-259,-94,-195,-60]]],"id":47},{"properties":{"cd_mun_ibge":"4302303"},"type":"MultiPolygon","arcs":[[[-885,-386,-1366,22,-945,-297]]],"id":48},{"properties":{"cd_mun_ibge":"4302352"},"type":"MultiPolygon","arcs":[[[23,-177,-1011,-229,-1328,24,-1040]]],"id":49},{"properties":{"cd_mun_ibge":"4302378"},"type":"MultiPolygon","arcs":[[[-41,-237,-1281,-382,-29]]],"id":50},{"properties":{"cd_mun_ibge":"4302402"},"type":"MultiPolygon","arcs":[[[-158,-175,-1177,-1393,-104]]],"id":51},{"properties":{"cd_mun_ibge":"4302451"},"type":"MultiPolygon","arcs":[[[-1135,-215,25,-654,-50,-1104,-1388]]],"id":52},{"properties":{"cd_mun_ibge":"4302501"},"type":"MultiPolygon","arcs":[[[-845,-961,-975,-52,-826,-276]]],"id":53},{"properties":{"cd_mun_ibge":"4302584"},"type":"MultiPolygon","arcs":[[[-516,-559,26,-251,27]]],"id":54},{"properties":{"cd_mun_ibge":"4302600"},"type":"MultiPolygon","arcs":[[[28,-381,-680,-93,-42]]],"id":55},{"properties":{"cd_mun_ibge":"4302659"},"type":"MultiPolygon","arcs":[[[-549,-1204,-607,-763,-349,-389]]],"id":56},{"properties":{"cd_mun_ibge":"4302709"},"type":"MultiPolygon","arcs":[[[-202,-904,-520,-704,-380]]],"id":57},{"properties":{"cd_mun_ibge":"4302808"},"type":"MultiPolygon","arcs":[[[-330,-1022,-32,-806,-587,29]]],"id":58},{"properties":{"cd_mun_ibge":"4302907"},"type":"MultiPolygon","arcs":[[[-894,-745,30,-1043,-1006,-108]]],"id":59},{"properties":{"cd_mun_ibge":"4303004"},"type":"MultiPolygon","arcs":[[[-133,-807,31,-1021,-693,-527,-480,-44,-707]]],"id":60},{"properties":{"cd_mun_ibge":"4303103"},"type":"MultiPolygon","arcs":[[[-49,-156,-1060,-216,32,-627]]],"id":61},{"properties":{"cd_mun_ibge":"4303202"},"type":"MultiPolygon","arcs":[[[-864,-769,-909,-500,-340,-938]]],"id":62},{"properties":{"cd_mun_ibge":"4303301"},"type":"MultiPolygon","arcs":[[[-727,-372,-228,-1477,-960]]],"id":63},{"properties":{"cd_mun_ibge":"4303400"},"type":"MultiPolygon","arcs":[[[-583,33,-1432,-192,-1462]]],"id":64},{"properties":{"cd_mun_ibge":"4303509"},"type":"MultiPolygon","arcs":[[[34,-116,-78,-114,-902,35,-70,-1095,36,37,-954,-99]]],"id":65},{"properties":{"cd_mun_ibge":"4303558"},"type":"MultiPolygon","arcs":[[[-1149,-350,-1456,-430]]],"id":66},{"properties":{"cd_mun_ibge":"4303608"},"type":"MultiPolygon","arcs":[[[38,-887,-298,-947]]],"id":67},{"properties":{"cd_mun_ibge":"4303673"},"type":"MultiPolygon","arcs":[[[39,-268,-404,-1362,-385,-61,-964]]],"id":68},{"properties":{"cd_mun_ibge":"4303707"},"type":"MultiPolygon","arcs":[[[-989,-633,-45,-1340,-71,-759]]],"id":69},{"properties":{"cd_mun_ibge":"4303806"},"type":"MultiPolygon","arcs":[[[-612,-293,-730,-1273,-103]]],"id":70},{"properties":{"cd_mun_ibge":"4303905"},"type":"MultiPolygon","arcs":[[[-484,-109,-1054]]],"id":71},{"properties":{"cd_mun_ibge":"4304002"},"type":"MultiPolygon","arcs":[[[-1080,40,41,-92,-852,-969]]],"id":72},{"properties":{"cd_mun_ibge":"4304101"},"type":"MultiPolygon","arcs":[[[-291,-189,-678,42,-153]]],"id":73},{"properties":{"cd_mun_ibge":"4304200"},"type":"MultiPolygon","arcs":[[[-1398,-708,43,-479,-68,-310,-535,-1375]]],"id":74},{"properties":{"cd_mun_ibge":"4304309"},"type":"MultiPolygon","arcs":[[[-1341,44,-632,-857,-812]]],"id":75},{"properties":{"cd_mun_ibge":"4304358"},"type":"MultiPolygon","arcs":[[[-553,45,-234,46,-585]]],"id":76},{"properties":{"cd_mun_ibge":"4304408"},"type":"MultiPolygon","arcs":[[[-62,-882,-1249,-213]]],"id":77},{"properties":{"cd_mun_ibge":"4304507"},"type":"MultiPolygon","arcs":[[[-397,-65,-597,-132,47,-97,-952,-564]]],"id":78},{"properties":{"cd_mun_ibge":"4304606"},"type":"MultiPolygon","arcs":[[[-626,-477,-157,48]]],"id":79},{"properties":{"cd_mun_ibge":"4304614"},"type":"MultiPolygon","arcs":[[[49,-653,-362,-187,-1105]]],"id":80},{"properties":{"cd_mun_ibge":"4304622"},"type":"MultiPolygon","arcs":[[[-150,-408,-321]]],"id":81},{"properties":{"cd_mun_ibge":"4304630"},"type":"MultiPolygon","arcs":[[[-1486,-347,-1199,50]]],"id":82},{"properties":{"cd_mun_ibge":"4304655"},"type":"MultiPolygon","arcs":[[[-1317,-827,51,-980]]],"id":83},{"properties":{"cd_mun_ibge":"4304663"},"type":"MultiPolygon","arcs":[[[-700,52,-556,-66,-395,-562]]],"id":84},{"properties":{"cd_mun_ibge":"4304671"},"type":"MultiPolygon","arcs":[[[-506,53,-1426,-840,-495,-80,54]]],"id":85},{"properties":{"cd_mun_ibge":"4304689"},"type":"MultiPolygon","arcs":[[[-475,-391,-529,-1015,-617]]],"id":86},{"properties":{"cd_mun_ibge":"4304697"},"type":"MultiPolygon","arcs":[[[-1235,-438,-128,55]]],"id":87},{"properties":{"cd_mun_ibge":"4304705"},"type":"MultiPolygon","arcs":[[[-610,-541,-850,-415,-85,-752,-773,-72,56,-89]]],"id":88},{"properties":{"cd_mun_ibge":"4304713"},"type":"MultiPolygon","arcs":[[[-711,-348,-496,-844]]],"id":89},{"properties":{"cd_mun_ibge":"4304804"},"type":"MultiPolygon","arcs":[[[57,-1042,58,59,-194,-171]]],"id":90},{"properties":{"cd_mun_ibge":"4304853"},"type":"MultiPolygon","arcs":[[[-1419,-375,-501,-907,-64]]],"id":91},{"properties":{"cd_mun_ibge":"4304903"},"type":"MultiPolygon","arcs":[[[-383,-1453,-836,-874,-522,-431,-1102]]],"id":92},{"properties":{"cd_mun_ibge":"4304952"},"type":"MultiPolygon","arcs":[[[-412,-83,-782,-242,-317,-244]]],"id":93},{"properties":{"cd_mun_ibge":"4305009"},"type":"MultiPolygon","arcs":[[[-248,-91,-135,-833,-211,-261,-264,-76]]],"id":94},{"properties":{"cd_mun_ibge":"4305108"},"type":"MultiPolygon","arcs":[[[-965,60,-384,-883,61,-212,-459,-1379,-169,-179]]],"id":95},{"properties":{"cd_mun_ibge":"4305116"},"type":"MultiPolygon","arcs":[[[-906,-768,-184,62,-1420,63]]],"id":96},{"properties":{"cd_mun_ibge":"4305124"},"type":"MultiPolygon","arcs":[[[-598,64,-396,65,-555]]],"id":97},{"properties":{"cd_mun_ibge":"4305132"},"type":"MultiPolygon","arcs":[[[-525,66,-311,67,-478]]],"id":98},{"properties":{"cd_mun_ibge":"4305157"},"type":"MultiPolygon","arcs":[[[-87,-748,-329,-287,-490,-334]]],"id":99},{"properties":{"cd_mun_ibge":"4305173"},"type":"MultiPolygon","arcs":[[[68,-1116,-1096,69]]],"id":100},{"properties":{"cd_mun_ibge":"4305207"},"type":"MultiPolygon","arcs":[[[-760,70,-1339,-227,-373,-725]]],"id":101},{"properties":{"cd_mun_ibge":"4305306"},"type":"MultiPolygon","arcs":[[[71,-772,-509,-493,72,-435,73]]],"id":102},{"properties":{"cd_mun_ibge":"4305355"},"type":"MultiPolygon","arcs":[[[-125,74,-899,-1297]]],"id":103},{"properties":{"cd_mun_ibge":"4305371"},"type":"MultiPolygon","arcs":[[[-241,-1156,-1107,-209,-182,-766]]],"id":104},{"properties":{"cd_mun_ibge":"4305405"},"type":"MultiPolygon","arcs":[[[-263,-1034,-856,-467,-249,75]]],"id":105},{"properties":{"cd_mun_ibge":"4305439"},"type":"MultiPolygon","arcs":[[[-824,76]]],"id":106},{"properties":{"cd_mun_ibge":"4305447"},"type":"MultiPolygon","arcs":[[[-115,77]]],"id":107},{"properties":{"cd_mun_ibge":"4305454"},"type":"MultiPolygon","arcs":[[[78,79,-494,-1228,80]]],"id":108},{"properties":{"cd_mun_ibge":"4305504"},"type":"MultiPolygon","arcs":[[[-411,-105,-1381,-872,-835,-204,81,-783,82]]],"id":109},{"properties":{"cd_mun_ibge":"4305587"},"type":"MultiPolygon","arcs":[[[-713,-257,-1208,-161,83]]],"id":110},{"properties":{"cd_mun_ibge":"4305603"},"type":"MultiPolygon","arcs":[[[-753,84,-414,-314,-1089,-246]]],"id":111},{"properties":{"cd_mun_ibge":"4305702"},"type":"MultiPolygon","arcs":[[[-779,-518,85,-468,-510]]],"id":112},{"properties":{"cd_mun_ibge":"4305801"},"type":"MultiPolygon","arcs":[[[-749,86,-333,-1269,-134,-735,-491]]],"id":113},{"properties":{"cd_mun_ibge":"4305835"},"type":"MultiPolygon","arcs":[[[-644,-661,-687,-439,-1233]]],"id":114},{"properties":{"cd_mun_ibge":"4305850"},"type":"MultiPolygon","arcs":[[[87,-1069,-611,88]]],"id":115},{"properties":{"cd_mun_ibge":"4305871"},"type":"MultiPolygon","arcs":[[[89,-164,-136,90,-247]]],"id":116},{"properties":{"cd_mun_ibge":"4305900"},"type":"MultiPolygon","arcs":[[[91,92,-684,-111,-511,-853]]],"id":117},{"properties":{"cd_mun_ibge":"4305934"},"type":"MultiPolygon","arcs":[[[-717,-816,-196,93,-258]]],"id":118},{"properties":{"cd_mun_ibge":"4305959"},"type":"MultiPolygon","arcs":[[[-387,-819,-1031,-113,-166,-1403,94]]],"id":119},{"properties":{"cd_mun_ibge":"4305975"},"type":"MultiPolygon","arcs":[[[-608,-1108,-1450,-369,-542]]],"id":120},{"properties":{"cd_mun_ibge":"4306007"},"type":"MultiPolygon","arcs":[[[-231,-122,95,-1216,-1275,-236,-442]]],"id":121},{"properties":{"cd_mun_ibge":"4306056"},"type":"MultiPolygon","arcs":[[[96,97,98,-953]]],"id":122},{"properties":{"cd_mun_ibge":"4306072"},"type":"MultiPolygon","arcs":[[[-571,-1073,-191,99,-719]]],"id":123},{"properties":{"cd_mun_ibge":"4306106"},"type":"MultiPolygon","arcs":[[[-245,-675,-188,100,-1321,101,-561,-776]]],"id":124},{"properties":{"cd_mun_ibge":"4306130"},"type":"MultiPolygon","arcs":[[[-1272,-138,-1029,-613,102]]],"id":125},{"properties":{"cd_mun_ibge":"4306205"},"type":"MultiPolygon","arcs":[[[-371,-785,-323,-159,103,-1392]]],"id":126},{"properties":{"cd_mun_ibge":"4306304"},"type":"MultiPolygon","arcs":[[[104,-410,-243,-917,-1382]]],"id":127},{"properties":{"cd_mun_ibge":"4306320"},"type":"MultiPolygon","arcs":[[[105,106,-1193,-1278,-152]]],"id":128},{"properties":{"cd_mun_ibge":"4306353"},"type":"MultiPolygon","arcs":[[[-594,-738,-957,-984]]],"id":129},{"properties":{"cd_mun_ibge":"4306379"},"type":"MultiPolygon","arcs":[[[-895,107,-1005,-794]]],"id":130},{"properties":{"cd_mun_ibge":"4306403"},"type":"MultiPolygon","arcs":[[[-285,-398,-1049,108,-483]]],"id":131},{"properties":{"cd_mun_ibge":"4306429"},"type":"MultiPolygon","arcs":[[[109,-512,110,-683,-148]]],"id":132},{"properties":{"cd_mun_ibge":"4306452"},"type":"MultiPolygon","arcs":[[[-1412,111,-224,-167,112,-1030]]],"id":133},{"properties":{"cd_mun_ibge":"4306502"},"type":"MultiPolygon","arcs":[[[113,114,115,116,-130,-521,-903]]],"id":134},{"properties":{"cd_mun_ibge":"4306551"},"type":"MultiPolygon","arcs":[[[-1246,-393,-1224]]],"id":135},{"properties":{"cd_mun_ibge":"4306601"},"type":"MultiPolygon","arcs":[[[117,118,-810,-746,-892,-332]]],"id":136},{"properties":{"cd_mun_ibge":"4306700"},"type":"MultiPolygon","arcs":[[[-690,-911,-172,-453,119]]],"id":137},{"properties":{"cd_mun_ibge":"4306734"},"type":"MultiPolygon","arcs":[[[-1300,-486,120,121,-230]]],"id":138},{"properties":{"cd_mun_ibge":"4306759"},"type":"MultiPolygon","arcs":[[[-660,122,-1410,-403,-129,-689]]],"id":139},{"properties":{"cd_mun_ibge":"4306767"},"type":"MultiPolygon","arcs":[[[-221,-357,123,124,-1296,-624,125]]],"id":140},{"properties":{"cd_mun_ibge":"4306809"},"type":"MultiPolygon","arcs":[[[126,127,-440,-685,128,-402,-715]]],"id":141},{"properties":{"cd_mun_ibge":"4306908"},"type":"MultiPolygon","arcs":[[[-519,129,130,131,-596,-803,132,-706]]],"id":142},{"properties":{"cd_mun_ibge":"4306924"},"type":"MultiPolygon","arcs":[[[-1268,-729,-736,133]]],"id":143},{"properties":{"cd_mun_ibge":"4306932"},"type":"MultiPolygon","arcs":[[[134,135,-163,-977,-1474,-834]]],"id":144},{"properties":{"cd_mun_ibge":"4306957"},"type":"MultiPolygon","arcs":[[[-426,136,-1023,137,-1271,-1287]]],"id":145},{"properties":{"cd_mun_ibge":"4306973"},"type":"MultiPolygon","arcs":[[[-155,-270,-672,-142,-205]]],"id":146},{"properties":{"cd_mun_ibge":"4307005"},"type":"MultiPolygon","arcs":[[[-671,-544,138,139,-1238,-200,140,-206,141]]],"id":147},{"properties":{"cd_mun_ibge":"4307054"},"type":"MultiPolygon","arcs":[[[-1433,-848,-540,-352,-418,-1210]]],"id":148},{"properties":{"cd_mun_ibge":"4307104"},"type":"MultiPolygon","arcs":[[[-600,-554,142,-294,143,-550,-588]]],"id":149},{"properties":{"cd_mun_ibge":"4307203"},"type":"MultiPolygon","arcs":[[[144,-174,-423,145,-283,-1025]]],"id":150},{"properties":{"cd_mun_ibge":"4307302"},"type":"MultiPolygon","arcs":[[[-682,-1190,-515,-1183,-1077,146,147]]],"id":151},{"properties":{"cd_mun_ibge":"4307401"},"type":"MultiPolygon","arcs":[[[-320,-573,148,-1364,-409,149]]],"id":152},{"properties":{"cd_mun_ibge":"4307450"},"type":"MultiPolygon","arcs":[[[-1215,150,151,-1277]]],"id":153},{"properties":{"cd_mun_ibge":"4307500"},"type":"MultiPolygon","arcs":[[[-292,152,153,-1085,-1160,-1436,-392,-1145,-1305]]],"id":154},{"properties":{"cd_mun_ibge":"4307559"},"type":"MultiPolygon","arcs":[[[-1112,-271,154,-210]]],"id":155},{"properties":{"cd_mun_ibge":"4307609"},"type":"MultiPolygon","arcs":[[[-481,-949,-619,-335,-286]]],"id":156},{"properties":{"cd_mun_ibge":"4307708"},"type":"MultiPolygon","arcs":[[[-476,-1061,155,156]]],"id":157},{"properties":{"cd_mun_ibge":"4307807"},"type":"MultiPolygon","arcs":[[[-176,157,158,-326,159,160,-1207]]],"id":158},{"properties":{"cd_mun_ibge":"4307815"},"type":"MultiPolygon","arcs":[[[-239,-579,-305,-758,161]]],"id":159},{"properties":{"cd_mun_ibge":"4307831"},"type":"MultiPolygon","arcs":[[[-300,-978,162,163,164]]],"id":160},{"properties":{"cd_mun_ibge":"4307864"},"type":"MultiPolygon","arcs":[[[-461,-1444,-1404,165,166,-223,-1466]]],"id":161},{"properties":{"cd_mun_ibge":"4307906"},"type":"MultiPolygon","arcs":[[[-198,167,-591,-473,-180,168,-1378,169,170]]],"id":162},{"properties":{"cd_mun_ibge":"4308003"},"type":"MultiPolygon","arcs":[[[171,-913,-1128,-284,-454]]],"id":163},{"properties":{"cd_mun_ibge":"4308052"},"type":"MultiPolygon","arcs":[[[172,-424,173]]],"id":164},{"properties":{"cd_mun_ibge":"4308078"},"type":"MultiPolygon","arcs":[[[174,175,-1206,-548,-1178]]],"id":165},{"properties":{"cd_mun_ibge":"4308102"},"type":"MultiPolygon","arcs":[[[-458,-337,-929,-1012,176,177,-1376]]],"id":166},{"properties":{"cd_mun_ibge":"4308201"},"type":"MultiPolygon","arcs":[[[178,179,-472,-449,180,-962]]],"id":167},{"properties":{"cd_mun_ibge":"4308250"},"type":"MultiPolygon","arcs":[[[-767,181,-208,182,183]]],"id":168},{"properties":{"cd_mun_ibge":"4308300"},"type":"MultiPolygon","arcs":[[[184,-1153,185,-663,-925,-643,-650]]],"id":169},{"properties":{"cd_mun_ibge":"4308409"},"type":"MultiPolygon","arcs":[[[-793,-694,-1019]]],"id":170},{"properties":{"cd_mun_ibge":"4308433"},"type":"MultiPolygon","arcs":[[[-1106,186,-365,-324,-787]]],"id":171},{"properties":{"cd_mun_ibge":"4308458"},"type":"MultiPolygon","arcs":[[[187,-679,188,-290,-755,-304,189]]],"id":172},{"properties":{"cd_mun_ibge":"4308508"},"type":"MultiPolygon","arcs":[[[190,-1072,-1185,-1463,191,-1431,-275,192]]],"id":173},{"properties":{"cd_mun_ibge":"4308607"},"type":"MultiPolygon","arcs":[[[193,194,195,-815,196,197]]],"id":174},{"properties":{"cd_mun_ibge":"4308656"},"type":"MultiPolygon","arcs":[[[-981,-847,-867,198]]],"id":175},{"properties":{"cd_mun_ibge":"4308706"},"type":"MultiPolygon","arcs":[[[199,-1242,-1414,200]]],"id":176},{"properties":{"cd_mun_ibge":"4308805"},"type":"MultiPolygon","arcs":[[[-1289,-905,201,-379,-1369,-1395,-1181]]],"id":177},{"properties":{"cd_mun_ibge":"4308854"},"type":"MultiPolygon","arcs":[[[-367,202,203,-838,-353]]],"id":178},{"properties":{"cd_mun_ibge":"4308904"},"type":"MultiPolygon","arcs":[[[204,205,206,207,208,-1113,209]]],"id":179},{"properties":{"cd_mun_ibge":"4309001"},"type":"MultiPolygon","arcs":[[[-1092,-813,-1258,-262,210,-832,-1120]]],"id":180},{"properties":{"cd_mun_ibge":"4309050"},"type":"MultiPolygon","arcs":[[[-841,-1424,-217,-1168]]],"id":181},{"properties":{"cd_mun_ibge":"4309100"},"type":"MultiPolygon","arcs":[[[-1248,-798,-460,211,212]]],"id":182},{"properties":{"cd_mun_ibge":"4309126"},"type":"MultiPolygon","arcs":[[[-427,-1285]]],"id":183},{"properties":{"cd_mun_ibge":"4309159"},"type":"MultiPolygon","arcs":[[[-313,213,214,-1134]]],"id":184},{"properties":{"cd_mun_ibge":"4309209"},"type":"MultiPolygon","arcs":[[[215,-1059,-485,-1169,216,-1423,217]]],"id":185},{"properties":{"cd_mun_ibge":"4309258"},"type":"MultiPolygon","arcs":[[[-523,-915,-315,218,-464,-432]]],"id":186},{"properties":{"cd_mun_ibge":"4309308"},"type":"MultiPolygon","arcs":[[[219,-358,220,221]]],"id":187},{"properties":{"cd_mun_ibge":"4309407"},"type":"MultiPolygon","arcs":[[[222,223,224,225,-1348,-1100,-433,-1467]]],"id":188},{"properties":{"cd_mun_ibge":"4309506"},"type":"MultiPolygon","arcs":[[[226,-1344,-1093,-1122,-831,-1478,227,-374]]],"id":189},{"properties":{"cd_mun_ibge":"4309555"},"type":"MultiPolygon","arcs":[[[-941,-1329,228,-1010,-531]]],"id":190},{"properties":{"cd_mun_ibge":"4309571"},"type":"MultiPolygon","arcs":[[[-1373,-538,-1137]]],"id":191},{"properties":{"cd_mun_ibge":"4309605"},"type":"MultiPolygon","arcs":[[[-1301,229,230,-441,-1260]]],"id":192},{"properties":{"cd_mun_ibge":"4309654"},"type":"MultiPolygon","arcs":[[[231,232,233]]],"id":193},{"properties":{"cd_mun_ibge":"4309704"},"type":"MultiPolygon","arcs":[[[234,-443,235,-1282,236,-1079]]],"id":194},{"properties":{"cd_mun_ibge":"4309753"},"type":"MultiPolygon","arcs":[[[-309,237,-451,-580,238,239,-1139]]],"id":195},{"properties":{"cd_mun_ibge":"4309803"},"type":"MultiPolygon","arcs":[[[-1157,240,-771,-318,241,-781]]],"id":196},{"properties":{"cd_mun_ibge":"4309902"},"type":"MultiPolygon","arcs":[[[242,-413,243,-316,-918]]],"id":197},{"properties":{"cd_mun_ibge":"4309951"},"type":"MultiPolygon","arcs":[[[-1212,-417,-351,-1147]]],"id":198},{"properties":{"cd_mun_ibge":"4310009"},"type":"MultiPolygon","arcs":[[[-1088,-676,244,-775,-751,245]]],"id":199},{"properties":{"cd_mun_ibge":"4310108"},"type":"MultiPolygon","arcs":[[[-534,-448,-799,-1252,-1174]]],"id":200},{"properties":{"cd_mun_ibge":"4310207"},"type":"MultiPolygon","arcs":[[[246,247,248,-466,249,250,251,252]]],"id":201},{"properties":{"cd_mun_ibge":"4310306"},"type":"MultiPolygon","arcs":[[[253,254,-664]]],"id":202},{"properties":{"cd_mun_ibge":"4310330"},"type":"MultiPolygon","arcs":[[[-1230,-499,255]]],"id":203},{"properties":{"cd_mun_ibge":"4310363"},"type":"MultiPolygon","arcs":[[[-1480,-1201,256,-712,257,258]]],"id":204},{"properties":{"cd_mun_ibge":"4310405"},"type":"MultiPolygon","arcs":[[[-1257,259,-265,260,261]]],"id":205},{"properties":{"cd_mun_ibge":"4310413"},"type":"MultiPolygon","arcs":[[[-1035,262,263,264,265]]],"id":206},{"properties":{"cd_mun_ibge":"4310439"},"type":"MultiPolygon","arcs":[[[-656,266,-405,267,268]]],"id":207},{"properties":{"cd_mun_ibge":"4310462"},"type":"MultiPolygon","arcs":[[[-667,269,270,-1111]]],"id":208},{"properties":{"cd_mun_ibge":"4310504"},"type":"MultiPolygon","arcs":[[[-1430,271,272,-602,273,274]]],"id":209},{"properties":{"cd_mun_ibge":"4310538"},"type":"MultiPolygon","arcs":[[[-974,-307,-795]]],"id":210},{"properties":{"cd_mun_ibge":"4310553"},"type":"MultiPolygon","arcs":[[[-825,-1355,-869,-846,275]]],"id":211},{"properties":{"cd_mun_ibge":"4310579"},"type":"MultiPolygon","arcs":[[[276,-1151,-429,-1350]]],"id":212},{"properties":{"cd_mun_ibge":"4310603"},"type":"MultiPolygon","arcs":[[[-1357,277,-865,-341,-343,278]]],"id":213},{"properties":{"cd_mun_ibge":"4310652"},"type":"MultiPolygon","arcs":[[[-889,-1262,-1196,-346]]],"id":214},{"properties":{"cd_mun_ibge":"4310702"},"type":"MultiPolygon","arcs":[[[279,280,281,-1026,282]]],"id":215},{"properties":{"cd_mun_ibge":"4310751"},"type":"MultiPolygon","arcs":[[[-455,283,-1127,-306]]],"id":216},{"properties":{"cd_mun_ibge":"4310801"},"type":"MultiPolygon","arcs":[[[-336,-646,-399,284,-482,285]]],"id":217},{"properties":{"cd_mun_ibge":"4310850"},"type":"MultiPolygon","arcs":[[[-1075,-570,-488,286,-328,287]]],"id":218},{"properties":{"cd_mun_ibge":"4310876"},"type":"MultiPolygon","arcs":[[[288,-756,289,290,291,-1304]]],"id":219},{"properties":{"cd_mun_ibge":"4310900"},"type":"MultiPolygon","arcs":[[[-616,-545,-669,-731,292]]],"id":220},{"properties":{"cd_mun_ibge":"4311007"},"type":"MultiPolygon","arcs":[[[293,294,295]]],"id":221},{"properties":{"cd_mun_ibge":"4311106"},"type":"MultiPolygon","arcs":[[[-299,-1218,-366,-1046,-879,-445,-829]]],"id":222},{"properties":{"cd_mun_ibge":"4311122"},"type":"MultiPolygon","arcs":[[[-886,296,-944,297]]],"id":223},{"properties":{"cd_mun_ibge":"4311130"},"type":"MultiPolygon","arcs":[[[-674,-1219,298,-828,-1315]]],"id":224},{"properties":{"cd_mun_ibge":"4311155"},"type":"MultiPolygon","arcs":[[[-1319,-979,299,300,301]]],"id":225},{"properties":{"cd_mun_ibge":"4311205"},"type":"MultiPolygon","arcs":[[[-973,-673,-1323,302,303,-754,304,-578,-456,305,-1126,-791,306]]],"id":226},{"properties":{"cd_mun_ibge":"4311239"},"type":"MultiPolygon","arcs":[[[307,308,-1138,-536,309,310]]],"id":227},{"properties":{"cd_mun_ibge":"4311254"},"type":"MultiPolygon","arcs":[[[-1084,-1307,-1144,311,312,-1133,-537]]],"id":228},{"properties":{"cd_mun_ibge":"4311270"},"type":"MultiPolygon","arcs":[[[-1090,313,-416,-1438,-1162]]],"id":229},{"properties":{"cd_mun_ibge":"4311304"},"type":"MultiPolygon","arcs":[[[314,-914,315,316,317,-770,-862,-1311,318,-574,319,320,-407,321]]],"id":230},{"properties":{"cd_mun_ibge":"4311403"},"type":"MultiPolygon","arcs":[[[322,-788,323,-364,324,325]]],"id":231},{"properties":{"cd_mun_ibge":"4311429"},"type":"MultiPolygon","arcs":[[[-995,326,327,328,-747]]],"id":232},{"properties":{"cd_mun_ibge":"4311502"},"type":"MultiPolygon","arcs":[[[-802,-1457,-1016,329,330,331,-898]]],"id":233},{"properties":{"cd_mun_ibge":"4311601"},"type":"MultiPolygon","arcs":[[[-1270,332,333,-489,-723,-420,-1283]]],"id":234},{"properties":{"cd_mun_ibge":"4311627"},"type":"MultiPolygon","arcs":[[[334,-618,-927,-647,335]]],"id":235},{"properties":{"cd_mun_ibge":"4311643"},"type":"MultiPolygon","arcs":[[[-457,-568,-930,336]]],"id":236},{"properties":{"cd_mun_ibge":"4311700"},"type":"MultiPolygon","arcs":[[[-378,337,338,-935,339,-503]]],"id":237},{"properties":{"cd_mun_ibge":"4311718"},"type":"MultiPolygon","arcs":[[[-876,-344,340,-870,-1353]]],"id":238},{"properties":{"cd_mun_ibge":"4311734"},"type":"MultiPolygon","arcs":[[[-1226,-394,-1265,341]]],"id":239},{"properties":{"cd_mun_ibge":"4311759"},"type":"MultiPolygon","arcs":[[[342,343,-875,344]]],"id":240},{"properties":{"cd_mun_ibge":"4311775"},"type":"MultiPolygon","arcs":[[[-710,-890,345,-1200,346,-1485,-497,347]]],"id":241},{"properties":{"cd_mun_ibge":"4311791"},"type":"MultiPolygon","arcs":[[[-390,348,-762,-939]]],"id":242},{"properties":{"cd_mun_ibge":"4311809"},"type":"MultiPolygon","arcs":[[[-837,-1451,349,-1148,350,-419,351,-539,-368,352]]],"id":243},{"properties":{"cd_mun_ibge":"4311908"},"type":"MultiPolygon","arcs":[[[-1125,353,-376,-1417]]],"id":244},{"properties":{"cd_mun_ibge":"4311981"},"type":"MultiPolygon","arcs":[[[354,355,356,357,358,-1118]]],"id":245},{"properties":{"cd_mun_ibge":"4312005"},"type":"MultiPolygon","arcs":[[[-1123,-1240,359,360]]],"id":246},{"properties":{"cd_mun_ibge":"4312054"},"type":"MultiPolygon","arcs":[[[361,-652,-642,-1237,362,363,364]]],"id":247},{"properties":{"cd_mun_ibge":"4312104"},"type":"MultiPolygon","arcs":[[[-1217,-1007,-1047,365]]],"id":248},{"properties":{"cd_mun_ibge":"4312138"},"type":"MultiPolygon","arcs":[[[366,367,-543,368,-1449,369]]],"id":249},{"properties":{"cd_mun_ibge":"4312153"},"type":"MultiPolygon","arcs":[[[-1391,-786,370]]],"id":250},{"properties":{"cd_mun_ibge":"4312179"},"type":"MultiPolygon","arcs":[[[371,-726,372,373]]],"id":251},{"properties":{"cd_mun_ibge":"4312203"},"type":"MultiPolygon","arcs":[[[-502,374,-1418,375,376,377]]],"id":252},{"properties":{"cd_mun_ibge":"4312252"},"type":"MultiPolygon","arcs":[[[378,379,-703,-1370]]],"id":253},{"properties":{"cd_mun_ibge":"4312302"},"type":"MultiPolygon","arcs":[[[380,381,-1280,-1192,-681]]],"id":254},{"properties":{"cd_mun_ibge":"4312351"},"type":"MultiPolygon","arcs":[[[-1454,382,-1101,-1346,-428]]],"id":255},{"properties":{"cd_mun_ibge":"4312377"},"type":"MultiPolygon","arcs":[[[-884,383,384,-1367,385]]],"id":256},{"properties":{"cd_mun_ibge":"4312385"},"type":"MultiPolygon","arcs":[[[-820,386,387]]],"id":257},{"properties":{"cd_mun_ibge":"4312401"},"type":"MultiPolygon","arcs":[[[-547,388,389,-943,-530,390,-474,-1293]]],"id":258},{"properties":{"cd_mun_ibge":"4312427"},"type":"MultiPolygon","arcs":[[[-1209,-1146,391,-1435]]],"id":259},{"properties":{"cd_mun_ibge":"4312443"},"type":"MultiPolygon","arcs":[[[-1225,392,-1245,-1266,393]]],"id":260},{"properties":{"cd_mun_ibge":"4312450"},"type":"MultiPolygon","arcs":[[[394,395,396,-563]]],"id":261},{"properties":{"cd_mun_ibge":"4312476"},"type":"MultiPolygon","arcs":[[[397,398,-645,-567,-801,-447,-1050]]],"id":262},{"properties":{"cd_mun_ibge":"4312500"},"type":"MultiPolygon","arcs":[[[-1189,399,-504,400]]],"id":263},{"properties":{"cd_mun_ibge":"4312609"},"type":"MultiPolygon","arcs":[[[401,402,-1409,-1033,-818,-716]]],"id":264},{"properties":{"cd_mun_ibge":"4312617"},"type":"MultiPolygon","arcs":[[[403,404,405,406,407,408,-1363]]],"id":265},{"properties":{"cd_mun_ibge":"4312625"},"type":"MultiPolygon","arcs":[[[409,410,411,412]]],"id":266},{"properties":{"cd_mun_ibge":"4312658"},"type":"MultiPolygon","arcs":[[[413,414,-849,-1439,415]]],"id":267},{"properties":{"cd_mun_ibge":"4312674"},"type":"MultiPolygon","arcs":[[[416,-1211,417,418]]],"id":268},{"properties":{"cd_mun_ibge":"4312708"},"type":"MultiPolygon","arcs":[[[-1284,419,-722,-604,420,-697,421,422,423,424,425,-1286,426]]],"id":269},{"properties":{"cd_mun_ibge":"4312757"},"type":"MultiPolygon","arcs":[[[-1455,427,-1345,428,-1150,429]]],"id":270},{"properties":{"cd_mun_ibge":"4312807"},"type":"MultiPolygon","arcs":[[[-1098,430,-524,431,-463,-434]]],"id":271},{"properties":{"cd_mun_ibge":"4312906"},"type":"MultiPolygon","arcs":[[[-1468,432,-1099,433,-462]]],"id":272},{"properties":{"cd_mun_ibge":"4312955"},"type":"MultiPolygon","arcs":[[[434,435,-1071,436]]],"id":273},{"properties":{"cd_mun_ibge":"4313003"},"type":"MultiPolygon","arcs":[[[437,-1234,438,-686,439]]],"id":274},{"properties":{"cd_mun_ibge":"4313011"},"type":"MultiPolygon","arcs":[[[-1253,440,441,442,443]]],"id":275},{"properties":{"cd_mun_ibge":"4313037"},"type":"MultiPolygon","arcs":[[[-878,-830,444]]],"id":276},{"properties":{"cd_mun_ibge":"4313060"},"type":"MultiPolygon","arcs":[[[445,-1051,446,-800,447,-533]]],"id":277},{"properties":{"cd_mun_ibge":"4313086"},"type":"MultiPolygon","arcs":[[[448,-471,449]]],"id":278},{"properties":{"cd_mun_ibge":"4313102"},"type":"MultiPolygon","arcs":[[[-577,450,451,452,453,454,455]]],"id":279},{"properties":{"cd_mun_ibge":"4313201"},"type":"MultiPolygon","arcs":[[[456,457,-1380,458,459,-797,-569]]],"id":280},{"properties":{"cd_mun_ibge":"4313300"},"type":"MultiPolygon","arcs":[[[-1445,460,-1469,461,462,463,464,-658]]],"id":281},{"properties":{"cd_mun_ibge":"4313334"},"type":"MultiPolygon","arcs":[[[465,466,-855,467,468]]],"id":282},{"properties":{"cd_mun_ibge":"4313359"},"type":"MultiPolygon","arcs":[[[-590,-1406,469,470,471,472]]],"id":283},{"properties":{"cd_mun_ibge":"4313375"},"type":"MultiPolygon","arcs":[[[473,474,-620,-1055,475,476,-625,-1294]]],"id":284},{"properties":{"cd_mun_ibge":"4313391"},"type":"MultiPolygon","arcs":[[[-526,477,478,479]]],"id":285},{"properties":{"cd_mun_ibge":"4313409"},"type":"MultiPolygon","arcs":[[[480,481,482,483,-1053,-1170,484,-1058,-950]]],"id":286},{"properties":{"cd_mun_ibge":"4313425"},"type":"MultiPolygon","arcs":[[[485,-1299,-1334,-634,486]]],"id":287},{"properties":{"cd_mun_ibge":"4313441"},"type":"MultiPolygon","arcs":[[[487,-572,-724,488,489]]],"id":288},{"properties":{"cd_mun_ibge":"4313466"},"type":"MultiPolygon","arcs":[[[-750,490,-734,-1065,-920]]],"id":289},{"properties":{"cd_mun_ibge":"4313490"},"type":"MultiPolygon","arcs":[[[-1063,491,492,-514,-921]]],"id":290},{"properties":{"cd_mun_ibge":"4313508"},"type":"MultiPolygon","arcs":[[[-1229,493,494,-839,495,496,-1484,497,498]]],"id":291},{"properties":{"cd_mun_ibge":"4313607"},"type":"MultiPolygon","arcs":[[[499,-908,500,501,502]]],"id":292},{"properties":{"cd_mun_ibge":"4313656"},"type":"MultiPolygon","arcs":[[[503,504,505,506,507]]],"id":293},{"properties":{"cd_mun_ibge":"4313706"},"type":"MultiPolygon","arcs":[[[508,-780,509,-854,510,511,512,-998,-922,513]]],"id":294},{"properties":{"cd_mun_ibge":"4313805"},"type":"MultiPolygon","arcs":[[[-1195,-1472,-584,-1465,-1184,514]]],"id":295},{"properties":{"cd_mun_ibge":"4313904"},"type":"MultiPolygon","arcs":[[[515,516,517,-778,-560]]],"id":296},{"properties":{"cd_mun_ibge":"4313953"},"type":"MultiPolygon","arcs":[[[518,-705,519,520]]],"id":297},{"properties":{"cd_mun_ibge":"4314001"},"type":"MultiPolygon","arcs":[[[521,-873,-1384,-916,522,523]]],"id":298},{"properties":{"cd_mun_ibge":"4314027"},"type":"MultiPolygon","arcs":[[[524,525,526,-692,527]]],"id":299},{"properties":{"cd_mun_ibge":"4314035"},"type":"MultiPolygon","arcs":[[[528,529,-942,530,-1009]]],"id":300},{"properties":{"cd_mun_ibge":"4314050"},"type":"MultiPolygon","arcs":[[[-1173,531,532,533]]],"id":301},{"properties":{"cd_mun_ibge":"4314068"},"type":"MultiPolygon","arcs":[[[534,535,-1142,-1082,536,-1132,537,-1372]]],"id":302},{"properties":{"cd_mun_ibge":"4314076"},"type":"MultiPolygon","arcs":[[[-1368,-709,-789,-1397]]],"id":303},{"properties":{"cd_mun_ibge":"4314100"},"type":"MultiPolygon","arcs":[[[538,539,-851,540,-609,541,542]]],"id":304},{"properties":{"cd_mun_ibge":"4314134"},"type":"MultiPolygon","arcs":[[[543,-670,544,-615,545]]],"id":305},{"properties":{"cd_mun_ibge":"4314159"},"type":"MultiPolygon","arcs":[[[546,-1292,-1154,-1179,547,-1205,548]]],"id":306},{"properties":{"cd_mun_ibge":"4314175"},"type":"MultiPolygon","arcs":[[[-589,549,550,551,552]]],"id":307},{"properties":{"cd_mun_ibge":"4314209"},"type":"MultiPolygon","arcs":[[[553,-599,554,555,556]]],"id":308},{"properties":{"cd_mun_ibge":"4314308"},"type":"MultiPolygon","arcs":[[[557,558,559,-777,560]]],"id":309},{"properties":{"cd_mun_ibge":"4314407"},"type":"MultiPolygon","arcs":[[[-701,561,562,563,-951,-1338,564],[565]]],"id":310},{"properties":{"cd_mun_ibge":"4314423"},"type":"MultiPolygon","arcs":[[[-796,566,-648,567,568]]],"id":311},{"properties":{"cd_mun_ibge":"4314456"},"type":"MultiPolygon","arcs":[[[569,-1074,570,-718,571]]],"id":312},{"properties":{"cd_mun_ibge":"4314464"},"type":"MultiPolygon","arcs":[[[572,573,574,575]]],"id":313},{"properties":{"cd_mun_ibge":"4314472"},"type":"MultiPolygon","arcs":[[[576,577,578,579]]],"id":314},{"properties":{"cd_mun_ibge":"4314498"},"type":"MultiPolygon","arcs":[[[580,581,582,-1461,583,-1471]]],"id":315},{"properties":{"cd_mun_ibge":"4314506"},"type":"MultiPolygon","arcs":[[[584,585,586,-805,-595,587,588]]],"id":316},{"properties":{"cd_mun_ibge":"4314548"},"type":"MultiPolygon","arcs":[[[-1407,589,590,591]]],"id":317},{"properties":{"cd_mun_ibge":"4314555"},"type":"MultiPolygon","arcs":[[[592,-739,593,-983]]],"id":318},{"properties":{"cd_mun_ibge":"4314605"},"type":"MultiPolygon","arcs":[[[594,-804,595,596,597,598,599]]],"id":319},{"properties":{"cd_mun_ibge":"4314704"},"type":"MultiPolygon","arcs":[[[-721,600,601,602,603]]],"id":320},{"properties":{"cd_mun_ibge":"4314753"},"type":"MultiPolygon","arcs":[[[-1203,604,605,-764,606]]],"id":321},{"properties":{"cd_mun_ibge":"4314779"},"type":"MultiPolygon","arcs":[[[-1068,-733,-668,-1109,607,608,609,610]]],"id":322},{"properties":{"cd_mun_ibge":"4314787"},"type":"MultiPolygon","arcs":[[[611,612,-1028,613,614,615]]],"id":323},{"properties":{"cd_mun_ibge":"4314803"},"type":"MultiPolygon","arcs":[[[616,-1014,-928,617,618,-948,-1056,619]]],"id":324},{"properties":{"cd_mun_ibge":"4314902"},"type":"MultiPolygon","arcs":[[[620]],[[621]],[[622]],[[623,-1295,624,625,626,627,-1428,628]],[[629]]],"id":325},{"properties":{"cd_mun_ibge":"4315008"},"type":"MultiPolygon","arcs":[[[-640,630,-638,-858,631,632,-988]]],"id":326},{"properties":{"cd_mun_ibge":"4315057"},"type":"MultiPolygon","arcs":[[[633,-1333,634,635]]],"id":327},{"properties":{"cd_mun_ibge":"4315073"},"type":"MultiPolygon","arcs":[[[636,-859,637,638]]],"id":328},{"properties":{"cd_mun_ibge":"4315107"},"type":"MultiPolygon","arcs":[[[639,-987,-741,640]]],"id":329},{"properties":{"cd_mun_ibge":"4315131"},"type":"MultiPolygon","arcs":[[[-1232,641,-651,642,-924,-662,643]]],"id":330},{"properties":{"cd_mun_ibge":"4315149"},"type":"MultiPolygon","arcs":[[[644,645,646,-926,647]]],"id":331},{"properties":{"cd_mun_ibge":"4315156"},"type":"MultiPolygon","arcs":[[[648,649,650,651,652,653]]],"id":332},{"properties":{"cd_mun_ibge":"4315172"},"type":"MultiPolygon","arcs":[[[654,655,656,-1441,657]]],"id":333},{"properties":{"cd_mun_ibge":"4315206"},"type":"MultiPolygon","arcs":[[[658,659,-688,660,661,-923,662,663]]],"id":334},{"properties":{"cd_mun_ibge":"4315305"},"type":"MultiPolygon","arcs":[[[-1359,664,-743,-808,665]]],"id":335},{"properties":{"cd_mun_ibge":"4315313"},"type":"MultiPolygon","arcs":[[[666,-1110,667,-732,668,669,670,671]]],"id":336},{"properties":{"cd_mun_ibge":"4315321"},"type":"MultiPolygon","arcs":[[[672,-972,-1008,-1220,673,-1314]]],"id":337},{"properties":{"cd_mun_ibge":"4315354"},"type":"MultiPolygon","arcs":[[[674,675,-1087,676,677,678]]],"id":338},{"properties":{"cd_mun_ibge":"4315404"},"type":"MultiPolygon","arcs":[[[679,680,-1191,681,682,683]]],"id":339},{"properties":{"cd_mun_ibge":"4315453"},"type":"MultiPolygon","arcs":[[[684,685,686,687,688]]],"id":340},{"properties":{"cd_mun_ibge":"4315503"},"type":"MultiPolygon","arcs":[[[-792,-1130,-912,689,690,691,692,-1020,693]]],"id":341},{"properties":{"cd_mun_ibge":"4315552"},"type":"MultiPolygon","arcs":[[[694,695,696]]],"id":342},{"properties":{"cd_mun_ibge":"4315602"},"type":"MultiPolygon","arcs":[[[-822,697,698,699,700,701]]],"id":343},{"properties":{"cd_mun_ibge":"4315701"},"type":"MultiPolygon","arcs":[[[702,703,704,705,706,707,-1402,-790,708,-1371]]],"id":344},{"properties":{"cd_mun_ibge":"4315750"},"type":"MultiPolygon","arcs":[[[-728,-891,709,710,-843]]],"id":345},{"properties":{"cd_mun_ibge":"4315800"},"type":"MultiPolygon","arcs":[[[711,712,713,714,715,-817,716]]],"id":346},{"properties":{"cd_mun_ibge":"4315909"},"type":"MultiPolygon","arcs":[[[717,718,719,720,721,722,723]]],"id":347},{"properties":{"cd_mun_ibge":"4315958"},"type":"MultiPolygon","arcs":[[[724,725,726,-959,-742,-1002,-761]]],"id":348},{"properties":{"cd_mun_ibge":"4316006"},"type":"MultiPolygon","arcs":[[[727,-842,-1176,-881]]],"id":349},{"properties":{"cd_mun_ibge":"4316105"},"type":"MultiPolygon","arcs":[[[728,-1274,729,730,731,732,-1067,-737]]],"id":350},{"properties":{"cd_mun_ibge":"4316204"},"type":"MultiPolygon","arcs":[[[733,734,735,736,-1066]]],"id":351},{"properties":{"cd_mun_ibge":"4316303"},"type":"MultiPolygon","arcs":[[[737,738,739,740,-991,-999,741,-958]]],"id":352},{"properties":{"cd_mun_ibge":"4316402"},"type":"MultiPolygon","arcs":[[[742,743,744,-893,745,-809]]],"id":353},{"properties":{"cd_mun_ibge":"4316428"},"type":"MultiPolygon","arcs":[[[-996,746,747,748,749,-919]]],"id":354},{"properties":{"cd_mun_ibge":"4316436"},"type":"MultiPolygon","arcs":[[[750,-774,751,752]]],"id":355},{"properties":{"cd_mun_ibge":"4316451"},"type":"MultiPolygon","arcs":[[[753,754,755,756,757]]],"id":356},{"properties":{"cd_mun_ibge":"4316477"},"type":"MultiPolygon","arcs":[[[-1001,-990,758,759,760]]],"id":357},{"properties":{"cd_mun_ibge":"4316501"},"type":"MultiPolygon","arcs":[[[-1325,-940,761,762,763,764,-993]]],"id":358},{"properties":{"cd_mun_ibge":"4316600"},"type":"MultiPolygon","arcs":[[[765,766,767,-910,768,-863,769,770]]],"id":359},{"properties":{"cd_mun_ibge":"4316709"},"type":"MultiPolygon","arcs":[[[771,772,773,774,775,776,777,778,779]]],"id":360},{"properties":{"cd_mun_ibge":"4316733"},"type":"MultiPolygon","arcs":[[[780,781,782,783,-1158]]],"id":361},{"properties":{"cd_mun_ibge":"4316758"},"type":"MultiPolygon","arcs":[[[784,785,-1390,-1103,786,787]]],"id":362},{"properties":{"cd_mun_ibge":"4316808"},"type":"MultiPolygon","arcs":[[[-1386,788,789,-1401,-1136]]],"id":363},{"properties":{"cd_mun_ibge":"4316907"},"type":"MultiPolygon","arcs":[[[790,-1131,791,792,-1018,-896,793,-1004,-971,794]]],"id":364},{"properties":{"cd_mun_ibge":"4316956"},"type":"MultiPolygon","arcs":[[[795,796,797,-1247,798,799,800]]],"id":365},{"properties":{"cd_mun_ibge":"4316972"},"type":"MultiPolygon","arcs":[[[-1458,801,-897]]],"id":366},{"properties":{"cd_mun_ibge":"4317004"},"type":"MultiPolygon","arcs":[[[802,803,804,805,806]]],"id":367},{"properties":{"cd_mun_ibge":"4317103"},"type":"MultiPolygon","arcs":[[[807,808,809,810]]],"id":368},{"properties":{"cd_mun_ibge":"4317202"},"type":"MultiPolygon","arcs":[[[-1091,-1342,811,-861,-1330,-1303,-1259,812]]],"id":369},{"properties":{"cd_mun_ibge":"4317251"},"type":"MultiPolygon","arcs":[[[813,814,815,816,817,-1032,818,819]]],"id":370},{"properties":{"cd_mun_ibge":"4317301"},"type":"MultiPolygon","arcs":[[[820,821,822,823]]],"id":371},{"properties":{"cd_mun_ibge":"4317400"},"type":"MultiPolygon","arcs":[[[-877,-1351,824,825,826,-1316,827,828,829]]],"id":372},{"properties":{"cd_mun_ibge":"4317509"},"type":"MultiPolygon","arcs":[[[-1479,830,-1121,831,832,833]]],"id":373},{"properties":{"cd_mun_ibge":"4317558"},"type":"MultiPolygon","arcs":[[[834,-871,835,-1452,836,837]]],"id":374},{"properties":{"cd_mun_ibge":"4317608"},"type":"MultiPolygon","arcs":[[[838,839,-1425,840,-1167,841,842,843]]],"id":375},{"properties":{"cd_mun_ibge":"4317707"},"type":"MultiPolygon","arcs":[[[-986,-956,844,845,-868,846]]],"id":376},{"properties":{"cd_mun_ibge":"4317756"},"type":"MultiPolygon","arcs":[[[847,-1440,848,849,850]]],"id":377},{"properties":{"cd_mun_ibge":"4317806"},"type":"MultiPolygon","arcs":[[[-1038,-970,851,852,853,854,855]]],"id":378},{"properties":{"cd_mun_ibge":"4317905"},"type":"MultiPolygon","arcs":[[[856,857,858,859,-1331,860]]],"id":379},{"properties":{"cd_mun_ibge":"4317954"},"type":"MultiPolygon","arcs":[[[-1312,861,862,863,-937]]],"id":380},{"properties":{"cd_mun_ibge":"4318002"},"type":"MultiPolygon","arcs":[[[864,865,866,867,868,-1354,869]]],"id":381},{"properties":{"cd_mun_ibge":"4318051"},"type":"MultiPolygon","arcs":[[[870,871,-1385,872,873]]],"id":382},{"properties":{"cd_mun_ibge":"4318101"},"type":"MultiPolygon","arcs":[[[874,875,-1352,876,877,878,-1045,879]]],"id":383},{"properties":{"cd_mun_ibge":"4318200"},"type":"MultiPolygon","arcs":[[[880,-1175,-1250,881,882,883,884,885,886,887,-1263,888,889,890]]],"id":384},{"properties":{"cd_mun_ibge":"4318309"},"type":"MultiPolygon","arcs":[[[891,892,893,894,895,-1017,-1459,896,897]]],"id":385},{"properties":{"cd_mun_ibge":"4318408"},"type":"MultiPolygon","arcs":[[[898,899,900,901,902,903,904,-1298]]],"id":386},{"properties":{"cd_mun_ibge":"4318424"},"type":"MultiPolygon","arcs":[[[905,906,907,908,909]]],"id":387},{"properties":{"cd_mun_ibge":"4318432"},"type":"MultiPolygon","arcs":[[[910,911,-1129,912]]],"id":388},{"properties":{"cd_mun_ibge":"4318440"},"type":"MultiPolygon","arcs":[[[913,914,915,-1383,916,917]]],"id":389},{"properties":{"cd_mun_ibge":"4318457"},"type":"MultiPolygon","arcs":[[[-997,918,919,-1064,920,921]]],"id":390},{"properties":{"cd_mun_ibge":"4318465"},"type":"MultiPolygon","arcs":[[[922,923,924]]],"id":391},{"properties":{"cd_mun_ibge":"4318481"},"type":"MultiPolygon","arcs":[[[925,926,927,-1013,928,929]]],"id":392},{"properties":{"cd_mun_ibge":"4318499"},"type":"MultiPolygon","arcs":[[[930,-967,931,-1255]]],"id":393},{"properties":{"cd_mun_ibge":"4318507"},"type":"MultiPolygon","arcs":[[[-1187,932]],[[933]]],"id":394},{"properties":{"cd_mun_ibge":"4318606"},"type":"MultiPolygon","arcs":[[[934,935,-1313,936,937]]],"id":395},{"properties":{"cd_mun_ibge":"4318614"},"type":"MultiPolygon","arcs":[[[938,939,-1324,940,941,942]]],"id":396},{"properties":{"cd_mun_ibge":"4318622"},"type":"MultiPolygon","arcs":[[[943,944,945,946]]],"id":397},{"properties":{"cd_mun_ibge":"4318705"},"type":"MultiPolygon","arcs":[[[947,948,949,-1057]]],"id":398},{"properties":{"cd_mun_ibge":"4318804"},"type":"MultiPolygon","arcs":[[[-1336,950,951,952,953,954]]],"id":399},{"properties":{"cd_mun_ibge":"4318903"},"type":"MultiPolygon","arcs":[[[955,-985,956,957,958,959,-1476,-976,960]]],"id":400},{"properties":{"cd_mun_ibge":"4319000"},"type":"MultiPolygon","arcs":[[[961,962,963,964]]],"id":401},{"properties":{"cd_mun_ibge":"4319109"},"type":"MultiPolygon","arcs":[[[965,966,967,-1081,968,969,-1037]]],"id":402},{"properties":{"cd_mun_ibge":"4319125"},"type":"MultiPolygon","arcs":[[[970,-1003,971,972,973]]],"id":403},{"properties":{"cd_mun_ibge":"4319158"},"type":"MultiPolygon","arcs":[[[974,975,-1475,976,977,978,-1318,979]]],"id":404},{"properties":{"cd_mun_ibge":"4319208"},"type":"MultiPolygon","arcs":[[[980,981,982,983,984,985]]],"id":405},{"properties":{"cd_mun_ibge":"4319307"},"type":"MultiPolygon","arcs":[[[986,987,988,989,-1000,990]]],"id":406},{"properties":{"cd_mun_ibge":"4319356"},"type":"MultiPolygon","arcs":[[[991,-1326,992]]],"id":407},{"properties":{"cd_mun_ibge":"4319364"},"type":"MultiPolygon","arcs":[[[993,994,995,996,997]]],"id":408},{"properties":{"cd_mun_ibge":"4319372"},"type":"MultiPolygon","arcs":[[[998,999,1000,1001]]],"id":409},{"properties":{"cd_mun_ibge":"4319406"},"type":"MultiPolygon","arcs":[[[1002,1003,1004,1005,-1048,1006,-1221,1007]]],"id":410},{"properties":{"cd_mun_ibge":"4319505"},"type":"MultiPolygon","arcs":[[[1008,1009,1010,1011,1012,1013,1014]]],"id":411},{"properties":{"cd_mun_ibge":"4319604"},"type":"MultiPolygon","arcs":[[[1015,-1460,1016,1017,1018,1019,1020,1021]]],"id":412},{"properties":{"cd_mun_ibge":"4319703"},"type":"MultiPolygon","arcs":[[[1022,1023,1024,1025,1026,1027,1028]]],"id":413},{"properties":{"cd_mun_ibge":"4319711"},"type":"MultiPolygon","arcs":[[[-1413,1029,1030,1031,1032]]],"id":414},{"properties":{"cd_mun_ibge":"4319737"},"type":"MultiPolygon","arcs":[[[1033,1034,1035,1036,1037]]],"id":415},{"properties":{"cd_mun_ibge":"4319752"},"type":"MultiPolygon","arcs":[[[1038,1039,1040,1041]]],"id":416},{"properties":{"cd_mun_ibge":"4319802"},"type":"MultiPolygon","arcs":[[[1042,1043,1044,1045,1046,1047]]],"id":417},{"properties":{"cd_mun_ibge":"4319901"},"type":"MultiPolygon","arcs":[[[1048,1049,1050,1051,-1171,1052,1053]]],"id":418},{"properties":{"cd_mun_ibge":"4320008"},"type":"MultiPolygon","arcs":[[[1054,1055,1056,1057,1058,1059,1060]]],"id":419},{"properties":{"cd_mun_ibge":"4320107"},"type":"MultiPolygon","arcs":[[[1061,1062,1063,1064,1065,1066,1067,1068,1069,1070]]],"id":420},{"properties":{"cd_mun_ibge":"4320206"},"type":"MultiPolygon","arcs":[[[-1182,1071,1072,1073,1074,1075,1076]]],"id":421},{"properties":{"cd_mun_ibge":"4320230"},"type":"MultiPolygon","arcs":[[[1077,1078,1079,1080]]],"id":422},{"properties":{"cd_mun_ibge":"4320263"},"type":"MultiPolygon","arcs":[[[1081,-1141,1082,-1308,1083]]],"id":423},{"properties":{"cd_mun_ibge":"4320305"},"type":"MultiPolygon","arcs":[[[1084,1085,1086,1087,1088,1089,-1161]]],"id":424},{"properties":{"cd_mun_ibge":"4320321"},"type":"MultiPolygon","arcs":[[[-1343,1090,1091,-1119,1092]]],"id":425},{"properties":{"cd_mun_ibge":"4320354"},"type":"MultiPolygon","arcs":[[[1093,1094,1095,-1115,1096,-1164]]],"id":426},{"properties":{"cd_mun_ibge":"4320404"},"type":"MultiPolygon","arcs":[[[1097,1098,1099,-1347,1100,1101]]],"id":427},{"properties":{"cd_mun_ibge":"4320453"},"type":"MultiPolygon","arcs":[[[1102,-1389,1103,1104,1105]]],"id":428},{"properties":{"cd_mun_ibge":"4320503"},"type":"MultiPolygon","arcs":[[[1106,-1155,-1446,1107,1108,1109,1110,1111,1112]]],"id":429},{"properties":{"cd_mun_ibge":"4320552"},"type":"MultiPolygon","arcs":[[[1113,1114,1115,1116,1117]]],"id":430},{"properties":{"cd_mun_ibge":"4320578"},"type":"MultiPolygon","arcs":[[[1118,1119,1120,1121]]],"id":431},{"properties":{"cd_mun_ibge":"4320602"},"type":"MultiPolygon","arcs":[[[1122,1123,1124,-1416,-1241]]],"id":432},{"properties":{"cd_mun_ibge":"4320651"},"type":"MultiPolygon","arcs":[[[1125,1126,1127,1128,1129,1130]]],"id":433},{"properties":{"cd_mun_ibge":"4320677"},"type":"MultiPolygon","arcs":[[[1131,1132,1133,1134,-1387,1135,-1400,-1374,1136]]],"id":434},{"properties":{"cd_mun_ibge":"4320701"},"type":"MultiPolygon","arcs":[[[1137,1138,1139,1140,1141]]],"id":435},{"properties":{"cd_mun_ibge":"4320800"},"type":"MultiPolygon","arcs":[[[1142,1143,-1306,1144,1145,-1213,1146,1147,1148,1149,1150,1151,1152]]],"id":436},{"properties":{"cd_mun_ibge":"4320859"},"type":"MultiPolygon","arcs":[[[-1291,-1180,1153]]],"id":437},{"properties":{"cd_mun_ibge":"4320909"},"type":"MultiPolygon","arcs":[[[-1447,1154,1155,1156,1157,1158]]],"id":438},{"properties":{"cd_mun_ibge":"4321006"},"type":"MultiPolygon","arcs":[[[1159,1160,1161,-1437]]],"id":439},{"properties":{"cd_mun_ibge":"4321105"},"type":"MultiPolygon","arcs":[[[1162,1163,1164,1165]]],"id":440},{"properties":{"cd_mun_ibge":"4321204"},"type":"MultiPolygon","arcs":[[[1166,1167,1168,1169,1170,1171,1172,1173,-1251,1174,1175]]],"id":441},{"properties":{"cd_mun_ibge":"4321303"},"type":"MultiPolygon","arcs":[[[-1394,1176,1177,1178,1179,-1290,1180]]],"id":442},{"properties":{"cd_mun_ibge":"4321329"},"type":"MultiPolygon","arcs":[[[1181,1182,1183,-1464,1184]]],"id":443},{"properties":{"cd_mun_ibge":"4321352"},"type":"MultiPolygon","arcs":[[[1185,1186,1187,1188]]],"id":444},{"properties":{"cd_mun_ibge":"4321402"},"type":"MultiPolygon","arcs":[[[1189,1190,1191,-1279,1192,1193,-1473,1194]]],"id":445},{"properties":{"cd_mun_ibge":"4321436"},"type":"MultiPolygon","arcs":[[[1195,-1261,-1244,1196,1197,1198,1199]]],"id":446},{"properties":{"cd_mun_ibge":"4321451"},"type":"MultiPolygon","arcs":[[[1200,-1482,1201,1202,1203,1204,1205,1206,1207]]],"id":447},{"properties":{"cd_mun_ibge":"4321469"},"type":"MultiPolygon","arcs":[[[1208,-1434,1209,1210,1211,1212]]],"id":448},{"properties":{"cd_mun_ibge":"4321477"},"type":"MultiPolygon","arcs":[[[1213,1214,-1276,1215]]],"id":449},{"properties":{"cd_mun_ibge":"4321493"},"type":"MultiPolygon","arcs":[[[1216,1217,1218,1219,1220]]],"id":450},{"properties":{"cd_mun_ibge":"4321501"},"type":"MultiPolygon","arcs":[[[1221]],[[1222,1223,1224,1225,1226]]],"id":451},{"properties":{"cd_mun_ibge":"4321600"},"type":"MultiPolygon","arcs":[[[1227,1228,1229,1230]]],"id":452},{"properties":{"cd_mun_ibge":"4321626"},"type":"MultiPolygon","arcs":[[[1231,1232,1233,1234,1235,1236]]],"id":453},{"properties":{"cd_mun_ibge":"4321634"},"type":"MultiPolygon","arcs":[[[1237,1238,1239,1240,-1415,1241]]],"id":454},{"properties":{"cd_mun_ibge":"4321667"},"type":"MultiPolygon","arcs":[[[1242,1243,-1267,1244,1245]]],"id":455},{"properties":{"cd_mun_ibge":"4321709"},"type":"MultiPolygon","arcs":[[[1246,1247,1248,1249,1250,1251]]],"id":456},{"properties":{"cd_mun_ibge":"4321808"},"type":"MultiPolygon","arcs":[[[1252,1253,1254,1255,1256,1257,1258,-1302,1259]]],"id":457},{"properties":{"cd_mun_ibge":"4321832"},"type":"MultiPolygon","arcs":[[[1260,1261,1262,1263,1264,1265,1266]]],"id":458},{"properties":{"cd_mun_ibge":"4321857"},"type":"MultiPolygon","arcs":[[[1267,1268,1269,-1288,1270,1271,1272,1273]]],"id":459},{"properties":{"cd_mun_ibge":"4321907"},"type":"MultiPolygon","arcs":[[[1274,1275,1276,1277,1278,1279,1280,1281]]],"id":460},{"properties":{"cd_mun_ibge":"4321956"},"type":"MultiPolygon","arcs":[[[1282,1283,1284,1285,1286,1287]]],"id":461},{"properties":{"cd_mun_ibge":"4322004"},"type":"MultiPolygon","arcs":[[[1288,1289,1290,1291,1292,1293,1294,1295,1296,1297]]],"id":462},{"properties":{"cd_mun_ibge":"4322103"},"type":"MultiPolygon","arcs":[[[1298,1299,1300,1301,1302,-1335]]],"id":463},{"properties":{"cd_mun_ibge":"4322152"},"type":"MultiPolygon","arcs":[[[1303,1304,1305,1306,1307,1308]]],"id":464},{"properties":{"cd_mun_ibge":"4322186"},"type":"MultiPolygon","arcs":[[[1309,1310,1311,1312]]],"id":465},{"properties":{"cd_mun_ibge":"4322202"},"type":"MultiPolygon","arcs":[[[1313,1314,1315,1316,1317,1318,1319,1320,1321,1322]]],"id":466},{"properties":{"cd_mun_ibge":"4322251"},"type":"MultiPolygon","arcs":[[[1323,1324,1325,1326,1327,1328]]],"id":467},{"properties":{"cd_mun_ibge":"4322301"},"type":"MultiPolygon","arcs":[[[1329,1330,1331,1332,1333,1334]]],"id":468},{"properties":{"cd_mun_ibge":"4322327"},"type":"MultiPolygon","arcs":[[[1335,1336,1337]]],"id":469},{"properties":{"cd_mun_ibge":"4322343"},"type":"MultiPolygon","arcs":[[[1338,1339,1340,1341,1342,1343]]],"id":470},{"properties":{"cd_mun_ibge":"4322350"},"type":"MultiPolygon","arcs":[[[1344,1345,1346,1347,1348,1349]]],"id":471},{"properties":{"cd_mun_ibge":"4322376"},"type":"MultiPolygon","arcs":[[[1350,1351,1352,1353,1354]]],"id":472},{"properties":{"cd_mun_ibge":"4322400"},"type":"MultiPolygon","arcs":[[[1355,1356,1357,1358,1359,1360]]],"id":473},{"properties":{"cd_mun_ibge":"4322509"},"type":"MultiPolygon","arcs":[[[1361,1362,1363,1364,1365,1366]]],"id":474},{"properties":{"cd_mun_ibge":"4322525"},"type":"MultiPolygon","arcs":[[[1367,-1396,1368,1369,1370]]],"id":475},{"properties":{"cd_mun_ibge":"4322533"},"type":"MultiPolygon","arcs":[[[1371,1372,1373,-1399,1374]]],"id":476},{"properties":{"cd_mun_ibge":"4322541"},"type":"MultiPolygon","arcs":[[[1375,1376,1377,1378,1379]]],"id":477},{"properties":{"cd_mun_ibge":"4322558"},"type":"MultiPolygon","arcs":[[[1380,1381,1382,1383,1384]]],"id":478},{"properties":{"cd_mun_ibge":"4322608"},"type":"MultiPolygon","arcs":[[[1385,1386,1387,1388,1389,1390,1391,1392,1393,1394,1395,1396]]],"id":479},{"properties":{"cd_mun_ibge":"4322707"},"type":"MultiPolygon","arcs":[[[1397,1398,1399,1400,1401]]],"id":480},{"properties":{"cd_mun_ibge":"4322806"},"type":"MultiPolygon","arcs":[[[1402,1403,-1443,1404,1405,1406,1407]]],"id":481},{"properties":{"cd_mun_ibge":"4322855"},"type":"MultiPolygon","arcs":[[[1408,1409,1410,1411,1412]]],"id":482},{"properties":{"cd_mun_ibge":"4322905"},"type":"MultiPolygon","arcs":[[[1413,1414,1415,1416,1417,1418,1419,1420]]],"id":483},{"properties":{"cd_mun_ibge":"4323002"},"type":"MultiPolygon","arcs":[[[1421,1422,1423,1424,1425,1426,1427]]],"id":484},{"properties":{"cd_mun_ibge":"4323101"},"type":"MultiPolygon","arcs":[[[1428,1429,1430,1431]]],"id":485},{"properties":{"cd_mun_ibge":"4323200"},"type":"MultiPolygon","arcs":[[[1432,1433,1434,1435,1436,1437,1438,1439]]],"id":486},{"properties":{"cd_mun_ibge":"4323309"},"type":"MultiPolygon","arcs":[[[1440,1441,1442,1443,1444]]],"id":487},{"properties":{"cd_mun_ibge":"4323358"},"type":"MultiPolygon","arcs":[[[1445,1446,1447,1448,1449]]],"id":488},{"properties":{"cd_mun_ibge":"4323408"},"type":"MultiPolygon","arcs":[[[1450,1451,1452,1453,1454,1455]]],"id":489},{"properties":{"cd_mun_ibge":"4323457"},"type":"MultiPolygon","arcs":[[[1456,1457,1458,1459]]],"id":490},{"properties":{"cd_mun_ibge":"4323507"},"type":"MultiPolygon","arcs":[[[1460,1461,1462,1463,1464]]],"id":491},{"properties":{"cd_mun_ibge":"4323606"},"type":"MultiPolygon","arcs":[[[1465,1466,1467,1468]]],"id":492},{"properties":{"cd_mun_ibge":"4323705"},"type":"MultiPolygon","arcs":[[[1469,1470,1471,1472]]],"id":493},{"properties":{"cd_mun_ibge":"4323754"},"type":"MultiPolygon","arcs":[[[1473,1474,1475,1476,1477,1478]]],"id":494},{"properties":{"cd_mun_ibge":"4323770"},"type":"MultiPolygon","arcs":[[[1479,1480,1481]]],"id":495},{"properties":{"cd_mun_ibge":"4323804"},"type":"MultiPolygon","arcs":[[[1482,1483,1484,1485]]],"id":496}],"type":"GeometryCollection"}},"bbox":[-57.6497428,-33.751178,-49.691614427165625,-27.082302],"transform":{"scale":[7.958207954913922e-05,6.668942689426898e-05],"translate":[-57.6497428,-33.751178]},"arcs":[[[46521,26939],[-162,-11],[-148,208],[112,293],[-517,110],[-356,287],[-721,-591],[-254,403],[-379,197],[-52,196],[-3896,3433]],[[34516,90754],[-47,854],[228,229],[348,-42],[164,122],[384,1285],[93,83],[183,-74],[134,-655],[144,-99],[180,57],[175,282],[270,-12]],[[56069,98350],[121,147],[71,517],[125,109],[153,-46],[227,-546],[714,273],[71,199],[-88,613],[222,294],[339,89],[146,-78],[36,-172],[-299,-389],[-15,-374],[184,-139],[293,339],[121,-7],[155,-397],[-234,-349],[8,-271],[176,-238],[193,43]],[[77919,43170],[-564,-542],[-88,-857],[221,-982],[218,-511],[301,-345],[-1206,-404]],[[65994,96847],[-28,518],[105,98],[129,-123],[48,-663],[406,233],[572,-461],[109,183],[-171,663],[630,94],[251,-214],[-420,-189],[-122,-255],[460,-60],[205,-395]],[[98594,64592],[-1492,-2453]],[[63166,24076],[-655,-277],[-329,131],[-335,-12],[-55,-53],[147,-162],[168,163],[127,-98],[-273,-97],[-265,102],[39,-90],[-125,-29],[-56,-56],[174,42],[-54,-124],[193,-67],[-72,-192],[11,164],[-228,-44],[-243,-152],[-83,-126],[167,98],[6,-146],[109,115],[184,-130],[92,104],[-156,19],[78,68],[95,-52],[11,-82],[-143,-141],[-178,138],[-285,-289],[-93,-583],[-159,-39],[104,-116],[-74,10],[-242,-629],[165,-204],[-198,133],[-59,-164],[154,-253],[235,159],[175,-147],[-341,-104],[165,-286],[221,165],[11,228],[597,-261],[-23,-236],[-267,-344],[-693,-574],[-1473,-309],[-607,-343]],[[70869,73087],[-869,-9]],[[46394,33859],[-714,-667],[-342,221],[161,280],[-509,490],[-20,233],[-290,133],[6,172],[-251,94],[-367,-790],[-376,-143],[-113,114],[-518,-475],[-658,89],[-242,-322],[13,-227],[-223,-69],[-93,-269],[-165,-68],[71,-123],[-79,-83],[-272,40],[-286,-124],[-518,-783],[-461,-118]],[[40148,31464],[13,344],[-163,253],[179,206],[-151,170],[-56,-71],[-51,335],[-261,183],[43,107],[-319,612],[-772,433],[-118,372],[-1054,37],[-389,276]],[[93308,52706],[-349,-1029]],[[66424,93725],[161,41],[83,-171]],[[72932,51972],[303,-392],[-16,-188],[798,-289],[96,160],[255,21],[271,427],[403,206]],[[76291,92581],[220,-91],[165,360],[763,-26],[116,-153],[13,-416],[239,-126],[265,-340],[18,-369],[201,-3],[175,341],[283,110],[159,-182],[-99,-350],[117,-201],[198,-100],[277,137],[207,-75],[22,-259],[133,-140],[-85,-253]],[[48128,98599],[564,424],[148,-119],[175,-538],[394,131]],[[6717,54544],[119,-322],[-110,-155],[-185,70],[-490,-852],[3,-301],[161,-246],[-517,-456],[-83,-299],[-218,-72],[-375,2],[-147,329],[-104,-267],[-182,-131],[-374,540],[-65,-180],[-409,-221],[-85,181],[-139,-9],[-283,-475],[-365,57],[63,343],[-451,29],[-141,160],[-292,-22],[-170,-330],[-316,51],[-514,395],[126,512],[-85,238],[-506,291],[-583,6],[215,218],[484,-63],[308,108],[1176,801],[735,1199],[266,234],[558,221],[299,541]],[[79433,52853],[188,-205],[267,130],[-35,-232],[272,-43],[-311,-148],[43,-660],[469,-32],[137,-140],[-11,-201],[169,271],[289,188],[43,-643],[331,-677],[658,401],[378,30],[49,-113],[-8,-253],[-112,79],[-225,-308],[36,-176],[-419,-1374],[-46,106],[257,846],[-191,318],[-208,81],[-414,26],[-348,-219],[-467,-851]],[[65725,96999],[269,-152]],[[65994,96847],[-10,-309],[111,110],[104,-268],[-75,-237],[59,-379],[261,-793],[-70,-349],[264,-420],[-277,-33],[146,-121],[-133,-217],[50,-106]],[[66424,93725],[-553,339],[-234,-52],[-133,-195]],[[46181,76526],[469,306],[73,326],[465,324],[47,153],[-145,67],[-121,320],[294,83],[91,287]],[[75808,65577],[79,-344]],[[86711,82512],[660,-290],[17,-310],[458,-525],[-81,-216],[462,-400],[-61,-215],[96,-197],[177,-18],[249,167],[630,-696],[160,27],[29,346],[339,-139],[537,35],[263,-306],[512,-32],[176,-208],[136,364],[116,47],[167,-174],[-54,-377],[79,-108],[112,92],[-44,247],[136,101],[323,-55],[139,-197],[251,-91],[274,119],[-168,85],[222,228],[139,-431],[164,-94],[244,296],[317,-130],[272,-685],[215,59],[-267,517],[154,-21],[25,194],[243,123],[2,162],[194,-233],[-195,-283],[21,-184],[229,34],[75,-194],[184,204],[222,-98]],[[79384,65102],[25,-262]],[[78488,64743],[46,246]],[[64697,67535],[250,28],[2,125],[308,-48],[214,164],[38,230]],[[48887,79683],[-195,-77],[-35,86]],[[48235,81968],[-9,-242],[89,181],[182,-112],[26,169],[264,57],[53,-121],[-6,129],[118,84],[37,-290],[314,49],[81,-91],[-157,-159],[71,-99],[225,142],[-58,106]],[[48237,92592],[-151,91],[432,79],[-66,136],[143,58],[-337,30],[317,235],[-333,97],[-82,-91],[137,239],[-258,140],[194,154]],[[52859,41791],[-134,-51],[-126,171],[91,153],[-87,22],[-163,-81],[76,-98],[-119,-181],[-45,174],[-166,-69],[-69,324],[-127,-65],[-80,150],[-109,-288],[-187,-4],[-50,78],[181,81],[-339,25],[200,210],[-261,-63],[-129,354],[-157,-233],[-191,69],[170,334],[-275,-15],[152,195],[-35,404],[-713,-224],[64,482],[-188,-33]],[[29362,55029],[546,622],[30,344],[277,434],[261,991],[377,95],[285,530],[280,124],[-46,244],[171,116],[-133,320],[314,96],[167,302],[-46,335],[-121,33],[42,128]],[[55744,49487],[36,253],[154,79],[14,197],[108,65],[-125,178],[274,77],[-35,215],[115,93],[-87,228],[94,133],[-238,154],[125,174],[-20,224],[-236,-4],[-98,236],[-118,-5],[-83,-432],[-601,-284],[-825,400],[43,170],[-120,188],[-115,696],[564,1137],[46,508]],[[82628,56744],[-157,-57]],[[50891,98394],[507,255],[517,-447],[296,-27],[82,153]],[[69739,42613],[-195,168],[-61,209]],[[72189,47600],[82,76]],[[75582,45001],[-722,-932],[-653,-401],[-21,-112],[269,-540],[854,-150],[679,-847],[134,-537],[-168,-945],[-139,-255],[519,-217],[414,-358],[53,-178]],[[76801,39529],[-155,43],[-216,-247],[-436,-47],[-335,-318],[-159,-521],[-16,-575],[140,-531],[185,-93],[-1215,28],[-550,-305],[-419,193],[-267,-187]],[[96742,72841],[-225,-429],[230,-97],[11,-107],[-60,100],[-69,-99],[22,-404],[329,-9],[12,-192],[134,-42],[-178,-104],[-91,64],[-10,-297],[-37,136],[-259,-444],[318,-8],[-196,-193],[-59,-235],[-545,-323],[782,212],[-229,-186],[53,-214],[-152,10],[66,-233],[-91,-72],[96,-193],[-377,-3],[136,-321],[-119,33],[14,118],[-229,18],[47,116],[-111,-101],[95,-354],[-46,-104],[-145,95],[41,-189],[-116,-9],[-21,-115],[198,-128],[-27,-95],[-230,172],[-370,-159],[-63,-144],[102,304],[-196,-197],[11,113],[-139,27],[95,55],[-152,4],[72,66],[-114,42],[190,153],[218,-55],[48,51],[-285,39],[-249,-67],[79,-266],[-63,-53],[135,-40],[-55,-168],[88,30],[-150,-110],[153,30],[-83,-322],[93,89],[393,11],[71,-61],[-10,-7],[-452,34],[-4,-176],[-139,-153],[20,204],[-240,-245],[84,159],[-81,85],[151,-14],[78,190],[-268,48],[-150,122],[89,44],[-202,-11],[-40,94],[-275,-176],[236,38],[111,-97],[-210,-250],[135,-166],[-473,-193],[487,-75],[-89,-72],[76,-123],[-60,-55]],[[81541,73132],[-203,247]],[[47147,92307],[748,25],[342,260]],[[48237,92592],[303,-16],[-123,-86],[126,-145],[-165,-73],[494,-233],[100,-309],[-105,-139],[205,23],[-3,-217]],[[57662,73797],[94,-115],[384,-14],[468,-323],[294,197],[-27,-348]],[[61677,57677],[-626,-10],[-326,-266],[-182,169],[-229,-231],[-264,791],[-303,186],[25,210],[-84,30]],[[36842,86087],[-30,389],[-512,64],[-314,-170],[-15,832],[-127,-2],[-2,212],[-270,92],[-120,679]],[[46944,28431],[-25,134],[112,130],[-262,478],[276,-34]],[[48811,36572],[312,-253],[434,20],[247,-139],[169,99],[276,-116]],[[65629,42526],[46,-90],[110,49],[142,194],[450,-69],[668,336],[321,-345],[169,202],[-3,181],[328,11]],[[82012,58252],[214,-541],[-251,-459],[-5,-317]],[[67264,65994],[82,146],[-257,160],[150,58],[-119,415],[234,149]],[[96957,61871],[-1054,-2211]],[[35610,73215],[549,-52],[231,275],[167,-17],[409,271],[-80,622],[433,742],[107,446]],[[65736,26026],[-823,398],[-169,-78],[-222,320],[109,95],[-104,198],[-375,-39],[-161,184],[-214,-73],[-127,165],[-261,-10],[-109,308],[-147,7],[-289,268],[-179,-21]],[[89305,52465],[-382,139],[-294,721],[-306,-52]],[[91170,53881],[469,-583]],[[72006,66871],[-13,-184],[-296,-23],[-140,-353],[-124,-12],[-112,396],[-125,39],[-481,-256],[87,-171],[-230,7]],[[58885,83574],[193,61],[124,-228],[425,168],[149,-362],[246,-186],[-115,-135],[-3,-339],[227,-215],[-23,199],[135,-60],[191,159],[192,668]],[[79127,66248],[27,-281]],[[78556,65970],[-1690,18],[-388,-114],[31,-241],[-185,-124],[-172,104],[-344,-36]],[[75808,65577],[94,104],[-458,-5],[-9,566],[196,4],[-13,596]],[[81994,73089],[199,126],[-73,220],[237,191],[268,-307],[327,-11],[79,406],[306,-96],[224,338],[289,67],[175,302]],[[85327,67531],[-388,-602]],[[69928,89228],[146,1],[-20,481],[211,-19],[177,417],[215,151],[320,561]],[[71222,90432],[-10,-93],[252,-28],[-49,-319],[519,-19]],[[59641,31176],[102,346],[214,268],[-155,169],[133,179],[282,41],[11,147],[708,-229],[788,139],[351,-150]],[[61737,30149],[64,-254],[-183,-275],[25,-204],[148,-106],[-111,-252],[221,-75],[105,-233],[652,-651],[-25,-341]],[[57697,62702],[118,223],[245,23]],[[58682,62894],[192,-194],[-93,-98],[176,-209],[-12,-380],[356,-666],[-66,-482],[136,-171],[-61,-235]],[[72271,47676],[1649,1573],[104,-573]],[[74798,45896],[-179,147],[-406,-17],[-79,98],[54,268],[-691,429],[-200,-302],[-340,151],[-100,347],[-415,132],[39,199],[-137,34],[-73,294]],[[35708,85538],[177,73],[-65,-139],[109,-28],[59,139],[239,69],[219,-77],[-114,-165],[80,-172],[173,122]],[[58885,83574],[108,-93],[-381,-33],[-414,-341],[-76,-262],[-137,21],[-153,-308],[-204,51],[-215,-391],[-416,255],[-107,-63]],[[57705,87114],[270,-154],[45,-149]],[[58219,85680],[-120,-95],[209,-9],[6,-322],[182,120],[-76,-183],[206,15],[21,-131],[-301,24],[69,-64],[-52,-126],[-154,28],[89,-97],[-162,-183],[180,46],[-6,-282],[97,220],[142,-366],[231,97],[7,-165],[-94,32],[45,-429],[-106,-65],[253,-171]],[[75761,55332],[-122,-34],[-83,145],[-306,90],[-258,555]],[[46992,84508],[33,559],[-266,244],[-667,-21],[-142,220],[47,165],[-188,122],[-189,343],[75,46],[-265,282]],[[53125,111],[-114,66],[-107,688],[-1046,63]],[[71254,46345],[289,-238],[70,-358],[167,-159],[-47,-425],[286,-203],[-121,-437],[-120,-7],[-168,-275],[178,-217],[-58,-157],[107,-265],[-709,-7],[-5,-130],[-433,-41],[-390,-282],[-172,167],[85,156],[-452,178]],[[93308,52706],[-332,119],[-81,833],[-294,203],[-197,-9],[-141,198],[-510,-198],[-583,29]],[[91170,53881],[160,302],[-74,198],[160,180],[97,549]],[[93984,54793],[-676,-2087]],[[70742,81700],[337,191],[269,2],[45,172]],[[72077,82620],[134,-224],[234,-68],[338,127]],[[71626,65010],[322,280],[121,-34],[-69,-232],[116,-39],[458,415],[-54,211],[-383,352]],[[58405,80721],[-11,229],[599,282],[95,-71],[-39,-261],[134,-356]],[[50376,82374],[-46,102],[112,45],[-107,120],[122,17],[-142,194],[99,-33],[78,244],[122,-20],[10,166],[86,-19],[-121,183],[68,56],[-77,427],[57,198]],[[57004,91483],[160,57]],[[60626,83304],[47,332],[-77,155],[270,609],[-340,442],[-177,48],[-79,-137],[-5,155],[-139,-55],[-17,345]],[[62769,83703],[-121,-102],[-55,82],[-67,-234],[-380,-169],[-114,-197],[-106,88],[-43,-191],[-250,-81],[-69,-153],[-63,56],[-94,-182],[-197,104],[31,105],[-113,9],[-15,-104],[-156,136],[-116,474],[-215,-40]],[[46086,79612],[-103,71],[-52,-142],[-56,277],[-124,49],[-67,-115],[-93,124],[43,134],[-169,-2],[-36,104],[-70,-36],[59,-333],[-130,-17],[67,-257],[-75,-281],[-271,143],[-186,-214],[-341,101],[-229,-329]],[[44190,80908],[91,148],[145,-237],[209,-97],[52,106],[-234,175],[5,209],[283,-366],[4,313],[279,-53]],[[48623,89915],[284,26],[-169,422],[212,101],[-250,122],[14,250],[355,561]],[[49069,91397],[139,-89]],[[75391,66836],[-541,-24],[-99,-132]],[[75650,70933],[-281,97],[-344,-691],[483,-30],[69,-385],[-504,255],[-81,-270]],[[42294,94518],[196,173],[54,554],[585,215]],[[67913,41492],[63,109],[-77,222],[-338,60],[-70,122],[439,332],[-70,658]],[[67860,42995],[129,38],[417,-385],[281,72],[78,-153],[579,195],[48,-198],[268,-245],[79,294]],[[69739,42613],[216,103],[341,-362],[285,157],[639,-154],[69,75],[430,-329],[756,470],[346,-1386],[558,-379],[-89,-273],[347,-1150]],[[55138,95627],[203,67],[120,-185],[-14,-235],[244,201],[172,-204],[-207,-77],[266,-158],[205,63]],[[54269,74456],[-230,12],[0,123],[-99,44],[-11,-99],[-112,105],[-211,-260],[-12,173],[-260,10],[-37,411],[-137,27],[-129,-131],[-178,223],[-37,-180],[-219,269],[-216,-269],[-443,-273],[-255,126],[-135,324],[-216,170],[18,-271],[-185,-182],[-97,-455],[399,-747],[126,-664],[-226,-160],[187,-110],[-109,-48],[-74,-399],[-108,110],[-26,-214],[141,-112],[-91,-81]],[[48426,74201],[112,118],[131,-34],[214,429],[182,140],[-5,315],[140,140],[-55,194],[218,107],[-236,818],[215,-129],[116,88],[-305,1223],[-294,57],[-312,294],[732,412],[62,-196],[265,103],[92,293],[-136,455]],[[63783,91026],[-116,65],[-3,158],[-243,113],[32,-325],[-325,-35],[-88,-139],[-465,99],[4,221],[-210,114],[-63,178],[-612,365]],[[71600,62111],[142,-85],[-12,-134],[-359,-150]],[[72174,79230],[-45,75],[96,56],[-157,172],[74,41],[-42,259],[220,546],[229,22],[-4,170],[373,133],[-20,185],[188,-2]],[[45170,97275],[385,185],[206,798],[601,46],[62,253],[-69,200],[96,183],[245,-44],[210,-283],[149,-11],[210,315],[60,339],[171,100],[109,-49],[247,-557],[276,-151]],[[48128,98599],[244,-86],[-90,-98],[26,-231],[137,88],[13,-204],[199,-22],[-124,-5],[85,-126],[-96,-24],[-9,-171],[239,23],[-67,-206],[153,-209],[-88,-25]],[[41724,57336],[162,583],[427,485],[42,340],[179,280],[-243,388],[-263,781]],[[82859,62014],[-86,-474],[-444,50]],[[53395,91929],[117,-116],[-158,-90],[125,-302],[-113,-373],[138,-172]],[[51384,90080],[-100,216],[-9,-94],[-144,11],[125,280],[-263,43],[191,101],[-82,273],[159,24],[-120,89]],[[72019,70901],[41,104],[-211,324],[314,50],[-229,191],[240,98],[-230,141],[101,155],[122,-201],[-89,262]],[[73746,72181],[167,-87],[3,-240],[163,1],[-307,-121],[346,-122],[-110,-316]],[[71340,46684],[-86,-339]],[[71254,46345],[-255,-129],[209,-447],[-45,-273],[-177,27],[-222,-216],[-598,-205],[-125,-582],[-156,-103],[-112,-335],[-12,-437]],[[69761,43645],[-224,-109],[86,-434],[-140,-112]],[[69483,42990],[-261,297],[-183,22],[-294,379],[-82,864],[97,93],[-230,156],[-222,-232],[38,350],[-374,-16],[-216,-604],[-109,-31],[-348,712],[-278,285],[12,128],[-328,194],[65,283]],[[46593,41536],[-28,-197],[221,102],[-28,-210],[-219,19],[264,-214],[-40,-210],[-105,-65],[-151,204],[-122,-13],[-19,-228],[80,-74],[-278,-26],[-62,-212],[-446,-93],[39,-210],[-187,148],[-350,-362],[-266,-3],[-255,-247],[44,-287],[-142,-213],[-196,1],[12,-98],[-334,-216],[-269,38],[-23,239],[-1164,-273],[-633,5],[-91,-398],[-551,-164],[-183,-294],[-344,-215],[-22,-518],[-213,-319],[13,-199],[-1020,-102],[-630,-507],[-191,-436],[-825,180],[-158,-245],[-26,-303],[-646,-600]],[[37049,34721],[-224,-42],[-69,132],[-344,78],[-469,-155],[-196,87],[-396,-194],[-315,360],[45,148],[-257,149],[-96,312],[-171,15],[-65,-116],[-451,51],[71,362],[-304,61],[77,307],[-323,224],[-44,314],[-229,196],[-23,207],[-371,-8],[-48,-213]],[[54734,63957],[-37,-329],[-186,-224],[21,-226],[-314,-275],[102,-273],[256,-79],[-33,-293],[277,-254],[-128,-114],[-121,109],[-285,-279],[-238,143],[-168,-167]],[[39897,94017],[316,87],[86,158],[-343,403],[0,183],[388,16],[348,292],[752,-926],[140,55],[67,181],[-48,721],[355,-281],[206,-359],[130,-29]],[[42294,94518],[-3,-177],[313,203],[253,-99],[-318,-74],[82,-30],[-22,-142],[348,-1],[18,-137],[-177,-84],[163,-16],[-22,-201],[-303,-9]],[[70381,70935],[116,15],[128,-274],[744,-19],[187,-531],[368,-5]],[[74989,53497],[-164,96],[54,478],[-115,57],[61,57],[-87,173],[126,184],[4,463],[374,151],[212,-130],[307,306]],[[75761,55332],[-62,153],[143,40],[140,241],[-105,179],[183,131],[287,-165],[29,-184],[384,-219],[193,164],[450,43],[416,276],[276,510]],[[80135,55669],[-91,12],[145,320],[-120,84],[-62,-165],[-165,322],[-106,-406],[148,-301],[-117,74],[3,-167]],[[72255,66808],[-249,63]],[[72006,66871],[-342,298],[-4,371],[-225,2],[3,132]],[[71083,69090],[139,132],[289,-309],[100,18],[-47,110],[125,-88],[181,172],[416,-68]],[[66683,50865],[-162,-302],[61,-163],[-122,-136],[155,-55],[-14,-476],[-65,29],[-179,-316],[-76,30],[20,-116],[-211,-189],[-13,-144],[-168,-46],[68,-155],[-69,-177],[85,-15],[-294,-337],[-38,-195],[74,-71],[-444,-191],[19,-245],[229,37],[673,-471],[228,7],[99,-322],[153,-59],[-27,-609],[105,-308]],[[66770,45870],[-495,75],[-196,365],[-282,115],[-434,-5],[223,-634],[-334,-1491],[120,-64],[157,-519],[202,-276],[-123,-500],[79,-271],[-58,-139]],[[65629,42526],[-43,220],[-122,71],[-319,-323],[-143,101],[-183,-239],[-114,76],[-260,-181],[-509,78],[99,-95],[-76,-199],[-279,108],[-245,-209],[-355,130],[8,-212],[-88,-68],[-213,650],[-274,209],[-446,52],[-39,102],[-428,18],[-697,-140],[-88,-117],[-257,121],[-448,-263]],[[58570,46086],[175,84],[36,193],[-35,827],[544,-36],[319,484],[-74,463],[357,835],[-117,751],[203,166],[-88,87],[168,34],[-163,165],[106,308],[-132,255],[91,-19],[0,149],[-79,4],[83,252],[156,46],[-55,-136],[94,-126],[136,248],[123,-52],[-12,138],[396,16],[256,494],[-5,-586],[331,-7],[188,-311],[454,-45],[84,219],[219,133],[14,1041],[215,237],[27,425],[147,287]],[[59530,90162],[-475,296],[-70,445],[-135,144],[115,76],[101,-204],[22,131],[177,-72],[379,219],[45,127],[-106,163],[-391,209],[255,404]],[[44049,81191],[190,-80],[-291,-105],[-32,-262],[245,23],[29,141]],[[44190,80908],[306,-281],[-20,-268],[209,-508],[-691,-103],[121,-496]],[[61861,94692],[62,-193],[-153,-83],[242,-68],[-104,-268],[259,173],[-135,-291],[234,12],[-152,-159],[321,-141],[-140,-170],[308,-16],[-160,-110],[88,-72],[-36,-137],[52,104],[111,-44]],[[62570,92544],[-803,-172]],[[66693,91322],[-23,1511],[-64,0],[62,762]],[[66668,93595],[1108,-25],[-83,105],[68,92],[131,-73],[-68,187],[170,119]],[[69044,91201],[67,-794],[-73,-78],[85,-104]],[[68019,89467],[-508,39],[-139,431],[-197,112],[-306,-47]],[[56865,26219],[-368,-471],[-289,-103],[-69,-290],[-277,-101],[-66,-233],[-187,-57],[108,-63],[-209,-131],[60,-103],[-151,-174],[33,-304],[-153,-108],[-45,-353],[-665,-279],[0,-454]],[[49926,22688],[-214,499],[-132,-34],[-91,122],[107,158],[-141,6],[15,162],[-134,53],[74,310],[-221,21],[119,174],[-233,371],[52,225],[108,-84],[74,113]],[[63543,94219],[-342,245],[21,288]],[[62303,96968],[146,193],[44,387],[159,130],[221,-353],[163,-73],[275,21],[299,258],[301,-30],[161,158],[182,-326]],[[53639,92079],[-29,-170],[-157,143],[-128,-37],[70,-86]],[[53395,91929],[-181,-44],[-105,-175],[-402,244],[-53,-120],[-216,-46],[-254,377],[-216,58],[-610,-92],[-100,-150]],[[82846,87936],[28,-277],[478,-304],[-32,-473],[219,-91]],[[80488,83932],[-214,309],[40,796],[-166,44],[-95,220],[-210,56],[-114,-119],[-360,418],[-123,5],[-2,279],[90,58],[-173,259]],[[44461,96697],[392,71],[317,507]],[[45170,97275],[67,-192],[278,91],[-16,-141],[429,251],[-87,-159],[240,32],[-93,-159],[114,9],[243,-288],[365,68],[-257,-225],[-6,-122],[215,157],[49,-193],[177,-20]],[[58220,72044],[115,358],[-148,89],[49,55],[231,33],[65,-121],[200,80],[162,-254],[141,65],[162,-120],[195,160],[37,209],[-322,316],[-235,66],[3,214]],[[58875,73194],[217,-79],[101,395],[-86,247],[-125,9],[-149,259],[514,18],[28,111],[-126,141],[121,124],[-174,0],[143,147],[-70,481],[-255,106]],[[66590,87767],[93,110],[354,-50],[68,-170],[391,443]],[[82286,58217],[-274,35]],[[82012,58252],[-536,107],[-149,-111],[-679,65]],[[72467,62844],[-343,-275],[-318,-46],[-206,-412]],[[71600,62111],[-609,324],[290,677],[-63,449],[160,235]],[[71549,64922],[77,88]],[[71626,65010],[233,-23],[-20,-126],[1135,25]],[[57624,68517],[-195,-100],[73,-217],[-259,97],[95,-187],[-148,23],[-95,-127],[72,-96],[-140,27],[-92,-186],[-202,72],[189,-315],[-221,-65],[163,-159],[-279,-50],[62,-687],[-105,23],[-105,-248],[-115,87],[-12,-190],[-141,151],[-178,-36],[36,-133],[288,-81]],[[41111,76347],[175,350],[517,343],[209,428],[-340,37],[-158,446],[551,660],[224,131],[129,-61],[228,178],[-274,102],[36,163],[-385,232],[155,224],[180,-151],[-142,239],[-234,-39],[84,172],[565,-253],[328,56],[189,-188],[200,204],[165,-250],[602,-118]],[[44115,79252],[-11,-273],[149,-90]],[[44253,78889],[-5,-969]],[[74842,72266],[-1096,-85]],[[73746,72181],[-5,18]],[[77381,68276],[1267,12],[29,616],[-436,-2]],[[79870,69543],[61,-1980],[288,-7],[-12,-738]],[[80169,66553],[-1042,-305]],[[79127,66248],[-18,633],[-1064,4],[-16,299],[-238,-5],[-27,241],[-376,-79]],[[53570,63910],[-9,-712],[108,-4],[77,-275],[-4,-187],[-90,14],[-40,-144],[91,-392],[-354,-123]],[[63222,94752],[-677,84],[-103,-212],[-198,-59],[-374,188]],[[62386,96795],[286,-208],[-10,-283],[207,-184],[102,59],[61,-184],[172,-5],[-28,-207],[117,-99],[-99,-118],[179,-133],[-89,-114],[153,-148],[-215,-419]],[[72582,61608],[-202,148],[133,-9],[114,267],[-8,231],[-191,34],[155,364],[-116,201]],[[72467,62844],[128,243]],[[79349,63387],[246,612],[-295,282],[109,559]],[[79409,64840],[627,333]],[[82150,70754],[8,-714],[-426,-13],[5,-139],[-2069,22],[350,-296],[-148,-71]],[[79870,69543],[-625,-23],[9,106],[-199,52],[48,77],[-198,460]],[[80160,71838],[109,-42],[309,355],[304,-51],[201,197],[143,-188]],[[71768,87970],[-852,-87],[-144,136],[-490,-17],[-63,-157],[148,-44],[-18,-163],[-180,178],[-33,-270],[-179,97]],[[69849,89321],[79,-93]],[[69928,89228],[26,-269],[153,96],[149,-173],[-143,-9],[93,-98],[137,75],[-36,150],[339,-149],[-7,118],[147,-17],[138,-157],[113,175],[162,-115],[124,115],[218,-191],[81,57]],[[65623,68890],[-381,409],[-52,226],[-209,122],[124,123],[-90,-20],[8,203],[-256,19],[-45,115],[99,-5],[41,323],[-112,77],[24,252]],[[67230,73109],[122,-49],[-43,-142],[187,9],[-138,-121],[139,-63],[-27,-187],[185,-147],[-95,-134],[156,-21],[-87,-192],[129,-99],[-48,-123],[338,-128],[-60,-102],[136,82]],[[68581,65834],[407,191],[-51,290]],[[54269,74456],[145,380],[-73,132],[185,44],[247,342],[376,-59]],[[56871,73536],[-200,-27],[-83,-220],[-445,34],[101,-221],[294,0],[-63,-387],[-187,-203],[134,-93],[66,155],[213,-169],[106,-322],[-40,-275],[-298,92],[-23,-144],[359,-321]],[[52003,70689],[145,-49],[107,348],[150,14],[104,563],[321,-149],[229,230],[91,-116],[274,120],[4,225],[239,154],[-119,339],[-310,63],[-191,253],[171,420],[397,-34],[216,175],[113,-137],[96,135],[112,-74],[118,100],[109,-126],[148,45],[66,160],[106,-45],[26,249],[-198,45],[229,43],[-254,229],[106,29],[-122,229],[72,56],[-259,22],[-30,251]],[[55138,95627],[85,-134],[-412,-55],[110,-125],[-109,-24]],[[52299,96880],[482,-151],[310,-309],[286,15],[404,740],[182,25],[41,266],[89,-16],[-55,189]],[[55184,96136],[-97,-137],[218,-64],[-219,-245],[52,-63]],[[77388,67341],[5,-243],[-632,22],[-59,-267],[-1084,-11]],[[75618,66842],[-227,-6]],[[75391,66836],[44,602],[-73,100],[-310,7],[-99,510]],[[75339,68272],[2042,4]],[[77381,68276],[7,-935]],[[24598,79995],[273,1229],[-785,726],[-506,176],[-118,273],[52,126],[1079,432],[497,551],[236,64],[295,905],[299,-31],[21,-426],[349,-249],[222,629],[335,119],[222,567],[541,-317],[163,153]],[[69044,91201],[-115,4],[-71,200],[-148,-134],[-50,1443]],[[70475,91554],[-88,-70],[129,-67],[-45,-91],[-194,79],[114,-170],[-250,63],[86,-141],[-61,-107],[-59,132],[-304,-84],[1,109],[-123,29],[-323,-84],[-149,192],[-1,-161],[-98,138],[-66,-120]],[[73730,56857],[-468,96],[-612,-105],[-384,197],[-125,-83],[-386,53],[-73,269],[-98,-123],[-396,-47],[-16,-353],[-140,-104],[-127,347]],[[70068,81662],[674,38]],[[70742,81700],[312,-312],[394,-116],[-155,-195],[106,-567],[-99,-67],[-162,-614],[41,-152],[-74,-28]],[[67496,88100],[236,263],[-116,168],[118,273],[-131,117],[110,21],[112,298],[157,17],[37,210]],[[68019,89467],[473,515],[200,67],[130,-82],[301,258]],[[69123,90225],[511,-581],[140,-15],[75,-308]],[[69849,89321],[-694,-769],[179,-178],[27,-197],[-157,119],[-122,-289],[43,-185],[362,-245],[470,66]],[[69957,87643],[8,-239],[147,-22],[14,-123],[-143,-25],[-95,140],[-84,-68],[41,-107]],[[68131,86652],[119,337],[-17,565],[-159,-61],[-578,607]],[[44103,85958],[812,-527],[36,-87],[-124,-105],[167,-618],[-667,-106],[-730,-349]],[[83742,66433],[-24,209],[182,139],[301,-224],[-8,352],[97,83],[190,-101],[88,-269],[153,90],[-24,222],[242,-5]],[[84939,66929],[473,-329],[-63,-164],[194,-586],[-162,-364],[313,-337],[-43,-87],[138,-89],[33,79],[113,-310],[281,-81]],[[62523,67747],[307,72],[116,-95],[80,125],[194,-92],[253,273],[230,-210],[676,137],[116,-139],[-32,-109],[234,-174]],[[64697,67535],[-210,16],[-131,-205],[57,-552],[-143,-478]],[[82628,56744],[-31,527],[170,387],[-37,225],[-438,338]],[[85920,59641],[-512,-925],[-31,-548],[205,-192],[-115,-360],[154,-553],[-62,-448],[252,-348]],[[84195,56754],[-36,89],[-195,-115],[-375,43],[-154,130],[-340,-174],[-112,82],[-56,-97],[-152,58],[-29,-104],[-118,78]],[[76030,78193],[-51,-188],[-112,14],[171,-549],[-202,-162],[161,-226],[-176,-373],[120,-36],[-35,-205],[213,-160],[-49,-103]],[[79433,52853],[-131,-68],[-279,146],[-234,-162],[-336,25],[-22,-577],[-166,225],[-85,-85],[-341,119],[-592,-119],[-171,-201]],[[76236,53058],[130,171],[198,-2],[191,298],[33,420],[489,294],[72,183],[388,70],[75,179],[315,222],[485,-163],[301,68],[319,525],[538,119]],[[79770,55442],[-160,-412],[100,-186],[-103,-506],[107,-117],[-185,-203],[-49,-267],[209,-222],[-256,-676]],[[73618,72984],[-333,-272],[332,-223],[148,35],[-145,-233],[121,-92]],[[73741,72199],[-768,-6],[-5,259],[-167,2],[1,-207],[-422,9],[-1,-209],[-301,-22]],[[72078,72025],[-123,91],[128,144],[-80,169],[-137,-106],[-157,49],[-13,249],[-84,14],[-6,-285],[-102,-46],[-75,58],[101,121],[-35,122],[-107,32],[-22,-238],[-125,332],[-283,-44],[176,211],[-253,92],[-12,97]],[[70869,73087],[39,171],[-327,161],[198,195]],[[37889,83128],[-766,712],[-17,1385]],[[38651,81758],[-144,37]],[[78580,63366],[267,-391]],[[40851,92686],[225,-10],[87,349],[61,-124],[164,48],[86,-179],[250,276],[-37,166],[459,93],[-37,174],[346,46],[37,190],[134,36]],[[42626,93751],[403,-140],[-159,-72],[93,-60],[-71,-185],[67,-189],[286,1],[117,-254]],[[47045,29139],[-135,290],[-379,103],[-72,196],[-297,-15],[-51,186],[222,813],[-51,378],[112,125],[-149,257],[148,580],[-430,1135],[148,130],[26,272],[257,270]],[[46394,33859],[252,204],[79,224],[91,-11],[28,148],[-465,489],[-94,322],[-412,330],[153,20],[204,237],[-64,89],[269,153],[-733,480],[44,161],[143,48],[114,509],[386,233],[338,34],[346,307],[523,110],[476,-340],[621,166],[443,-33],[72,-67],[-397,-1100]],[[48811,36572],[-120,-61],[-124,-431],[-81,16],[-121,-426],[246,-993],[-308,-364],[-338,-111],[134,-673],[-24,-240],[-122,-118],[83,-106],[-165,-116],[-2,-806],[-621,-876],[8,-419],[-168,-418],[5,-311],[-154,-270],[-142,12],[248,-722]],[[45394,91414],[-114,37]],[[44953,92594],[154,-113],[303,112],[20,155],[319,242],[-56,107],[264,309],[138,-34]],[[47038,93289],[128,-116],[-6,-286],[83,-61],[-96,-519]],[[56706,63823],[-595,412],[-512,-16],[-321,271],[-185,16]],[[55524,65993],[451,-208],[81,233],[259,102]],[[56315,66120],[113,-53],[-16,-118],[246,-47],[-20,-95],[192,48],[33,-211],[274,198],[246,-176]],[[71816,86242],[64,137]],[[74841,83990],[-137,-172],[154,-436],[-337,-83],[-157,175],[-75,-287],[123,-55],[-100,-103],[-566,126],[-121,172]],[[74005,79501],[476,208],[-91,223],[198,58],[76,275],[-138,84],[204,-8],[-27,224],[-143,139]],[[74697,81549],[499,-168],[477,649],[-102,432]],[[55403,76010],[-438,316],[-169,314],[-203,43],[-211,395],[-211,102],[-831,-7],[-197,221]],[[57432,78854],[247,-276],[82,-387],[147,10],[-33,-219],[125,70],[30,-223],[171,-35],[-128,-245],[134,-145]],[[46086,79612],[-31,1425],[-157,188],[-140,-71],[78,-187],[-318,204],[79,233],[-69,58],[-133,-183],[62,-165],[-86,-263],[-347,255]],[[45024,81106],[-86,179],[111,56],[-4,144],[-135,43],[117,212],[268,114],[117,251],[286,-152],[-54,-305],[162,-2],[144,352],[327,-121],[-21,361],[188,611],[362,-200],[149,1245],[-229,565],[266,49]],[[46992,84508],[391,248],[134,300],[337,79],[342,268]],[[48353,84704],[-187,-356],[-2,-311],[-182,-76],[-46,-491],[-104,-89],[73,-259],[-124,-64],[189,-369],[-124,-117],[81,-145],[-96,71],[-65,-146],[290,-62],[-88,-191],[131,-103],[110,12],[-69,165],[173,144],[-33,-212],[147,-47],[-192,-90]],[[48235,81968],[-143,-7],[35,-1254],[-123,-41],[39,-132],[-149,-130],[140,-196],[157,57],[174,-416],[122,94],[86,-178],[156,-24],[-72,-49]],[[48657,79692],[-46,-777],[-211,-59],[-235,143],[-275,-464],[-243,-51],[-119,-186],[51,-130],[-225,224]],[[47354,78392],[-146,14],[-178,355],[-101,-118],[-219,443],[-103,-114],[80,-177],[-161,149],[-152,-28],[-36,242],[191,15],[-114,147],[-244,-65],[27,194],[-112,163]],[[68124,71692],[-23,182],[171,160],[41,215],[594,703],[242,-92],[851,218]],[[70000,73078],[151,-434],[-33,-1095],[-282,-12]],[[95178,57981],[-552,-1375]],[[73528,65399],[-117,151],[-403,-6],[-82,177],[-171,-1],[-30,123],[286,77],[1,170]],[[73757,66761],[231,54],[228,-208],[107,177],[106,-63],[15,104],[152,2],[0,-139],[155,-8]],[[74751,66680],[-352,-178],[-1,-130],[356,28],[-15,-172],[-340,6],[9,-424]],[[43847,89274],[461,-141],[-149,-4],[99,-118],[-241,-160],[99,-53],[-82,-130],[144,32],[90,-112],[152,-272],[-92,-16],[-37,-240],[128,-62]],[[44879,86144],[-145,194],[-54,-231],[-577,-149]],[[44103,85958],[-318,253],[-213,452],[-152,4],[41,132],[-444,330],[75,138],[-232,164],[10,116],[-397,88],[-101,211],[-206,9],[-2,99],[-191,-136],[62,120],[-166,129],[284,123],[-150,82],[-264,-162],[28,319],[-193,-189],[-102,60],[138,99],[-102,201],[128,-5],[-170,151],[182,37],[27,133]],[[46447,88464],[-248,-263],[-29,-224],[-296,-493],[-349,-219],[-31,-224],[117,-84],[2,-230],[-183,-259]],[[45430,86468],[-323,-554],[-228,230]],[[44879,86144],[466,466],[-18,477],[-424,79],[-121,124],[108,183],[-397,324],[135,156],[-209,45]],[[44419,87998],[314,127],[514,-111],[20,245],[538,362],[341,49],[138,206]],[[77965,76137],[292,60],[291,463]],[[80345,77412],[-39,-105],[518,-188],[58,-232],[574,-76],[37,-250],[231,-113],[41,-271],[-170,-385],[-449,-17],[-197,-266],[178,-690],[110,-100],[-80,-403],[-336,-114],[543,-228],[132,-250],[-86,-113],[172,-46],[-16,-131],[-228,-55]],[[81338,73379],[-344,164],[-84,211],[-295,231],[-227,9],[-249,-221],[-271,44],[-291,-154],[-21,-173],[-228,328],[-350,-96],[-587,521],[-337,-89]],[[65853,88368],[485,-222],[59,-127],[112,54],[-34,-266],[115,-40]],[[66590,87767],[-25,-216],[-175,-4],[-69,-229],[236,-263],[170,-15],[59,-450]],[[54375,98086],[144,-133],[225,327],[724,394],[601,-324]],[[56069,98350],[103,-101],[-137,-49],[147,-132],[-77,-17],[95,-73],[-51,-153],[153,-149],[-87,-90],[86,-76],[-7,-250],[141,-73],[-10,-188]],[[55885,96557],[-323,87],[-5,-235],[-221,7],[-152,-280]],[[55184,96136],[-88,146],[-182,10],[113,220],[-267,144],[124,140],[-150,88],[48,127],[-254,146],[-140,-84],[38,200],[197,126],[-226,218],[236,162],[-222,8],[-96,133]],[[29325,76378],[98,-200],[267,67],[14,-225],[137,138],[272,-279],[217,51],[-78,149],[205,170],[-77,-488],[83,-190],[225,-2],[201,-241],[107,-325],[-121,-102],[75,-88],[275,154],[118,224],[286,-124],[258,37],[491,-280],[-72,-108],[96,-116],[344,209],[166,-408],[-43,-131],[114,-2],[45,159],[169,-132],[56,307],[538,-486]],[[70197,74099],[-775,-14],[-148,104],[-77,-148],[-240,17],[-116,-170],[-139,-4],[-247,28],[-237,193],[-293,-295],[-330,317],[-715,-89]],[[10930,64946],[145,629],[279,145],[417,15],[164,164],[618,1380],[-50,609],[112,352],[363,438],[354,769],[559,61],[518,406],[1021,197],[285,872],[-214,249],[123,422],[344,369],[437,119],[263,230]],[[22617,65073],[-140,-164],[-134,28],[-468,490],[-134,284],[114,181],[-41,97],[-597,-166],[-858,909],[-199,82],[-133,-398],[-297,-185],[19,-364],[-95,-133],[-424,107],[-253,588],[-446,140],[-87,-156],[49,-827],[-291,-42],[-275,-320],[-419,25],[-438,-262],[-909,293],[-209,-211],[-625,-234],[-526,175],[-165,381],[-265,39],[-245,-122],[-548,70],[-266,-225],[-194,219],[-77,-75],[62,-387],[-141,-44],[-205,124],[-326,-95]],[[64254,97333],[702,-96],[7,464],[560,283],[64,-106],[-148,-517],[286,-362]],[[65725,96999],[-61,-239],[-272,-148],[122,-264],[-37,-192],[110,-40],[-152,-237],[107,-170],[-111,-123],[204,-208],[-209,-52],[-129,-220],[17,-737],[80,33],[-50,-402],[112,0],[48,-183]],[[65504,93817],[-945,118]],[[64437,94103],[31,94],[-105,80],[158,128],[-95,193],[170,118],[-92,343],[153,-43],[106,302],[-108,56],[34,188],[-161,13],[203,263],[-70,105],[-193,-18],[72,89],[-110,43],[-54,126],[79,53],[-152,92],[-81,266],[164,4],[-49,204],[-139,89],[191,157],[-156,40],[21,245]],[[52054,63489],[-148,-132],[67,-99],[-352,298],[-292,-305],[-40,-90],[205,-195],[25,-335]],[[82080,62982],[-154,-1314]],[[81867,61676],[19,150],[-796,174]],[[55835,92235],[-171,-789]],[[55166,90557],[-462,96],[-144,288],[168,185],[-56,807],[-186,25],[-62,269]],[[58434,69159],[-154,3],[83,-143],[-147,-110]],[[56523,70872],[65,417],[217,146]],[[56805,71435],[307,185],[286,-134],[37,82],[-286,137],[274,111],[719,-254],[-146,184],[183,69],[41,229]],[[58220,72044],[799,-134],[1227,-1305]],[[62881,88447],[331,228],[176,-23],[388,502],[-263,54],[1,227],[199,168],[-65,123],[140,160],[173,627],[-51,386]],[[49926,22688],[347,836],[372,289],[445,97],[17,134],[395,-145],[131,-203],[290,-36],[89,-234],[2021,55],[342,-569],[212,83]],[[54587,22995],[200,-253],[-24,-599],[449,-528],[-69,-219],[213,-304],[248,-171],[129,48],[356,-286],[537,111],[545,-198],[120,-227],[477,62],[-104,-247],[152,-176],[113,17],[102,-203],[289,91],[87,-185],[205,-88],[144,-278],[-40,-335],[114,-123]],[[58830,18904],[-249,-302],[-164,-1308],[-243,-228],[-627,-137],[-184,-541],[-549,297],[-482,-152],[-122,-148],[-168,234],[-594,196],[-156,399],[-280,-31],[-86,-201],[-128,-37],[-557,541],[-282,-83],[-177,311],[-255,-250],[-400,424],[-134,-100],[-315,639],[-86,563],[-442,56],[-220,-123],[-41,122],[-77,-119],[-215,149],[33,92],[-194,3],[-737,842],[8,273],[-384,211],[146,510],[-123,381],[-177,121],[124,73],[56,235],[-159,86],[-21,194],[-259,285],[16,307]],[[88531,74092],[114,-118],[282,328],[-66,268],[266,-61],[-113,-143],[277,-149],[-109,-162],[174,-251],[151,437],[111,-156],[274,79],[61,-170],[337,-49],[165,193],[-120,121],[246,167],[146,-178],[24,-394],[44,203],[192,112],[189,-137],[-11,-142],[340,-181],[-15,181],[469,233],[271,-509],[210,-10],[-76,130],[205,171],[114,-256],[143,59],[61,268],[189,-119],[110,109],[289,-70]],[[93693,73650],[186,-428],[-40,-271],[115,-64],[57,95],[110,-337],[-393,-348],[-220,-4],[-108,162],[-141,-227],[-315,88],[-157,-157],[144,-47],[115,-260],[-122,-228],[40,-223],[-199,-43],[-79,-218],[296,-260],[134,18],[-40,192],[99,10],[80,-548],[244,-81],[-83,-96],[67,-53],[276,23],[53,-151],[-122,-58],[-35,-191],[61,-146],[-82,-127],[-274,132],[-259,-95],[-134,-250],[41,-197],[-195,-120],[-455,322],[-343,-13],[-121,147],[-164,-150],[-99,40]],[[40902,64465],[-41,170],[-373,67],[-36,176],[-178,82],[-301,12],[-308,244],[-40,168],[-211,18],[27,116],[397,-27],[-300,242],[-53,354],[161,5],[67,125],[-158,114]],[[41113,75817],[-12,-102],[358,-57],[287,-316],[228,546],[-373,241],[709,191],[17,-231],[470,451],[600,-206],[57,245],[167,118],[31,267],[341,191],[-56,166],[-142,27],[137,49],[7,400],[212,-32],[-148,39],[-50,100],[72,-72],[89,141],[134,-53]],[[44248,77920],[-12,-162],[88,125],[387,-107],[1,-105],[-203,24],[5,-112],[159,-2],[-31,-95],[117,-34],[52,261],[181,-191],[-38,-92],[451,-76],[-84,-163],[164,116],[22,-171],[342,-230],[-80,-171],[111,-108],[205,37],[-47,-262],[143,124]],[[46181,76526],[201,-117],[-281,-205],[193,-188],[-142,-86],[113,-147],[-83,-86],[218,-442],[-114,-208],[-181,67],[62,-186],[-111,-167],[343,-135],[-360,-55],[86,-274],[47,-58],[123,151],[13,-127],[140,53],[86,-294],[238,108],[44,-164],[151,-21],[-85,119],[159,5]],[[51301,71806],[185,48],[71,-135],[-132,-20],[162,-84],[222,124],[63,-339],[-150,-65],[3,-125],[-125,48],[43,-137],[-73,-8],[86,-27],[117,55],[104,-321],[182,-90],[-56,-41]],[[52003,70689],[99,-240],[-52,-172],[138,25],[27,-154],[207,-3],[121,-137],[73,97],[-29,-152],[117,-95],[121,88]],[[55142,69080],[79,-381],[151,16],[-294,-331]],[[51913,64180],[-425,452],[-203,-277],[72,-103],[-102,-220],[-159,131],[-88,-90],[-24,227],[-242,7],[-140,-76],[41,-273],[-409,-249],[28,-498],[202,-351],[128,4],[-79,-143],[153,-64],[193,123],[244,-189]],[[49613,63004],[-254,472],[417,438],[11,340]],[[58060,62948],[-599,371],[-213,-4],[-35,185],[-507,323]],[[56706,63823],[529,420]],[[58899,63513],[-107,-61],[-30,-551],[-80,-7]],[[58682,62894],[-313,99],[-225,290],[-197,-125],[113,-210]],[[61556,69083],[-19,-316],[481,-35],[237,-416],[181,226],[199,-128],[45,-87],[-113,-102],[120,-80],[-114,-59],[10,-167],[-123,26],[63,-198]],[[62523,67747],[-83,-221],[60,-88],[-287,-230],[96,-261],[-176,-107],[-125,72],[13,-105],[-203,60],[258,-211]],[[59345,77471],[91,90],[-156,89],[78,115],[64,-109],[72,50],[-11,202],[-145,28],[39,115],[131,-7],[-84,95]],[[76030,78193],[-155,21],[25,153],[-181,150]],[[75773,79044],[-37,224],[104,266],[117,-45],[258,271],[-4,121],[823,169],[275,260],[-130,140],[-206,-85],[-181,534],[-504,573],[144,178],[-448,177],[-413,635]],[[75571,82462],[-210,591],[-216,94],[91,295],[153,-3],[-18,86],[-530,465]],[[74841,83990],[-1,122],[180,101],[545,-3],[57,139],[120,-84],[-161,283],[224,-15],[14,228],[162,27],[-321,86],[87,164],[-132,24],[233,227],[-255,235]],[[77799,87303],[329,252],[204,-41],[102,209],[-51,201],[254,-25],[166,607]],[[79047,88295],[-168,-83],[-65,-181],[220,6],[-139,-83],[11,-433],[97,-34],[2,-140],[374,-78],[29,-112],[-115,-67],[-5,-394],[-250,-106],[61,-141],[139,113],[123,-76],[-200,-229]],[[79161,86257],[-642,-572],[-271,-461],[-745,224],[-405,-130],[158,-1022],[98,-124],[-21,-297],[-202,143],[14,-333],[229,-173],[-56,-66],[163,-117],[22,-199],[288,-197],[118,-236],[-5,-545],[-205,-168],[-89,-246],[189,-687],[162,90],[83,-178],[111,219],[210,11],[-139,216],[21,239],[109,169],[317,-16]],[[78577,78140],[-245,120],[221,267],[-271,-53],[6,233],[-218,39],[-188,219],[-250,-310],[-4,-297],[-196,32],[-499,-353],[-123,306],[-287,90],[-340,2],[-153,-242]],[[71378,63796],[-396,81],[-157,195],[-434,134]],[[69388,64883],[576,-6],[1,203],[677,-3],[-154,158]],[[70555,65227],[691,-148],[-74,-96],[84,-85],[293,24]],[[71549,64922],[375,-224],[89,-221],[-222,27],[-165,-276],[-294,-137],[-65,-168],[111,-127]],[[55197,90335],[-86,66],[55,156]],[[55166,90557],[317,304],[22,198],[186,194],[-27,193]],[[55664,91446],[460,-265],[110,14],[57,164],[187,-51]],[[49063,48545],[40,-185],[-87,-106],[160,-238],[-25,-314],[-196,-116],[-241,-435],[-176,-6],[121,-127],[-65,-73],[103,-4],[-106,-48],[46,-88],[-164,-36],[-6,128],[-119,-54],[76,-24],[-96,-62],[66,-84],[138,-3],[-161,-150],[38,-853],[-191,-66],[108,-287],[-217,-325],[221,-217],[-21,-338],[218,-160],[243,11],[97,326],[195,51],[99,-183],[191,-27],[189,-216],[76,-223],[209,49],[-82,-198],[299,-252]],[[50043,43612],[-49,-162],[-199,32],[-49,-95],[-108,81],[-268,-340],[-154,-11],[-22,178],[-357,-392],[-255,-12],[11,-170],[-151,-108],[-202,93],[-382,-189],[-265,131],[-43,-136],[-176,75],[-94,-114],[219,-97],[-228,-96],[-109,-217],[-182,142],[-157,-49],[-143,-363],[131,-17],[64,136],[73,-93],[-355,-283]],[[46593,41536],[-161,67],[-426,-182],[-578,393],[-333,-40],[-272,190],[-353,-393],[-315,-22],[-377,412],[-187,-79],[-158,153],[-100,-105],[-458,377],[-75,-107],[-437,41],[-22,140],[-321,-3],[-343,175],[-22,137],[-153,-71],[-5,278],[-257,-108],[-50,272],[-163,-194],[14,-189],[-268,298],[-89,-108],[-319,30],[15,101],[-124,25],[141,137],[-146,-66],[3,127],[-264,-98],[-161,-201],[-415,353],[-388,-64],[67,326],[-91,30],[8,126],[-142,-2],[64,87],[-82,248],[-306,119],[58,119],[-164,30],[-84,181],[-178,83],[-222,-116],[-270,177],[-93,-85],[-30,217],[-157,-56],[-159,278],[-337,-66],[-66,184],[73,71],[-118,84],[133,68],[-154,238],[452,130],[98,163],[-166,55],[-34,191],[246,93],[55,153],[-103,172],[54,144],[-138,25],[-45,143]],[[59100,92412],[-64,-562],[-218,-50],[-50,-150],[-329,439],[-645,-413],[-31,-250],[-105,271],[-236,-338],[-55,96],[-156,-78],[-47,163]],[[57164,91540],[96,61],[-97,144],[-280,165],[241,94],[32,122],[-221,283]],[[81090,62000],[-156,113],[-70,-188],[-208,70]],[[80979,62888],[191,-32],[-73,-413],[90,-269],[-97,-174]],[[80225,63701],[-96,205],[66,175],[196,237],[44,244],[177,-45],[-44,197],[-137,28],[656,363]],[[73656,93514],[-152,111],[8,247],[578,56],[417,-395],[133,386],[221,143],[238,-147],[-30,-304],[307,-168],[81,385],[180,70],[137,-167],[-146,-617],[203,-59],[264,315],[176,12],[-94,-615],[114,-186]],[[76291,92581],[-31,-396],[149,-49],[-45,-280],[131,-99]],[[74829,90738],[-79,150]],[[27258,68272],[43,412],[-353,650],[-55,435],[-225,199],[-21,243],[-516,-371],[-716,4],[-251,-219],[-571,-1],[-482,-232],[-979,-63],[-1301,-431],[-1740,97],[-1625,-139],[5,385],[-1024,368],[20,129],[-114,79],[2158,2630],[194,945]],[[95696,66001],[-370,573],[-364,207],[-210,269],[-65,330],[616,121],[30,111],[666,251],[168,-42],[338,241],[-11,138],[98,62],[769,-247]],[[22617,65073],[-47,87],[105,148],[391,81],[-154,374],[292,1],[62,318],[322,32],[108,219],[136,-44],[3,-143],[191,39],[106,152],[-52,99],[175,-27],[178,271],[53,-69],[67,340],[285,-47],[19,172],[282,-44],[123,205],[-36,308],[318,207],[-2,255],[189,-124],[176,185],[184,-201],[131,84],[38,237],[298,-17],[-72,125],[772,-24]],[[27258,68272],[232,-16],[37,-233]],[[28564,62033],[-446,-87],[-10,-618],[-467,-48],[-249,256],[-875,-225],[56,515],[-206,151],[20,254],[-771,293],[-177,305],[-647,123],[-61,-208],[-114,2],[-1,260],[405,240],[-140,311],[-239,-135],[18,386],[-286,51],[-99,442],[-149,15],[33,-317],[-96,-125],[-342,-40],[-69,139],[127,205],[-173,230],[333,47],[-34,180],[-282,81],[-82,219],[-619,-136],[-139,281],[-166,-7]],[[94013,63219],[94,-530],[-164,-220],[21,-177],[109,-77],[73,190],[69,-163]],[[95507,61442],[339,-552],[-413,-1068]],[[93317,60358],[-65,263],[-571,6],[-123,180],[80,111],[-445,49],[-35,104]],[[76324,62052],[-104,272],[175,568],[-234,289],[-15,220],[150,187],[-129,506]],[[68034,78015],[-165,-170],[173,-106],[-123,-76],[-3,-258],[-152,93],[-276,-108],[-199,73],[-138,-177],[251,-448],[-84,-78],[52,-153]],[[67046,76518],[-295,638],[-198,45],[121,309],[-404,27],[-190,167]],[[64563,79100],[214,266],[105,-28],[185,434],[333,227],[-71,155],[89,24]],[[69950,81068],[-235,-65],[89,-430],[-54,-139],[-118,9],[30,-124],[-119,-16],[139,-383],[-66,-221],[238,-208],[78,-395],[106,1],[-5,153],[175,-121]],[[70376,96040],[476,218],[35,-172],[-190,-214],[80,-155],[257,-155],[309,87],[265,-136],[-13,-205],[-489,91],[-222,-146],[87,-151],[493,-47],[344,-267],[-67,-265],[-293,-235],[49,-154],[703,204],[24,-560],[99,-314],[112,-41],[144,114],[-45,454],[337,90],[92,-157],[-153,-462],[64,-108],[149,36]],[[75002,50495],[171,519],[233,140],[22,397],[-83,242],[-303,124]],[[75042,51917],[-119,119],[154,148],[-58,93],[101,12],[-2,281],[-119,53],[165,159],[-30,152],[-191,125],[86,137],[-40,301]],[[74989,53497],[594,142],[337,-496],[316,-85]],[[76236,53058],[99,-321],[-89,-344],[529,-277],[301,40]],[[77076,52156],[105,-354],[-203,-474],[119,127],[156,-17],[85,-493],[774,29],[22,-391],[-156,-176],[-285,40],[-336,-381],[-396,-96],[-141,95]],[[68113,95117],[90,78],[-69,188],[183,15],[35,137],[-79,165],[83,23],[-240,283],[52,270]],[[68168,96276],[219,19],[231,620],[259,256],[114,-160],[-109,-460],[674,108],[109,-125],[-18,-450]],[[68937,66315],[-25,251],[-279,381]],[[70193,65934],[16,-160],[183,-152],[-50,-71],[242,-75],[-29,-249]],[[70555,65227],[-67,8]],[[70488,65235],[-621,608],[-286,-26],[-187,268],[-47,-118],[-410,348]],[[38707,63283],[77,278],[-61,402],[346,414],[271,0],[63,202],[861,-329],[495,79],[137,132]],[[70068,81662],[139,-322],[-75,-186],[-182,-86]],[[69950,81068],[-199,422],[-315,-90],[-155,-213],[-318,-7],[-22,-118],[-491,94],[-143,-208]],[[67510,82815],[132,317],[441,517],[346,-59]],[[69184,82597],[86,-91],[111,189],[-19,-273],[171,-370],[222,-11],[79,-408],[234,29]],[[69205,63985],[167,-180],[281,-4],[-30,-393],[209,-114],[-111,-276]],[[38507,81795],[-431,285],[-490,124],[-250,-96],[-255,300],[-303,-11],[-264,-174],[29,185],[-229,121]],[[36491,83119],[82,-76],[351,95],[129,-434],[135,109],[-56,431],[248,-414],[139,209],[17,271],[353,-182]],[[37889,83128],[176,-204],[170,152],[70,-168],[549,-254],[-215,-281],[-132,-578]],[[72347,91047],[55,222],[-103,186]],[[72347,92552],[177,264],[375,-31],[-111,179],[214,148],[-287,115],[435,-64],[-127,227]],[[73023,93390],[209,154],[392,-272],[32,242]],[[73656,93514],[141,-17],[25,-214],[73,92],[387,-157],[-357,-92],[231,-56],[10,-85],[-259,-64],[391,-265],[-327,-119],[241,-356],[-255,-132],[170,-31],[-78,-219],[230,23],[15,-210],[-205,-87],[29,-112],[350,-8],[-393,-168]],[[70768,57180],[137,-176]],[[70905,57004],[-108,-1383],[565,211],[-28,-507],[-559,-1167],[299,-914],[-520,-138],[-287,56],[-275,-160],[-362,388],[-267,-95],[-365,85]],[[49867,93016],[-514,-46],[36,227],[-541,86],[-171,270],[-444,207]],[[48233,93760],[30,189],[-232,-51]],[[69824,77003],[333,22]],[[85444,73752],[-426,-128],[-86,524],[-295,68],[-217,-86],[-395,195]],[[84025,74325],[56,64]],[[86994,77245],[548,-406],[108,-297],[-107,-87],[49,-417],[-91,-224],[148,-657],[-85,-53],[16,-180],[-175,-20],[169,-61],[16,-79],[-177,-16],[123,-192],[-271,-241]],[[74819,69785],[173,124]],[[74992,69909],[554,-152],[-1,-159],[135,-2],[10,-228],[140,-4],[3,-292],[135,-3],[3,-198],[189,-1],[4,-139],[-356,4],[2,-299],[-614,-13]],[[75231,62395],[166,-1],[15,201],[99,33],[131,-267],[275,2],[215,-275],[192,-36]],[[76324,62052],[527,28],[-22,245],[406,266]],[[78179,61450],[13,-576],[-330,-216],[-71,130],[-66,-89],[75,-222],[114,65],[157,-187],[153,180],[134,-42],[77,-181],[-128,-385],[135,-107],[-34,-124],[226,85],[103,-264],[229,-90]],[[61888,75220],[-123,67],[46,266],[147,85],[-118,325]],[[97523,66559],[58,-207],[-215,-205],[131,-485]],[[95746,66107],[-56,259],[153,201],[852,397],[310,492],[542,-87]],[[63714,31028],[-192,-197],[-196,0],[66,-293],[-136,-210],[-1519,-179]],[[61737,30149],[312,440],[-38,172],[139,83],[43,321],[-115,124],[134,417],[-199,296],[62,84]],[[62075,32086],[95,-9],[60,218],[273,228],[180,-9],[618,1181]],[[82977,62831],[-897,151]],[[82080,62982],[16,103]],[[81309,39241],[3,660],[138,413],[234,-373],[572,-178],[692,567],[674,202],[283,228],[224,446],[39,654],[-192,951],[781,-118],[599,579],[421,198],[51,174],[941,424],[534,989],[149,591],[133,1466],[-86,1625]],[[91924,48739],[-5313,-8933],[-1069,-1402]],[[72424,68673],[-138,384]],[[72286,69057],[-231,456],[97,119]],[[81643,77768],[59,-98],[-125,-36],[54,-133],[-135,-27],[-122,158],[-73,-277],[-605,176],[-351,-119]],[[80345,77412],[19,130],[-173,39],[-38,-239],[-102,181],[-305,-23],[-40,-167],[-136,159],[-215,-1],[-2,-106],[185,-103],[-352,113],[92,-299],[-166,-151],[-80,170],[-52,-230],[-107,38],[48,-186],[-197,-39],[35,-212],[-235,96],[24,78]],[[78548,76660],[-37,277],[150,87],[-176,3],[86,103],[-89,332],[135,160],[-176,10],[170,119],[-180,52],[146,337]],[[78577,78140],[87,26],[-43,122],[279,-4],[-85,180],[57,83],[230,-26],[9,101],[-285,240],[104,145],[-155,172],[256,-78],[-142,179],[318,263],[-126,84],[120,42],[-176,253],[331,40],[13,156],[-120,-36],[-203,126],[216,-33],[-81,196],[132,75],[-136,225],[174,5],[-93,143],[240,223],[-114,84],[-108,-80],[-30,126],[206,68],[-779,561]],[[78673,81801],[-111,344],[124,465],[723,129],[36,199],[401,442],[502,211],[140,341]],[[80488,83932],[122,-237],[472,-260],[272,-34],[272,196],[379,-352],[260,90],[11,-298],[261,-291]],[[74560,80704],[-874,-192],[-600,375]],[[73086,80887],[199,276],[-204,365],[-8,484],[-290,443]],[[72783,82455],[592,148],[-140,-833],[795,146],[143,-114],[-24,-183],[548,-70]],[[74697,81549],[5,-545],[107,-112],[-235,-61],[-14,-127]],[[59424,78139],[-212,239],[139,-48],[85,95],[-49,217],[-177,-54],[19,124],[-126,84],[43,351],[99,85],[-98,323],[118,41],[-32,213],[143,123],[-193,612]],[[59183,80544],[216,104],[1069,-203],[264,55],[227,234],[305,-56]],[[61441,78098],[-444,363],[-274,-212],[-162,8],[-132,164],[-147,-207],[-353,220],[-248,-385],[-60,210],[-197,-120]],[[66080,77704],[-478,299],[-360,-240],[-418,96],[-54,142],[-92,-74],[66,-218],[-116,32],[-46,-122],[-66,187],[-137,-19],[-17,449],[-105,38],[-127,-244]],[[64052,78294],[-38,154],[138,41],[-2,281],[294,10],[119,320]],[[64563,79100],[226,-81],[563,137],[215,-204],[398,268],[310,-135],[42,-66],[-170,-107],[123,-146],[-16,-175],[250,-75],[84,-473],[-203,-66],[-53,-276],[-252,3]],[[57981,94426],[-139,189],[-130,-61],[5,119],[-229,-86],[-45,153],[-111,-124],[-76,85],[65,-159],[-142,-163],[-221,239],[-193,-44]],[[59042,96610],[217,-67]],[[60928,98183],[524,-162],[-54,-492],[109,-180],[169,31],[181,314],[166,-25],[91,-555],[189,-146]],[[62303,96968],[83,-173]],[[62386,96795],[-272,-52],[-121,-302],[-334,-47],[179,-203],[-70,-294],[263,-236],[-269,-63],[269,-270],[-246,6],[128,-328],[-119,-144],[76,-109]],[[61870,94753],[-9,-61]],[[61861,94692],[-230,52],[4,-213],[-145,9],[-1,-199],[-232,88],[71,-189],[-176,13],[84,-245],[-216,129],[48,-170],[-128,-174]],[[60708,93694],[-77,318],[192,381],[-368,271],[-109,-82],[-156,65],[-327,320],[90,86],[-146,417],[-980,-353],[-609,-807]],[[69735,76207],[191,-77],[-62,-263],[159,67],[-22,-188],[-240,-42],[206,-142]],[[70007,75121],[-733,-11],[-392,-191],[-236,37],[102,136],[-244,18],[-349,-311],[-381,415],[-24,215],[150,323],[-136,282]],[[67859,76305],[74,42],[98,-173],[427,-34],[122,55],[-40,222],[238,-86],[255,135]],[[72901,76290],[-150,95],[135,123],[122,-46]],[[74680,77097],[456,-287]],[[73084,74569],[45,135],[-205,-60],[177,235],[-300,38]],[[73048,76049],[253,164],[122,-74],[295,115],[743,-263],[694,385]],[[58219,85680],[-69,500],[-113,-1],[-5,196],[-341,518],[329,-82]],[[58020,86811],[578,203],[126,-77]],[[59126,85574],[-240,160],[-64,-245],[-54,255],[-117,-141],[-291,229],[-33,-187],[-108,35]],[[71438,67674],[-365,63],[-68,-211],[-473,-296]],[[69568,67752],[216,1],[103,182],[-56,118],[189,3],[23,227],[376,111],[347,341]],[[70971,68752],[3,-126],[271,4],[8,-409],[266,-6],[-81,-541]],[[43348,92368],[-133,339],[213,18],[-66,127]],[[43362,92852],[405,-24],[80,-219],[112,114],[-1,207],[76,-177],[127,112],[811,109],[117,-124],[-136,-256]],[[44953,92594],[-178,-43],[-16,-325],[394,-220],[31,-263],[110,-24],[-14,-268]],[[45280,91451],[-205,-18],[-42,229],[-239,170],[-285,-241],[-451,259]],[[36426,65373],[-111,-273],[71,-120],[181,-12],[-171,-190],[34,-447],[-545,-455],[-513,-217]],[[84739,61776],[-84,66],[12,412],[-450,61]],[[84224,62967],[45,75]],[[84814,62989],[553,-88],[-7,-432]],[[80160,71838],[-80,-220],[38,-803],[337,14],[6,-232],[-177,98],[-669,-130],[-216,-309],[-330,116]],[[79284,71774],[58,120],[311,1],[413,464],[168,-148],[-74,-373]],[[55433,65067],[-287,-344],[-187,86],[-129,-97],[58,-175],[205,-31]],[[55093,64506],[-351,-12],[161,-396],[-169,-141]],[[54734,63957],[-1164,-47]],[[53570,63910],[-396,-135],[-137,-215],[-594,-25],[-21,-172],[-178,5],[-31,148],[-159,-27]],[[52054,63489],[-67,470],[-141,140],[67,81]],[[51913,64180],[34,146],[209,94],[-116,184],[114,-19],[-118,164],[102,164],[-244,91],[-38,103],[87,49],[-209,93],[247,172],[-137,48],[138,42],[-25,107],[158,184],[797,203],[-6,160]],[[81435,64654],[-348,451]],[[81087,65105],[-372,292]],[[80891,65867],[410,501],[472,-259],[290,511],[241,-140],[141,401],[235,-12],[261,-240],[232,211],[273,-219],[136,59],[-37,-197],[197,-50]],[[83742,66433],[235,-259],[143,-543],[-139,-192],[-115,77],[-73,-127]],[[75175,73720],[-565,-9]],[[74586,74479],[4,153],[646,1],[-81,1743]],[[75155,76376],[-19,434]],[[75136,76810],[350,-383],[584,-222]],[[76070,76205],[-179,-142],[609,-214]],[[48353,84704],[130,242],[-54,304],[-233,153]],[[48196,85403],[466,236],[240,325],[113,385]],[[51069,85652],[-467,-795],[35,-803]],[[50637,84054],[-236,195],[-209,-343],[-224,240],[-72,-146],[-188,22],[-90,-288],[-99,-11],[-119,284],[-236,-51],[4,137],[-216,150],[-22,-161],[-131,-10],[-86,258],[-174,-33],[66,344],[-252,63]],[[77725,72370],[1377,83],[-7,-339],[189,-340]],[[79284,71774],[-53,-159],[-217,34],[-281,-450],[344,-269],[-78,-302],[70,-256]],[[79069,70372],[-164,-157]],[[78905,70215],[-415,193],[-236,-62]],[[78950,58688],[-46,161],[177,-62],[80,181],[-219,278],[146,75],[-122,106]],[[78966,59427],[47,182],[352,289],[331,-286]],[[81282,58804],[-123,-36],[36,-124],[-83,128],[-9,-148],[-92,88],[-105,-122],[-186,13],[-72,-290]],[[80648,58313],[-226,-327],[69,-584],[128,-230]],[[57899,61117],[67,268],[289,10],[62,-194],[-153,-314],[223,-141],[375,13],[473,-353],[75,53]],[[59310,60459],[-30,-389],[130,-315],[-62,-273],[243,-459],[97,-467]],[[59688,58556],[-303,220],[-508,-39],[-99,75],[25,260],[-149,-67],[-217,114],[-385,-132],[-26,-116],[-331,25],[-255,447]],[[81333,61164],[425,34],[14,494],[95,-16]],[[81867,61676],[59,-8]],[[81926,61668],[403,-78]],[[82329,61590],[98,-464],[180,-171],[-61,-441],[1059,138]],[[84089,59408],[-1550,-607]],[[39897,94017],[-32,-255],[150,-176],[-86,-45],[-3,-217],[168,-96],[95,200],[-19,-208],[146,29],[219,-223]],[[37920,93050],[204,202],[372,1157],[161,22],[150,-133],[339,-647],[170,35],[185,314],[396,17]],[[55835,92235],[-263,112],[-47,210]],[[56615,93398],[72,-137],[386,-1],[-67,-140],[-261,41],[283,-135],[-165,-73],[-128,-291],[239,77],[246,-73],[-159,-120],[-230,22],[104,-159]],[[56935,92409],[-304,-244],[-173,19],[-57,177],[-286,59],[-151,-66],[9,-179],[-138,60]],[[57483,91109],[73,-265],[370,-184],[48,-324],[144,5],[-3,-509],[193,-73],[-90,-249],[394,-29],[11,-101]],[[57809,88012],[83,-56],[-132,-77],[159,-96],[-78,-78],[-637,25],[34,-147],[574,-26],[-187,-161],[203,24],[-123,-306]],[[57705,87114],[-159,-17],[33,207],[-136,121],[-127,-196],[-257,65],[-186,-150],[-288,5],[-384,-328],[-195,-490]],[[91742,55450],[-189,-154],[-40,-186]],[[91513,55110],[-151,-73],[-85,-214],[-370,-116],[-520,766]],[[91443,58374],[211,273],[276,-209],[387,85],[312,-139],[25,342],[282,451],[-28,713],[297,132],[112,336]],[[93317,60358],[463,-246],[44,-522],[120,-247],[223,-15],[181,-295],[-52,464],[371,-73]],[[95324,58347],[-146,-366]],[[95178,57981],[-425,-1],[-135,-265],[-397,-175],[296,-492],[-107,-55],[21,-124],[-239,-103],[-16,-317]],[[74750,90888],[-100,-206],[447,-445],[-515,-481],[-8,-625],[-247,25],[-217,358]],[[72483,90449],[31,97],[-186,196],[236,174],[-217,131]],[[72347,91047],[1728,190]],[[74075,91237],[261,5],[84,-224],[330,-130]],[[91924,48739],[-4425,0]],[[87499,48739],[-177,1140],[-365,849],[151,242],[231,90],[644,-741],[84,131],[216,-81],[-175,197],[92,170],[-63,399],[133,189],[55,-425],[346,-654],[-717,-198],[-53,-441],[544,-641],[357,-66],[215,632],[-1,901],[256,479],[-12,371],[-120,166],[226,694],[-61,323]],[[89305,52465],[67,740],[163,-286],[594,306],[375,28],[124,-133],[316,-19],[-18,-160],[640,225],[73,132]],[[91639,53298],[1119,-397],[75,-214],[-88,-38],[30,-213],[-102,181],[-145,-42],[-42,-224],[108,-177],[-121,-225],[486,-272]],[[92959,51677],[-656,-2062],[-379,-876]],[[56006,86331],[-570,-137],[-86,-127],[121,-307],[555,-199],[-34,-315],[-420,-201],[-252,120],[-193,-157],[-491,17],[175,-438],[144,-17],[341,-465],[-80,-331]],[[54513,83313],[-52,262],[-204,52],[-44,117],[-136,-57],[45,165],[-93,54],[-37,402],[-629,-112],[-36,205],[-148,101],[74,426],[-302,155],[-423,-75],[18,-103],[-248,-182],[-2,-328],[-222,-245],[38,-133],[-123,30],[-106,706],[-244,223],[168,274],[-382,135],[-132,238],[-224,29]],[[50584,87057],[376,466],[263,106],[134,284],[86,45],[75,-219],[418,927],[-92,218],[151,104],[-202,154],[36,168],[-141,28],[57,191],[-145,-12],[-243,272],[23,145],[-183,-19],[-5,127],[192,38]],[[51384,90080],[394,175],[628,-138],[245,-217],[452,521],[-132,226],[58,98],[114,109],[361,22]],[[53504,90876],[-103,-156],[75,-100],[-56,-213],[134,-87],[50,-207],[-92,-28],[14,-406],[356,-50],[50,-147],[-217,-327],[246,-21],[213,173],[162,-71],[212,494],[207,188]],[[56996,88694],[144,-318],[-198,160],[24,-112],[-195,-77],[163,-54],[-44,-184],[-206,116],[79,-298],[-64,115],[-208,-53],[114,-148],[-119,-6],[30,-102],[-136,52],[39,-158],[-320,-31],[-143,-362],[99,-143],[-284,-343],[75,-343],[160,-74]],[[51506,95319],[-336,77],[-120,145],[-35,-192],[-88,11],[-100,74],[68,218],[-103,45],[-144,-344],[-111,555],[-123,-93],[-138,56],[149,157],[-60,71]],[[50140,81449],[-32,-76],[32,209],[-126,44],[9,112],[-259,0],[57,89],[-98,88],[-101,-165],[-157,21]],[[49465,81771],[-96,201],[133,-63],[90,160],[116,-131],[40,275],[132,-273],[131,388],[-40,-156],[176,-156],[17,259],[166,-136],[46,235]],[[50376,82374],[16,-184],[162,-51],[-112,213],[83,47],[54,-127],[189,238],[156,-78],[34,255],[154,-186],[141,129],[76,-184],[89,60],[-32,107],[200,-40],[-132,84],[221,210],[135,-137],[-29,119],[112,113],[56,-163],[21,140],[231,-141],[-27,56],[15,43],[108,-171],[184,105],[98,-84],[-5,-186],[152,165],[107,-175],[146,126],[63,-77],[152,74],[28,-119],[172,50]],[[66683,50865],[-744,-327],[-153,78],[-57,190],[-1038,9],[-95,153],[20,710],[-299,486]],[[68942,51416],[121,-185],[-335,-852],[84,-451],[186,-318]],[[68998,49610],[-679,-76],[-266,177],[14,135],[-323,290],[-65,512],[-266,179],[-185,413],[-308,-334],[-237,-41]],[[73008,76462],[-296,248],[187,393],[-100,50],[-131,-118],[-61,293],[175,-46],[50,103]],[[74254,78012],[154,-396],[253,-259],[19,-260]],[[74680,77097],[-141,-2],[-283,-348],[-504,36],[-240,-337],[-242,47],[-153,-128],[-109,97]],[[57697,62702],[-40,-528],[213,-435],[-143,-310],[158,-44],[14,-268]],[[57899,61117],[-332,-787],[160,-612],[-135,-288],[-152,-87]],[[57440,59343],[-144,-63],[-125,-719],[-120,-96]],[[56234,59701],[66,19],[-85,75],[-387,34],[-176,459],[137,165],[-42,271],[115,124],[3,357],[205,-3],[9,565],[412,-9],[45,300],[174,65],[1,737],[769,5],[217,-163]],[[78638,61450],[-302,-132],[-157,132]],[[78179,61450],[-1,283],[-489,193]],[[77753,62712],[217,92],[32,-126],[248,-25],[-81,-104],[61,-127],[217,-36],[-89,219],[342,-113]],[[84476,61113],[90,307],[155,84],[18,272]],[[84739,61776],[321,-80],[265,432],[35,341]],[[85360,62469],[242,-115],[67,-163],[204,79],[117,-287]],[[60963,63813],[-38,-108],[-601,-132],[-932,-50],[-115,-129],[-16,99],[-362,20]],[[58899,63513],[-166,145],[27,187],[-514,441]],[[60632,66333],[51,168],[100,-12],[434,-401],[-39,-119],[338,-186]],[[61472,65170],[-136,-109],[110,-85],[-130,-83],[-30,-305]],[[68307,80948],[-37,-172],[-230,56],[-201,-122],[1,-277],[-256,37],[157,282],[-156,343],[-136,121],[-276,-68],[-71,-324],[228,-276],[-187,-247],[-398,-24],[-108,167],[-329,143],[-137,-66],[-28,-149],[-118,76],[-251,-251],[-281,99],[-75,-118]],[[65418,80178],[-225,365],[-569,-486],[-104,930],[-441,224],[-108,229],[-527,-190]],[[62530,82186],[33,133],[305,-50],[-5,100],[233,112],[21,160],[307,192],[-118,428],[-72,-83],[-254,192],[76,316]],[[64842,84437],[136,-79],[-108,-172],[279,-461],[683,-109],[161,-208],[295,38],[483,-216],[409,135],[187,-187],[-10,-408],[153,45]],[[67510,82815],[161,-320],[-101,-204],[-186,-73],[-225,-503],[326,-334],[410,-77],[412,-356]],[[66693,91322],[259,0],[4,-668],[180,91],[-325,-763]],[[65141,90178],[-215,267]],[[65373,91295],[1320,27]],[[75231,62395],[310,-582],[-48,-103]],[[73522,62034],[34,700],[-261,571]],[[74878,63735],[324,-1],[29,-1339]],[[52863,28676],[-88,-91],[-14,166],[-38,11],[-230,-526],[-1080,-831],[-343,17],[14,107],[-159,116],[-41,-305],[144,-211],[-43,-138],[-228,-49],[-82,-216],[-212,135],[-113,-146],[94,-180],[-490,-141],[-347,108],[-167,-276],[57,-311],[-103,-128],[-19,-304],[15,-244],[203,-160],[-112,-323],[-172,28]],[[49309,24784],[-248,104],[-6,200],[-705,103],[-154,178],[-168,-1],[-190,308],[64,82],[-189,56],[36,436],[-180,115],[-95,-93],[-257,56],[-266,445],[-430,166]],[[46521,26939],[-95,444],[288,296],[8,459],[222,293]],[[46944,28431],[247,86],[103,-184],[108,37],[-20,153],[147,188],[265,176],[151,-43],[193,310],[122,19],[123,669],[455,338],[-91,139],[97,226],[-183,209],[99,131],[-46,553],[68,130],[826,-69],[-71,321],[253,153],[40,383],[772,-174]],[[56865,26219],[291,329],[13,305],[599,490],[81,187],[1067,168],[257,218],[284,25]],[[60619,28386],[653,-228],[829,52],[433,-257],[99,-195]],[[62633,27758],[32,-10]],[[62665,27748],[-1491,-2442],[-52,-263],[98,-259],[-119,-109],[-112,88],[-106,429],[-246,218],[-330,38],[-100,185],[-300,-46],[-566,226],[-564,-45],[-277,115],[-183,-80],[-243,136],[-169,284],[-1040,-4]],[[49562,79028],[-250,-33],[-20,197],[-141,9],[-162,186],[31,97],[-161,22],[28,177]],[[48887,79683],[134,258],[70,-89],[361,331],[379,157],[309,1109]],[[50140,81449],[197,-158],[237,-475],[35,112],[138,-38],[-91,-123],[77,-228],[296,-22],[566,-418],[-118,323],[103,279],[54,-181],[124,100],[72,-137],[54,132],[128,-151],[-12,-175],[357,90],[95,-347],[-241,-945],[432,-216]],[[52597,77937],[-266,-199],[-349,-56],[-154,321],[50,228],[-362,-216],[-109,45],[-147,349],[-69,-122],[-385,143],[-49,-81],[-364,229],[-88,-50],[-95,174],[-135,-180],[-64,260],[-75,-95],[-66,208],[-308,133]],[[66307,29256],[63,188],[-274,75],[-503,887],[-513,68],[-69,155],[-606,58],[-128,238],[-563,103]],[[63714,31028],[167,-34],[172,157],[-220,120],[-169,518],[139,166],[-214,175],[220,487],[311,209],[-819,869]],[[63301,33695],[1396,2638],[277,89],[708,-212]],[[70824,32299],[42,-255],[-284,-1215],[-464,271],[-1040,-333],[-922,-788],[28,-556]],[[66524,35746],[10,-118],[-298,-250],[-337,1],[-182,226],[-37,-214],[-164,-68],[-129,-326],[-224,-153],[-230,11],[-118,-465],[616,110],[124,-423],[228,-165],[51,-248],[102,173],[319,-193],[342,23],[84,652],[-146,215],[249,155],[-232,73],[-2,107],[32,161],[214,116],[-112,118],[-40,403],[-120,79]],[[82758,64233],[-174,35],[-16,-223],[-343,47],[-80,-507]],[[81324,63834],[111,820]],[[81435,64654],[436,33],[105,584],[366,-168],[-71,-448],[207,-54],[-19,-110],[458,-6],[107,169]],[[55525,92557],[-147,-123],[-170,31],[-247,1001]],[[54985,94018],[341,-219]],[[55976,93434],[330,-265],[-343,18],[-80,-192],[-318,-175],[96,-171],[-136,-92]],[[82846,87936],[-190,41],[2,-279],[-462,-158],[87,-84],[-147,-264],[-288,50],[-385,-373],[-443,-35],[-146,-360],[-64,106],[-266,-35],[-295,585],[143,563],[-118,6],[23,168],[-163,199],[71,265],[-131,268],[-54,-218],[-366,-245],[-533,23],[-74,136]],[[79047,88295],[-244,211]],[[78803,88506],[-57,47],[153,64],[-90,273],[141,77],[41,293],[168,-142],[-63,252],[301,55],[-81,314],[110,75],[-85,133],[294,-14],[-36,226],[95,-238],[119,45],[-72,229],[-117,-6],[112,114],[-58,142]],[[79678,90445],[410,-69],[26,-388],[342,-146],[85,-290],[224,138],[390,-95],[421,-401],[291,-12],[71,-425],[385,69],[202,-97],[46,-415],[313,-103],[-38,-275]],[[55433,65067],[-967,-380],[-59,168],[-123,-15],[32,193],[-103,27],[-145,530],[-150,81],[-72,248],[-645,41],[-295,205]],[[52906,66165],[-356,520],[326,355],[-52,249],[-263,239],[68,615],[73,104],[110,-49],[62,298],[239,-2],[169,-158],[225,219],[57,-124],[158,135],[210,-6],[-22,-182],[152,-6],[3,130],[113,43],[-74,75],[115,-56],[72,144],[377,-185],[-94,-145],[191,39],[109,-233],[204,200]],[[55078,68384],[302,-128],[-93,-535],[215,-157],[-60,-172],[132,34],[227,-182],[-173,-109],[-205,158],[18,-306],[-124,-64],[220,-316],[-79,-134],[98,-142],[-167,-99],[135,-239]],[[55524,65993],[136,-334],[-89,-459],[-138,-133]],[[49544,98260],[64,39],[-199,198]],[[49409,98497],[395,283],[232,24],[222,-252],[-9,-550],[87,-64],[166,96],[157,390],[232,-30]],[[50891,98394],[7,-94],[165,6],[75,-228],[53,107],[275,-516]],[[51372,97557],[-290,-260],[39,-71],[-401,-267],[-231,138],[-99,219]],[[50602,32182],[253,223],[174,-22],[18,160],[-168,211],[268,282],[39,193],[-154,-18],[8,650],[-212,336],[96,236],[303,186],[163,627],[-16,135],[-338,133],[-343,-38],[-444,707]],[[50249,36183],[424,136],[-99,152],[284,188],[-41,324],[115,85],[81,-74],[102,79],[-37,103],[202,-4],[-61,67],[179,302],[-48,91],[148,177],[15,-155],[175,12],[-6,-175],[94,39],[116,484],[-95,114],[130,75],[167,427],[-222,-24],[81,163],[159,4],[8,144],[164,30],[-127,324],[159,34],[73,245],[-204,112],[184,65],[-56,266],[151,-71],[-189,174],[130,125],[-109,164],[170,37],[-207,269],[180,64],[-65,96],[103,-88],[20,108],[140,-32],[-85,144],[264,28],[-213,47],[160,113],[-100,167],[259,34],[14,101],[-112,-39],[57,120],[-108,-27],[27,146],[144,-79],[83,153],[-53,114],[-115,-70]],[[52859,41791],[93,215],[228,-224]],[[55059,28293],[-214,-27],[-75,97],[-87,-89],[-5,99],[-422,282],[-113,-159],[-176,204],[-202,-79],[-250,97],[-197,-111],[-191,149],[-264,-80]],[[52863,28676],[-117,528],[-162,200],[54,74],[-269,251],[57,151],[-134,-59],[-142,173],[2,1150],[-133,20],[-101,304],[-232,119],[-497,168],[-363,-31],[-224,458]],[[77565,70963],[205,-11],[273,-632],[211,26]],[[78254,70346],[-65,-270],[20,-147],[161,3],[16,-597],[-146,2],[1,-435]],[[78241,68902],[-2,-133],[-543,-10],[-10,166],[-166,139],[88,196],[-164,151],[-311,2],[-1,122],[162,43],[-30,209],[101,155],[-140,75]],[[28566,85714],[92,238],[-228,493],[127,145],[467,150]],[[31891,85091],[-227,8],[51,-176],[-337,-266],[158,-460],[179,-150],[-16,-249],[-241,-366]],[[55059,28293],[136,17],[-21,305],[-125,238],[-439,148],[82,81],[-236,272],[54,188],[-135,115],[17,304],[-154,286],[40,503],[114,93],[-49,206],[220,657],[115,152],[477,181],[455,946],[326,62],[129,177],[97,-113],[173,90],[-143,148],[-96,-63],[-11,199],[-209,-52],[-217,202],[-166,-16],[-8,136],[-144,-61],[-299,214],[-218,-3],[-61,388],[137,654],[-161,143],[-458,2],[-326,185],[-11,127],[-96,-52],[-64,262],[-227,143],[89,146],[-81,290],[109,125],[-104,215],[502,886],[-84,131],[70,264],[122,36],[-129,101],[91,258],[-125,34],[70,107],[-113,83],[197,186],[214,-114],[76,251],[389,219],[113,-67],[153,212],[-46,165],[202,-87],[-93,-124],[247,-177],[200,697],[241,121],[143,247],[-120,297],[136,55],[25,144],[131,3],[166,433]],[[58168,42452],[149,-205],[56,187],[500,-183],[388,14],[83,105],[149,-242],[97,53],[-11,228],[167,-123],[364,130]],[[60110,42416],[91,-81],[-188,-321],[22,-156],[-135,-89],[99,-337],[-142,59],[-98,-173],[-218,-88],[179,-199],[-149,-102],[67,-91],[-176,-230],[27,-228],[-191,-166],[-186,26],[174,-242],[-178,-86],[204,-44],[68,-262],[-56,-370],[231,-161],[-186,-105],[46,-575],[102,-13],[57,-267],[-154,-554],[183,-1011],[-356,-1066],[205,-240],[-152,-167],[-79,-404],[-282,-108],[42,-153],[-312,-441],[118,-69],[-97,-331],[-168,-71],[16,-636],[374,-430],[217,-59],[50,-231],[136,-27],[-136,-528],[462,-413]],[[59641,31176],[181,-117],[-110,-149],[104,-245],[-135,-203],[17,-183],[133,-286],[256,-110],[-47,-317],[-158,-62],[-111,-298],[333,-62],[235,-497],[280,-261]],[[60619,28386],[-604,-247],[-134,-227],[-165,90],[-259,-61]],[[59457,27941],[-222,356],[-349,-58],[-118,-133],[-106,103],[-363,-102],[-111,100],[-381,-216],[-213,132],[-197,-7],[-100,-130],[14,153],[-170,79],[-240,-200],[-426,0],[-45,-123],[-259,28],[-23,126],[-143,-134],[-566,37],[53,237],[-258,-28],[-175,132]],[[56632,95150],[273,129],[99,309],[-233,326],[-40,-83],[-332,162],[-257,-56],[122,194],[-187,49],[47,146],[-152,72],[15,110],[-254,-144],[152,193]],[[55885,96557],[88,146],[-130,119],[582,177]],[[56425,96999],[508,31],[109,152],[448,-9],[386,-196],[-53,-142],[459,-454],[461,242],[299,-13]],[[59042,96610],[76,-226],[-137,-339],[-1,-384],[-134,56],[-60,-154],[-269,-137],[-112,92],[-136,-71],[-10,176],[-255,31],[9,-205],[-193,7],[54,-127],[-157,187],[-156,-154],[28,171],[-114,103],[-607,-915]],[[74873,64893],[137,151],[136,-73],[150,285],[591,-23]],[[75887,65233],[33,-156]],[[75997,64111],[-129,8],[-42,-110],[-679,24]],[[64622,85697],[92,-144],[-181,-78],[1,-151],[146,78],[128,-169],[-95,-149],[56,-144],[-100,-38],[143,-231],[-211,-72],[241,-162]],[[64842,84437],[-513,-275],[-155,168],[-359,54],[-299,-383],[-258,-60],[-202,-255]],[[63056,83686],[-287,17]],[[62769,83703],[-1,436],[-154,99],[78,174],[-171,168],[-217,-21],[-412,785],[-641,474],[-510,-222],[43,84],[-192,-10],[-6,130]],[[63910,90899],[-127,127]],[[63783,91026],[180,25],[27,1143]],[[64996,92183],[1,-111],[148,1],[1,-308],[255,1],[-28,-471]],[[65373,91295],[-135,-301],[-255,9],[-57,-558]],[[64926,90445],[-123,-84],[30,146],[-223,13],[5,164],[130,94],[-52,62],[-122,26],[-46,-144],[-65,137],[-56,-145],[-14,297],[-266,-197],[-4,120],[-210,-35]],[[79696,59612],[130,381],[-54,158],[216,343],[-50,818],[143,95]],[[80480,62491],[90,45],[86,-541]],[[80656,61995],[6,-500],[202,-654],[146,212],[116,-12]],[[81138,59196],[-96,169],[-189,-26],[-146,176],[-349,121],[-544,-123],[-118,99]],[[81491,52258],[-58,22],[-14,18],[99,20],[-27,-60]],[[81129,52630],[16,3],[3,-5],[-19,-11],[0,13]],[[79962,54430],[-10,-10],[-18,13],[17,15],[11,-18]],[[80135,55669],[108,523],[-518,814]],[[80202,57223],[417,-51]],[[80619,57172],[161,-415],[160,26],[89,-111],[595,71],[346,192]],[[81970,56935],[262,-162],[206,23],[33,-109]],[[82471,56687],[-98,-672],[100,-109],[19,-349]],[[82768,52356],[-87,188],[-281,92],[-182,-35],[96,-209],[-62,-41],[-74,173],[-227,10],[-113,-179],[41,-146],[-327,112],[54,323],[-476,37],[191,295],[-274,119],[10,250],[-623,107],[263,144],[-72,199],[99,268],[-261,303],[-185,38],[30,186],[-28,-27],[-54,44],[82,3],[-113,84],[217,170],[210,643],[-110,213],[-108,-1],[-69,-187],[-178,-184],[141,392],[-163,-71]],[[79933,55294],[-45,-14],[-33,157],[109,-75],[-31,-68]],[[32646,88451],[275,-33],[64,290],[-729,576],[32,279],[368,143],[334,-382],[314,55]],[[35412,88619],[136,-305],[-96,-131]],[[35452,88183],[-335,-86],[-231,283],[-235,29],[15,-817],[-617,-14],[3,-293]],[[37920,93050],[-46,-134],[236,-70],[-257,-255],[116,-87],[118,137],[-36,-256],[178,-23],[23,247],[145,29],[-97,-342],[103,-34]],[[37470,91551],[58,50],[-277,206],[173,141],[-77,80],[-109,-168],[-153,190],[-110,-160],[-82,74],[185,355],[-309,-31],[-36,160],[-119,36],[158,300]],[[36772,92784],[611,-120],[-66,799],[114,201],[175,-120],[112,-412],[202,-82]],[[34516,90754],[107,-79],[180,170],[554,-3],[210,-174],[-211,-328],[172,-198]],[[35145,89496],[-673,-247],[-186,-275],[-129,71],[41,104],[-141,-4],[-206,-221],[-14,181],[114,52],[-66,175],[-125,58],[-89,-130],[-138,169],[-67,-274],[-162,224]],[[33304,89379],[133,274],[494,-105],[151,132],[387,610],[47,464]],[[32646,88451],[-38,-156],[135,-67],[-120,-123],[62,-709]],[[29805,87244],[250,162],[322,571],[372,393],[391,-52],[483,-522],[114,219],[-28,325],[156,163],[359,88],[422,-140]],[[68904,67846],[-110,-22],[7,221],[-144,-56],[19,136],[-167,141],[-68,-245],[-95,218],[-132,-83],[-125,187],[-222,-59]],[[67319,68785],[100,198],[-122,196],[46,120]],[[68541,69492],[-95,-124],[177,-45],[-50,-105],[73,-50],[-94,-93],[113,-41],[-21,-229],[175,-27],[70,-146],[-104,-202],[107,-59],[-54,-266],[164,44],[-3,-113]],[[82145,63585],[-49,-500]],[[82096,63085],[-435,179],[-186,-161],[-415,-84],[-81,-131]],[[80979,62888],[-164,8],[-73,143]],[[81324,63834],[821,-249]],[[65509,68034],[-28,362],[142,494]],[[65623,68890],[28,151],[215,-151],[75,121],[410,-28],[-46,107],[272,-98],[112,143],[191,-235],[128,155],[49,-168],[162,67],[13,-171],[87,2]],[[67319,68785],[50,-224],[184,-4],[-120,-195],[202,-1],[55,-127],[45,111],[132,-61]],[[67867,68284],[-130,-217],[146,-100],[-2,-343],[523,311],[-68,-184],[273,-496],[-152,-185],[176,-123]],[[68633,66947],[-141,-180],[-397,-49],[-206,-183],[-535,387]],[[67354,66922],[-135,133],[-190,-105],[-498,367],[-572,135],[-213,255],[49,149],[-286,178]],[[76500,75849],[66,181],[304,199],[447,10],[213,266],[131,-86],[36,81],[268,-363]],[[77965,76137],[-91,-130],[226,-96],[30,-296],[-105,-113],[211,-398],[-146,-83],[50,-345],[-365,-304],[307,-16],[-28,-202]],[[78054,74154],[-351,56],[113,-222],[-104,-202],[293,-213],[-260,-173]],[[77354,73888],[-108,145],[90,253],[-179,35],[66,145],[-185,-52],[125,219],[-151,-25],[-4,178],[-82,-33],[-97,223],[112,81],[-131,103],[-118,-93],[59,246],[-263,76],[173,28],[-200,115],[109,71],[-48,88],[-176,75],[234,11],[-80,72]],[[69836,71537],[11,-140],[160,7],[10,-135],[127,14],[8,-132],[182,-53],[-68,-137],[115,-26]],[[70381,70935],[33,-557]],[[69087,69926],[-174,-14],[-76,-250],[-296,-170]],[[68541,69492],[-143,82],[132,237],[-205,14]],[[68152,70676],[142,160],[-187,163],[189,75],[-223,204],[101,105],[-80,38],[30,271]],[[68124,71692],[434,24],[-8,138],[418,164],[44,-402],[441,33],[11,-148],[372,36]],[[18842,55424],[530,-439],[321,75],[494,469],[289,-502],[201,-13],[209,-197],[584,164],[169,-99],[294,58],[374,277],[15,-987],[470,-200],[283,-323],[569,14],[172,-786],[117,-150],[874,63]],[[17088,48267],[-42,182],[-207,-163],[-272,25],[-62,278],[-263,287],[-94,-6],[60,-83],[-105,-83],[-192,65],[-162,399],[-124,54],[102,302],[-124,23],[-106,233],[-296,-17],[-175,149],[118,164],[-221,407],[-367,-204],[-198,244],[24,170],[-179,160],[-336,-12],[-68,289],[183,108],[-69,325],[-193,-101],[-226,235],[-19,219],[-520,-184],[-28,123],[167,151],[-23,202],[-68,118],[-159,-79],[-146,116],[189,188],[-351,405],[-202,-1],[278,162],[-151,113]],[[65853,88368],[-254,-81],[-65,-240],[-183,-106],[-178,-347],[-290,-27],[-325,-224],[-65,66],[-86,-302]],[[63702,87055],[-200,-42],[-26,104],[-79,-156],[-62,221]],[[63485,87977],[455,127],[4,167],[832,868],[101,412],[-109,171],[416,211],[59,166],[-102,79]],[[65141,90178],[410,-17],[52,-263],[125,-13],[-38,-147],[283,-63],[13,-105],[371,389],[454,23]],[[66811,89982],[58,20]],[[66869,90002],[31,-310],[-221,-162],[-74,-274],[-215,117],[11,-250],[-182,-89],[193,-209],[-240,-72],[-63,-293],[-198,91],[-58,-183]],[[46868,67934],[-88,-191],[167,-111],[-202,-18],[-22,-132],[-133,65],[-71,-404],[-202,-311],[-295,-61],[-23,-496],[-108,-69],[-43,-269],[-188,-84],[202,-110],[-10,-113],[-203,-36],[216,-271],[-168,-40],[-108,142],[-68,-251]],[[43240,64850],[110,146],[-32,232],[112,50],[-70,83],[243,412],[-122,148],[154,-59],[165,232],[-46,283],[116,-24],[70,135],[-125,87],[140,14],[-81,361],[427,263],[-77,103],[130,160],[82,-73],[81,127],[-60,142],[125,-67],[43,133],[128,-84],[11,210],[109,-29],[27,214],[143,31],[-62,183]],[[55149,75295],[-47,282],[301,433]],[[55403,76010],[187,-251],[451,-122],[12,-146],[204,-143],[179,84],[52,158],[-73,84],[174,84],[633,-36],[823,169]],[[57996,74787],[21,-181],[-393,-342],[109,-227],[-71,-240]],[[57662,73797],[-270,-338],[-19,-239],[-304,4],[-159,-197],[-152,129],[113,380]],[[56871,73536],[142,443],[-53,215],[-254,-66],[-188,163],[205,319],[-80,156],[224,143],[-163,-69],[-189,124],[-121,-82],[-103,130],[-553,43],[-261,-116],[11,119],[-339,237]],[[49208,91308],[201,41],[92,441],[197,-152],[334,552],[-214,184],[98,310],[-49,332]],[[49867,93016],[168,-33],[108,148],[-160,207],[-354,1195]],[[50283,94945],[-28,-109],[303,-344],[126,-347],[545,450],[147,27],[105,-221],[-221,-170],[44,-76],[72,124],[91,-195],[-236,-74],[2,-410],[110,-98],[-243,-67],[236,-185],[-235,15],[177,-173],[-176,26],[9,-128],[114,-16],[-30,-111],[-247,-86],[192,46],[130,-79],[-177,-46],[190,-134],[-144,12],[-85,-176],[97,-27],[8,-352],[99,-40]],[[51258,91981],[163,-385],[-190,49],[63,38],[-71,147],[-116,-18],[71,-162],[-127,15],[78,-92],[-109,-118],[161,-73],[-40,-359]],[[51141,91023],[-659,-422],[-542,314],[-179,226],[-553,167]],[[71083,69090],[153,-129],[-265,-209]],[[70971,68752],[-205,-17]],[[70766,68735],[-22,88],[-637,10],[-1,-98],[-201,-50],[-27,242],[-418,91],[-197,204],[-176,704]],[[69087,69926],[300,51],[50,-128],[427,-229],[7,320],[401,-87],[-11,509],[153,16]],[[70414,70378],[-7,-179],[365,-317],[-49,-133],[158,-108],[20,-152],[103,14],[-72,-150],[162,-127],[-11,-136]],[[53597,61770],[283,-74]],[[53880,61696],[139,-81],[-115,-168],[101,-273],[274,-29],[225,-182],[107,45],[19,165],[95,-26],[164,-281],[-96,-618],[129,160],[319,-114],[-4,-244],[-360,-216],[-105,-269],[16,-104],[297,38],[-125,-248],[520,-232],[95,-168],[216,3],[117,-155],[326,1002]],[[56234,59701],[168,-156],[4,-500],[512,-323],[133,-257]],[[57051,58465],[-143,-655],[22,-400],[474,-130],[-217,-242],[125,-265],[-464,-49]],[[55236,56881],[-672,398],[-131,-74],[26,-149],[-373,282],[-725,-73],[-826,783],[-174,-36],[-13,102],[-193,26],[-90,-142],[-541,238]],[[59259,96543],[-138,240],[-178,72],[27,98],[-110,16],[99,79],[-104,103],[144,-1],[-156,159],[213,146],[-195,150],[78,342],[-151,20]],[[58788,97967],[80,615],[143,209],[198,-134],[2,-398],[82,-82],[348,71],[594,441],[164,-133],[6,-475],[523,102]],[[60928,98183],[28,-297],[209,-203],[-146,-109],[52,-187],[-131,-136],[80,-378],[-267,-183],[-252,-492],[-431,-69],[-39,189],[-381,218],[-391,7]],[[63190,16693],[419,1502],[21,438],[-377,1146],[-960,1862],[454,1484],[419,951]],[[63166,24076],[64,232],[579,265],[123,194],[393,94],[484,567],[666,-119],[68,191],[318,213],[-139,169],[14,144]],[[65736,26026],[-8,694],[361,355],[125,529],[-349,704],[232,157],[-40,453],[250,338]],[[66307,29256],[203,9],[193,205],[495,184],[986,-231]],[[68184,29423],[128,-270],[-226,-31],[109,-154],[-7,-354],[-41,-81],[-151,145],[-200,-68],[60,-484],[249,-297],[19,165],[-114,90],[205,93],[393,-430],[660,-283],[282,-335],[30,-76],[4,-48],[-111,103],[-298,-104],[38,178],[-107,166],[-75,-101],[68,-239],[-199,107],[-107,-142],[-130,42],[-37,-204],[-391,57],[-251,-380],[59,-517],[-137,-137],[-89,-368],[315,254],[318,-45],[77,176],[-126,249],[159,92],[-31,186],[108,155],[780,17],[-33,112],[45,52],[-124,92],[-79,83],[51,22],[201,-176],[-59,-185],[198,-5],[161,-347],[-795,-347],[-448,-6],[-81,-172],[93,-295],[-184,-19],[-70,-183],[-209,35],[-106,-151],[305,-61],[107,202],[47,-78],[402,303],[442,148],[335,315],[502,-73],[69,-247],[-141,217],[51,-311],[-152,40],[-57,-128],[20,94],[-193,90],[-411,-176],[-175,-211],[-104,-367],[43,-310],[424,383],[205,350],[221,103],[-243,-655],[96,-854],[-451,-183],[-828,-790],[-978,-1312],[-1148,-2514],[-688,-2205]],[[69679,57064],[-438,94],[-196,-569],[109,-645],[-94,-123],[16,-374],[-129,-193],[-43,-408],[95,-137],[-137,-343],[270,-553],[-134,-433]],[[68998,53380],[-33,-206],[319,-183],[-4,-155],[-379,-417],[6,-291],[-139,-32],[74,-453],[156,-142],[-56,-85]],[[68942,51416],[-135,-60],[-149,569],[-219,185],[-82,246],[-185,55],[-132,-167],[-109,74],[-202,-127],[-227,106],[60,316],[-160,359],[99,532],[-204,200],[-2,201],[474,213],[-350,75],[-542,-96],[-88,-321],[-207,347],[-331,208],[60,207],[-250,481],[-213,-74],[-119,122],[-226,-186],[-656,6],[-27,-84],[202,-135],[-249,-102],[-152,65],[-28,211],[-193,-115],[58,-250],[-297,-348],[-3,-206],[-176,-256],[73,-264],[205,-107],[47,-324],[-83,-245],[93,-563]],[[64317,52164],[-77,-157],[-276,-35],[25,-895],[269,-156],[-572,-267],[-172,442],[-174,60],[77,367],[-163,292],[-129,771],[-241,493],[-152,30]],[[62732,53109],[55,137],[-201,188],[-33,185],[121,509],[-175,106],[80,192],[-162,256],[88,381],[-175,124],[-17,144],[315,536],[647,-13],[88,-101],[22,95],[-481,482],[-248,98],[-292,-170],[58,137],[-259,240],[-93,258],[61,598],[-172,173],[-282,13]],[[61677,57677],[-167,287],[-17,553],[241,428],[-52,238],[469,174],[538,-119],[803,223],[199,-119]],[[67045,58715],[33,-445],[183,-114],[309,74],[538,408],[212,-11],[436,220]],[[91755,63831],[-115,-447],[150,-25],[55,-264],[-190,-129],[142,-499],[227,-35],[-284,-20],[43,-143],[184,-53],[-366,-450],[120,-136],[0,-310],[119,127],[67,-142],[191,93],[60,-327]],[[92158,61071],[-209,-68],[-56,-266],[-236,-41],[-40,-186],[-309,-52],[-261,200]],[[73757,66761],[51,-655],[-796,-16]],[[73012,66090],[-875,-127]],[[72137,65963],[-107,243],[275,294],[-50,308]],[[72255,66808],[103,223],[265,-31],[62,479],[185,333],[-295,68],[31,435],[-298,204],[116,154]],[[72424,68673],[328,110],[76,94],[-38,239],[266,112],[79,-68],[-163,-184],[254,-479],[223,130],[184,-173],[400,13]],[[74134,68123],[-60,-787],[-255,118],[-7,-113],[-325,7],[56,-594],[214,7]],[[55976,93434],[84,388],[-320,135],[19,-106],[-398,-156],[-35,104]],[[55326,93799],[405,450],[138,14],[-3,626],[281,-19],[55,139],[-75,90]],[[56127,95099],[70,94],[435,-43]],[[56632,95150],[236,-429]],[[56868,94721],[-103,-147]],[[56765,94574],[52,-91],[-185,65],[83,-176],[186,17],[-11,-145],[-388,-105],[398,-318],[-501,-24],[446,-215],[-230,-184]],[[56615,93398],[-247,71],[-46,140],[-346,-175]],[[35868,83586],[162,90],[45,272],[101,-84],[62,-470],[382,182],[-129,-457]],[[36491,83119],[-79,-26],[-98,-564]],[[36314,82529],[147,-880],[-234,-424],[-131,22],[-141,-446]],[[90684,63187],[6,-281],[-633,-580],[209,-209],[-28,-176],[-252,-173],[83,-53],[19,-331],[105,-23],[114,-270],[171,-35]],[[59749,89974],[141,211],[-151,235],[422,119],[92,153],[-274,102],[-279,-106],[210,458],[168,17]],[[61442,90873],[14,-100],[155,97],[-55,-290],[146,-73],[-156,-153],[64,-328],[154,59],[47,-127],[7,116],[150,-25],[113,150],[-86,-380],[242,-368],[-104,-183],[359,17],[87,-649],[112,95],[66,-320],[124,36]],[[62881,88447],[-26,-355],[157,-43],[110,226],[38,-158],[202,76],[94,-85],[-126,-57],[155,-74]],[[63485,87977],[-54,-98],[178,-24],[-101,-104],[284,-94],[-192,-79],[170,-105],[-97,-171],[-171,101],[50,-111],[-217,-110]],[[63335,87182],[-526,-166],[-564,356],[-74,207],[-444,-226],[-95,-291]],[[58186,89165],[437,215]],[[58623,89380],[146,142],[-165,280],[167,41],[-8,-172],[384,14],[318,260],[65,217]],[[59530,90162],[219,-188]],[[59749,89974],[207,-262],[-42,-133],[286,71],[62,-375],[-98,-127],[493,-28],[49,-338],[470,58],[14,-374],[278,-431],[-178,-529]],[[32996,83602],[-145,-49],[-106,102],[113,503],[-188,-1],[-102,-148],[-107,54],[195,425],[-200,81],[-268,-237],[-203,143],[37,297],[-189,70],[58,249]],[[31891,85091],[142,181],[-310,98],[-253,-415],[-88,627],[-274,-151],[-91,83],[16,194],[-171,73],[129,272],[-448,-140],[-68,-244],[-52,187],[-194,102],[372,232],[-392,6],[-105,182],[-489,149],[-63,-214],[-145,-13],[-108,350],[-275,90]],[[29024,86740],[121,526],[139,143],[521,-165]],[[29805,87244],[7,-248],[289,-6],[152,-147],[365,97],[375,-378],[42,-208],[146,6],[2,-294],[192,-32],[-153,-94],[132,-245],[569,38],[23,186],[227,-89],[-2,266],[202,-6]],[[33999,83501],[-101,54],[-86,-140]],[[24810,52085],[47,92],[-248,339],[417,88],[-245,107],[26,137]],[[24807,52848],[8,93],[295,-151],[115,206],[-401,260],[278,293],[-287,107],[339,166],[-121,86],[86,79],[-150,282],[-178,153],[71,283],[177,-20],[122,-220],[116,3],[359,-360],[894,-307],[114,45],[61,298],[282,229],[107,450],[300,309],[361,-294],[712,290],[265,-105],[630,6]],[[29362,55029],[220,-108],[89,-227],[181,340],[172,-55],[459,145],[184,-160],[266,100],[136,505],[181,25],[254,-159],[72,186],[269,-72],[243,181],[-62,-284],[346,-858],[-45,-203],[208,-310],[678,224],[255,507],[459,191],[214,298],[414,-231],[103,-314],[282,66],[653,-186],[500,385],[10,349],[250,305],[13,260],[248,5],[211,-170],[114,112],[89,-63]],[[36754,47265],[20,-252],[-120,-220],[-485,-437],[-85,-531],[-297,-89],[-528,-516],[-891,253],[-725,-223],[-491,158]],[[55945,90243],[573,506],[-40,559]],[[56478,91308],[319,243],[169,46],[38,-114]],[[57004,91483],[124,-248],[209,44],[146,-170]],[[57483,91109],[-248,34],[-121,-139],[111,-42],[-65,-231],[193,25],[73,-232],[-416,-8],[232,-215],[99,86],[230,-85],[-445,-102],[-113,-336]],[[57432,78854],[-99,-104],[-149,188],[-487,107]],[[56922,81774],[228,287],[304,-54],[117,-241],[92,61],[329,-349],[185,-37],[-82,-115],[24,-396],[-77,17],[-108,-326],[471,100]],[[58405,80721],[146,-52],[-231,-196],[-396,-11],[-220,-171],[16,-327],[105,-99],[-62,-125],[74,-29],[-318,-481],[44,-114],[-131,-262]],[[55142,69080],[-89,71],[-115,-83],[-44,244],[-71,-100],[-101,139],[-468,-30],[-221,250],[-117,-97],[33,-168],[-130,106],[-487,28],[-107,216],[-190,164],[-127,-32],[-83,158]],[[52825,69946],[-88,276],[43,312],[420,128],[37,476],[243,107],[321,386],[183,-208],[154,54],[-80,-203],[166,-123],[-38,-105],[255,8],[1,-128],[158,146],[79,342],[197,59],[300,385],[167,9],[44,-146],[85,180],[243,16],[39,-381],[234,-94],[206,-564],[195,-133],[119,9],[15,118]],[[56523,70872],[149,-33],[110,-256],[280,-94],[26,-235],[409,-202],[53,-295],[-88,-29],[10,-355],[359,-78],[385,-386]],[[58216,68909],[-223,37],[-98,-152],[-243,106],[64,-360],[-92,-23]],[[57624,68517],[-425,643],[-218,-136],[-331,258],[-280,-96],[-282,103],[-276,-145],[-585,56],[-85,-120]],[[34927,86021],[82,100],[83,-230],[92,153],[132,-114],[-51,-124],[85,-93],[27,198],[283,26],[18,-90],[-156,-61],[165,-74],[-78,-237],[99,63]],[[35708,85538],[31,-1201],[129,0],[0,-751]],[[35868,83586],[33,-183],[-179,189],[-247,33],[-130,-103],[-67,218],[-177,83]],[[77004,63573],[-127,241],[-121,-129],[-406,390],[-183,19]],[[76167,64094],[-170,17]],[[75997,64111],[406,264],[-287,266],[10,148],[-182,-145],[-461,69],[23,274],[414,90]],[[75920,65077],[198,41]],[[71880,86379],[265,10],[-172,184],[123,29],[-189,135],[243,47],[-133,402],[98,67],[-252,0],[131,132],[-22,143],[-44,132],[-121,-62],[-66,109],[287,64],[-165,5],[31,114],[-126,80]],[[71768,87970],[152,10],[86,207],[-225,6],[126,159],[-103,263],[139,-198],[56,146],[-257,158],[-52,217],[-68,-102]],[[71622,88836],[-148,201],[281,-36],[-169,371],[164,3]],[[73954,88556],[195,-138],[-88,-95],[90,-172],[-52,-110],[267,-148]],[[75056,86494],[107,-122],[266,-15],[36,-129],[-142,-61],[-100,101],[32,-166],[124,-59],[-207,-23],[-111,-155],[228,-30],[153,135],[-105,-257],[93,41],[163,-230]],[[75593,85524],[-727,-659],[-25,-480],[-124,-217],[-820,1187],[-92,471],[-337,-186],[-181,265],[-455,198],[-541,24],[-10,84],[-120,-89],[-52,146],[-194,-40],[-35,151]],[[55216,83774],[404,269],[333,-194],[-62,-82],[216,-292],[21,-301],[190,-52],[298,-548],[274,-164]],[[56890,82410],[61,-103],[-152,24],[110,-60],[-121,-45],[62,-192],[-120,-87],[107,35],[85,-208]],[[56922,81774],[104,-62],[-155,-27],[125,-40],[-56,-439],[-121,56],[65,-150],[-126,-36],[-120,78],[64,-118],[-235,-117],[-158,-347],[43,-201],[121,5],[-111,-74],[42,-106],[-118,-28],[90,-120],[-100,-149],[171,-165],[-14,-119],[-102,64],[29,-186],[378,-91],[-41,-357]],[[56697,79045],[-173,-141],[-374,-3],[3,123],[187,-29],[-201,110],[33,120],[-191,105],[-36,-103],[-228,57],[-372,-283],[-119,-447],[62,-476],[-150,-345],[-169,-62],[-109,166],[-12,-101],[-272,157],[-70,-101],[-205,97],[-71,-156],[-145,95],[-193,-127],[-50,-174],[-128,141],[-236,-85],[-6,78],[-329,-267]],[[53143,77394],[-134,353],[-412,190]],[[52597,77937],[91,82],[-78,327],[180,198],[-147,327]],[[52643,78871],[389,629],[182,76],[57,201],[-88,311],[137,-26],[418,377],[-344,2166]],[[53394,82605],[112,-57],[121,98],[50,-86],[-4,126],[349,-98],[20,130],[223,25],[248,570]],[[54513,83313],[251,353],[452,108]],[[72018,84557],[246,-139],[157,76],[122,-382],[129,66],[216,-216],[254,61],[351,-235],[160,-315],[-28,-146]],[[73625,83327],[-85,-41],[-15,-240],[-604,-510],[-49,186],[-423,112],[-112,257],[-189,-50],[46,-130],[-117,-291]],[[72077,82620],[-408,-43],[-165,-168],[-111,-344]],[[71393,82065],[-170,629],[123,-51],[24,433],[118,65],[-192,185],[175,383],[-166,218],[69,92],[-73,190],[-104,-70],[-72,164]],[[70391,64206],[-70,-231],[-699,-12],[0,101],[-396,1],[-21,-80]],[[69205,63985],[-170,107]],[[68461,64864],[380,28],[405,-131],[142,122]],[[69388,64883],[-8,-127],[642,14],[-17,-139],[463,-63],[-77,-362]],[[67237,61128],[-250,-142],[55,-354],[-264,-322],[160,-289],[-72,-112],[116,-87],[20,-322],[130,-130],[34,-254],[-195,-16],[74,-385]],[[67045,58715],[-1077,-67],[-160,-252],[-275,-167],[-39,-443],[79,-140],[-244,-262],[-116,-7],[-40,395],[-173,-57],[118,182],[-129,222]],[[49613,63004],[179,-396],[754,-432]],[[51582,60686],[-13,-288],[144,-77],[57,-283],[-62,-111],[219,-224],[-277,-162],[26,-143],[-272,-58],[-79,-310],[52,-276],[155,18],[-8,-536]],[[51524,58236],[-220,80],[-337,-201],[-194,53],[17,-98],[-559,-214]],[[45357,57486],[-299,273],[-167,353],[498,172],[100,-90],[346,317],[-42,226],[88,117],[292,217],[155,-109],[12,216],[143,93],[-524,133],[-409,333],[-125,-113],[-677,160],[28,600],[-507,401],[-67,165]],[[47670,62362],[223,-24],[128,-374],[339,-406],[222,48],[110,-121],[-41,-97],[789,189],[-8,405],[177,154],[-162,117],[194,202],[-101,157],[-2,132],[132,79],[-92,78],[35,103]],[[82758,64233],[644,-128],[51,452],[-429,97]],[[83024,64654],[292,40],[194,196],[144,544],[139,-45]],[[83793,65389],[308,-524],[212,12],[298,-244],[111,-890]],[[84713,63502],[-50,-434],[151,-79]],[[84814,62989],[-545,53]],[[84269,63042],[-39,207],[-195,40],[-83,165],[-805,25],[51,296],[-120,100],[-147,-69],[-153,199],[-20,228]],[[47278,48793],[65,-287],[-484,-474],[-174,-397]],[[58570,46086],[-80,-142],[155,-69],[-123,-86],[207,-133],[16,-335],[319,-160],[-172,-305],[102,-172],[-27,-175],[110,-51],[-202,-415],[211,-233],[-166,-439],[-338,40],[38,-234],[-132,-57],[-48,-221],[-175,-37],[-97,-410]],[[58168,42452],[-103,-152],[104,-308],[-31,-534],[-184,28],[-129,162],[-126,-73],[-346,153],[-566,-332],[86,-343],[-198,-228],[-327,69]],[[56348,40894],[-518,229],[-206,273],[-147,-283],[-173,160],[-166,-177],[-212,69],[-29,202],[-206,-163],[-324,262],[-61,-152],[-207,-13],[-191,269],[-376,-126],[-315,197],[-37,141]],[[53180,41782],[73,54],[-134,165],[118,100],[59,304],[-164,50],[109,101],[-241,258],[110,82],[-117,81],[179,135],[-95,523],[176,-55],[41,102],[-89,83],[86,120],[-143,92],[156,120],[-71,83],[115,134],[133,-50],[50,292],[345,66],[158,-116],[237,112],[332,-75],[201,210],[195,-237],[446,17],[267,191],[101,511],[-59,94],[277,76],[-36,121],[135,32],[-164,261],[194,27],[-255,209],[128,47],[41,376],[-129,107],[120,43],[-395,235],[136,136],[-55,68],[-109,-93],[-72,131],[-63,-63],[13,121],[-98,-36],[71,112],[-204,391],[279,67],[-84,173],[87,244],[-209,158],[132,168],[222,7],[-198,756],[221,79],[5,205]],[[55744,49487],[348,-593],[-85,-216],[42,-411],[177,38],[15,-189],[140,73],[-51,-154],[143,17],[182,-433],[229,-233],[-8,-274],[126,26],[301,-414],[427,-183],[79,-267],[174,-92],[187,80],[83,-106],[202,96],[115,-166]],[[17088,48267],[419,117],[132,345],[151,-128],[180,213],[480,210],[-24,123],[133,1],[18,121],[209,-68],[298,207],[505,24],[404,292],[438,-102],[969,295],[237,-128],[160,96],[1043,-120],[744,353],[111,211],[700,-158],[382,293],[-132,135],[0,295],[188,107],[-59,462],[218,217],[-260,102],[-37,184],[156,35],[-41,84]],[[24810,52085],[236,-13],[164,-136],[-60,-89],[90,-128],[206,-40],[-146,-77],[45,-177],[-135,-121],[197,52],[197,-226],[-80,-329],[298,-107],[-68,-204],[986,-20],[219,-320],[781,-116],[312,-229],[169,-446],[563,-358],[102,-279],[659,-253],[443,-37],[90,-109],[189,81],[270,254],[446,122],[246,321],[775,502],[534,7],[647,-486],[421,451],[39,-252],[-155,-468],[-328,-235],[-188,141],[-64,-118],[-133,131],[-170,-101],[239,-332],[-136,-349],[54,-7],[21,-42],[-41,-148],[-127,-115],[85,-186],[132,6],[-220,-755],[318,-246],[-110,-331],[322,-212],[-45,-345],[-72,-10],[125,-193]],[[33152,45408],[-246,-583],[80,-201],[-202,-272],[96,-149],[-49,-638],[103,-132],[-68,-169],[-368,-442],[-189,23],[-36,-130],[-272,-63],[-85,-361],[-226,-144],[-253,-603],[407,-457],[161,-1034],[142,-265],[-52,-305],[336,-571],[-150,-817],[566,-1099]],[[32847,36996],[-94,-367],[-212,-105],[34,-245],[-215,-5],[-434,366],[-164,-77],[-47,156],[-334,138],[-214,357],[-889,132],[-105,186],[-20,633],[-160,169],[-250,12],[-38,127],[186,127],[-247,199],[67,109],[-71,212],[-277,-71],[-99,168],[-242,66],[130,223],[-47,267],[76,158],[-145,47],[-140,259],[-125,5],[134,424],[-250,72],[-58,229],[-327,-142],[-188,212],[-110,-50],[-168,196],[-5,156],[162,130],[-210,388],[-571,181],[-24,335],[-195,9],[-76,345],[-281,-9],[-168,177],[-411,864],[-326,-254],[-177,122],[-241,-68],[-153,-296],[-98,33],[-67,-151],[264,-566],[-268,-323],[61,-160],[-95,-152],[-280,24],[-81,134],[-186,-168],[-179,178],[-55,-550],[-230,0],[-72,-287],[-262,23],[83,-195],[-127,-83],[-446,13],[-221,-435],[-321,-21],[-194,-397],[-147,-85],[-204,158],[-321,-134],[-117,-171],[-575,208],[-168,-178],[-232,52],[-87,1075],[156,550],[-121,431],[123,332],[-28,432],[227,518],[-240,590],[-103,18],[51,194],[-154,104],[27,186],[-163,30],[-40,134],[-295,10],[-65,405],[-259,-150],[-238,383],[-261,-114],[-27,346],[-258,178],[5,159],[163,156],[-293,187],[-118,275],[58,179],[-199,144],[131,252],[-277,161],[-338,-50],[-180,202],[-3,100],[133,32],[-116,150],[-361,-147],[44,339],[-95,112],[-204,-79],[-97,413]],[[38118,87193],[-869,705]],[[41220,88710],[-195,-643],[61,-580],[-561,-99],[-385,-390],[49,-139],[-289,-370]],[[75196,68423],[143,-151]],[[75339,68272],[-300,-6],[6,-211],[-92,0]],[[74953,68055],[-819,68]],[[74134,68123],[-101,344]],[[74033,68467],[308,70],[-289,596],[219,60]],[[74586,69884],[233,-99]],[[74819,69785],[1,-917],[380,-7],[-4,-438]],[[51858,928],[-120,7],[99,218],[-138,375],[119,356],[-133,182],[58,186],[44,-241],[200,217],[8,989],[51,83],[31,-150],[352,-110],[-112,-100],[179,-124],[343,873],[-11,-158],[94,-10],[64,345],[88,999],[-549,2499],[392,1153],[33,387],[309,739],[-145,-464],[16,-281],[126,-53],[764,867],[389,730],[29,-147],[-99,-9],[-45,-206],[130,-194],[518,-262],[216,29],[1214,1852],[114,471],[-15,1505],[141,595],[258,279],[284,-422],[392,-177],[913,1089],[-84,-311],[68,-299],[449,-604],[870,-836],[773,-257],[701,272],[579,742],[1375,3141]],[[63190,16693],[102,58],[350,-141],[2036,220]],[[65678,16830],[-439,-2097],[-469,-1478],[-1616,-3554],[-1121,-1707],[-1118,-1302],[-5488,-5210],[-1650,-1373],[-312,-109],[-340,111]],[[53125,111],[1527,1230],[-728,686],[33,86],[-339,364],[59,136],[-323,87],[29,77],[-160,80],[-800,-829],[-338,-505],[-227,-595]],[[32379,72265],[-129,323],[-256,103],[445,163],[546,-89],[-275,165],[-85,182],[-4,443],[212,188],[161,-74],[797,447]],[[33791,74116],[372,-261],[234,39],[90,-93],[131,200],[159,-155],[5,-257],[260,172],[134,-135],[101,104],[-22,-254],[138,41],[217,-302]],[[35610,73215],[270,-226],[-75,-150],[303,-142],[-10,-257],[112,-52],[8,-146],[142,96],[146,-286],[209,-42],[33,88],[184,-170],[33,-636],[377,-800],[227,193],[105,-34],[94,-333],[-74,-209],[126,-359],[-26,-507],[667,171],[205,-477],[437,-295],[44,-132],[285,380],[337,102],[373,339],[74,322],[205,241]],[[41253,68432],[-135,-107],[34,-115],[-306,0],[148,-137],[-200,-257],[-188,-158],[-163,27],[97,-152],[114,12],[-39,-107],[-184,-8],[59,-135],[-160,-206],[89,-241],[102,10],[-85,-214],[-296,106],[-159,-277],[45,-123],[-137,123],[-334,-142]],[[39555,66331],[-512,260],[-266,-78],[-210,-237],[-116,30],[87,-143],[-120,-174],[114,-173],[-95,-46],[-240,284],[-163,25],[22,177],[-112,73],[45,231],[-179,30],[-313,-202],[-313,49],[54,-1102],[-812,38]],[[36426,65373],[-53,311],[-248,345],[-731,-58],[-160,83],[-94,110],[323,88],[-78,212],[-494,-91],[-449,191],[-233,-216]],[[39159,82090],[578,460]],[[40783,84148],[163,-325],[158,-28],[50,176],[97,-130],[792,16],[288,-100],[352,17],[394,321],[520,71]],[[43597,84166],[31,-260],[326,-34],[314,-411],[-49,-111],[297,-582],[-133,-283],[180,-107],[-68,-36],[95,-252],[-158,52],[-73,-168],[-63,116],[-67,-136],[80,-292],[-156,-37],[59,-257],[-86,43],[-77,-220]],[[44049,81191],[-141,-46],[-66,154],[-259,-1],[-94,-158],[-457,20],[-97,-164],[205,-205],[-117,-24],[-325,248],[17,150],[265,127],[-44,111],[-109,-77],[-106,115],[-194,-122],[44,-357],[-242,-80],[-233,260],[-50,210],[172,112],[-95,103],[-177,-46],[-51,-273],[-176,46],[19,168],[-150,-17],[-150,-513],[-216,73]],[[71105,79649],[376,-219],[55,-259],[378,-77],[-48,-145],[129,-121]],[[72042,78587],[-93,-4],[-19,-148],[-1186,-115],[0,-134],[-190,-2],[-3,-132],[-407,-4],[-58,195],[-227,-37]],[[69880,78806],[257,43],[71,280]],[[70208,79129],[76,166],[821,354]],[[91443,58374],[-2,-387],[-169,-13],[-164,-1302],[-758,-675],[-70,-177],[107,-347]],[[90387,55473],[-2487,120]],[[87104,56564],[195,52],[202,301],[-226,220],[-25,219],[341,595],[-11,446],[-68,262],[-612,385],[-226,371],[147,102],[517,-209],[70,87]],[[87528,61094],[656,-106],[355,-342],[366,-62],[30,-344],[189,94],[113,227],[280,-94],[231,348],[217,-63],[-18,180],[552,-81],[-21,205]],[[90478,61056],[569,-398]],[[91047,60658],[-214,-202],[-169,-475],[-411,-317],[22,-203],[-126,55],[-110,-99],[132,27],[190,-214],[299,-68],[7,-165],[173,-78],[6,-133],[597,-412]],[[31237,79825],[-297,-217],[-154,-1392],[-75,-130],[-417,-85],[92,-444],[-277,-861],[-350,-267],[-255,121],[-81,-183],[-98,11]],[[29325,76378],[-108,16],[-74,-164],[-184,8],[-14,242],[-123,19],[1,-123],[-239,6],[-74,-181],[-244,305],[-150,1],[-52,-113],[-70,110],[-189,-12],[75,-100],[-119,-253],[-294,145],[-222,-73],[-55,106],[-127,-259],[100,-78],[-64,-160],[-195,14],[-99,-197],[-189,309],[-229,-316]],[[26926,80192],[87,556],[-318,342],[344,342],[147,724],[320,308],[216,44],[425,-687],[327,-155],[242,650],[164,112],[313,672],[98,4]],[[63444,81250],[-26,-120],[-342,-206],[127,-180],[-368,-90],[19,-163],[188,-60],[-62,-301],[147,-50]],[[62291,79206],[-114,5],[42,73],[-128,99],[143,-59],[-71,246],[-151,23],[3,215],[-221,17],[-530,853]],[[61264,80678],[201,406],[420,-101],[204,944],[441,259]],[[62530,82186],[276,-127],[185,-333],[60,78],[172,-119],[97,122],[215,-127],[-91,-430]],[[48103,89779],[520,136]],[[48623,89915],[161,-78],[-42,-195],[292,59],[83,-89],[-96,-228],[262,-1],[-188,-189],[289,-25],[-161,-59],[106,-76],[-74,-198],[103,-51],[-98,-85],[177,-53],[-100,-282],[425,-198],[-27,-183],[-118,-8],[236,-172],[-74,-117],[75,-115],[-124,-50],[56,-233],[363,78],[171,-218],[29,117],[68,-152],[-71,-175],[133,-49],[105,167]],[[50584,87057],[61,-209],[117,8],[-194,-64],[111,-317],[215,46],[394,-303],[2,-279],[-221,-287]],[[51069,85652],[-220,-16],[-183,142],[-522,-67],[-54,124],[-152,19],[25,253],[-309,338],[-325,55],[-314,-151]],[[49015,86349],[-781,174],[-453,402],[33,103],[-248,326],[-288,140],[-132,315]],[[37249,87898],[25,106],[-241,93],[3,134],[-218,-65],[-193,95],[-142,-94],[-58,115],[-146,-39],[-44,171],[-177,-124],[4,324],[-322,-95],[-37,-130],[-135,268],[-156,-38]],[[35412,88619],[-180,202],[-136,-186],[-77,93],[126,768]],[[35145,89496],[19,94],[180,-168],[90,103],[-31,575],[125,42]],[[35528,90142],[134,-10],[127,-249],[112,82],[97,-165],[347,599],[423,223],[283,-109],[339,254],[54,183]],[[38400,89341],[-60,-204],[154,-134],[134,171],[52,-192],[85,90],[134,-70],[-121,-112],[139,-223],[-1668,-769]],[[75833,86709],[-326,36],[-74,-125],[-377,-126]],[[75056,86494],[-108,-171],[-87,48],[5,373],[-255,-34],[7,338],[-327,100],[206,196],[-218,82],[94,88],[-112,204],[105,175]],[[74366,87893],[442,-225],[311,506],[387,22],[19,291],[393,-480]],[[19705,73392],[-185,-17],[-142,146],[-37,-135],[-149,29],[-122,-168],[-72,131],[-151,-140],[-187,60],[-183,-347],[7,-223],[-225,41],[-166,-434],[-152,17],[-124,-172],[-288,10],[-41,-118],[-164,187],[-131,-160],[-190,200],[-114,-59],[-16,110],[-91,-141],[-114,163]],[[16668,72372],[292,437],[-15,1178],[152,349],[354,221],[915,101],[867,1365],[790,780],[485,244],[180,227],[12,293],[-293,652],[182,418],[1599,416],[17,230],[-257,843],[306,686],[353,97],[1182,-210],[279,-177],[263,-668],[114,-27],[153,168]],[[24598,79995],[269,272],[76,-42],[-42,219],[422,71],[-7,247],[311,-100],[205,138],[137,348],[208,-41],[43,-295],[337,-416],[217,-25],[152,-179]],[[26926,80192],[-220,-179],[-54,-639],[-329,-65],[-446,-395],[-1117,-148],[-278,-578],[-338,-204],[-74,-341],[-480,-180],[492,-563],[107,87],[29,-129],[285,-9],[-219,-475],[123,-57],[135,102],[263,-250],[427,35],[163,-230],[152,98],[324,-192],[225,218],[116,-107],[-103,-166],[278,-195]],[[26387,75630],[180,-48],[15,-292],[467,-21],[13,-124],[-145,-74],[45,-290],[108,-11],[372,-709],[214,-12],[202,-218],[17,-254],[150,-9],[-160,-265],[232,-27],[217,-235],[160,98],[186,-72],[-52,-633],[292,-165],[54,-155],[283,20],[38,-194]],[[29612,71373],[-635,80],[-371,212],[-156,-62],[137,-198],[-316,-309],[-159,-565],[-663,-521],[-346,436],[-148,787],[-883,-67],[-91,-227],[-148,149],[-368,32],[-479,-52],[-110,-124],[-323,266],[-285,56],[-98,243],[-507,-52],[-83,81],[-334,-209],[-227,23],[-415,417],[-191,-60],[-407,257],[-725,171],[-491,-60],[-330,412],[-548,54],[132,308],[-339,541]],[[72042,78587],[-47,241]],[[71995,78828],[98,147]],[[73470,78175],[-142,-209],[54,-120],[-236,-86],[23,-199],[-94,70],[-79,-58],[36,-119],[-200,-69]],[[72832,77385],[-54,266],[-73,-138],[-149,28],[-180,85],[-40,165],[-285,26],[54,320],[-161,58],[213,229],[-115,163]],[[28564,62033],[106,852],[276,183],[-41,176],[252,23],[-29,310],[-193,284],[108,229],[-70,64],[-44,-145],[-172,71],[-111,244],[126,98],[-270,84],[36,122],[-250,32],[70,102],[-230,262],[44,164],[-398,113],[120,222],[-5,286],[-172,-160],[-639,-146],[-302,26],[-47,219],[81,265],[400,203],[72,194],[585,89],[202,-82],[-56,777],[-139,177],[-104,484],[-243,168]],[[27527,68023],[124,141],[328,-124],[252,39],[55,107],[73,-62],[-119,-130],[2,-251],[110,-39],[67,191],[172,-205],[162,448],[224,-3],[-11,-200],[107,-41],[253,113],[35,156]],[[31634,68271],[192,-13],[32,-217],[86,72],[144,-111],[177,116],[134,-223],[342,-46],[-26,-226],[206,70],[-16,-178],[153,87],[-14,-203],[162,6],[35,-153],[396,-223],[146,-314],[-27,-149],[453,-218]],[[34209,66348],[333,-233],[75,-329],[362,-495],[-46,-323],[218,-350],[18,-519],[98,-178],[137,-13],[-79,-93],[47,-156]],[[35372,63659],[0,-149],[-338,-223],[-9,-195],[241,-85],[119,-376],[146,91],[177,-113],[195,110],[-13,-372],[129,-90],[-90,-288],[-124,-68]],[[31645,60820],[-446,-71],[-349,88],[9,375],[-246,239],[-26,274],[-275,-15],[-131,258],[-445,4],[-110,-197],[-426,-154],[-464,409],[-172,3]],[[90684,63187],[-1506,-20],[-248,-209],[-220,-11]],[[87520,65142],[346,-228],[166,291],[-67,405],[-327,15],[-91,164],[101,416],[-218,199],[-206,-172],[-436,109],[-231,263],[-5,488],[-440,0],[-245,291],[-133,-128],[-7,123],[-176,-6],[-99,-131],[-125,290]],[[85327,67531],[-5,332],[314,647],[-129,349],[51,462],[-432,179],[-491,-46],[149,435],[-153,149],[-331,7],[-41,129],[450,-56],[199,125],[781,30],[192,543],[200,47],[54,227],[124,53],[16,413],[-96,-1],[-114,231],[-228,-54],[105,126],[-73,103],[168,-20],[198,181],[-297,172],[64,312],[-81,85],[77,102],[-181,45],[126,134],[137,-27],[62,180],[-335,107],[-82,174],[102,281],[-383,65]],[[85444,73752],[45,304],[372,-208],[380,178],[-145,231],[433,176],[79,232],[200,-405],[231,257],[70,-63],[-138,-240],[294,101]],[[87265,74315],[190,-106],[413,68],[-63,-264],[527,-13],[32,181],[167,-89]],[[88531,74092],[51,-191],[-84,-101],[353,-201],[-59,-171],[231,57],[-96,-191],[287,-14],[-142,-123],[-9,-218],[115,74],[-22,-160],[249,80],[248,-158],[-14,-181],[123,-173],[222,-65],[230,-290],[182,-1383],[164,-161],[142,-410],[-156,-807],[211,-54],[187,204],[571,222],[116,-189]],[[91631,69488],[19,-127],[-130,-151],[193,-37],[-141,-225],[80,-54],[-21,-490],[313,-350],[-11,-171],[112,49],[-103,-285],[106,-165],[-49,-78],[152,-35],[20,-157],[209,-125],[-36,-241],[409,32],[147,211],[708,307],[699,-204]],[[94307,67192],[-74,-227],[136,50],[-66,-174],[74,40],[129,-189],[-17,266],[89,57],[38,-222],[186,-39],[-92,-95],[361,-123],[-50,-156],[276,36],[-109,-94],[205,-16],[-133,-200],[276,34],[109,-117],[-36,-104]],[[95066,66003],[-93,132],[65,122],[-261,-54],[21,121],[-167,60],[26,-180],[-509,-27],[-231,-180],[-94,-225],[-42,113],[-218,-153],[58,83],[-102,12],[195,291],[-199,55],[19,119],[-184,-179],[56,239],[-184,-156],[-260,32],[30,-162],[138,-23],[-110,-74],[101,-33],[-84,-121],[93,6],[-149,-275],[143,82],[-50,-76],[139,0],[-44,-133],[-116,53],[54,-163],[384,39],[-193,-114],[27,-138],[153,-6],[-155,-102],[-338,88],[225,-362],[124,49],[-118,-169],[101,-9],[-22,-116],[121,166],[122,-17],[-150,-159],[104,11],[-26,-134],[105,93],[-16,-184],[-183,-221],[223,58],[166,-170],[62,165],[196,59],[15,159],[193,-166],[-302,-120],[-180,-350],[227,-238],[41,-202]],[[94013,63219],[-211,60],[-162,220],[-428,64],[384,257],[-635,60],[5,-135],[-285,246],[-64,-351],[-162,6],[-35,318],[210,177],[114,-52],[40,333],[-99,-201],[13,82],[-267,-80],[133,244],[-160,-111],[90,205],[-88,-68],[10,108],[-49,35],[19,-85],[-181,-42],[-11,208],[-171,-90],[146,-242],[-132,-25],[-27,-39],[93,20],[63,-217],[-250,-70],[-161,-223]],[[91755,63831],[-726,-368],[-193,12],[-152,-288]],[[37195,46822],[44,135],[-106,-24],[-67,369],[-312,-37]],[[36754,47265],[-67,110],[125,200],[-190,279],[14,454],[-182,188],[121,181],[345,27],[-99,105],[105,248],[-138,34],[114,207],[-362,174],[-25,161],[96,67],[-163,140],[60,103],[-317,59],[-95,384],[-223,101],[27,210],[169,-24],[-8,195],[-386,349],[96,174],[-180,59],[-84,-82],[84,-111],[-168,60],[-90,262],[-519,496],[94,138],[305,49],[1084,-247],[598,282],[118,592],[-51,210],[301,184],[258,467],[-56,164],[267,14],[-7,280],[258,292],[-55,151],[-298,-32],[-197,196],[-224,490],[-150,110],[-31,398]],[[37028,55813],[176,-129],[614,179],[-32,147],[168,181],[-40,126],[170,28],[210,276],[161,-7],[44,197],[283,89],[86,-71],[709,422],[288,-119],[86,-268],[209,-18],[612,176],[55,139],[897,175]],[[41724,57336],[543,-80],[509,602],[306,-335],[420,-201],[745,133],[285,-95],[437,260],[388,-134]],[[45357,57486],[141,-323],[-57,-278],[314,-210],[43,-187],[673,-104],[764,113],[270,-158]],[[45855,52539],[-138,39],[-130,236],[-293,40],[24,198],[-98,-50],[-381,303],[-190,-4],[-10,115],[-475,125],[-86,192],[-262,-97],[7,-260],[-197,-5],[-2,-105],[-331,-218],[-353,-58],[-82,-149],[-216,46],[-166,-575],[226,-378],[86,-871],[-284,-348],[-50,-418],[293,-348],[215,-508],[657,-681],[315,-160],[-72,-410],[152,-18],[92,268],[208,264],[104,-15],[-25,125],[408,564],[299,-635],[-144,-598],[591,-11],[303,-192],[591,-59],[41,-113],[107,91],[96,-226]],[[46685,47635],[-235,-260],[-134,12],[-286,-379],[67,-348],[-299,-163],[-165,-647],[-245,-100],[-295,198],[-318,-208],[-630,-148],[-110,-364],[84,-292],[-235,-352],[-329,237],[-381,63],[-233,221],[-193,-102],[-391,297],[-392,-10],[-150,181],[-101,-246],[-204,-29],[-347,901],[-397,203],[-57,276],[-364,333],[-451,7],[-366,-135],[-284,259],[-265,-111],[-413,146],[-346,-171],[-850,271],[-102,-131],[31,-222],[-104,0]],[[75669,57055],[-323,-126],[209,-329],[-234,-319],[-329,-193]],[[74992,56088],[-656,-744],[-613,-264],[-360,-336],[-144,-447],[256,-271],[-598,-836],[55,-1218]],[[72932,51972],[79,-387],[-202,37],[-53,-151],[-114,-4],[59,-159],[222,-116],[-31,-316],[-210,-388],[-517,-79],[-268,-444],[332,-428],[-13,-213],[-136,-53],[-148,-490],[259,-610],[-171,-180],[169,-391]],[[72189,47600],[-849,-916]],[[71340,46684],[-188,333],[66,139],[-239,150],[237,307],[-57,126],[-199,87],[-158,320],[-571,499],[-297,-22],[-284,484],[-228,-1],[-424,504]],[[68998,49610],[784,565],[745,114],[60,768],[310,574],[-78,221],[224,88],[-38,210],[149,56],[27,310],[164,-89],[58,217],[512,202],[53,262],[469,296],[75,187],[456,50],[-180,200],[-7,427],[302,272],[-990,889],[320,375],[365,-136],[149,664],[-82,146],[63,218],[397,-28],[425,189]],[[73730,56857],[404,-6],[294,197]],[[71750,89375],[136,107],[-7,256],[236,-221],[-221,340],[40,116]],[[71934,89973],[271,-19],[97,212],[-53,107],[151,99],[-123,216],[206,-139]],[[72483,90449],[323,-473],[991,-143],[377,-196],[-64,-123]],[[74110,89514],[-124,-56],[-49,-243],[289,-81],[-146,-201],[140,-82],[74,-255],[-270,-20],[-114,113],[44,-133]],[[73954,88556],[-12,-129],[-567,-184],[-473,221],[-132,284],[-247,66],[-424,448],[-124,-239],[-225,352]],[[53349,62087],[29,-172],[210,-46],[9,-99]],[[53597,61770],[-212,60],[-257,-350],[-1358,-670]],[[52428,62060],[172,402],[177,-223],[454,15],[118,-167]],[[75773,79044],[77,-351],[-131,-176]],[[75719,78517],[-181,36],[-201,-174],[-368,97],[-302,-179],[-297,72],[43,-63],[-207,-41],[48,-253]],[[74254,78012],[-108,-179],[-192,27],[-361,183],[-54,216]],[[73724,79165],[269,-26],[-191,176],[183,54],[20,132]],[[74005,79501],[594,-81],[326,-180],[644,19],[204,-215]],[[56176,89877],[153,114],[237,-73],[68,148],[379,-202]],[[57013,89864],[244,-62],[139,-193],[255,-20],[70,-309]],[[57559,89030],[-91,-7],[52,-117],[-128,87],[-67,-120],[-206,57],[15,-113],[241,-10],[-193,-88],[130,-142],[-316,117]],[[56996,88694],[-591,230],[-38,-153],[-357,24],[-137,141],[4,249]],[[68152,70676],[136,-31],[-54,-203],[137,30],[-17,-166],[-174,-79],[240,-73],[-36,-117],[-176,58],[189,-128],[-72,-142]],[[68325,69825],[-435,-111],[-67,-251],[-202,17],[-278,-181]],[[67343,69299],[91,28],[-116,270],[-254,215],[21,126],[-322,419],[38,552],[275,79],[101,198],[221,-260],[754,-250]],[[81324,63834],[-239,-76],[-39,-176],[-104,25],[-145,-173],[-171,0],[-44,-92],[63,-204],[126,18],[-29,-117]],[[80742,63039],[-293,-218],[-185,24],[-20,-108],[236,-246]],[[80480,62491],[-311,-99],[-42,150],[-82,-53]],[[79751,63399],[161,-31],[313,333]],[[80225,63701],[214,101],[279,-74],[46,276],[560,-170]],[[43742,90863],[280,75],[-44,-126],[120,-3],[-2,-109],[-214,131],[-118,-254],[338,79],[100,-148],[-16,234],[285,116],[-13,-246],[80,-97],[183,52],[-22,-212],[322,84],[27,-93],[-129,-68],[53,-75]],[[45015,90085],[69,72],[39,-90],[3,-350],[-348,-289],[-87,104],[-140,-87],[-34,254],[-236,7]],[[81222,33690],[-1025,-1113],[-2331,-2008],[-3859,-2460],[-1254,-946],[-1370,-1382],[-1342,-1644],[-77,-275],[-15,-5],[51,253],[-199,138],[195,-55],[-148,153],[520,755],[134,611],[-187,835],[486,211],[133,327],[-132,337],[-840,846],[-188,469],[433,278],[545,3],[1462,-817],[365,-34],[319,115],[486,323],[62,431],[151,-3],[66,99],[-76,59],[-33,-130],[-565,163],[488,207],[1371,94],[433,229],[755,783],[1146,1855],[406,375],[68,-356],[436,-509],[-341,849],[175,593],[-195,-353],[293,700],[218,240],[156,-387],[676,-262],[751,383],[748,729]],[[69747,29384],[58,-63],[-147,-90],[-54,145],[143,8]],[[74829,90738],[327,300],[407,18],[302,306],[425,-56],[205,451]],[[76495,91757],[221,-204],[130,-404],[212,-60],[9,-234],[-225,-57],[46,-200],[295,-12],[90,-203],[-203,-224],[218,-287],[-131,-223],[186,-466],[369,-219],[178,-251],[52,-182],[-206,-693]],[[76168,87765],[-235,76],[-15,166]],[[75918,88007],[220,29],[-208,474],[76,927],[-271,-71],[105,355],[-63,174],[-191,256],[-260,90],[-39,238],[-54,-72],[-41,145],[-363,186]],[[77235,62591],[-175,527],[95,277],[-151,178]],[[77004,63573],[19,133],[281,-38],[-164,140],[211,165],[99,-372],[179,115],[-103,129],[285,-35]],[[77861,63720],[-112,-70],[58,-57],[-148,-587],[94,-294]],[[77753,62712],[-98,-211],[133,-394],[-99,-181]],[[77689,61926],[-360,302],[-94,363]],[[93693,73650],[-166,-126],[7,106],[-141,83],[117,81],[-35,102]],[[93475,73896],[-10,176],[188,238],[-87,176],[330,706],[233,367],[136,-13],[250,343],[317,183],[63,141],[-155,349],[193,123],[913,25],[-236,455],[193,483],[-81,137],[-231,-31],[-98,626],[-182,240],[50,432]],[[95261,79052],[389,-2],[150,94],[85,325],[372,-86],[10,179],[200,94],[69,-254],[185,83],[111,-485],[191,169],[-127,192],[126,111],[302,-201],[179,46],[-103,258],[92,63],[94,-112],[370,45],[-296,-148],[178,-125],[-38,-387],[322,46],[-54,-122],[83,-39],[159,268],[189,-88],[-79,217],[69,28],[116,-266],[240,-167],[31,376],[190,189],[-62,-527],[87,-106],[263,92],[46,-76],[-91,-98],[251,-172],[-253,-256],[-31,-166],[229,-71],[129,-385],[105,69],[27,-481],[137,-25],[96,-203],[-174,-162],[-132,99],[-414,-79],[-101,26],[-5,178],[-271,-211],[-99,275],[-375,-405],[42,-141],[-119,-105],[160,35],[-235,-238],[-131,24],[14,-353],[308,45],[-268,-103],[-90,-304],[-70,156],[-304,12],[-41,-293],[88,9],[-192,-236],[107,-104],[-171,-31],[23,106],[-115,5],[166,328],[-176,-129],[-105,113],[-110,-90],[109,253],[-373,-271],[162,-298],[-182,-170],[-182,54],[-5,-201],[-139,-164],[146,-367],[-152,45],[-44,-333],[105,-117],[-57,-350],[80,-96],[-174,-265],[230,92],[13,-153],[231,126],[-235,-319]],[[96742,72841],[-297,-128],[-427,189],[-77,306],[-372,299],[73,60],[-410,108],[-211,-154],[18,241],[-331,122],[-194,50],[-155,-197],[0,96],[-215,102],[-84,-291],[-201,88],[-13,150],[-130,-4],[-88,-116],[65,-112]],[[81160,59580],[81,3],[-247,325],[-72,323],[182,329],[22,481]],[[81126,61041],[207,123]],[[81333,61164],[-20,-314],[240,6],[24,-355],[135,-4],[4,-172],[218,-227],[252,225],[60,-126],[245,28],[-26,-416],[197,-351],[-65,-124],[105,-256]],[[67507,35398],[-299,397],[-1060,185],[-176,-80],[-290,310]],[[65682,36210],[-19,395],[-196,429],[-242,142],[-12,213],[-193,191],[68,354],[268,110],[350,374],[-58,125],[198,203],[68,286],[177,8],[52,205],[265,-26],[-74,92],[199,305],[914,387],[102,182],[-61,449],[137,406],[102,46],[10,251],[176,155]],[[67913,41492],[308,2],[699,-314],[361,-18],[251,140],[304,-53],[-800,-601],[104,-146],[141,21],[275,-348],[9,-292],[-114,-34],[-51,-186],[249,-52],[224,-541],[376,-255],[357,209],[64,-472],[-2,275],[97,55],[-93,91],[137,216],[-53,222],[99,127],[-64,73],[173,124],[893,-145],[-12,118],[-334,59],[120,340],[192,160],[123,347],[265,-6],[92,124],[227,-57],[31,-216],[156,-68],[38,-230],[-151,-75],[88,-98],[-66,-123],[175,17],[29,-202],[179,115],[2,-156],[149,59],[116,-250],[361,-63]],[[73637,39385],[-25,-234],[-362,-283],[30,-198],[197,77],[157,-138],[-61,-126],[131,-311],[-56,-127],[113,-38],[-73,-470],[-103,-17],[63,-88],[-139,-13],[-151,-450]],[[73358,36969],[-546,-759],[-28,304],[-176,340],[-143,-320],[50,-146],[-510,206],[-156,-155],[111,-162],[-383,-176],[-123,-352],[194,-114],[-352,-86],[-141,-212],[-291,-1595]],[[31237,79825],[111,280],[-115,173],[-191,0],[-19,-174],[-358,201],[163,54],[-2,306],[250,277],[-165,115],[-131,-56],[-20,167]],[[32581,81416],[158,323],[254,99],[208,381],[211,136],[-63,174],[-503,428],[31,195],[190,211],[-71,239]],[[32996,83602],[203,133],[190,-38],[-194,329],[48,87],[216,-265],[162,-1],[57,-420],[134,-12]],[[33812,83415],[113,-155],[-2,-399],[328,-435],[18,-172],[245,-347],[250,267],[93,-84],[149,-424],[-49,-104],[290,-353],[-245,-117],[-43,-330],[121,-53],[-103,-102],[244,204],[332,-167],[136,181],[266,-24]],[[35955,80801],[248,74],[378,-127],[556,421],[141,-309],[-93,-85],[58,-252],[131,-178],[302,-60],[-106,-330],[592,-301],[189,10],[100,625],[205,487],[269,11]],[[36696,77443],[-239,-112],[-48,-245],[-240,15],[50,-146],[-279,157],[-194,-259],[76,-104],[-73,-90],[-112,200],[45,200],[-134,-122],[-107,319],[-145,-24],[-70,238],[-193,-53],[238,345],[-251,-63],[-11,-198],[-129,-130],[-257,69],[-4,220],[-183,-307],[-84,16],[85,128],[-90,101],[64,209],[-200,45],[100,406],[178,101],[-37,417],[-1045,134],[-312,147],[-283,-103],[-778,324],[-204,-47],[63,-40],[-140,-132],[-145,462],[-169,32],[-202,272]],[[82150,70754],[-198,394],[93,111],[-29,254],[-375,146],[-187,325],[-228,125]],[[81226,72109],[170,76],[90,-139],[165,91],[-282,582],[172,413]],[[81541,73132],[116,10],[88,-156],[249,103]],[[81994,73089],[636,-151],[232,-463],[999,-448],[232,-199],[253,-573],[195,-66],[-35,-185],[82,-110],[-650,174],[-201,-205],[-177,75],[-90,-92],[-63,140],[-46,-118],[-257,-14],[42,-115],[-296,40],[-72,-118],[-125,92],[-482,-136],[51,116],[-72,21]],[[46128,89542],[-138,225],[-137,-86],[-42,260],[-189,-201],[-1,401],[-250,-189],[-31,216],[-198,-34],[-51,122],[-76,-171]],[[45015,90085],[-43,118]],[[44972,90203],[226,110],[73,280],[224,186],[-6,156],[-98,35],[143,150],[-24,116]],[[46897,90850],[-42,-67],[188,-61],[149,-297],[635,-122],[276,-524]],[[48103,89779],[-411,-34]],[[47670,62362],[-39,-275],[-787,183],[-377,-182],[-50,68],[126,13],[41,130],[-123,314],[-201,125],[-397,-3]],[[44609,64330],[108,246],[273,-38],[-54,245],[161,-104],[244,514],[136,-109],[44,90]],[[45521,65174],[67,-172],[159,49],[-45,-147],[203,22],[-72,93],[73,95],[622,66],[184,139],[232,-2],[32,-92],[185,268],[143,-170],[294,308],[-65,125],[185,-67],[150,221],[48,-185],[145,12],[-17,187],[106,-208],[105,53],[202,-139],[27,114],[-135,155],[210,5],[-107,36],[21,130],[334,4],[40,-278],[240,-207],[20,-159],[55,66],[221,-130],[-2,-196],[338,-158],[68,-758]],[[49787,64254],[-60,65],[-47,-251],[-259,-178],[-270,-19],[-438,-521],[-533,-223],[-333,-357],[105,-162],[-282,-246]],[[37426,75502],[38,114],[-159,195],[59,177],[66,-101],[-10,156],[-275,52],[89,200],[111,11],[-80,93],[87,326],[-301,226],[-176,-261],[-142,28],[61,95],[-187,399],[125,84],[-36,147]],[[36696,77443],[305,49],[283,364],[-31,315],[213,687],[-63,384],[83,411],[188,-237],[813,-399],[215,420],[-69,631],[469,116]],[[40040,78911],[540,-484],[50,-257],[276,-428],[-496,54],[-180,-285],[276,-75],[100,-188],[-278,-772],[201,-147],[152,111],[-47,-156],[78,-61],[96,142],[60,-137],[243,119]],[[41111,76347],[58,-101],[251,150],[50,-141],[-357,-438]],[[41113,75817],[-313,-221],[-128,-346],[193,95],[-76,-77],[110,-225],[-108,-39],[150,-100],[21,-399],[-119,-26],[67,-86],[182,60],[63,-101],[202,105],[-9,-1526],[348,-460],[7,-194]],[[41115,71176],[-304,894],[-143,137],[37,203],[-150,17],[-163,359],[-278,162],[-26,155],[-284,-99],[-55,48],[105,96],[-208,-21],[-13,124],[-181,-121],[-172,52],[-26,190],[-263,57],[82,134],[-211,-36],[-142,185],[-107,-41],[26,318],[-133,68],[-35,-90],[-95,189],[216,12],[-187,172],[132,63],[-252,114],[-108,-81],[86,139],[-281,125],[213,352],[-104,103],[-119,5],[-5,-140],[-126,48],[-65,183],[-167,-101],[7,184],[-190,168]],[[29291,83104],[14,94],[-309,-16],[9,174],[326,62],[203,250],[-431,-213],[-154,179],[-140,-17],[26,196],[-175,18],[169,393],[-18,209],[-105,-51],[-48,132],[-96,-92],[-145,114],[-93,-243],[7,168],[-107,91],[49,260],[-138,-74],[-49,185],[-129,-193],[-184,192]],[[27773,84922],[321,497],[472,295]],[[28566,85714],[556,-378],[121,87],[67,-326],[846,-366],[-25,-466],[225,-56],[189,-210],[364,-23],[549,-544]],[[31458,83432],[195,-332],[-167,-320],[65,-337],[521,-325],[238,-254],[35,-307],[236,-141]],[[32581,81416],[-107,-259],[-63,109],[-303,7],[-114,-198],[-169,161],[-107,-85],[-256,72],[-171,272],[-206,-113],[-85,157],[-182,-136],[-58,-235]],[[30760,81168],[-144,293],[100,150],[-190,248],[-41,-195],[-121,-47],[-352,45],[-242,-137],[-406,100],[173,183],[201,-158],[-4,429],[-132,23],[-88,-140],[-311,91],[139,208],[-120,15],[-52,218],[507,-96],[-87,314],[130,394],[-206,-315],[-50,172],[-161,-55],[-12,196]],[[32373,86090],[-77,1015],[390,4],[-1,287]],[[32685,87396],[407,-32],[122,260],[229,43],[160,-71],[-32,-135],[146,2],[-31,-252],[366,74]],[[34052,87285],[-17,-267],[135,123],[78,-175],[208,30],[-177,-154],[224,-177],[77,123],[35,-139],[-212,-257],[133,-71],[192,86],[159,-192],[151,51],[-186,-283],[75,38]],[[34927,86021],[43,-466]],[[34200,85375],[-824,65],[-303,205],[-112,304],[-240,246],[-348,-105]],[[76118,65118],[501,114],[118,-280],[261,230],[65,-91],[526,149],[438,-247],[70,-221]],[[77620,64672],[-534,181],[-635,-65],[-100,162],[-141,16],[18,156],[-110,-4]],[[54755,89918],[-40,78],[155,64],[172,-263],[53,461],[102,77]],[[55197,90335],[170,-299],[-111,-60],[76,-63],[233,158],[339,-15],[-55,140],[96,47]],[[55945,90243],[231,-366]],[[56176,89877],[-86,-308],[58,-125],[-218,-100],[-53,-159]],[[55877,89185],[-688,-474],[-218,-12],[-42,710],[-174,509]],[[33999,83501],[90,69],[-94,59],[86,353],[154,164],[-35,1229]],[[34200,85375],[257,14],[0,165],[513,1]],[[34970,85555],[0,-643],[128,0],[3,-1089]],[[35101,83823],[-29,-385],[-290,-231],[-171,96],[60,191],[76,-166],[72,38],[-237,411],[-266,-200],[56,-215],[-179,-139],[-194,278]],[[44609,64330],[407,-402],[203,-500],[-71,-97],[140,3],[94,-328],[481,-271]],[[45863,62735],[264,-536],[-6,-290],[-230,-201],[-979,-41],[-710,-717]],[[44202,60950],[-138,-101],[-295,104],[-253,-198],[-207,145],[-255,-99],[-355,45],[-301,-316],[-257,-32],[-113,-305]],[[42028,60193],[-426,160],[-263,-93],[-49,-139],[-194,132],[-586,-219],[-781,181],[-50,-106]],[[39856,61532],[-5,146],[35,-72],[114,110],[-52,137],[96,179],[363,-29],[259,161],[-89,302],[47,218],[141,5],[188,-209],[141,385],[11,-211],[201,-91],[0,-113],[70,129],[256,-52],[82,178],[-150,30],[-2,271]],[[43458,64009],[278,-2],[-46,203],[99,164],[185,-372],[360,297],[156,0],[-1,-159],[84,16],[36,174]],[[78638,61450],[24,318],[148,33],[-110,691]],[[78700,62492],[-97,403],[-205,72],[449,8]],[[78847,62975],[34,220],[257,-41],[211,233]],[[79349,63387],[402,12]],[[79751,63399],[101,-136],[-169,-120],[67,-595],[295,-59]],[[80045,62489],[5,-390],[-112,-135],[143,-557]],[[80081,61407],[-131,147],[-219,-4],[-12,126],[-365,-163],[-45,220],[-590,-149],[-81,-134]],[[49063,48545],[-918,-79],[-339,540]],[[46431,53137],[-179,196],[22,122],[-85,-8],[-28,254],[219,215],[85,429],[-95,52],[171,72],[28,245],[141,1],[64,196],[136,35],[133,297],[-53,311],[257,167],[258,618]],[[47505,56339],[444,132],[90,-241],[208,81],[122,-140],[208,41],[193,273],[149,-34],[136,125],[82,251],[175,-55],[13,156],[158,44],[-3,214],[116,116],[-68,134],[266,-61],[308,466],[129,15]],[[50231,57856],[5,-560],[219,-492],[-85,-199],[80,-196],[-456,-923],[352,-374],[114,-274],[594,-53],[440,231],[164,311],[165,81],[159,16],[59,-159],[284,68],[89,268],[414,-65],[691,372],[426,99],[200,296],[269,34],[131,183],[397,-35],[-14,131],[308,265]],[[55236,56881],[179,-169],[18,158],[148,-125],[381,89],[298,-96],[45,92],[543,-106]],[[56848,56724],[-522,-398],[35,-108],[-150,-81],[4,-172],[-214,-131],[-21,-229],[-129,-3],[-230,-400],[-169,-75],[-37,-208],[-288,-28],[-511,-724]],[[54616,54167],[-345,-144],[-151,-208],[25,-115],[-128,-15],[-20,-142],[-377,-299],[-17,-146],[-381,-20],[-70,-283],[-587,-479],[-82,-352],[-134,30],[-21,-99],[287,-161],[-89,-168],[112,-100],[-702,-1173],[-138,-91],[-241,156],[-12,447],[-834,-222],[-255,-247],[-271,-570],[-461,151],[-293,380],[-9,-216],[108,-130],[-168,-37],[104,-140],[-85,-245],[122,-50],[-131,-54],[111,-419],[-184,-79],[-236,-382]],[[62570,92544],[-105,133],[248,76],[-171,188],[116,288]],[[62658,93229],[48,-103],[275,85],[260,-113],[496,130],[216,371],[-175,301],[29,111],[-264,208]],[[63543,94219],[134,141],[545,-511],[215,254]],[[64437,94103],[122,-168]],[[64559,93935],[-51,-129],[110,-96],[-246,-75],[0,-353],[195,40],[138,-252],[283,-24],[-122,-224],[100,-4],[30,-635]],[[64996,92183],[-507,-171],[-499,182]],[[63990,92194],[-517,309],[-261,-51],[11,120],[-177,3],[-77,194],[-163,-104],[19,-137],[-174,8],[-148,-194],[67,202]],[[73329,71026],[242,84],[25,153],[165,-31],[-2,-110],[242,0],[7,174]],[[74008,71296],[275,8],[-45,-271],[171,-129],[-2,-246],[226,-104],[-122,-132],[75,-538]],[[74586,69884],[-88,190],[-92,-27],[-20,-221],[223,-317],[-338,-316]],[[74271,69193],[88,116],[-63,124],[-534,397]],[[47146,87809],[-123,174],[-160,22],[3,230],[-157,-30],[-127,237],[-92,-70],[-43,92]],[[46447,88464],[34,307],[-197,105]],[[46284,88876],[101,30],[-108,97],[143,65],[-189,43],[-138,231],[108,1],[-4,107],[171,-58],[-240,150]],[[46128,89542],[484,139],[587,-164],[300,249],[193,-21]],[[47692,89745],[-307,-371],[149,-185],[5,-191],[701,-97],[-703,-238],[-391,-854]],[[79154,65967],[-56,-279],[286,-586]],[[79384,65102],[-196,-56],[-133,283],[-151,-46],[117,-111],[-487,-183]],[[78534,64989],[22,981]],[[78556,65970],[598,-3]],[[39679,60109],[-14,-116],[-125,47],[-233,-206],[-110,44],[-15,-184],[-245,-187],[-69,54],[8,-159],[-251,-158],[113,-147],[-352,-161],[-142,49],[21,134],[-447,-132],[-69,172],[-147,-91],[-373,50],[-218,-314],[-242,85],[4,-111],[-160,120],[-113,-148],[-133,105],[-108,-117],[-316,62],[-256,-235],[-227,54],[-68,-214],[-201,280],[-247,131],[-114,346],[-317,-90],[-65,168],[-133,-148],[-126,395],[-255,-27],[-229,137],[-929,-119],[-293,318],[-114,-234],[-236,20],[-68,127],[232,110],[-120,106],[-411,-182]],[[31766,59743],[-178,85],[123,232],[24,634],[-90,126]],[[31645,60820],[-41,130],[188,264],[-61,122],[378,-3],[72,208],[178,-180],[-31,-195],[193,-185],[-10,-142],[704,-252],[222,163],[127,-32],[-17,149],[216,-61],[236,293],[127,-65],[130,272],[744,-120],[128,213],[269,-144],[89,409],[150,3],[169,234]],[[35805,61901],[73,-98],[219,132],[9,148],[276,-29],[133,192],[-46,140],[337,-52],[489,439],[289,61],[325,-179],[110,366],[297,79],[165,215],[117,-97],[109,65]],[[38707,63283],[27,-178],[88,50],[221,-162],[-116,-251],[-236,-78],[96,-390],[901,-531],[168,-211]],[[39856,61532],[183,-170],[-108,-102],[-25,-399],[-147,-152],[142,-131],[-121,-103],[-141,99],[-80,-70],[139,-179],[-110,-150],[91,-66]],[[82859,62014],[118,817]],[[82977,62831],[39,332],[1208,-196]],[[84224,62967],[-7,-652]],[[84217,62315],[-141,18],[-33,-222],[188,-174],[-87,-798],[-126,-69],[274,-191]],[[84226,60851],[-116,76],[-90,-220],[-80,87],[-335,-142]],[[83605,60652],[-220,157],[81,682],[-404,24],[59,465],[-262,34]],[[81282,58804],[-15,191],[-104,-119],[-80,162],[55,158]],[[81138,59196],[17,145],[78,-4],[-143,83],[158,11],[-88,149]],[[81160,59580],[289,-192],[27,-128],[1226,-182]],[[82702,59078],[-163,-277]],[[82539,58801],[-247,-580]],[[82292,58221],[-6,-4]],[[82286,58217],[-1004,587]],[[58724,86937],[270,252],[-146,341],[-254,225],[-367,101],[2,102],[-420,54]],[[57809,88012],[-122,87],[196,62],[-1,100],[-398,130],[343,134],[-275,66],[130,118],[3,170],[193,-99],[43,85],[-362,165]],[[57559,89030],[162,250]],[[57721,89280],[274,62],[-65,-38],[103,-70],[-29,-119],[182,50]],[[58186,89165],[-168,-181],[193,2],[122,-229],[236,-41],[-126,-74],[127,-43],[-95,-119],[113,-101],[-72,-22],[73,-211],[199,-72],[153,99],[164,-167],[11,182],[122,-201],[110,50],[38,-110],[208,-47],[123,138],[496,-60],[49,91],[281,-199],[198,69],[244,-188],[26,-191],[279,-34]],[[61290,87506],[80,-224],[262,-220]],[[61632,87062],[-234,-421],[-455,-164],[-206,-200],[-51,-374],[-100,-103]],[[60586,85800],[-172,-350],[36,-120],[-191,81],[0,-121],[-171,7],[21,-99]],[[60109,85198],[-215,-5],[-109,98],[35,132],[-87,-216],[-108,86],[8,164],[-227,-104],[-97,161],[-134,-131],[-49,191]],[[59126,85574],[447,447],[-227,435],[-107,-28],[9,388],[-171,-79],[4,183],[-274,-226],[-83,243]],[[53081,94911],[81,-78],[485,155],[358,-60],[556,287],[42,194],[209,-120]],[[54812,95289],[-109,-277],[131,-157],[-296,-58],[47,-228],[243,-241],[-47,-105],[166,-24],[38,-181]],[[54985,94018],[-108,-183],[-6,-261],[90,-108]],[[54961,93466],[-204,-157],[109,-23],[-81,-87],[86,-155],[-138,-69],[56,-121],[-89,-92],[90,-209],[-366,-326]],[[54424,92227],[-347,-277],[-438,129]],[[53639,92079],[-108,-10],[-53,143],[127,19],[41,169],[-241,114],[-46,227],[-146,15],[102,64],[-52,239],[87,37],[-333,198],[-101,220],[155,53],[-212,92],[236,21],[-236,229],[-82,-16],[30,-109],[-151,51],[-101,210],[151,-17],[-27,103],[-275,59],[117,244],[-270,-87],[-13,135]],[[45510,91236],[-72,-21],[-44,199]],[[45394,91414],[99,175],[-27,241],[286,82],[91,213],[-234,110],[1,133],[509,-8],[77,-278],[374,65],[101,200],[55,-146],[276,150],[145,-44]],[[47147,92307],[62,-107],[-103,-292],[248,-240],[-110,-296],[107,-28],[1,-160],[-267,-388],[-188,54]],[[46897,90850],[-477,93],[-222,294],[-121,-59],[-236,120],[-168,-149],[-163,87]],[[60632,66333],[134,-312],[-46,-291],[-131,138],[-294,-292],[7,-126],[-1103,-129]],[[58120,66189],[-78,242],[167,178],[-197,562],[628,188],[466,-48],[-162,532],[159,115],[-4,124],[129,-26],[240,407]],[[59887,68158],[-171,-146],[-30,-250],[86,2],[98,-278],[-10,-185],[-131,-56],[173,-514],[-211,-230],[521,-15],[206,-168],[214,15]],[[59362,75295],[-348,-142]],[[59014,75153],[-120,-73],[124,-80],[-39,-173],[-150,-15],[-226,203],[-320,-151],[164,-218],[-197,141],[-254,0]],[[57996,74787],[111,335],[-83,222],[217,35],[25,108],[-221,404]],[[58045,75891],[-63,98],[137,278],[-136,150],[113,39],[-141,113],[154,63],[22,231],[-93,55],[159,122],[10,364]],[[58207,77404],[735,193],[403,-126]],[[59345,77471],[128,-166]],[[38380,87081],[482,-541],[523,-44],[299,254],[216,-261]],[[39900,86489],[231,-349],[-32,-244],[-255,-98],[-163,-436],[-149,0],[-202,-306],[52,-211]],[[39021,84503],[-121,-12],[-88,213],[-298,130]],[[75638,45080],[-56,-79]],[[75582,45001],[-745,-90],[-46,161],[104,357],[-97,467]],[[74798,45896],[148,111],[-40,86],[276,532],[169,39],[-46,173],[101,210],[-130,155],[-52,226],[86,52],[-116,219],[133,33],[-32,739]],[[76967,48601],[342,-9],[76,120]],[[72901,76290],[26,-107],[-222,-78],[343,-56]],[[73048,76049],[-254,-128],[79,-278],[339,-57],[-368,-27],[40,-370],[142,-115],[-81,-123],[-146,98],[2,-132]],[[72801,74917],[-1292,-95]],[[71168,75639],[-77,382],[-209,29],[131,50],[-11,423],[-92,138],[-276,-161],[-147,20],[-51,177],[-272,-65],[-16,158],[178,84],[-169,151]],[[70157,77025],[880,59],[26,-930],[1838,136]],[[68461,64864],[-293,53],[-37,-228],[117,-273]],[[66655,65582],[372,93],[35,296],[202,23]],[[67264,65994],[-47,-82],[1364,-78]],[[68581,65834],[32,-294],[98,-50],[-103,-163],[137,-176],[229,7],[54,-94],[-483,-90],[-84,-110]],[[69845,87199],[46,-111],[-121,-119],[102,-385]],[[68925,85135],[-102,135],[-540,13],[-363,-276],[-38,279],[-609,-187],[-18,202],[-214,192],[-68,253],[-421,6],[-29,137],[-166,-66],[-102,127],[-4,-605],[-146,-460],[-201,229],[-305,81],[-46,-115],[-131,130],[-76,-209],[-162,161],[-159,-85],[18,217],[-186,28],[-30,364],[-205,11]],[[64622,85697],[-82,262],[-206,133],[14,234],[-166,-15],[-127,448],[-299,-36],[60,126],[-114,206]],[[63702,87055],[250,-223],[65,70],[-84,231],[255,-232],[28,286],[191,-80]],[[64407,87107],[146,-12],[-66,-49],[32,-28],[129,63],[125,-248],[227,20],[87,-279],[198,41],[223,-226],[126,101],[277,-123],[42,120],[359,96],[154,-157],[320,164]],[[66786,86590],[497,328],[335,-2],[513,-264]],[[68131,86652],[484,187],[243,255],[71,-97],[157,102],[182,-169],[390,94],[187,175]],[[76820,50065],[7,-554],[144,-80],[-115,-87],[111,-743]],[[76967,48601],[-141,46],[-139,-219],[-206,161],[-349,-281],[-270,64],[-183,-275],[-181,55],[-203,319]],[[75295,48471],[-269,145],[-240,-292],[-276,55],[-365,-158],[-121,455]],[[74024,48676],[119,118],[-25,228],[486,138],[-44,397],[447,128],[-142,241],[236,414],[-99,155]],[[75002,50495],[383,-3],[-1,-225],[1435,-18],[1,-184]],[[39021,84503],[150,23],[55,322],[156,-3]],[[39382,84845],[119,-122],[59,155],[937,312],[-15,-312],[402,-571],[-101,-159]],[[40783,84148],[-82,65],[-8,-876],[-499,-2],[1,-477],[-349,-106],[-109,-202]],[[39737,82550],[-68,1839],[-46,-61],[-131,224],[-138,-247],[-74,76],[-89,-95],[-170,217]],[[68553,95110],[65,-6],[-140,107],[337,350],[-60,63],[832,4],[-44,337],[99,-1],[5,120]],[[69647,96084],[167,-70],[274,145],[288,-119]],[[70376,96040],[15,-391],[-178,-232],[-41,-253],[-111,54],[4,-210],[283,91],[234,-157],[37,-246]],[[50546,62176],[557,415]],[[51103,62591],[416,40]],[[51519,62631],[244,-324],[9,-292],[87,114],[152,-240],[129,97],[208,-135],[-56,167],[136,42]],[[52428,62060],[124,-409],[-739,7],[-262,-325],[1,-198],[218,-325]],[[51770,60810],[-188,-124]],[[51582,60686],[-149,246],[-370,-106],[-83,216],[-502,144],[174,328],[-393,390],[287,272]],[[61472,65170],[-93,102],[193,378],[-56,133]],[[61516,65783],[124,-46],[36,276],[90,-4],[-78,212],[142,-110],[-43,210],[170,112],[-68,58],[68,168],[119,-3]],[[62076,66656],[951,-359],[164,-468],[221,76],[384,-295],[97,109],[324,-69],[13,364],[87,28],[-47,274]],[[64270,66316],[86,84],[63,-216],[427,-92],[340,-447]],[[65523,65572],[-55,-335],[-220,23],[87,-174],[-87,-71],[206,-321],[-120,-217],[236,-336],[-247,-545],[153,-243],[3,-206],[-439,-321],[-670,-14],[-468,-325]],[[62447,63751],[832,108],[85,288],[252,-37],[198,51],[56,51],[-451,284],[-130,356],[-188,97],[-293,447],[-641,-164],[-210,106],[-485,-168]],[[58246,64286],[-419,186],[-99,-167],[-368,94],[-125,-156]],[[57235,64243],[148,1423]],[[57383,65666],[156,-24],[70,158],[238,120],[412,-111],[-160,173],[21,207]],[[58120,66189],[299,-189],[193,75],[8,-155],[199,-50],[-7,-427],[99,-130],[288,8]],[[59199,65321],[18,-226],[-320,-12],[-44,-231],[-206,-176],[-100,44],[-277,-279],[-24,-155]],[[64774,70734],[-386,329],[23,108],[-340,218],[-139,283],[-102,-51],[6,129],[-268,-73],[-709,280],[-322,-293],[-235,-1204],[-431,-423],[-315,-954]],[[61556,69083],[-419,435],[-83,-31]],[[60882,70592],[53,96],[-122,156],[107,96],[269,-190],[83,194],[152,-127],[544,277],[110,3300],[-266,420],[76,406]],[[61888,75220],[118,-218],[1589,-108],[-338,522],[290,554],[-203,171],[-77,546]],[[63900,76431],[243,14],[16,-236],[253,66],[271,-187],[224,44],[189,-256],[263,32],[31,-152],[235,-25],[249,172],[305,-199],[462,-16],[297,373],[108,457]],[[67046,76518],[112,-117],[212,206]],[[67370,76607],[191,-145],[31,-278],[112,149],[155,-28]],[[67859,76305],[-95,-271]],[[67764,76034],[-271,-233],[9,-587],[-289,-192],[70,-218],[-403,-766]],[[66880,74038],[-28,-120],[250,-113],[-32,-143],[90,-61],[-96,-91],[204,26],[-162,-245],[181,-54],[-57,-128]],[[67230,73109],[-329,77],[-218,-186],[-172,107],[-426,-143],[-167,62],[-171,-191],[-293,5],[-347,-199],[-233,75],[60,-105],[-199,-133],[123,-60],[-58,-156],[85,-124],[-223,-143],[124,-477],[-60,-55],[97,-98],[-76,-221],[66,-73],[-89,-85],[99,-15],[-49,-237]],[[74001,61508],[119,310],[573,212],[-63,164],[94,54],[300,-219],[257,-449]],[[69432,85877],[55,50],[-104,127],[339,-48],[-146,239],[176,-66],[130,105],[-149,217],[139,83]],[[69872,86584],[306,-246],[728,-166],[156,-148],[281,34],[53,126],[-121,83],[185,253],[148,-280],[208,2]],[[71816,86242],[71,-142],[-167,-64],[421,-174],[-25,-172],[-118,53],[-31,-136],[246,-30],[-73,-140],[-214,38],[249,-237],[-146,-389],[118,-212],[-129,-80]],[[72018,84557],[-512,23],[-72,-95],[-75,160],[-234,-342]],[[71125,84303],[-410,-49],[-170,47],[-95,175],[-505,-3]],[[61327,76528],[-157,-143],[119,-315],[-131,-9],[100,-259],[-76,-74],[-138,195],[-171,-90],[-24,212],[-153,18],[-21,-141],[118,-246],[80,13],[-203,-64],[-138,-256],[-166,113],[-100,-96],[-54,185],[-204,77],[-182,-342],[-381,-89],[-83,78]],[[59362,75295],[34,174],[-99,32],[83,136],[-230,114],[180,399],[-178,38],[102,101],[-66,50],[221,135],[-152,161],[69,13],[-99,305],[185,18],[-74,85],[135,249]],[[59473,77305],[668,-32],[324,-215],[943,-219]],[[77919,43170],[-162,27],[-187,-180],[-123,66],[-181,378],[-285,258],[-139,510],[-699,620],[-505,231]],[[75638,45080],[284,374],[330,200],[535,1696],[485,907],[113,455]],[[77385,48712],[648,125],[234,167],[363,-90],[-59,-95],[1520,371],[133,-136]],[[80224,49054],[-416,-1189],[-62,-442],[116,-2444],[163,-751],[-16,-163],[-182,-83],[149,162],[-28,146],[-399,180],[-153,105],[324,-87],[144,201],[-71,593],[-213,408],[-13,839],[-213,216],[-371,8],[-287,-327],[-237,-1525],[191,-1253],[271,-510],[-264,-83],[-738,115]],[[87528,61094],[-67,-55],[51,-277],[-166,-224],[152,-488],[-173,-182],[-157,45],[240,-518]],[[87408,59395],[-375,314],[-620,-105],[-181,150],[-312,-113]],[[85920,59641],[-294,120],[-117,-279],[-196,-141],[-1224,67]],[[84089,59408],[296,303],[-159,1140]],[[84226,60851],[66,28]],[[84292,60879],[-29,247],[213,-13]],[[84476,61113],[160,-17],[-108,-164],[338,-159],[304,78],[-88,-289],[99,-259],[195,28],[0,158],[196,-113],[79,396],[150,119],[-77,40],[270,58],[124,152],[-138,323],[82,131],[-129,262],[57,126]],[[85990,61983],[565,139],[123,349],[15,-99],[181,-24],[555,61],[-18,536],[-279,547]],[[87477,63992],[184,199],[-1,-283],[162,-259],[120,60],[268,-870],[500,108]],[[88710,62947],[-162,-537],[-423,-294],[-597,-1022]],[[71568,60555],[-8,108],[376,180],[219,381],[412,2],[15,382]],[[72582,61608],[100,83],[527,-159],[313,502]],[[73522,62034],[281,-100],[198,-426]],[[74001,61508],[-30,-122],[-236,25],[-73,-377],[153,-22],[58,-199],[-343,-268],[281,-288],[220,-13],[194,326],[233,-59]],[[74556,58337],[-397,131],[-273,-145],[-576,-3],[-317,571],[-573,296],[-308,-107],[-127,343],[164,293],[-440,152]],[[53081,94911],[-843,-429]],[[52238,94482],[-150,-142],[-39,240],[-99,18],[123,130],[-280,-63],[-113,173],[-115,-113],[-19,111],[149,127],[-124,-38],[-85,105],[-68,-105],[-176,236],[264,158]],[[51506,95319],[236,104]],[[52641,95968],[339,-390],[-42,-360],[145,-6],[-2,-301]],[[85542,38404],[-2487,-2548],[-1833,-2166]],[[81222,33690],[-649,704]],[[80573,34394],[444,695],[291,692],[271,1203],[-49,1134],[-221,1123]],[[81309,39241],[651,166],[126,-414],[814,-199],[839,-633],[294,345],[1509,-102]],[[50365,96099],[-246,-255],[175,-127],[-150,78],[-99,-113],[230,-77],[-99,-1],[101,-157],[-91,-91],[164,-132],[-148,-44],[190,-140],[-109,-95]],[[50283,94945],[-286,-195],[-126,-241],[-242,24]],[[49629,94533],[-94,83],[-318,-210],[-847,243],[-227,-122],[-91,125]],[[47044,96238],[209,148],[774,33],[183,204],[327,68],[127,269],[-86,81],[36,167],[136,95]],[[48750,97303],[82,-254]],[[50100,96496],[304,-195],[-224,-119],[185,-83]],[[94215,62242],[425,295],[155,370],[382,159]],[[96298,62228],[804,-89]],[[97102,62139],[-145,-268]],[[96957,61871],[-730,302],[-32,-227],[-422,-185],[-266,-319]],[[95507,61442],[-890,71],[-446,257],[-101,141],[145,331]],[[73528,65399],[196,27]],[[74875,65028],[-2,-135]],[[74873,64893],[4,-708],[256,-1],[14,-151]],[[75147,64033],[16,-99],[-280,-5],[-5,-194]],[[74878,63735],[-2,-113],[-506,10],[-19,-239],[-703,108],[-286,-51],[-67,-145]],[[73295,63305],[-700,-218]],[[72595,63087],[10,375],[305,808],[64,616]],[[72974,64886],[554,513]],[[63267,76687],[-110,-47],[-66,199],[-250,21],[-149,207]],[[63230,78473],[169,104],[653,-283]],[[64052,78294],[78,-264]],[[64130,78030],[22,-253],[-138,26],[-48,-214],[-289,-168],[19,-241],[287,-24],[169,-277],[-19,-234],[-233,-214]],[[63900,76431],[-184,29],[-22,129],[-223,-24],[-45,155],[-159,-33]],[[43129,95460],[357,1700],[187,251],[211,-125],[-18,-466],[595,-123]],[[44461,96697],[299,-356],[64,129],[189,-162],[-70,-116],[81,-174],[87,27],[63,-193],[191,-124],[183,-496]],[[45389,94454],[-82,-68],[-84,104],[-218,-156],[24,258],[-353,-70],[-150,282],[-137,-184],[-102,127],[105,224],[-218,-141],[-30,234],[-201,-92],[138,214],[-279,-25],[140,155],[-263,12],[24,-271],[-294,91],[136,188],[-395,-187],[-21,311]],[[41562,63006],[-178,136],[-51,417],[-245,40],[71,104],[-120,55],[-11,596],[-132,107]],[[40896,64461],[6,4]],[[40902,64465],[302,623],[339,-278],[283,-76],[163,34],[-52,254],[430,-123],[37,309],[271,-168],[358,52],[207,-242]],[[43240,64850],[155,-60],[4,-169],[-202,-23],[148,-170],[-28,-106],[96,22],[-41,-207],[86,-128]],[[43458,64009],[-17,-148],[-172,130],[-117,-152],[-245,126],[-157,-315],[-109,107],[-736,-732],[-343,-19]],[[99839,66029],[-8,6],[7,28],[10,-19],[-9,-15]],[[98594,64592],[-403,290]],[[98191,64882],[413,485],[-203,181],[-128,344],[175,268],[-196,231],[-351,162],[-378,6]],[[97523,66559],[-107,459],[131,351]],[[97547,67369],[-186,646]],[[97361,68015],[559,-266],[-5,-182],[110,-32],[-80,-143],[168,-55],[-23,-260],[666,-121],[286,-209],[323,16],[-19,-190],[170,-85],[-170,-39],[-20,-127],[410,39],[-1142,-1769]],[[93984,54793],[-508,206],[35,177],[96,-61],[175,289],[-169,238],[-258,-83],[-23,-218],[-54,101],[-383,-173],[-208,323],[-419,-353],[-347,34],[-179,177]],[[91742,55450],[47,251],[344,62],[794,602],[311,380],[565,-422],[373,126]],[[94176,56449],[450,157]],[[94626,56606],[-642,-1813]],[[68904,67846],[-35,107],[130,83]],[[68999,68036],[245,85],[-15,-125],[241,-7],[-18,-219],[116,-18]],[[69568,67752],[14,-567],[496,3],[192,300],[194,-15],[68,-243]],[[70532,67230],[40,-916]],[[70572,66314],[-40,-378],[-339,-2]],[[70193,65934],[-68,148],[72,205],[-335,-26],[-14,160],[-122,30],[155,272],[-214,13],[-187,339],[-200,21],[-59,266],[-216,25],[82,437],[-81,95],[-102,-73]],[[68660,92714],[-648,-17],[-12,387],[135,-124],[1,137],[125,12],[-17,182],[-100,10],[6,280],[-140,139],[-16,280]],[[67994,94000],[10,185],[-96,51],[113,139],[-85,183],[81,264],[113,-57],[-109,282],[113,-19],[-21,89]],[[68113,95117],[440,-7]],[[68553,95110],[8,-513],[389,-209],[17,-188],[207,-132],[148,185],[321,-121],[-6,-111],[513,11]],[[69877,93620],[-548,-147],[-6,-493],[-358,257],[118,16],[-21,95],[-309,-120],[-111,-146],[18,-368]],[[98191,64882],[-436,-346],[-1457,-2308]],[[96298,62228],[-266,164],[-291,463],[12,183],[206,-37],[148,163],[276,-128],[-170,141],[155,114],[-297,-98]],[[95719,64909],[236,33],[-136,-181],[537,513],[258,-112],[217,55],[666,445]],[[97497,65662],[-65,-321],[172,-248],[587,-211]],[[84713,63502],[9,241]],[[84722,63743],[491,358],[423,7],[580,553]],[[86216,64661],[266,5],[-61,364],[467,-6],[166,160],[466,-42]],[[87520,65142],[-249,-172],[-300,-528],[416,-225],[90,-225]],[[87477,63992],[-154,-51],[13,-196],[-204,-253]],[[87132,63492],[-376,-502],[-413,253],[-1049,172],[-158,143],[-423,-56]],[[43348,92368],[57,-124],[-84,-130],[69,58],[155,-192],[195,84],[194,-168],[106,61],[18,-107]],[[44058,91850],[-473,55],[-6,-279],[194,143],[301,-164],[-286,-42],[264,-82],[-274,-43],[-128,-186],[65,-160],[91,32],[-64,-261]],[[43742,90863],[-132,-431],[-231,-159],[254,-227],[-52,-142],[167,-92],[-5,-123],[270,159],[-15,295],[126,-95],[18,-195],[143,122],[233,-97],[-159,-20],[-78,-152]],[[44281,89706],[-223,-92],[301,-100],[-147,-68],[98,-192],[-151,144],[-43,-110],[-269,-14]],[[43847,89274],[-235,-202],[-171,-9],[-3,137],[-112,-69],[-7,-248],[-725,126],[-228,-87],[-84,196],[-114,24],[-231,-400],[-262,174]],[[41675,88916],[-370,-215],[46,-109],[-131,118]],[[41220,88710],[40,243],[-204,-45],[23,122],[291,50],[-332,248],[342,296],[-192,-104],[-60,113],[-171,1],[-36,185],[-149,0],[102,80],[-43,89],[113,15],[-316,145],[202,22],[3,111],[-297,84],[125,98],[-88,242]],[[42283,91105],[256,670],[653,459],[-24,95],[180,39]],[[96071,63193],[-599,-73],[-191,-144],[-104,90]],[[95177,63066],[-59,188],[-82,-23],[-182,783],[-222,104],[-148,505],[-496,337],[-158,281],[344,676],[701,248],[191,-162]],[[95066,66003],[302,-230],[241,146]],[[95609,65919],[87,82]],[[95696,66001],[50,106]],[[95746,66107],[347,-224],[-179,-80],[-108,-316],[164,-17],[32,-241],[-246,-151],[-37,-169]],[[95719,64909],[-568,-620],[261,-237],[404,-45],[143,-301],[-148,-212],[260,-301]],[[60078,91163],[-291,779],[-340,158]],[[59447,92100],[-139,103],[40,95],[-147,-40],[-101,154]],[[59100,92412],[-91,-56],[-113,164]],[[61341,92465],[426,-93]],[[61767,92372],[-70,-65],[45,-185],[-287,126],[-99,-146],[338,-262]],[[61694,91840],[-227,0],[159,-390],[-184,-577]],[[61442,90873],[-165,-39],[-19,180],[-412,-5],[-201,160],[-567,-6]],[[46095,93372],[88,157],[-289,215],[39,124],[-156,273],[-153,-92],[-161,76],[84,200],[-158,129]],[[45389,94454],[154,20],[216,521],[-211,237]],[[45548,95232],[859,327],[85,276],[253,226],[-2,207],[145,116]],[[46888,96384],[156,-146]],[[47044,96238],[147,-204],[201,143],[108,-155],[-10,-94],[-298,-25],[272,-204],[-172,-4],[-175,-198],[113,-211],[87,137],[117,-183],[-163,-109],[146,-77],[-31,-136],[133,-21],[-59,108],[213,129],[125,-142],[-72,-124],[57,-244],[269,28]],[[48052,94652],[-227,-124],[198,-184],[-92,-94],[119,-89],[-94,-158],[75,-105]],[[48031,93898],[-157,-194],[-566,-34],[31,-96],[-301,-285]],[[47038,93289],[-269,188],[-386,-143],[-288,38]],[[58896,92520],[-149,15],[-69,-110],[-160,197],[-157,-46],[-20,231],[-181,115],[63,69],[-173,-27],[19,136],[-162,-76],[-13,183],[-92,-92],[5,177],[428,299],[-145,154],[35,237],[-337,157],[140,61],[53,226]],[[57981,94426],[237,-116]],[[58218,94310],[200,-265],[363,-95],[867,292],[61,-125],[406,50],[470,-497],[123,24]],[[60708,93694],[232,99]],[[60940,93793],[-22,-73],[231,-1],[94,-163],[236,-11],[-57,-184],[184,-135],[-255,-282],[156,-41],[120,121],[75,-158],[-106,-330],[-255,-71]],[[61341,92465],[-656,-183],[-297,498],[-23,291],[-235,-127],[-346,55],[-188,-209],[-294,23],[-406,-293]],[[74428,57048],[-291,635],[-7,239],[426,415]],[[74556,58337],[-193,240],[20,142],[-185,12],[-169,235],[2,375],[140,363],[356,401],[-69,406]],[[74458,60511],[260,323],[127,406],[436,340]],[[75281,61580],[212,130]],[[75493,61710],[954,-1512],[-289,-281],[30,-310],[328,-137],[230,170],[251,-108],[376,-632],[504,-87],[175,-231],[898,106]],[[78950,58688],[165,-99],[-142,-738],[470,-248],[216,-328],[543,-52]],[[80202,57223],[-477,-217]],[[79725,57006],[-1247,-567],[-383,62]],[[78095,56501],[-345,512],[-563,323],[-1518,-281]],[[75669,57055],[-1241,-7]],[[38740,91774],[246,262],[685,121],[609,383],[-56,211],[311,275]],[[40535,93026],[101,-226],[215,-114]],[[40851,92686],[-129,-74],[192,-133],[-139,-104],[206,-21],[-112,-115],[207,-206],[-107,-149],[215,-360],[599,-366],[500,-53]],[[42283,91105],[-501,-285],[-496,52],[-713,-167]],[[40573,90705],[-176,68],[-100,-138]],[[58434,69159],[75,31],[-80,282],[149,-80],[45,308],[157,-81],[-29,182],[324,6],[-124,530],[291,-98],[72,-135],[89,295],[172,-64],[95,173],[64,-86],[86,146],[175,-91],[-27,92],[107,60],[171,-24]],[[60246,70605],[101,136],[90,-87],[133,122],[224,-28],[-37,-129],[125,-27]],[[60882,70592],[-47,-454],[-107,-150],[326,-501]],[[61054,69487],[-322,-18],[-172,-291],[-131,-37],[-542,-983]],[[59887,68158],[-294,42],[42,222],[-133,-68],[-34,109]],[[59468,68463],[-386,134],[-208,338],[-281,-44],[-16,215],[-143,53]],[[77736,87838],[63,-535]],[[77799,87303],[-23,-303],[-570,-62],[-254,-459],[-191,-97],[-420,39],[-143,203],[-365,85]],[[75833,86709],[165,192],[-167,312],[163,104],[174,448]],[[76168,87765],[138,195],[140,-50],[240,147],[184,296],[176,-368],[526,-198],[164,51]],[[46868,67934],[-178,173],[-2,186],[-85,-54],[-15,143],[-181,89],[23,167],[-284,413],[-14,244],[-411,154],[-187,249],[-89,-481],[-114,-84],[48,-369],[-190,-268],[36,-83],[-244,-150]],[[44981,68263],[-146,118],[-1112,-23],[59,196],[-1010,403],[-472,531],[-101,415],[-101,-559],[82,-125],[-144,-4],[-35,133],[-541,-417],[208,-140],[-113,-183],[194,-176],[-493,186],[-3,-186]],[[41253,68432],[-389,266],[22,222],[-181,100],[39,192],[-187,587],[-136,95]],[[40421,69894],[-304,217],[-22,151],[430,524],[159,-71],[431,461]],[[41115,71176],[335,473],[-76,178],[167,469],[162,-19]],[[41703,72277],[489,46],[324,246],[497,-212],[441,457],[532,4],[181,186],[497,-335],[592,-103],[307,117],[90,152],[72,-144],[585,13],[143,63],[-78,168],[51,184],[219,13],[-56,186],[153,133],[60,307],[299,112],[41,109],[-101,90]],[[47041,74069],[175,-4],[42,172],[187,-218],[210,21],[-91,148],[135,96],[160,-50],[84,-185],[19,102],[227,-7],[73,152],[164,-95]],[[48426,74201],[446,-933],[403,22],[146,-329],[420,-238],[194,-545],[190,-55],[72,132],[187,-93],[-48,-120],[341,131],[117,-91],[56,92],[337,-246]],[[51287,71928],[14,-122]],[[51301,71806],[28,-79],[-132,17],[-139,-230],[17,-108],[-135,22],[-411,-701],[-212,71],[-235,-429],[-2,-448],[-140,-317],[-216,-88],[-210,-367],[-607,-363],[-519,226],[-264,-65],[-360,171],[-94,-102],[-158,49],[-137,-152],[33,-118],[-238,-85],[120,-80],[-93,-213],[-268,-88],[166,-184],[-227,-211]],[[77861,63720],[-50,90]],[[77811,63810],[-179,221],[211,150],[-39,274],[-184,217]],[[77620,64672],[144,127],[333,-27]],[[78097,64772],[391,-29]],[[78488,64743],[-17,-174],[255,-389],[-196,-370],[160,-107],[-110,-337]],[[78580,63366],[-159,139],[-339,-51],[-221,266]],[[40297,90635],[112,-112],[-291,-1040],[-173,-107],[-442,380],[-468,119],[-86,-183],[100,-121],[-140,-156],[-309,-126],[-200,52]],[[38400,89341],[-335,175],[46,157],[-257,228],[295,76],[-395,55],[88,212],[-149,147],[143,108],[-159,59],[58,121],[-177,98],[-83,-70],[-31,243]],[[37444,90950],[-112,6],[219,191],[-253,98],[295,30],[13,89],[-284,104],[148,83]],[[37470,91551],[66,-128],[53,135],[83,-248],[129,-8],[337,336],[2,131],[122,22],[141,471]],[[38403,92262],[148,134],[29,-159],[200,-40],[-21,-177],[-221,-110],[202,-136]],[[38740,91774],[525,-14],[42,-60],[-255,-273],[145,-79],[72,213],[226,1],[-165,-56],[21,-116],[277,151],[90,-57],[-41,-225],[151,-126],[16,287],[282,-199],[-110,-106],[37,-131],[182,187],[138,-134],[-115,-38],[83,-157],[-193,53],[90,-58],[-102,-307],[161,105]],[[67507,35398],[600,-33],[83,165],[218,63],[305,-85],[249,-298],[-85,-123],[562,-266],[283,-646],[418,-275],[253,-478],[176,22],[9,228],[286,70]],[[70864,33742],[-97,-591],[57,-852]],[[70824,32299],[-170,141],[-155,-76],[10,236],[-115,68],[136,43],[-38,146],[-609,152],[-286,-69],[76,-149],[-119,87],[-266,-73],[-24,109],[89,16],[-95,193],[-108,-16],[-191,170],[-37,209],[-154,48],[101,235],[-188,228],[-371,54],[60,314],[-238,182],[-200,10],[-652,-439],[-66,-220],[-100,752],[372,205],[-70,101],[77,214],[-94,82],[108,146]],[[37106,85225],[-175,-2],[-8,155],[-154,-93],[-74,114],[-110,-39]],[[36585,85360],[1,774],[256,-47]],[[36842,86087],[1281,-25],[-5,1131]],[[38118,87193],[262,-112]],[[38380,87081],[4,-1052],[126,-11],[4,-1184]],[[38514,84834],[-700,-62],[-145,155],[-110,-139],[51,246],[147,68],[-338,61],[-29,-142],[-59,169],[157,178],[-313,-139],[-29,202],[-91,-134],[51,-72]],[[70007,75121],[-83,158],[105,26],[-110,169],[48,88]],[[69967,75562],[1201,77]],[[71168,75639],[-81,-603],[92,-246],[330,32]],[[71509,74822],[35,-909],[-742,-53],[-40,-129],[101,-32],[-84,-85]],[[70779,73614],[-220,118],[42,-145],[-154,-9],[-106,235],[-188,105],[94,65],[-50,116]],[[70197,74099],[44,214],[-188,151],[76,214],[-137,147],[140,207],[-125,89]],[[32379,72265],[95,-309],[285,-257],[235,-449],[-4,-167],[290,17],[158,-673],[-504,-168],[-159,-525],[-321,-559],[-497,-182],[32,-228],[-79,-145],[-264,-33],[-12,-316]],[[31634,68271],[-293,49],[-84,-147],[-167,214],[-69,-261],[-115,-35],[-73,122],[-128,-52],[59,163],[-100,79],[-199,-109],[-127,130],[-331,-305],[-432,-96],[-214,140]],[[29361,68163],[177,42],[43,154],[211,136],[-57,135],[195,475],[-22,336],[-203,235],[156,243],[6,490],[336,13],[-379,317],[-50,390],[-162,244]],[[29612,71373],[-55,355],[-319,122],[37,90]],[[29275,71940],[233,-22],[474,-286],[94,106],[372,-270],[362,92],[10,326],[232,216],[966,-185],[361,348]],[[4041,56669],[-19,1264],[597,1055],[588,548],[796,1],[504,158],[404,327],[914,883],[328,563],[374,128],[-3,496],[159,310],[713,837],[1004,657],[316,614],[219,175],[-5,261]],[[10930,64946],[965,297],[266,-96],[135,-284],[135,32]],[[12431,64895],[437,-46],[-19,-221],[235,-44],[-78,-69],[21,-100],[42,49],[64,-5],[-43,-88],[405,261],[13,-167],[196,65],[288,-98],[234,-355],[235,180],[363,-63],[-51,-220],[139,28],[59,-125],[-125,-201],[14,-407],[563,-120],[233,-553],[401,-283],[-144,-192],[74,-128],[-68,-133],[193,-172],[-34,-271],[107,-222],[-456,-314],[-44,-210],[84,-259],[295,-331],[64,-591],[-74,-390],[106,-366],[159,-216],[570,-281],[-14,-208],[328,-718],[420,-435],[44,-295],[744,-354],[364,-467],[67,-336]],[[18842,55424],[-397,-464],[-617,-87],[-596,-336],[-807,-96],[-199,112],[-598,-48],[-347,-129],[-75,-181],[-535,-202],[-270,35],[-114,-164],[-427,371],[-193,-169],[-404,-4],[-248,-189],[-141,-369],[-323,-80],[-90,-194]],[[12461,53230],[-300,102],[-192,-158],[-140,253],[34,181],[-179,-55],[-481,284],[-231,-38],[-93,183],[47,368],[-259,82],[-91,268],[-110,-61],[-92,175],[-233,80],[-352,-54],[-48,115],[-145,-17],[-243,-391],[0,87],[-125,-38],[51,130],[-81,80],[-475,-74],[-476,231],[-383,-27],[-93,-219],[-170,-54],[-289,68],[81,190],[-64,49],[-261,-237],[-49,-307],[-302,118]],[[6717,54544],[-237,380],[-27,357],[-330,70],[-95,203],[-769,412],[47,69],[-198,143],[-167,493],[-184,73],[-113,205],[-389,51],[-214,-331]],[[84081,74389],[-121,14],[40,170],[-170,-50],[1,486],[86,85],[-264,-9],[-56,257],[-157,128],[125,-24],[-38,369],[-125,-16],[-103,200],[233,82],[-78,132],[107,51],[-221,160],[100,158],[-142,75],[-59,228],[-222,74],[-423,-82],[-25,279],[-488,749],[-215,-194],[-103,202],[-120,-145]],[[81643,77768],[95,710],[275,158],[-127,212],[-273,71],[-56,154],[723,286],[439,-52],[-453,807],[217,-103],[283,221],[178,-93],[-90,236],[233,219],[32,251],[-77,-60],[-100,102],[-28,359],[-206,261],[-225,17],[263,438],[37,279],[-3,190],[-243,315]],[[82537,82746],[543,78],[359,348],[-387,-14],[-279,325],[21,172],[191,79],[27,514],[125,74],[-75,266],[51,434],[-95,219],[199,122],[-91,143],[96,93],[-79,213],[-68,-81],[-34,84],[292,89],[84,294],[262,116],[-140,477]],[[83539,86791],[217,342],[134,-212],[602,-224],[31,-639],[388,-137],[213,-286],[-47,-350],[-310,-355],[350,-117],[90,-246],[-81,-290],[90,-138],[448,337],[158,-344],[424,-19],[-83,-242],[124,-272],[-83,-318],[109,-57],[234,144],[164,-856]],[[86711,82512],[14,-120],[-180,-89],[235,-155],[-183,-40],[-80,-210],[277,-78],[8,-141],[129,56],[-90,-326],[340,-139],[-142,-102],[189,-459],[-180,-326],[41,-276],[118,-50],[-110,-176],[93,-128],[-102,-27],[-21,-201],[-101,9],[100,-252],[-216,-88],[140,-120],[6,-343],[-148,-146],[-24,-619],[170,-721]],[[86994,77245],[-510,174],[-238,449],[-533,73],[-444,-302],[-47,-437],[-393,-245],[120,-185],[-171,-119],[6,-187],[-135,-200],[223,-256],[-97,-166],[176,-206],[-95,-123],[-115,57],[36,-310],[-112,40],[158,-144],[-142,-1],[6,-89],[-225,60],[67,-219],[-249,-94],[32,-144],[-187,-103],[155,-114],[-199,-65]],[[68756,58847],[-330,256],[-104,298],[-252,215],[590,267],[80,-156],[470,223],[75,286],[195,154]],[[70522,60690],[290,-485],[-557,-1171],[88,-439],[173,-224],[-163,-110],[110,-404],[-157,-452],[448,-115],[14,-110]],[[70768,57180],[-191,-291],[-441,378],[-195,-203],[-262,0]],[[69679,57064],[-111,197],[-342,114],[-579,-82],[-111,396],[142,368],[-31,400],[150,192],[-41,198]],[[60963,63813],[323,775]],[[61286,64588],[569,179],[477,-313],[79,-262],[114,3],[-102,-200],[24,-244]],[[62447,63751],[-32,-400],[178,-115],[314,208],[131,-153],[204,91],[-83,-304],[201,-60],[-151,-72],[-14,-411]],[[63462,60178],[-633,256],[-193,188],[-338,-73],[-135,230],[-104,0],[44,491],[-429,226],[98,547],[-311,82],[-170,416],[376,43],[-113,60],[186,392],[-125,570],[-334,208],[-318,-1]],[[80715,65397],[-64,-114],[-307,-70],[-109,-247],[-202,1],[3,206]],[[80036,65173],[78,58],[-99,432],[273,322],[262,-55],[-236,518],[-145,105]],[[80169,66553],[142,20],[-265,228],[161,17]],[[80207,66818],[631,-623],[-264,-75],[317,-253]],[[80891,65867],[57,-218],[-199,-27],[-34,-225]],[[72093,78975],[-8,170],[178,-46],[-89,131]],[[72174,79230],[574,151],[309,-49],[151,-147],[373,79],[143,-99]],[[73724,79165],[112,-318],[-207,80],[26,-195],[123,-63],[-96,-258],[-120,-19],[115,-120],[-138,-13]],[[73539,78259],[-69,-84]],[[73470,78175],[-88,69],[85,88],[-276,-7],[3,99],[-305,83],[-2,88],[-339,58],[0,234],[-161,4],[2,92],[-296,-8]],[[67237,61128],[-196,132],[-130,1520],[-125,204],[40,510],[-205,178],[-37,476],[-90,52],[68,388],[-98,119],[93,105],[-414,794],[-620,-34]],[[65523,65572],[-300,-100],[-37,173]],[[65186,65645],[175,352],[221,136],[191,-78],[156,-290],[235,190],[208,-295],[194,39],[89,-117]],[[66655,65582],[137,-172],[403,-134],[7,-156],[349,-176],[467,-544],[230,16]],[[68248,64416],[367,-113],[146,-197],[274,-14]],[[69035,64092],[-6,-352],[-299,3],[148,-246],[10,-434],[242,-284],[251,170],[230,-123],[110,192]],[[69721,63018],[246,-69],[-5,-138],[474,-327],[144,-170],[4,-215],[213,-187],[189,-26],[102,147],[-10,-229],[151,74],[142,-136]],[[71371,61742],[-156,-404],[353,-783]],[[71568,60555],[141,-687]],[[71709,59868],[-226,-86],[-15,445],[-492,166],[-71,271],[-383,26]],[[70522,60690],[-259,-337],[-309,95],[-474,-58]],[[69480,60390],[-456,277],[-172,407],[-232,151],[-398,-31],[-294,-401],[-204,-82],[-487,417]],[[63691,59342],[87,344],[-59,335],[-257,157]],[[63462,60178],[-86,432],[136,198],[-141,243],[-204,104],[56,212],[-107,77],[158,-1],[-79,1092]],[[63195,62535],[707,-48]],[[63902,62487],[4,-226],[417,-5],[-5,-327],[260,-9],[124,-313],[137,-2],[53,-338],[278,-28],[-104,-404],[112,-322],[-40,-221],[125,-49],[-244,-254],[-157,-896],[116,-26],[3,-281],[182,-140],[-126,-126],[54,-94],[-102,-307]],[[64989,58119],[-354,-18],[-59,185],[89,233],[-88,41],[79,88],[-597,145],[-8,393],[-153,-39],[-71,168],[-136,27]],[[75650,70933],[85,73],[77,638],[-168,398],[30,288],[-832,-64]],[[74842,72266],[308,310],[291,13],[8,392],[169,76],[140,-110]],[[77830,72946],[-190,-153],[66,-118],[-92,-172],[111,-133]],[[77725,72370],[-43,-187],[342,-66],[-108,-153],[-232,45],[-42,-283],[232,-132],[-278,-184],[249,-195],[-287,-115],[7,-137]],[[77565,70963],[-122,-216],[-321,126],[-113,-92],[18,-210],[274,-151],[-76,-403]],[[77225,70017],[-199,38],[-189,318],[-263,94],[241,501],[-226,32],[-144,-441],[-445,-7],[-14,-278],[-182,331],[-223,11],[69,317]],[[73762,69830],[-266,-324],[-358,8],[-19,277],[-373,-4],[-28,-287],[-389,-3],[-2,146],[-175,-11]],[[72152,69632],[-257,177],[29,312]],[[71924,70121],[158,498],[-63,282]],[[72019,70901],[830,90],[8,-135],[472,170]],[[73329,71026],[110,-468],[-47,-279],[69,-17],[-61,-244],[362,-188]],[[70475,91554],[1,756],[-353,146],[188,642],[-284,121],[9,232],[-159,3],[184,85],[-184,81]],[[69877,93620],[173,45],[-63,126],[163,69],[0,172]],[[70150,94032],[5,395],[476,-10],[-12,279]],[[70619,94696],[193,22],[55,-205],[195,-129],[-45,-456],[120,6],[-1,-194],[405,-190],[9,-161],[-254,-353],[110,-254],[-100,-204],[332,-167],[145,142],[374,-250],[110,16],[-20,166],[100,67]],[[72347,92552],[118,-199],[-222,-165],[171,-316],[224,-34],[-285,-126],[261,-378],[-354,193],[39,-72]],[[72299,91455],[-185,27],[-799,-332],[-93,-718]],[[71222,90432],[-245,388]],[[70977,90820],[177,830],[-295,63],[49,-199],[-67,-33],[-276,167],[-90,-94]],[[82492,55557],[421,-62],[-36,326],[259,77],[-76,252],[835,173],[138,77],[162,354]],[[84195,56754],[368,-508],[645,-231],[603,252]],[[85811,56267],[1293,297]],[[87104,56564],[52,-482],[165,-103],[1,-240],[206,-114],[-6,-149],[401,205],[-23,-88]],[[87900,55593],[13,-224],[224,48],[57,-263],[120,-703],[9,-1178]],[[88323,53273],[-295,93],[-183,-115],[-126,-824],[175,-438],[-230,-189],[-606,-40],[-530,119],[-105,-78],[-13,119],[-147,55],[-127,-479],[75,-246],[64,133],[100,-142],[-266,-67],[-591,265],[-719,-20],[-262,-151],[-156,-351],[-39,-769],[131,-405],[309,-149],[-345,120],[-1042,692],[-535,-35],[-51,96],[154,61],[76,227],[-344,170],[434,270],[56,146],[-132,31],[181,59],[75,371],[-188,373],[-171,56],[-205,-125],[-60,105],[83,145]],[[82768,52356],[118,-2],[-58,303],[135,246],[452,403],[-842,269],[-90,528],[-164,216],[29,207],[-191,158],[-77,383],[108,8],[-165,334],[469,148]],[[52293,98328],[-244,600],[40,271],[251,26],[254,-317],[146,-16],[514,221],[308,611],[208,143],[282,-434],[452,5],[235,-264],[-364,-1088]],[[54375,98086],[-60,-166]],[[54315,97920],[-114,-36],[76,-195],[-239,-50]],[[54038,97639],[-247,96],[-325,-79],[-217,236],[-229,17],[-211,328],[-516,91]],[[63127,80080],[46,100],[113,-35],[309,-350],[-118,-389],[-143,-70],[-28,-366],[-139,-87],[63,-410]],[[63230,78473],[-112,-129],[-80,135],[-220,-330],[179,-193],[3,-515],[-145,-316],[-163,-58]],[[62692,77067],[-45,78],[-54,-119],[-4,-297],[-521,26],[151,-293],[-132,-61],[174,-41],[-6,-113],[-101,115],[-40,-144],[-182,34],[-61,-90],[214,-211],[-24,-95],[-221,107]],[[61840,75963],[-157,-33],[-42,115],[176,-3],[-11,110],[-216,98],[-114,-77],[-149,355]],[[61327,76528],[61,-85],[20,143],[141,53],[-132,12],[-9,188]],[[61408,76839],[-32,185],[234,368],[-210,47],[28,210],[-105,14],[155,217],[-37,218]],[[61441,78098],[175,-183],[1,185],[285,-204],[27,81],[-188,127],[170,88],[-121,98],[182,139],[-141,111],[50,95],[165,-56],[-93,219],[158,111],[77,-254],[215,-34],[-88,178],[75,66],[-194,35],[191,55],[-161,81],[168,75],[-13,128],[-90,-33]],[[62291,79206],[215,200],[148,-35],[2,109],[312,261],[-44,148],[136,-86],[-16,218],[83,59]],[[77354,73888],[186,-381],[205,-107]],[[77745,73400],[197,-167],[-148,-181],[36,-106]],[[77830,72946],[-969,-12],[-16,126],[-317,-14],[1,-181],[-222,-87],[-81,170],[-468,-1]],[[75758,72947],[4,202],[-368,4],[-16,415],[-203,152]],[[75175,73720],[2179,168]],[[68925,85135],[139,-29],[-88,271],[136,-11],[50,171],[90,-5],[-13,233],[193,112]],[[69432,85877],[143,33],[131,-113],[-25,-120],[206,-35],[-134,-169],[176,-65],[30,-128],[-147,-82],[11,-165],[-88,-51],[195,-33],[-127,-133],[143,-75],[-109,-46],[95,-32],[-65,-132],[-170,-29],[248,-29]],[[69945,84473],[-250,-349],[39,-159],[-198,-136],[170,18],[-22,-162],[-255,-189],[-554,-93],[18,-268],[133,-51],[250,-436],[-92,-51]],[[69184,82597],[-320,133],[-66,-84],[-247,256],[-64,285],[-225,204],[167,43],[0,156]],[[68429,83590],[171,49],[13,399],[225,-5],[-141,223],[119,110],[-195,257],[210,63],[-189,204],[191,32],[92,213]],[[68034,78015],[11,169],[-122,36],[85,107],[-218,111],[147,34],[19,254],[271,-16],[-116,239],[221,50],[323,-252],[266,329],[363,17],[-41,-166],[126,-268],[150,175],[156,-127],[205,99]],[[69880,78806],[17,-226],[-125,-26],[87,-348]],[[69859,78206],[-107,-186],[72,-1017]],[[69824,77003],[60,-215],[-150,4],[-137,-349],[120,-51],[18,-185]],[[69735,76207],[-500,-35],[-202,294]],[[69033,76466],[-11,213],[225,73],[109,271],[-166,-31],[-185,217],[-136,-120],[-118,102],[133,506],[-119,-7],[-50,125],[-107,-110],[-35,69],[-40,-139],[-70,252],[-429,128]],[[47806,49006],[-219,86],[-309,-299]],[[47278,48793],[-923,228],[2,409],[-177,163],[430,292],[15,453],[-245,463],[-163,62],[93,329],[-359,439],[68,161],[-164,0],[8,177],[-228,285],[147,74],[73,211]],[[45855,52539],[134,-4],[26,330],[314,85],[102,187]],[[46431,53137],[251,-13],[322,-321],[942,-481],[125,237],[488,-136],[327,169],[-4,-524],[-142,11],[-64,-309],[-172,-156],[174,-287],[436,106],[-34,-266],[133,-108],[-109,-43],[106,-70],[-134,-131],[37,-226],[-647,-395],[-51,-199],[-384,-383],[-225,-606]],[[51372,97557],[94,112]],[[51466,97669],[96,2],[-40,-170],[117,15],[31,-207],[197,15],[25,-269],[99,80],[308,-255]],[[52299,96880],[46,-129],[-129,-47],[164,-73],[-89,-35],[96,-120],[-88,-84],[118,-30],[224,-394]],[[52641,95968],[-254,-547],[-220,25],[-232,-137],[-193,114]],[[51742,95423],[239,196],[7,130],[-407,659],[40,273],[-99,115],[88,202],[-177,204],[-45,161],[82,49],[-98,145]],[[74610,73711],[-535,-8],[32,-298],[-168,-131],[91,-120],[-154,-30],[-88,-162],[-170,22]],[[73618,72984],[-167,283],[-102,-109],[-212,53],[-67,472],[-295,-72],[-72,149],[291,59],[72,145],[-433,217],[27,123],[196,72],[51,158],[139,-78],[38,113]],[[73084,74569],[887,1],[-56,-85],[97,-56],[-17,-122],[591,172]],[[74586,74479],[316,-119],[66,-167],[-3,-175],[-253,1],[-102,-308]],[[48832,97049],[280,353],[-8,349],[171,117],[150,402],[119,-10]],[[49544,98260],[-26,-247],[284,68],[-82,-161],[220,-155],[120,-399],[59,164],[271,-214]],[[50390,97316],[-161,-39],[111,-71],[-34,-193],[-235,-50],[248,-136],[-217,-137],[-2,-194]],[[50100,96496],[-316,-72],[-4,195],[-272,-60],[-241,93],[-189,94],[41,73],[-187,141],[11,100],[-111,-11]],[[41222,81005],[-121,22],[-136,-155],[104,-87],[185,129],[-119,-225],[71,-57],[-91,-334],[95,-85],[-60,-506],[-1110,-796]],[[40040,78911],[-285,416],[75,69],[-152,14],[117,62],[-192,82],[2,181],[-248,42],[-255,407]],[[39102,80184],[0,214],[-151,104],[62,104],[-118,52],[30,129]],[[38925,80787],[157,138],[-97,497],[-177,94],[198,132],[-125,102],[76,160],[-96,104],[-210,-256]],[[38651,81758],[88,353],[288,81],[132,-102]],[[39159,82090],[-93,-342],[192,-85],[84,-188],[137,29],[-160,449],[136,168],[83,-61],[-19,-377],[107,-197],[110,48],[-1,358],[325,-80],[41,-278],[-201,51],[-118,-278],[225,161],[27,-266],[237,-57],[143,60],[5,258],[169,-291],[319,364],[67,-78],[-121,-177],[42,-251],[232,184],[95,-209]],[[73724,65426],[178,69],[51,148],[-80,101],[249,-55],[-1,118],[287,3]],[[74408,65810],[457,-116],[10,-666]],[[74875,65028],[-588,-14],[-64,-694],[-327,-31],[-19,123],[-154,-127],[1,1141]],[[95903,59660],[-579,-1313]],[[95324,58347],[-407,113],[-5,100],[-42,-151],[13,287],[-179,65],[87,131],[-100,194],[93,138],[-48,231],[-69,-31]],[[94667,59424],[283,-14],[115,99],[-38,195],[406,118]],[[95433,59822],[470,-162]]]}