{"type":"Topology","objects":{"data":{"geometries":[{"properties":{"cd_mun_ibge":"4200051"},"type":"MultiPolygon","arcs":[[[-72,-905,-718,-91,-7]]],"id":0},{"properties":{"cd_mun_ibge":"4200101"},"type":"MultiPolygon","arcs":[[[-663,0,-449,-897,-117,-419,-51,-223]]],"id":1},{"properties":{"cd_mun_ibge":"4200200"},"type":"MultiPolygon","arcs":[[[-57,-848,-2,-18,-471,-408]]],"id":2},{"properties":{"cd_mun_ibge":"4200309"},"type":"MultiPolygon","arcs":[[[-254,-17,1,-853,-307,-570,-19]]],"id":3},{"properties":{"cd_mun_ibge":"4200408"},"type":"MultiPolygon","arcs":[[[-188,-327,-274,-83,-907,-511,-451,2,-59,-330,-605,-846]]],"id":4},{"properties":{"cd_mun_ibge":"4200507"},"type":"MultiPolygon","arcs":[[[-764,-383,-491,-84,3,-652]]],"id":5},{"properties":{"cd_mun_ibge":"4200556"},"type":"MultiPolygon","arcs":[[[-482,-874,-103,-384]]],"id":6},{"properties":{"cd_mun_ibge":"4200606"},"type":"MultiPolygon","arcs":[[[-646,-10,-552,-6,-754,-637]]],"id":7},{"properties":{"cd_mun_ibge":"4200705"},"type":"MultiPolygon","arcs":[[[-93,-257,-210,-315,-549,-9,-53]]],"id":8},{"properties":{"cd_mun_ibge":"4200754"},"type":"MultiPolygon","arcs":[[[-98,-466,-217,-489,4]]],"id":9},{"properties":{"cd_mun_ibge":"4200804"},"type":"MultiPolygon","arcs":[[[-596,-36,-178,-711,-429,-70]]],"id":10},{"properties":{"cd_mun_ibge":"4200903"},"type":"MultiPolygon","arcs":[[[5,-551,-314,-336,-11,-755]]],"id":11},{"properties":{"cd_mun_ibge":"4201000"},"type":"MultiPolygon","arcs":[[[-87,-73,6,-90,7]]],"id":12},{"properties":{"cd_mun_ibge":"4201109"},"type":"MultiPolygon","arcs":[[[-880,-54,8,-553,9,-645,-620]]],"id":13},{"properties":{"cd_mun_ibge":"4201208"},"type":"MultiPolygon","arcs":[[[-707,-756,10,-335,-688,-45]]],"id":14},{"properties":{"cd_mun_ibge":"4201257"},"type":"MultiPolygon","arcs":[[[-540,-320,-192,-14,-16,-15,-214]]],"id":15},{"properties":{"cd_mun_ibge":"4201273"},"type":"MultiPolygon","arcs":[[[-97,-236,-772,-226]]],"id":16},{"properties":{"cd_mun_ibge":"4201307"},"type":"MultiPolygon","arcs":[[[-695,-180,-280,-670,-32,11,-39]]],"id":17},{"properties":{"cd_mun_ibge":"4201406"},"type":"MultiPolygon","arcs":[[[-783,-114,-866,-358,-342,-105,-194,-954,12,-20]]],"id":18},{"properties":{"cd_mun_ibge":"4201505"},"type":"MultiPolygon","arcs":[[[-56,-574,-741,-198,-171]]],"id":19},{"properties":{"cd_mun_ibge":"4201604"},"type":"MultiPolygon","arcs":[[[-332,-918,-216,-843,-604]]],"id":20},{"properties":{"cd_mun_ibge":"4201653"},"type":"MultiPolygon","arcs":[[[-95,-948,-934,-939,-770]]],"id":21},{"properties":{"cd_mun_ibge":"4201703"},"type":"MultiPolygon","arcs":[[[13,-191,-44,-592,-211,14,15]]],"id":22},{"properties":{"cd_mun_ibge":"4201802"},"type":"MultiPolygon","arcs":[[[16,-253,-472,17]]],"id":23},{"properties":{"cd_mun_ibge":"4201901"},"type":"MultiPolygon","arcs":[[[18,-569,-321,-538,-255]]],"id":24},{"properties":{"cd_mun_ibge":"4201950"},"type":"MultiPolygon","arcs":[[[-33,19,20]]],"id":25},{"properties":{"cd_mun_ibge":"4202008"},"type":"MultiPolygon","arcs":[[[-241,21,-247,-65]],[[22]],[[23]],[[24]]],"id":26},{"properties":{"cd_mun_ibge":"4202057"},"type":"MultiPolygon","arcs":[[[25]],[[26]],[[27]],[[28]],[[29]],[[30,31,-669]]],"id":27},{"properties":{"cd_mun_ibge":"4202073"},"type":"MultiPolygon","arcs":[[[-447,-623,-784,32,33]]],"id":28},{"properties":{"cd_mun_ibge":"4202081"},"type":"MultiPolygon","arcs":[[[-746,-111,-43,34,-444]]],"id":29},{"properties":{"cd_mun_ibge":"4202099"},"type":"MultiPolygon","arcs":[[[-179,35,-595,-749]]],"id":30},{"properties":{"cd_mun_ibge":"4202107"},"type":"MultiPolygon","arcs":[[[36]],[[37]],[[-324,-696,38,39,-479]],[[40]]],"id":31},{"properties":{"cd_mun_ibge":"4202131"},"type":"MultiPolygon","arcs":[[[-338,-827,-79]]],"id":32},{"properties":{"cd_mun_ibge":"4202156"},"type":"MultiPolygon","arcs":[[[41,42,-110,-617]]],"id":33},{"properties":{"cd_mun_ibge":"4202206"},"type":"MultiPolygon","arcs":[[[43,-193,-283,-113,-562,-819,-590]]],"id":34},{"properties":{"cd_mun_ibge":"4202305"},"type":"MultiPolygon","arcs":[[[44,-687,-76,-810,-164,-129,-708]]],"id":35},{"properties":{"cd_mun_ibge":"4202404"},"type":"MultiPolygon","arcs":[[[-175,-55,-212,-499,-266,-351,-323,-162]]],"id":36},{"properties":{"cd_mun_ibge":"4202438"},"type":"MultiPolygon","arcs":[[[-296,-410,-52,-583,-424]]],"id":37},{"properties":{"cd_mun_ibge":"4202453"},"type":"MultiPolygon","arcs":[[[45]],[[46]],[[47]],[[-512,48]]],"id":38},{"properties":{"cd_mun_ibge":"4202503"},"type":"MultiPolygon","arcs":[[[-702,-885,-404,-308,-836,-780,-397,49]]],"id":39},{"properties":{"cd_mun_ibge":"4202537"},"type":"MultiPolygon","arcs":[[[50,-418,-116,-937,-221]]],"id":40},{"properties":{"cd_mun_ibge":"4202578"},"type":"MultiPolygon","arcs":[[[-361,-343,-805,-627,-602,-774]]],"id":41},{"properties":{"cd_mun_ibge":"4202602"},"type":"MultiPolygon","arcs":[[[-584,51,-409,-475,-94,52,53,-879]]],"id":42},{"properties":{"cd_mun_ibge":"4202701"},"type":"MultiPolygon","arcs":[[[-58,-390,-912,-536,-213,54,-174]]],"id":43},{"properties":{"cd_mun_ibge":"4202800"},"type":"MultiPolygon","arcs":[[[-406,-169,-575,55,-170,-735]]],"id":44},{"properties":{"cd_mun_ibge":"4202859"},"type":"MultiPolygon","arcs":[[[-521,-849,56,-407]]],"id":45},{"properties":{"cd_mun_ibge":"4202875"},"type":"MultiPolygon","arcs":[[[-75,-367,-147,-108,-719,-903]]],"id":46},{"properties":{"cd_mun_ibge":"4202909"},"type":"MultiPolygon","arcs":[[[-243,-64,-77,-391,57,-173,-161]]],"id":47},{"properties":{"cd_mun_ibge":"4203006"},"type":"MultiPolygon","arcs":[[[-920,-331,58,59,-63,-309,-554]]],"id":48},{"properties":{"cd_mun_ibge":"4203105"},"type":"MultiPolygon","arcs":[[[60,-362,-585,-230,-106,-437]]],"id":49},{"properties":{"cd_mun_ibge":"4203154"},"type":"MultiPolygon","arcs":[[[61,-354,-519,-823,-310,62]]],"id":50},{"properties":{"cd_mun_ibge":"4203204"},"type":"MultiPolygon","arcs":[[[-246,-812,-78,63,-242,64]]],"id":51},{"properties":{"cd_mun_ibge":"4203253"},"type":"MultiPolygon","arcs":[[[-293,65,-69]]],"id":52},{"properties":{"cd_mun_ibge":"4203303"},"type":"MultiPolygon","arcs":[[[66,-159,-278,-268,-642]]],"id":53},{"properties":{"cd_mun_ibge":"4203402"},"type":"MultiPolygon","arcs":[[[67,-92,-723,-294,68]]],"id":54},{"properties":{"cd_mun_ibge":"4203501"},"type":"MultiPolygon","arcs":[[[-728,-639,-600,-599,598,-598,-629,-593,69,-428,70]]],"id":55},{"properties":{"cd_mun_ibge":"4203600"},"type":"MultiPolygon","arcs":[[[71,72,-86,73,-950,-81,-416,-288,-115,-185,-187,-803,-368,74,-902]]],"id":56},{"properties":{"cd_mun_ibge":"4203709"},"type":"MultiPolygon","arcs":[[[75,-691,-392,76,77,-811]]],"id":57},{"properties":{"cd_mun_ibge":"4203808"},"type":"MultiPolygon","arcs":[[[-339,78,-826,-235,79,-834]]],"id":58},{"properties":{"cd_mun_ibge":"4203907"},"type":"MultiPolygon","arcs":[[[80,-952,81,-487,-219,-417]]],"id":59},{"properties":{"cd_mun_ibge":"4203956"},"type":"MultiPolygon","arcs":[[[-172,-467,-301,-858]]],"id":60},{"properties":{"cd_mun_ibge":"4204004"},"type":"MultiPolygon","arcs":[[[-261,-231,-908,82,-273]]],"id":61},{"properties":{"cd_mun_ibge":"4204103"},"type":"MultiPolygon","arcs":[[[83,-496,-183,84]]],"id":62},{"properties":{"cd_mun_ibge":"4204152"},"type":"MultiPolygon","arcs":[[[85,86,87]]],"id":63},{"properties":{"cd_mun_ibge":"4204178"},"type":"MultiPolygon","arcs":[[[88,89,90,-717,91]]],"id":64},{"properties":{"cd_mun_ibge":"4204194"},"type":"MultiPolygon","arcs":[[[-258,92,93,-474]]],"id":65},{"properties":{"cd_mun_ibge":"4204202"},"type":"MultiPolygon","arcs":[[[-949,94,-769,-421,95,-184,-494,-385,-102,-100]]],"id":66},{"properties":{"cd_mun_ibge":"4204251"},"type":"MultiPolygon","arcs":[[[-459,-372,-104,-777,-896]]],"id":67},{"properties":{"cd_mun_ibge":"4204301"},"type":"MultiPolygon","arcs":[[[-237,96,-225,-317,-232,-259,-530,-218,-464,97,98]]],"id":68},{"properties":{"cd_mun_ibge":"4204350"},"type":"MultiPolygon","arcs":[[[-101,-944,99]]],"id":69},{"properties":{"cd_mun_ibge":"4204400"},"type":"MultiPolygon","arcs":[[[-348,-945,100,101,-387,-382,102,-873,-546]]],"id":70},{"properties":{"cd_mun_ibge":"4204459"},"type":"MultiPolygon","arcs":[[[-660,-632,-401,-149]]],"id":71},{"properties":{"cd_mun_ibge":"4204509"},"type":"MultiPolygon","arcs":[[[-267,-564,-576,-644]]],"id":72},{"properties":{"cd_mun_ibge":"4204558"},"type":"MultiPolygon","arcs":[[[-721,-109,-504,-435,-295]]],"id":73},{"properties":{"cd_mun_ibge":"4204608"},"type":"MultiPolygon","arcs":[[[-144,-398,-778,103,-371,-195,104,-341]]],"id":74},{"properties":{"cd_mun_ibge":"4204707"},"type":"MultiPolygon","arcs":[[[-107,-438,105,-229,-344,-359,-760]]],"id":75},{"properties":{"cd_mun_ibge":"4204756"},"type":"MultiPolygon","arcs":[[[-439,106,-759,-651]]],"id":76},{"properties":{"cd_mun_ibge":"4204806"},"type":"MultiPolygon","arcs":[[[107,-146,-145,-311,-615,-505,-655,-500,108,-720]]],"id":77},{"properties":{"cd_mun_ibge":"4204905"},"type":"MultiPolygon","arcs":[[[-618,109,110,-752,-118,-227,-588,-220]]],"id":78},{"properties":{"cd_mun_ibge":"4205001"},"type":"MultiPolygon","arcs":[[[-431,-181,-542,111]]],"id":79},{"properties":{"cd_mun_ibge":"4205100"},"type":"MultiPolygon","arcs":[[[-559,-795,-933,-285,-532]]],"id":80},{"properties":{"cd_mun_ibge":"4205159"},"type":"MultiPolygon","arcs":[[[-239,-578,-563,112,-282]]],"id":81},{"properties":{"cd_mun_ibge":"4205175"},"type":"MultiPolygon","arcs":[[[-306,-349,-544,-657,-222]]],"id":82},{"properties":{"cd_mun_ibge":"4205191"},"type":"MultiPolygon","arcs":[[[113,-782,-262,-867]]],"id":83},{"properties":{"cd_mun_ibge":"4205209"},"type":"MultiPolygon","arcs":[[[-291,-186,114]]],"id":84},{"properties":{"cd_mun_ibge":"4205308"},"type":"MultiPolygon","arcs":[[[-224,-941,-938,115,-420,116,-901]]],"id":85},{"properties":{"cd_mun_ibge":"4205357"},"type":"MultiPolygon","arcs":[[[-744,-346,-228,117,-751,-594]]],"id":86},{"properties":{"cd_mun_ibge":"4205407"},"type":"MultiPolygon","arcs":[[[118]],[[119]],[[120]],[[121]],[[122]],[[123]],[[124]],[[125]],[[126]],[[127]],[[-426,-709,128,-163,129]],[[130]],[[131]],[[132]],[[133]],[[134]],[[135]],[[136]],[[137]],[[138]],[[139]],[[140]],[[141]],[[142]]],"id":87},{"properties":{"cd_mun_ibge":"4205431"},"type":"MultiPolygon","arcs":[[[-548,-270,-233,-724,-402,-634]]],"id":88},{"properties":{"cd_mun_ibge":"4205456"},"type":"MultiPolygon","arcs":[[[-340,-356,-393,143]]],"id":89},{"properties":{"cd_mun_ibge":"4205506"},"type":"MultiPolygon","arcs":[[[-369,-801,-922,-555,-312,144,-148]]],"id":90},{"properties":{"cd_mun_ibge":"4205555"},"type":"MultiPolygon","arcs":[[[145,146,-366,147]]],"id":91},{"properties":{"cd_mun_ibge":"4205605"},"type":"MultiPolygon","arcs":[[[148,-400,-286,149,-661]]],"id":92},{"properties":{"cd_mun_ibge":"4205704"},"type":"MultiPolygon","arcs":[[[150]],[[151]],[[152]],[[153]],[[154]],[[155]],[[-206,-453,156]],[[157]]],"id":93},{"properties":{"cd_mun_ibge":"4205803"},"type":"MultiPolygon","arcs":[[[-672,-279,158,159,-251]]],"id":94},{"properties":{"cd_mun_ibge":"4205902"},"type":"MultiPolygon","arcs":[[[160,-176,161,-322,-196,-244]]],"id":95},{"properties":{"cd_mun_ibge":"4206009"},"type":"MultiPolygon","arcs":[[[162,163,-809,164]],[[165]],[[166]],[[167]]],"id":96},{"properties":{"cd_mun_ibge":"4206108"},"type":"MultiPolygon","arcs":[[[-405,-883,-573,168]]],"id":97},{"properties":{"cd_mun_ibge":"4206207"},"type":"MultiPolygon","arcs":[[[-732,169,170,-197,-468,171,-857]]],"id":98},{"properties":{"cd_mun_ibge":"4206306"},"type":"MultiPolygon","arcs":[[[172,173,174,175]]],"id":99},{"properties":{"cd_mun_ibge":"4206405"},"type":"MultiPolygon","arcs":[[[-446,176,-712,177,178,-748]]],"id":100},{"properties":{"cd_mun_ibge":"4206504"},"type":"MultiPolygon","arcs":[[[-694,-353,-269,-766,-276,179]]],"id":101},{"properties":{"cd_mun_ibge":"4206603"},"type":"MultiPolygon","arcs":[[[180,-430,-715,-543]]],"id":102},{"properties":{"cd_mun_ibge":"4206652"},"type":"MultiPolygon","arcs":[[[181,182,-495,183]]],"id":103},{"properties":{"cd_mun_ibge":"4206702"},"type":"MultiPolygon","arcs":[[[-290,-275,-329,-190,184,185]]],"id":104},{"properties":{"cd_mun_ibge":"4206751"},"type":"MultiPolygon","arcs":[[[-189,-804,186]]],"id":105},{"properties":{"cd_mun_ibge":"4206801"},"type":"MultiPolygon","arcs":[[[-328,187,-845,-215,-485,-799,188,189]]],"id":106},{"properties":{"cd_mun_ibge":"4206900"},"type":"MultiPolygon","arcs":[[[190,191,-319,-567,-534,-284,192]]],"id":107},{"properties":{"cd_mun_ibge":"4207007"},"type":"MultiPolygon","arcs":[[[193,194,-373,-606,-264,-955]]],"id":108},{"properties":{"cd_mun_ibge":"4207106"},"type":"MultiPolygon","arcs":[[[-325,-379,-245,195]]],"id":109},{"properties":{"cd_mun_ibge":"4207205"},"type":"MultiPolygon","arcs":[[[196,197,-740,-455,-205,-302,-469]]],"id":110},{"properties":{"cd_mun_ibge":"4207304"},"type":"MultiPolygon","arcs":[[[198]],[[199]],[[200]],[[201]],[[202]],[[203]],[[-303,204,-454,205,206]],[[207]],[[208]]],"id":111},{"properties":{"cd_mun_ibge":"4207403"},"type":"MultiPolygon","arcs":[[[-915,-313,209,-256]]],"id":112},{"properties":{"cd_mun_ibge":"4207502"},"type":"MultiPolygon","arcs":[[[210,-591,-822,-497,211,212,-535,213]]],"id":113},{"properties":{"cd_mun_ibge":"4207577"},"type":"MultiPolygon","arcs":[[[214,-844,215,-917,-486]]],"id":114},{"properties":{"cd_mun_ibge":"4207601"},"type":"MultiPolygon","arcs":[[[216,-465,217,-529,-412,218,-490]]],"id":115},{"properties":{"cd_mun_ibge":"4207650"},"type":"MultiPolygon","arcs":[[[-861,-619,219,-587,-365,-686]]],"id":116},{"properties":{"cd_mun_ibge":"4207684"},"type":"MultiPolygon","arcs":[[[220,-936,221,-664,222]]],"id":117},{"properties":{"cd_mun_ibge":"4207700"},"type":"MultiPolygon","arcs":[[[-771,-942,223,-900,-509,-318,224,225]]],"id":118},{"properties":{"cd_mun_ibge":"4207759"},"type":"MultiPolygon","arcs":[[[226,227,-345,228,229,-589]]],"id":119},{"properties":{"cd_mun_ibge":"4207809"},"type":"MultiPolygon","arcs":[[[-316,-507,-909,230,-260,231]]],"id":120},{"properties":{"cd_mun_ibge":"4207858"},"type":"MultiPolygon","arcs":[[[-601,-725,232,-271,-788]]],"id":121},{"properties":{"cd_mun_ibge":"4207908"},"type":"MultiPolygon","arcs":[[[233,234,-825,-518]]],"id":122},{"properties":{"cd_mun_ibge":"4208005"},"type":"MultiPolygon","arcs":[[[-422,-773,235,236,237]]],"id":123},{"properties":{"cd_mun_ibge":"4208104"},"type":"MultiPolygon","arcs":[[[-443,-334,-579,238,-281,-924,-626]]],"id":124},{"properties":{"cd_mun_ibge":"4208203"},"type":"MultiPolygon","arcs":[[[239,240,241,242,243,244,-378]]],"id":125},{"properties":{"cd_mun_ibge":"4208302"},"type":"MultiPolygon","arcs":[[[-514,245,246,247]]],"id":126},{"properties":{"cd_mun_ibge":"4208401"},"type":"MultiPolygon","arcs":[[[-863,-685,-364,248]]],"id":127},{"properties":{"cd_mun_ibge":"4208450"},"type":"MultiPolygon","arcs":[[[249,-673,250]],[[251]]],"id":128},{"properties":{"cd_mun_ibge":"4208500"},"type":"MultiPolygon","arcs":[[[-473,252,253,254,-537,-910,255,256,257]]],"id":129},{"properties":{"cd_mun_ibge":"4208609"},"type":"MultiPolygon","arcs":[[[-272,-413,-527,258,259,260]]],"id":130},{"properties":{"cd_mun_ibge":"4208708"},"type":"MultiPolygon","arcs":[[[261,-781,-622,-699,-526,262,-815,-868]]],"id":131},{"properties":{"cd_mun_ibge":"4208807"},"type":"MultiPolygon","arcs":[[[-956,263,-608,-842,-860,-300,264]]],"id":132},{"properties":{"cd_mun_ibge":"4208906"},"type":"MultiPolygon","arcs":[[[-352,265,-498,-565,266,-643,267,-277,-767,268]]],"id":133},{"properties":{"cd_mun_ibge":"4208955"},"type":"MultiPolygon","arcs":[[[269,-547,-877,-789,270]]],"id":134},{"properties":{"cd_mun_ibge":"4209003"},"type":"MultiPolygon","arcs":[[[-289,-414,271,272,273,-326,274]]],"id":135},{"properties":{"cd_mun_ibge":"4209102"},"type":"MultiPolygon","arcs":[[[275,-765,276,277,278,-671,279]]],"id":136},{"properties":{"cd_mun_ibge":"4209151"},"type":"MultiPolygon","arcs":[[[-932,-925,280,281,282,283,-533,284]]],"id":137},{"properties":{"cd_mun_ibge":"4209177"},"type":"MultiPolygon","arcs":[[[285,-399,-730,286]]],"id":138},{"properties":{"cd_mun_ibge":"4209201"},"type":"MultiPolygon","arcs":[[[287,-415,288,289,290]]],"id":139},{"properties":{"cd_mun_ibge":"4209300"},"type":"MultiPolygon","arcs":[[[-704,291,292,293,-722,294,-434,-411,295,-425]]],"id":140},{"properties":{"cd_mun_ibge":"4209409"},"type":"MultiPolygon","arcs":[[[296]],[[297]],[[298]],[[299,-859,300,-470,301,302,303]],[[304]]],"id":141},{"properties":{"cd_mun_ibge":"4209458"},"type":"MultiPolygon","arcs":[[[305,-935,-946,-347]]],"id":142},{"properties":{"cd_mun_ibge":"4209508"},"type":"MultiPolygon","arcs":[[[-571,306,-852,-561,-531]]],"id":143},{"properties":{"cd_mun_ibge":"4209607"},"type":"MultiPolygon","arcs":[[[-893,-837,307,-403]]],"id":144},{"properties":{"cd_mun_ibge":"4209706"},"type":"MultiPolygon","arcs":[[[308,309,-830,-609,310,311]]],"id":145},{"properties":{"cd_mun_ibge":"4209805"},"type":"MultiPolygon","arcs":[[[312,-914,-389,-337,313,-550,314]]],"id":146},{"properties":{"cd_mun_ibge":"4209854"},"type":"MultiPolygon","arcs":[[[-508,315,316,317]]],"id":147},{"properties":{"cd_mun_ibge":"4209904"},"type":"MultiPolygon","arcs":[[[318,319,-539,320,-568]]],"id":148},{"properties":{"cd_mun_ibge":"4210001"},"type":"MultiPolygon","arcs":[[[321,322,-350,-692,323,-478,-380,324]]],"id":149},{"properties":{"cd_mun_ibge":"4210035"},"type":"MultiPolygon","arcs":[[[325,326,327,328]]],"id":150},{"properties":{"cd_mun_ibge":"4210050"},"type":"MultiPolygon","arcs":[[[329,330,-919,331,-603]]],"id":151},{"properties":{"cd_mun_ibge":"4210100"},"type":"MultiPolygon","arcs":[[[-442,-831,332,-580,333]]],"id":152},{"properties":{"cd_mun_ibge":"4210209"},"type":"MultiPolygon","arcs":[[[-689,334,335,336,-388]]],"id":153},{"properties":{"cd_mun_ibge":"4210308"},"type":"MultiPolygon","arcs":[[[-370,-610,-828,337,338,-833,-441]]],"id":154},{"properties":{"cd_mun_ibge":"4210407"},"type":"MultiPolygon","arcs":[[[-357,339,340,341]]],"id":155},{"properties":{"cd_mun_ibge":"4210506"},"type":"MultiPolygon","arcs":[[[342,-360,343,344,345,-743,-806]]],"id":156},{"properties":{"cd_mun_ibge":"4210555"},"type":"MultiPolygon","arcs":[[[346,347,-545,348]]],"id":157},{"properties":{"cd_mun_ibge":"4210605"},"type":"MultiPolygon","arcs":[[[-693,349,350,351,352]]],"id":158},{"properties":{"cd_mun_ibge":"4210704"},"type":"MultiPolygon","arcs":[[[353,354,-520]]],"id":159},{"properties":{"cd_mun_ibge":"4210803"},"type":"MultiPolygon","arcs":[[[-375,-394,355,356,357,-871]]],"id":160},{"properties":{"cd_mun_ibge":"4210852"},"type":"MultiPolygon","arcs":[[[-524,-501,-653,-506,-613,-798]]],"id":161},{"properties":{"cd_mun_ibge":"4210902"},"type":"MultiPolygon","arcs":[[[-791,-484,-761,358,359,360,-776]]],"id":162},{"properties":{"cd_mun_ibge":"4211009"},"type":"MultiPolygon","arcs":[[[361,362,363,-684,364,-586]]],"id":163},{"properties":{"cd_mun_ibge":"4211058"},"type":"MultiPolygon","arcs":[[[365,366,367,-802,368]]],"id":164},{"properties":{"cd_mun_ibge":"4211108"},"type":"MultiPolygon","arcs":[[[-556,-611,369,-440]]],"id":165},{"properties":{"cd_mun_ibge":"4211207"},"type":"MultiPolygon","arcs":[[[370,371,-458,-840,-607,372]]],"id":166},{"properties":{"cd_mun_ibge":"4211256"},"type":"MultiPolygon","arcs":[[[373,-395,374,-870,-817]]],"id":167},{"properties":{"cd_mun_ibge":"4211306"},"type":"MultiPolygon","arcs":[[[375]],[[376]],[[377,378,379,-477,-461,380]]],"id":168},{"properties":{"cd_mun_ibge":"4211405"},"type":"MultiPolygon","arcs":[[[381,-386,-492,382,-763,-483,383]]],"id":169},{"properties":{"cd_mun_ibge":"4211454"},"type":"MultiPolygon","arcs":[[[384,-493,385,386]]],"id":170},{"properties":{"cd_mun_ibge":"4211504"},"type":"MultiPolygon","arcs":[[[387,388,-913,389,390,391,-690]]],"id":171},{"properties":{"cd_mun_ibge":"4211603"},"type":"MultiPolygon","arcs":[[[392,393,394,395,396,-779,397]]],"id":172},{"properties":{"cd_mun_ibge":"4211652"},"type":"MultiPolygon","arcs":[[[398,399,400,-631,401,-731]]],"id":173},{"properties":{"cd_mun_ibge":"4211702"},"type":"MultiPolygon","arcs":[[[402,403,-884,404,405,-734,-460,-894]]],"id":174},{"properties":{"cd_mun_ibge":"4211751"},"type":"MultiPolygon","arcs":[[[-502,-522,406,407,-476,408,409,410,-433]]],"id":175},{"properties":{"cd_mun_ibge":"4211801"},"type":"MultiPolygon","arcs":[[[411,-528,412,413,414,415,416]]],"id":176},{"properties":{"cd_mun_ibge":"4211850"},"type":"MultiPolygon","arcs":[[[417,418,419]]],"id":177},{"properties":{"cd_mun_ibge":"4211876"},"type":"MultiPolygon","arcs":[[[420,-768,421,422]]],"id":178},{"properties":{"cd_mun_ibge":"4211892"},"type":"MultiPolygon","arcs":[[[423,-582,-887,-705,424]]],"id":179},{"properties":{"cd_mun_ibge":"4211900"},"type":"MultiPolygon","arcs":[[[-635,-710,425,426,-456]]],"id":180},{"properties":{"cd_mun_ibge":"4212007"},"type":"MultiPolygon","arcs":[[[427,428,-716,429,430,431]]],"id":181},{"properties":{"cd_mun_ibge":"4212056"},"type":"MultiPolygon","arcs":[[[-503,432,433,434]]],"id":182},{"properties":{"cd_mun_ibge":"4212106"},"type":"MultiPolygon","arcs":[[[-650,435,436,437,438]]],"id":183},{"properties":{"cd_mun_ibge":"4212205"},"type":"MultiPolygon","arcs":[[[-557,439,440,-832,441,442,-625]]],"id":184},{"properties":{"cd_mun_ibge":"4212239"},"type":"MultiPolygon","arcs":[[[-747,443,444,445]]],"id":185},{"properties":{"cd_mun_ibge":"4212254"},"type":"MultiPolygon","arcs":[[[-701,446,447]]],"id":186},{"properties":{"cd_mun_ibge":"4212270"},"type":"MultiPolygon","arcs":[[[-898,448,449,450,-510]]],"id":187},{"properties":{"cd_mun_ibge":"4212304"},"type":"MultiPolygon","arcs":[[[451,452,453,454,-739,-648,-636,455]],[[456]]],"id":188},{"properties":{"cd_mun_ibge":"4212403"},"type":"MultiPolygon","arcs":[[[-733,-855,-841,457,458,-895,459]]],"id":189},{"properties":{"cd_mun_ibge":"4212502"},"type":"MultiPolygon","arcs":[[[460,-481,461]],[[462]]],"id":190},{"properties":{"cd_mun_ibge":"4212601"},"type":"MultiPolygon","arcs":[[[463,464,465]]],"id":191},{"properties":{"cd_mun_ibge":"4212650"},"type":"MultiPolygon","arcs":[[[466,467,468,469]]],"id":192},{"properties":{"cd_mun_ibge":"4212700"},"type":"MultiPolygon","arcs":[[[470,471,472,473,474,475]]],"id":193},{"properties":{"cd_mun_ibge":"4212809"},"type":"MultiPolygon","arcs":[[[476,477,478,479,480]]],"id":194},{"properties":{"cd_mun_ibge":"4212908"},"type":"MultiPolygon","arcs":[[[-790,-875,481,482,-762,483]]],"id":195},{"properties":{"cd_mun_ibge":"4213005"},"type":"MultiPolygon","arcs":[[[484,485,-916,-800]]],"id":196},{"properties":{"cd_mun_ibge":"4213104"},"type":"MultiPolygon","arcs":[[[486,487,488,489]]],"id":197},{"properties":{"cd_mun_ibge":"4213153"},"type":"MultiPolygon","arcs":[[[490,491,492,493,494,495]]],"id":198},{"properties":{"cd_mun_ibge":"4213203"},"type":"MultiPolygon","arcs":[[[496,-821,-566,497,498]]],"id":199},{"properties":{"cd_mun_ibge":"4213302"},"type":"MultiPolygon","arcs":[[[499,-654,500,-523,501,502,503]]],"id":200},{"properties":{"cd_mun_ibge":"4213351"},"type":"MultiPolygon","arcs":[[[504,-614,505,-656]]],"id":201},{"properties":{"cd_mun_ibge":"4213401"},"type":"MultiPolygon","arcs":[[[506,507,508,-899,509,510,-906]]],"id":202},{"properties":{"cd_mun_ibge":"4213500"},"type":"MultiPolygon","arcs":[[[511,512,-813,513,514]],[[515]]],"id":203},{"properties":{"cd_mun_ibge":"4213609"},"type":"MultiPolygon","arcs":[[[516,517,-824,518,519]]],"id":204},{"properties":{"cd_mun_ibge":"4213708"},"type":"MultiPolygon","arcs":[[[-558,-850,520,521,522,523,-797]]],"id":205},{"properties":{"cd_mun_ibge":"4213807"},"type":"MultiPolygon","arcs":[[[524,525,-698]]],"id":206},{"properties":{"cd_mun_ibge":"4213906"},"type":"MultiPolygon","arcs":[[[526,527,528,529]]],"id":207},{"properties":{"cd_mun_ibge":"4214003"},"type":"MultiPolygon","arcs":[[[-572,530,-560,531,532,533]]],"id":208},{"properties":{"cd_mun_ibge":"4214102"},"type":"MultiPolygon","arcs":[[[534,535,-911,536,537,538,539]]],"id":209},{"properties":{"cd_mun_ibge":"4214151"},"type":"MultiPolygon","arcs":[[[540,541,542,-714]]],"id":210},{"properties":{"cd_mun_ibge":"4214201"},"type":"MultiPolygon","arcs":[[[-658,543,544,545,-872,546,547,-633]]],"id":211},{"properties":{"cd_mun_ibge":"4214300"},"type":"MultiPolygon","arcs":[[[548,549,550,551,552]]],"id":212},{"properties":{"cd_mun_ibge":"4214409"},"type":"MultiPolygon","arcs":[[[553,554,-921]]],"id":213},{"properties":{"cd_mun_ibge":"4214508"},"type":"MultiPolygon","arcs":[[[-612,555,556,-624,-927,-597,-793]]],"id":214},{"properties":{"cd_mun_ibge":"4214607"},"type":"MultiPolygon","arcs":[[[-851,557,-796,558,559,560]]],"id":215},{"properties":{"cd_mun_ibge":"4214706"},"type":"MultiPolygon","arcs":[[[561,562,-577,563,564,565,-820]]],"id":216},{"properties":{"cd_mun_ibge":"4214805"},"type":"MultiPolygon","arcs":[[[566,567,568,569,570,571]]],"id":217},{"properties":{"cd_mun_ibge":"4214904"},"type":"MultiPolygon","arcs":[[[572,-882,-621,-736,573,574]]],"id":218},{"properties":{"cd_mun_ibge":"4215000"},"type":"MultiPolygon","arcs":[[[-640,575,576,577,578,579,580]]],"id":219},{"properties":{"cd_mun_ibge":"4215059"},"type":"MultiPolygon","arcs":[[[581,582,583,-878,-888]]],"id":220},{"properties":{"cd_mun_ibge":"4215075"},"type":"MultiPolygon","arcs":[[[584,585,586,587,588]]],"id":221},{"properties":{"cd_mun_ibge":"4215109"},"type":"MultiPolygon","arcs":[[[589,-818,590,591]]],"id":222},{"properties":{"cd_mun_ibge":"4215208"},"type":"MultiPolygon","arcs":[[[592,-628,-745,593,-750,594,595]]],"id":223},{"properties":{"cd_mun_ibge":"4215307"},"type":"MultiPolygon","arcs":[[[-930,-794,596,-926]]],"id":224},{"properties":{"cd_mun_ibge":"4215356"},"type":"MultiPolygon","arcs":[[[-630,597,-599,598,599,-638,-726,600,-787,-775,601]]],"id":225},{"properties":{"cd_mun_ibge":"4215406"},"type":"MultiPolygon","arcs":[[[602,603,-847,604]]],"id":226},{"properties":{"cd_mun_ibge":"4215455"},"type":"MultiPolygon","arcs":[[[605,606,-839,607]]],"id":227},{"properties":{"cd_mun_ibge":"4215505"},"type":"MultiPolygon","arcs":[[[608,-829,609,610,611,-792,612,613,614]]],"id":228},{"properties":{"cd_mun_ibge":"4215554"},"type":"MultiPolygon","arcs":[[[615,616,617,618,-865]]],"id":229},{"properties":{"cd_mun_ibge":"4215604"},"type":"MultiPolygon","arcs":[[[-881,619,-737,620]]],"id":230},{"properties":{"cd_mun_ibge":"4215653"},"type":"MultiPolygon","arcs":[[[621,-785,622,-700]]],"id":231},{"properties":{"cd_mun_ibge":"4215679"},"type":"MultiPolygon","arcs":[[[-928,623,624,625]]],"id":232},{"properties":{"cd_mun_ibge":"4215687"},"type":"MultiPolygon","arcs":[[[626,-808,-742,627,628,629]]],"id":233},{"properties":{"cd_mun_ibge":"4215695"},"type":"MultiPolygon","arcs":[[[630,631,-659,632,633]]],"id":234},{"properties":{"cd_mun_ibge":"4215703"},"type":"MultiPolygon","arcs":[[[-706,634,635,-647,636,-753]]],"id":235},{"properties":{"cd_mun_ibge":"4215752"},"type":"MultiPolygon","arcs":[[[637,638,-727]]],"id":236},{"properties":{"cd_mun_ibge":"4215802"},"type":"MultiPolygon","arcs":[[[639,640,641,642,643]]],"id":237},{"properties":{"cd_mun_ibge":"4215901"},"type":"MultiPolygon","arcs":[[[644,645,646,647,-738]]],"id":238},{"properties":{"cd_mun_ibge":"4216008"},"type":"MultiPolygon","arcs":[[[648,649,650,-758,651]]],"id":239},{"properties":{"cd_mun_ibge":"4216057"},"type":"MultiPolygon","arcs":[[[652,653,654,655]]],"id":240},{"properties":{"cd_mun_ibge":"4216107"},"type":"MultiPolygon","arcs":[[[656,657,658,659,660,661,662,663]]],"id":241},{"properties":{"cd_mun_ibge":"4216206"},"type":"MultiPolygon","arcs":[[[664]],[[665]],[[666]],[[667]],[[668,669,670,671,672,673]],[[674]],[[675]],[[676]],[[677]],[[678]],[[679]],[[680]],[[681]],[[682]]],"id":242},{"properties":{"cd_mun_ibge":"4216255"},"type":"MultiPolygon","arcs":[[[683,684,-862,685]]],"id":243},{"properties":{"cd_mun_ibge":"4216305"},"type":"MultiPolygon","arcs":[[[686,687,688,689,690]]],"id":244},{"properties":{"cd_mun_ibge":"4216354"},"type":"MultiPolygon","arcs":[[[691,692,693,694,695]]],"id":245},{"properties":{"cd_mun_ibge":"4216404"},"type":"MultiPolygon","arcs":[[[696,697,698,699,700]]],"id":246},{"properties":{"cd_mun_ibge":"4216503"},"type":"MultiPolygon","arcs":[[[-886,701,702,703,704,-890]]],"id":247},{"properties":{"cd_mun_ibge":"4216602"},"type":"MultiPolygon","arcs":[[[705,-757,706,707,708,709]]],"id":248},{"properties":{"cd_mun_ibge":"4216701"},"type":"MultiPolygon","arcs":[[[710,711,712,713,714,715]]],"id":249},{"properties":{"cd_mun_ibge":"4216800"},"type":"MultiPolygon","arcs":[[[716,717,-904,718,719,720,721,722]]],"id":250},{"properties":{"cd_mun_ibge":"4216909"},"type":"MultiPolygon","arcs":[[[723,724,725,726,727,728,729,730]]],"id":251},{"properties":{"cd_mun_ibge":"4217006"},"type":"MultiPolygon","arcs":[[[731,-856,732,733,734]]],"id":252},{"properties":{"cd_mun_ibge":"4217105"},"type":"MultiPolygon","arcs":[[[735,736,737,738,739,740]]],"id":253},{"properties":{"cd_mun_ibge":"4217154"},"type":"MultiPolygon","arcs":[[[741,-807,742,743,744]]],"id":254},{"properties":{"cd_mun_ibge":"4217204"},"type":"MultiPolygon","arcs":[[[745,746,747,748,749,750,751]]],"id":255},{"properties":{"cd_mun_ibge":"4217253"},"type":"MultiPolygon","arcs":[[[752,753,754,755,756]]],"id":256},{"properties":{"cd_mun_ibge":"4217303"},"type":"MultiPolygon","arcs":[[[757,758,759,760,761,762,763]]],"id":257},{"properties":{"cd_mun_ibge":"4217402"},"type":"MultiPolygon","arcs":[[[764,765,766]]],"id":258},{"properties":{"cd_mun_ibge":"4217501"},"type":"MultiPolygon","arcs":[[[767,768,769,-943,770,771,772]]],"id":259},{"properties":{"cd_mun_ibge":"4217550"},"type":"MultiPolygon","arcs":[[[773,774,-786,775]]],"id":260},{"properties":{"cd_mun_ibge":"4217600"},"type":"MultiPolygon","arcs":[[[-891,776,777,778,779,-838]]],"id":261},{"properties":{"cd_mun_ibge":"4217709"},"type":"MultiPolygon","arcs":[[[780,781,782,783,784]]],"id":262},{"properties":{"cd_mun_ibge":"4217758"},"type":"MultiPolygon","arcs":[[[785,786,787,788,-876,789,790]]],"id":263},{"properties":{"cd_mun_ibge":"4217808"},"type":"MultiPolygon","arcs":[[[791,792,793,-929,794,795,796,797]]],"id":264},{"properties":{"cd_mun_ibge":"4217907"},"type":"MultiPolygon","arcs":[[[798,799,-923,800,801,802,803]]],"id":265},{"properties":{"cd_mun_ibge":"4217956"},"type":"MultiPolygon","arcs":[[[804,805,806,807]]],"id":266},{"properties":{"cd_mun_ibge":"4218004"},"type":"MultiPolygon","arcs":[[[808,809,810,811,812,813]]],"id":267},{"properties":{"cd_mun_ibge":"4218103"},"type":"MultiPolygon","arcs":[[[-869,814,815,816]]],"id":268},{"properties":{"cd_mun_ibge":"4218202"},"type":"MultiPolygon","arcs":[[[817,818,819,820,821]]],"id":269},{"properties":{"cd_mun_ibge":"4218251"},"type":"MultiPolygon","arcs":[[[822,823,824,825,826,827,828,829]]],"id":270},{"properties":{"cd_mun_ibge":"4218301"},"type":"MultiPolygon","arcs":[[[830,831,832,833,834]]],"id":271},{"properties":{"cd_mun_ibge":"4218350"},"type":"MultiPolygon","arcs":[[[835,836,-892,837]]],"id":272},{"properties":{"cd_mun_ibge":"4218400"},"type":"MultiPolygon","arcs":[[[838,839,840,-854,841]]],"id":273},{"properties":{"cd_mun_ibge":"4218509"},"type":"MultiPolygon","arcs":[[[842,843,844,845,846]]],"id":274},{"properties":{"cd_mun_ibge":"4218608"},"type":"MultiPolygon","arcs":[[[847,848,849,850,851,852]]],"id":275},{"properties":{"cd_mun_ibge":"4218707"},"type":"MultiPolygon","arcs":[[[853,854,855,856,857,858,859]]],"id":276},{"properties":{"cd_mun_ibge":"4218756"},"type":"MultiPolygon","arcs":[[[860,861,862,863,864]]],"id":277},{"properties":{"cd_mun_ibge":"4218806"},"type":"MultiPolygon","arcs":[[[865,866,867,868,869,870]]],"id":278},{"properties":{"cd_mun_ibge":"4218855"},"type":"MultiPolygon","arcs":[[[871,872,873,874,875,876]]],"id":279},{"properties":{"cd_mun_ibge":"4218905"},"type":"MultiPolygon","arcs":[[[-889,877,878,879,880,881,882,883,884,885]]],"id":280},{"properties":{"cd_mun_ibge":"4218954"},"type":"MultiPolygon","arcs":[[[886,887,888,889]]],"id":281},{"properties":{"cd_mun_ibge":"4219002"},"type":"MultiPolygon","arcs":[[[890,891,892,893,894,895]]],"id":282},{"properties":{"cd_mun_ibge":"4219101"},"type":"MultiPolygon","arcs":[[[896,897,898,899,900]]],"id":283},{"properties":{"cd_mun_ibge":"4219150"},"type":"MultiPolygon","arcs":[[[901,902,903,904]]],"id":284},{"properties":{"cd_mun_ibge":"4219176"},"type":"MultiPolygon","arcs":[[[905,906,907,908]]],"id":285},{"properties":{"cd_mun_ibge":"4219200"},"type":"MultiPolygon","arcs":[[[909,910,911,912,913,914]]],"id":286},{"properties":{"cd_mun_ibge":"4219309"},"type":"MultiPolygon","arcs":[[[915,916,917,918,919,920,921,922]]],"id":287},{"properties":{"cd_mun_ibge":"4219358"},"type":"MultiPolygon","arcs":[[[923,924,-931,925,926,927]]],"id":288},{"properties":{"cd_mun_ibge":"4219408"},"type":"MultiPolygon","arcs":[[[928,929,930,931,932]]],"id":289},{"properties":{"cd_mun_ibge":"4219507"},"type":"MultiPolygon","arcs":[[[-940,933,-947,934,935,936,937]]],"id":290},{"properties":{"cd_mun_ibge":"4219606"},"type":"MultiPolygon","arcs":[[[938,939,940,941,942]]],"id":291},{"properties":{"cd_mun_ibge":"4219705"},"type":"MultiPolygon","arcs":[[[943,944,945,946,947,948]]],"id":292},{"properties":{"cd_mun_ibge":"4219853"},"type":"MultiPolygon","arcs":[[[949,950,951]]],"id":293},{"properties":{"cd_mun_ibge":"4220000"},"type":"MultiPolygon","arcs":[[[952,953,954,955]]],"id":294}],"type":"GeometryCollection"}},"bbox":[-53.837094207204906,-29.3550659,-48.32794141135411,-25.9558418],"transform":{"scale":[5.5092078879296744e-05,3.3992580925809236e-05],"translate":[-53.837094207204906,-29.3550659]},"arcs":[[[25312,85811],[425,23],[348,418],[410,-524],[213,241],[240,-251],[137,183],[177,-241],[425,130],[603,-644],[307,190],[577,-376],[790,645],[356,-584],[1202,-493],[69,-742],[66,-198],[95,129],[117,-465],[294,62],[654,-702]],[[74178,57633],[-305,608]],[[36541,81581],[189,131],[50,-215],[428,-114],[1011,481],[653,-268],[571,520],[601,-709],[617,111],[1114,-228],[545,302],[464,-718],[-121,-544],[324,94],[254,-571],[-34,-368],[313,-414],[75,-616],[509,-366],[-75,-485]],[[15331,65165],[-191,127],[-452,-692],[-241,183],[-31,727],[455,1033]],[[35920,55305],[-376,-311],[93,-812],[-162,-225],[-208,83],[-130,554],[-47,1160],[-1016,-399],[-71,302],[402,420],[148,460],[-496,608],[-827,202],[-3,314],[245,161],[798,-86],[-35,323],[-207,205],[-381,-16]],[[88705,50848],[-358,-231]],[[48247,51788],[-115,-627],[319,-289],[481,362],[703,-597],[336,121],[-38,-766],[320,281],[439,-198],[-105,375],[936,30],[98,-144],[-168,-604],[539,150],[251,404]],[[50528,43721],[-457,214],[-66,814],[-291,192],[-557,-137],[-103,836],[-421,22],[-562,756],[-609,217],[-323,-271],[-123,571],[-494,286],[15,423]],[[82705,43589],[178,541],[505,254],[172,445],[377,38],[83,333],[260,154],[118,453],[-102,365],[385,405],[257,804]],[[87238,46518],[-80,-1488],[303,-419],[40,-820]],[[89241,52895],[-51,518],[479,1741],[-143,365],[-287,14],[23,169]],[[94140,82599],[-256,-989]],[[82534,13882],[-1575,-2156]],[[81003,69808],[-189,-182],[134,-802],[-578,180],[-583,-136],[-500,262]],[[82035,68641],[-199,39],[-833,1128]],[[81003,69808],[0,0]],[[74178,57633],[468,217],[244,-152],[168,241],[154,-150]],[[73970,55504],[-158,86],[-565,-640],[-273,370],[84,751],[385,789],[735,773]],[[75830,57856],[-146,1431],[-187,120],[86,163],[-136,373],[-172,14],[-30,369],[182,387]],[[77532,8711],[301,255],[237,631],[969,760],[1330,1799],[370,-105],[220,-325]],[[80959,11726],[-2524,-4096]],[[94548,70457],[22,-334],[-143,-199],[267,-681],[341,-134],[-10,307],[338,83],[66,-502],[192,21],[-362,-1530]],[[95442,69501],[5,3],[3,-3],[-2,-8],[-6,8]],[[95438,69513],[-3,-7],[-8,-7],[-1,9],[12,5]],[[94648,69692],[-12,-25],[-25,6],[20,27],[17,-8]],[[95767,83593],[-8,-33],[-14,0],[11,39],[11,-6]],[[95362,84072],[1,-33],[-24,10],[7,27],[16,-4]],[[95401,84921],[-14,15],[19,53],[36,-70],[-41,2]],[[95697,85148],[-29,-18],[-73,30],[66,63],[36,-75]],[[95463,85142],[-100,28],[79,166],[37,-141],[-16,-53]],[[95165,85398],[-1025,-2799]],[[94140,82599],[-1068,3424],[727,518],[-49,815],[-293,452],[345,47],[125,232]],[[77532,8711],[903,-1081]],[[78435,7630],[-2344,-4197]],[[2900,73874],[-324,-107],[107,305],[-394,728],[242,12],[-58,426],[-167,0],[-133,485],[335,325],[-256,112],[-293,-234],[-267,288],[280,-17],[255,416]],[[7489,80947],[217,545],[298,-233],[-132,-475],[216,-352]],[[94725,77807],[-4,29],[6,5],[11,-31],[-13,-3]],[[93701,78233],[-31,21],[23,36],[27,-28],[-19,-29]],[[92497,82233],[362,-1149],[284,75],[302,721],[439,-270]],[[93884,81610],[-423,-2667],[166,-796],[-52,-582]],[[93771,80066],[18,-5],[-23,-66],[-25,97],[30,-26]],[[2936,72435],[-382,210],[291,476],[-278,329],[626,-130],[-293,554]],[[2900,73874],[287,68],[-110,220],[207,149],[-124,315],[183,10],[19,264],[249,-234],[204,139],[151,-240],[30,277],[194,-208]],[[79998,71774],[-643,-731]],[[92827,53481],[-78,539],[-246,184],[39,299],[-263,126],[148,593],[-334,525],[-312,-162],[-365,596],[6,1298],[-313,-111],[-317,249]],[[97457,63231],[85,64],[-203,-163],[41,151],[77,-52]],[[98663,63953],[-123,-205],[-41,3],[83,361],[81,-159]],[[98687,63979],[33,45],[18,-80],[-25,-16],[-26,51]],[[96730,66032],[-108,-619],[176,-354],[375,-135],[91,407],[50,-337],[199,53],[-620,-853],[69,-751],[356,-37],[-37,-204],[-644,-436],[260,616],[-265,467],[-333,128],[-845,-916]],[[75037,21362],[212,257],[-141,417],[-199,49],[-37,940],[-152,-133],[-187,757],[-336,161],[410,835],[-358,309],[132,191],[-67,149],[-380,-180],[-126,207],[101,1025],[-285,-361],[-31,-736],[-168,30],[-305,781],[-136,5]],[[26209,78591],[416,406]],[[73672,45636],[289,175],[-106,-312],[87,-144],[170,578],[-496,843],[191,349],[175,-143],[-6,225],[-235,108],[4,397],[-448,-76],[-50,760],[-195,262],[-49,-168],[-485,176],[-95,630],[145,39]],[[78604,51610],[-65,-1017],[107,-542],[440,-550],[399,-1127],[-270,-551],[76,-625],[202,-282],[399,64],[193,-197],[-95,-251],[207,-166],[-134,-208],[372,-157],[412,-721],[484,126],[342,-755],[425,170],[146,-484],[-99,-273],[149,-22],[141,-511],[270,58]],[[82705,43589],[-339,-834]],[[84993,65763],[294,-380]],[[86397,34273],[185,-307],[-41,-923],[-225,-393],[55,-841]],[[72107,58153],[38,-443],[-234,-494],[-581,-645]],[[87450,61751],[-91,349],[315,356],[-5,924],[555,937],[-214,436],[-525,-315]],[[44024,77491],[5,113]],[[44029,77604],[312,415],[27,533],[-227,257],[257,379],[1074,487],[167,-309],[714,105],[129,539],[179,-65],[155,361],[346,-77]],[[9818,65388],[-291,373],[-608,-38],[-175,285]],[[47162,80229],[93,398],[120,-26],[-195,299],[286,333]],[[55126,76093],[-907,599],[-6,471],[-468,33],[16,355],[-978,810],[146,267],[-99,345],[-345,-42],[-128,447],[-390,-134],[-49,241],[-359,-53],[-1023,-1360],[-813,150],[-85,-255],[-514,-122],[-491,744],[-228,166],[-173,-179],[-236,450],[-171,-222],[-482,62],[-181,1363]],[[91206,65321],[423,1106]],[[93555,70083],[682,-805],[8,-382],[369,-66],[-14,-435],[172,-65],[86,-465]],[[57022,31923],[-1048,713],[-200,1661],[-238,-319],[-205,51],[110,614],[-180,538],[91,554],[-584,-3],[-228,675],[-483,-653],[-236,67],[58,764],[-129,482],[-509,271],[409,547],[111,763]],[[80010,93698],[139,102],[-57,136],[140,-93],[8,354],[135,-255],[158,330],[187,-285],[360,131],[170,549],[457,321],[254,477],[351,-98],[44,276],[196,42],[-78,591],[489,46],[-5,411],[200,-32],[29,511],[320,396],[-33,180],[495,164],[25,226],[564,290],[-17,138],[83,92],[630,-465],[263,581],[241,-265],[99,185],[162,-342],[480,296],[314,-604],[232,495],[626,-353],[413,339],[89,461],[307,148],[71,-274],[150,94]],[[53761,38648],[-309,593],[-561,270],[-45,1253],[-387,63],[-569,560]],[[58666,44779],[-278,-590],[-3,-470],[-514,-1072],[-2,-431],[449,-294],[-78,-563],[-287,-196],[88,-484],[-153,13],[-122,-412],[-320,-312],[-163,180],[-84,-315],[-450,137],[-228,-503],[-99,190],[-111,-261],[-266,45],[130,-473],[153,148],[68,-198],[-266,-295],[-928,805],[-107,-508],[-165,-57],[101,-363],[-311,161],[-178,-310],[-281,335],[-500,-38]],[[10861,82718],[-5,296],[-170,148],[184,189],[-166,213],[297,763],[-39,775],[-436,561],[-16,-171],[-459,-88]],[[12287,88386],[286,171],[-38,-206],[354,-609],[612,-294],[1,-281],[849,314],[1048,1045],[927,-482]],[[50175,54241],[-192,109],[-218,-546],[-471,-67],[-415,-1477],[-466,-174],[-166,-298]],[[48247,51788],[-287,17],[-118,-604],[-252,-120]],[[43197,51411],[-354,256],[-18,816],[-168,301],[-1100,51]],[[54149,62005],[-363,-743],[-429,30],[-657,-619],[73,-398],[-267,-344],[244,-289],[-730,-308],[199,-1210]],[[91547,58891],[-128,-150]],[[89944,63854],[318,609],[390,185],[554,673]],[[91206,65321],[236,-602]],[[62390,88563],[115,701],[-267,334],[74,590],[-425,716],[-144,834],[-495,236],[-1341,-741],[-627,-1217],[321,-769],[-273,-433],[-114,-447],[111,-123],[-256,-549],[363,-742],[-163,-1013],[330,-422],[16,-272],[432,-373],[-343,-443],[-87,-631],[180,-169],[536,-1969],[-293,-865]],[[56882,93170],[445,1166],[554,529],[-150,840],[482,1122],[639,-198],[768,351],[0,466],[-524,-163],[-183,196],[-1,558],[386,606],[404,-1108],[630,396],[164,-173],[93,289],[364,-99],[16,-261],[115,396],[231,-184],[0,-276],[278,68],[-100,-313],[299,-505],[454,-107],[69,267],[579,-649],[193,-444],[-159,-438],[82,-101]],[[40748,59499],[493,117],[233,-326],[188,-821],[157,-81],[9,-198],[-377,-187],[4,-469]],[[40015,54908],[-201,-116],[-68,-700],[-191,-97],[-355,434],[31,592],[-461,146]],[[40004,70954],[40,-1010],[407,-77],[-145,-382],[-37,-1407]],[[15331,65165],[185,42],[-99,174],[93,132],[196,-8],[223,398],[16,403],[173,-54],[135,398],[786,97]],[[17894,64272],[-467,-209],[-478,-638],[-471,-147],[-151,169],[-13,810],[-333,222],[-239,-1558],[-264,-155],[-330,702],[358,960],[-175,737]],[[43197,51411],[646,1213],[251,-823],[507,-73],[83,-425],[185,-104],[358,654],[164,-261],[388,-7],[105,-445],[564,-462],[466,49],[83,575],[324,331],[269,-552]],[[47590,51081],[408,-1057],[-322,-474],[-219,-1543],[-240,81],[-445,-495],[-235,51]],[[46537,47644],[-52,338],[-615,175],[146,457],[-194,273],[-44,535],[-286,122],[-435,-267],[-339,324],[-81,264],[142,687],[-203,329],[-375,-123],[-245,-661],[-307,-102],[-77,758],[-375,658]],[[51890,41387],[-60,210],[-159,-50],[-256,-660],[-262,240],[46,928],[-755,759],[84,907]],[[50528,43721],[223,60],[670,1234],[1267,220],[-439,1053],[-129,884],[450,-49],[254,334],[402,1772],[-251,254],[-98,-191],[-91,355],[-297,-142],[109,481],[-355,300]],[[52243,50286],[-630,1023],[702,398],[-287,581],[52,209],[385,2],[213,-269]],[[53767,51565],[226,-152],[112,-466],[-107,-499],[276,-1597],[-124,-1077],[220,-617],[-113,-523],[-219,-161],[89,-331],[-152,-486],[110,-384],[-224,-250],[-376,-2093],[-480,3],[-185,-247],[96,-408],[-137,-132],[51,-190],[-515,-83],[-96,-376],[-329,-109]],[[79216,52638],[-612,-1028]],[[78604,51610],[-761,-327],[-394,-557],[-184,35],[-145,-439],[-838,-525],[-100,419],[355,863]],[[24111,66521],[507,-525],[-154,-73]],[[23461,62204],[-368,-252],[-434,56],[-409,-495],[-278,-59],[-332,130],[-189,593],[-222,108],[-167,-258],[-93,-852],[-238,-258],[-211,284],[-130,1088],[-240,50],[-279,-639],[-253,-20],[-138,454],[96,817],[-488,270]],[[29849,63411],[109,149],[167,-190],[658,612],[118,-236],[106,199],[220,-75],[4,503],[170,-135],[99,259],[298,-212],[-130,385]],[[34445,59409],[-233,35],[120,-422],[-97,-92],[-220,305],[94,-600],[-231,221],[-402,-269],[171,-339]],[[33647,58248],[-336,-48],[-381,428],[278,615],[-65,278],[-609,-434],[-533,241],[-456,-289],[-209,322],[97,629],[-162,319],[-941,-254],[123,998],[-163,259],[-374,-501],[-333,-1216],[-303,-50],[-311,786],[-664,119],[176,499],[618,414],[-497,360]],[[22703,68382],[-426,-153],[-596,1242],[-868,22],[-431,228],[-48,342]],[[22184,71220],[-248,-401],[-663,756],[-939,-1512]],[[20334,70063],[-34,372],[-375,559],[-339,19]],[[18003,72433],[165,395],[248,-24],[-57,-250],[367,-264],[349,256],[-594,573],[117,160],[304,-322],[183,83],[-5,492],[-278,173],[-64,558]],[[81097,21206],[160,-46]],[[81420,14706],[-842,634]],[[11729,70720],[-656,473],[-422,-19],[41,431],[-672,-74]],[[12598,70934],[420,26],[147,544]],[[55961,56859],[-293,580],[252,398],[-41,699],[395,365],[-491,74],[265,681],[-292,634]],[[60813,55789],[-261,-244],[-266,273],[-340,-388],[190,-132],[-38,-477],[-293,200],[-490,-569]],[[4745,72349],[442,168],[-113,256],[126,237],[-113,-51],[-15,301],[-161,90],[34,175],[183,-125],[62,335],[-108,127],[204,289],[-1096,483]],[[4190,74634],[34,377],[184,-102],[129,205]],[[2691,86090],[-300,363],[160,414],[-244,427],[156,-38],[20,768],[177,61],[-107,159],[129,49],[66,540],[266,137],[-53,192],[516,1108],[-5,1142],[323,-457],[757,218],[74,-487],[522,-594],[540,17],[460,-324],[345,355],[327,-159],[666,480],[451,766],[431,365],[613,-220]],[[78935,79284],[306,-541],[-61,-565],[480,-500],[-66,-1162],[101,-140],[-1303,-1189],[37,-360],[-331,-567],[55,-474],[-311,-287]],[[76809,11858],[133,-708],[324,-233],[-780,-1001]],[[45583,61598],[473,-860],[-124,-206],[50,-306],[-231,-221],[512,-236],[-206,-267],[-239,39],[98,-309],[-284,113],[79,-284],[-238,182],[133,305],[-270,139],[-61,-194],[-212,256],[-134,-322],[110,-166],[-303,-106],[12,619],[-242,-57],[-80,273],[1,-488],[-389,78],[-123,227],[79,185],[-150,112],[-52,-212],[-244,89],[5,-332],[-122,218],[-261,-696],[-178,350],[-322,94],[-31,547],[-208,118],[-273,-310],[-348,70],[217,373],[-183,45],[-141,513]],[[26899,75613],[-200,558],[83,190]],[[29982,77728],[313,-365],[816,14]],[[8015,74960],[-3,523],[350,49],[2,203],[-170,-94],[-61,385]],[[97891,44197],[2,-7],[-12,-24],[2,21],[8,10]],[[98060,44324],[72,139],[38,-15],[-33,-91],[-77,-33]],[[98166,44496],[-21,-15],[-12,27],[42,9],[-9,-21]],[[98136,44563],[-8,-17],[-11,19],[18,15],[1,-17]],[[96450,44610],[-35,-168],[-89,23],[206,290],[-82,-145]],[[98126,44595],[0,-4],[-5,2],[2,5],[3,-3]],[[96852,44649],[-60,-117],[-72,91],[60,109],[72,-83]],[[96548,44723],[0,5],[12,2],[-7,-16],[-5,9]],[[96330,44787],[14,83],[40,16],[-10,-118],[-44,19]],[[97537,48752],[-6,-77],[-79,-123],[86,406],[-1,-206]],[[95493,54068],[-262,800],[161,658],[-58,376]],[[96399,57271],[777,882],[1213,-67],[89,-718],[369,-892],[355,-254],[117,337],[123,-228],[-308,-569],[-3,-619],[-441,-542],[-467,-1271],[-45,-772],[297,-136],[-133,-579],[-149,-35],[-151,-399],[80,-253],[-653,-1031],[-262,-1192],[-432,-952],[-16,-684],[543,-476],[16,-204],[-219,-152],[76,-284],[-261,-287],[-210,385],[-284,-93],[-348,-1318],[-279,-270],[-127,152],[-181,-297]],[[98846,51330],[-4,-16],[-10,4],[1,8],[13,4]],[[98876,51308],[-4,10],[7,13],[5,-14],[-8,-9]],[[98910,51287],[54,124],[26,-16],[-44,-114],[-36,6]],[[99320,54897],[44,82],[41,-26],[-82,-98],[-3,42]],[[99505,55033],[-27,-136],[-63,39],[31,61],[59,36]],[[99651,56240],[-17,-20],[-12,78],[23,-10],[6,-48]],[[99622,56342],[-3,-4],[-5,14],[6,2],[2,-12]],[[99605,56361],[-3,2],[6,7],[1,-5],[-4,-4]],[[99313,56770],[-38,12],[7,58],[31,-38],[0,-32]],[[99484,56967],[10,-5],[-3,-10],[-7,-1],[0,16]],[[99518,56965],[-13,2],[-2,17],[5,3],[10,-22]],[[99271,61242],[156,-2],[49,-774],[-369,477],[164,299]],[[99918,61184],[-38,-105],[24,150],[95,168],[-81,-213]],[[79150,18896],[969,-3],[198,-396],[90,-404],[-466,-444],[-55,-376],[293,-568],[-92,-804]],[[56801,66317],[-202,-269],[221,-232],[-174,-490],[343,83],[-31,-152]],[[56958,65257],[-197,-237],[-37,-172],[559,-180],[-383,-946],[-509,-396],[144,-612],[-337,-77],[241,-846],[-321,177],[-250,-309],[39,-288],[339,-43],[123,-265],[-185,-216],[-455,168],[27,-725]],[[55756,60290],[-249,388],[43,730],[-428,170],[230,322],[-428,383],[51,220],[-223,27]],[[54440,63862],[254,376],[-82,369],[801,1197],[883,-64],[267,-509],[395,26]],[[22263,84292],[-407,-275],[-528,466],[-295,-7],[-309,-244],[183,-247],[-1084,-167]],[[21639,87495],[768,-1016],[829,226]],[[94547,36841],[5,18],[2,2],[-1,-16],[-11,-10],[5,6]],[[94589,36852],[0,7],[4,-1],[1,-5],[-5,-1]],[[94578,36874],[5,-12],[-16,-13],[7,26],[4,-1]],[[94521,37235],[-1,-10],[-8,2],[2,5],[7,3]],[[94518,37270],[7,-3],[1,-20],[-12,7],[4,16]],[[95066,38816],[-6,5],[3,7],[5,-3],[-2,-9]],[[94681,41485],[-181,-1813],[173,-432],[229,142],[199,-406],[-225,-369],[20,-590],[-413,-654],[-45,-825]],[[94735,40236],[15,36],[4,-1],[-6,-60],[-13,25]],[[86763,96473],[93,1403],[295,541],[630,-525],[434,40],[379,206],[-112,469],[219,387]],[[88701,98994],[-183,271],[5053,-85]],[[90237,69180],[-241,128],[-1007,-846]],[[86761,67472],[-155,535],[226,388],[-97,810],[319,755],[-297,653],[526,576],[-22,376],[318,464],[-587,878],[106,1110],[-189,426],[80,318],[-190,934],[451,106]],[[96399,57271],[-263,-811],[-802,-558]],[[95334,55902],[-419,596],[181,980],[-566,-50],[-88,1079],[127,1218]],[[95155,59982],[178,-110],[376,336],[10,-209],[170,31],[51,298],[224,156],[20,-776],[268,-254],[-247,-703],[209,-548],[-162,-203],[147,-729]],[[96403,59560],[-16,15],[29,28],[-7,-44],[-6,1]],[[96434,59606],[-13,-3],[-9,34],[19,2],[3,-33]],[[96339,60319],[15,-60],[-58,-25],[-11,97],[54,-12]],[[84191,35318],[183,-699],[-207,-560],[35,-890],[423,-756],[-11,-256],[-107,-82],[-34,391],[-186,-85],[-534,526],[-955,-337]],[[85893,29315],[79,686],[336,391],[-163,559],[226,858]],[[86371,31809],[152,-610],[452,79],[143,-366],[276,177],[106,-219],[431,215],[475,-611],[213,12]],[[88940,28579],[-759,-1129]],[[88989,68462],[112,-449],[-194,-286],[58,-239],[-264,-263],[15,-779],[-163,-434],[-383,-338],[68,-688],[-134,201],[-279,-244],[-413,86],[128,-162],[-163,-136],[108,-293]],[[87485,64438],[148,-235],[-279,-40],[-47,-820],[-342,816],[-258,185],[-356,-199],[-207,119],[-219,934],[-597,-62],[-41,247]],[[85287,65383],[174,307],[209,-70],[259,278],[437,-181],[384,694],[11,1061]],[[86761,67472],[314,532],[328,-205],[224,362],[382,13],[483,505],[497,-217]],[[1932,81030],[-47,403],[143,-86],[40,785],[276,83],[-103,112],[-414,-302],[195,372],[-300,288],[387,195]],[[6867,82571],[-62,-143],[181,-51],[-113,-341],[193,84],[291,-359],[-421,-314],[243,-181],[222,276],[-141,-740],[147,-171],[82,316]],[[7489,80947],[210,-105],[-345,-395],[58,-176],[-336,-38],[-4,-196],[-537,-275],[-325,-471]],[[90720,85737],[-651,-242],[108,-288],[-229,25],[23,-582],[-269,9],[-195,-384],[150,-177],[-198,-1],[794,-1291],[58,150],[79,-169],[132,384],[328,-82]],[[4607,86548],[415,1122],[3015,261]],[[19088,63221],[-547,107],[-489,-230],[-9,932],[-149,242]],[[17894,64272],[87,372],[150,13],[-118,292],[147,13],[13,299],[-408,218],[153,192],[-36,300]],[[18105,67986],[1097,-266],[300,1105],[386,134],[336,-753],[-246,-965],[80,-440],[456,-354],[17,-228],[-308,-984],[18,-450],[-234,-423],[-266,-66],[13,-618],[-462,127],[-228,-212],[24,-372]],[[46401,63017],[-244,-162],[-65,-397],[-288,-260],[26,-322],[-247,-278]],[[45583,61598],[-197,-85],[-71,214],[-602,413],[-407,-19],[-312,359],[-369,-310],[-305,43],[-271,565],[-193,-177],[-14,-300],[-466,103],[-493,-341]],[[49453,62251],[-144,-435],[-436,-213],[28,-241],[-288,-537],[-929,808],[-197,703],[-665,72],[-421,609]],[[43208,67230],[125,60],[-186,357],[-40,820]],[[45662,64829],[18,-500],[701,-868],[20,-444]],[[46401,63017],[-1184,1257],[-10,343],[-766,365],[-533,934],[-243,-78]],[[79355,71043],[101,-719],[-169,-1194]],[[79287,69130],[-42,-1853],[270,-452],[-32,-506],[-678,644]],[[77929,72459],[581,-464],[79,-382],[383,-491],[383,-79]],[[81812,14414],[-392,292]],[[81420,14706],[-101,2937],[392,29],[53,2211],[1615,134]],[[90646,70352],[-195,1262],[136,410],[-332,-91],[-178,401],[-376,189],[-735,1390],[-847,397],[90,251],[-177,346]],[[88742,29299],[102,473],[-130,29],[-95,685]],[[88619,30486],[80,575],[-99,168],[119,128],[-120,575],[270,534],[369,5],[-14,480]],[[95024,29506],[2,-6],[-4,-9],[-1,2],[3,13]],[[95035,29512],[13,13],[5,-11],[-10,-14],[-8,12]],[[95031,29522],[0,-12],[-4,1],[0,7],[4,4]],[[94156,30367],[47,138],[11,8],[-54,-231],[-4,85]],[[94056,32554],[21,50],[25,-39],[-34,-35],[-12,24]],[[94105,32765],[22,30],[27,-29],[-12,-35],[-37,34]],[[92247,30307],[558,2279],[-302,911],[20,496],[174,64],[-146,481],[154,168],[-18,542],[-155,-1],[46,348],[-208,114],[166,128],[-10,340],[-258,180],[150,114],[-253,158],[93,119],[-133,456]],[[93118,37432],[100,-577],[416,-97],[213,-358],[591,138]],[[94438,36538],[40,-290],[-236,-202],[173,-273],[-415,-843],[-86,-590],[115,-232],[-188,-535],[109,-378],[286,-234],[-457,-489],[-379,-859],[-327,-1331],[68,-335],[149,-20],[-159,-107]],[[94037,34289],[-6,9],[14,14],[-6,-12],[-2,-11]],[[94293,35407],[35,-25],[-20,-65],[-45,61],[30,29]],[[82344,52089],[-371,-145],[-607,785],[-897,51]],[[82035,68641],[322,867],[-233,408],[-56,564]],[[84205,74097],[64,-552],[371,-420],[-209,-293],[414,-144],[195,-315],[-244,-2],[-203,-666],[317,-502],[-114,-201],[132,-828],[-53,-853],[446,-469],[159,-521],[-154,-418],[92,-642],[-189,-742],[-250,-120],[14,-646]],[[84993,65763],[-281,-413],[-409,-170],[-37,-531],[-205,161],[-91,-166]],[[83798,64472],[-542,1185],[-55,1029],[-329,237],[77,687],[-489,-55],[-68,624],[-288,93],[-69,369]],[[45733,68728],[-302,-34]],[[45115,69834],[1247,1698]],[[35706,56054],[-211,-175],[-10,873]],[[36567,60557],[274,375],[164,-220]],[[38252,58788],[-136,-87],[130,-443],[-52,-510]],[[5466,70877],[638,331],[401,-253],[984,66],[-10,-196],[257,-122]],[[26209,78591],[85,-704],[-489,288],[-174,-286],[8,-462],[348,-671],[-300,-77],[72,-322],[-210,-232]],[[23638,74902],[-3,2875],[-261,308],[-248,851]],[[24912,81935],[132,-426],[537,84],[176,-171],[44,-820],[426,-693],[-406,-562],[388,-756]],[[29102,70833],[255,19],[-49,-324],[168,270],[80,-236],[358,-106],[90,343],[157,-231],[77,319],[336,-79],[-33,641]],[[32503,65148],[45,-237],[-220,47],[-84,459],[-148,-165],[46,-498],[-250,282],[-224,-366]],[[31668,64670],[-837,1515],[-1130,326],[-490,763]],[[7787,72560],[122,343],[-260,323],[31,225],[145,288],[405,-73],[-57,359],[137,443],[-451,-6],[-291,547],[447,-49]],[[8015,74960],[1088,326],[-32,272],[315,-219],[441,283]],[[10815,74774],[54,-309],[-172,-110],[203,-351],[-152,7],[6,-228],[-116,221],[-189,-367],[182,-119],[-272,15],[-199,-353],[59,-147],[-202,80],[145,-598],[-171,121],[7,-298],[-175,-59],[283,-455],[-155,-118],[69,-175]],[[10020,71531],[18,-226],[-133,84]],[[36934,68092],[-518,-761],[-9,-574]],[[35618,65705],[-296,-26],[-22,253],[-444,-629],[-2,196],[-235,16],[-232,378],[-341,-112],[83,349],[-97,52],[-255,15],[-34,-411],[-284,2]],[[18106,81255],[0,-378],[-221,-213],[332,-521],[-244,2],[-140,-689],[178,-451]],[[53317,90190],[323,294],[243,1115],[544,-885],[256,784],[795,576],[547,23],[153,-729],[467,124],[-274,1118],[511,560]],[[56882,93170],[208,-384],[-63,-267],[255,-56],[-106,-244],[328,-919],[-148,-1017],[382,-599],[190,-694],[-207,-1160],[326,-235],[-1082,-3612]],[[29111,63950],[305,59],[433,-598]],[[29849,63411],[-65,-389],[-146,64],[258,-273],[-332,-2],[-12,-497],[-281,153],[-198,-578],[-165,104],[-306,-270]],[[28602,61723],[-786,-167],[247,-1301],[-99,-331],[-885,877],[-539,-494],[-196,1517],[-253,-90],[30,-1059],[-745,828],[119,1370]],[[75964,78306],[-526,-283]],[[94294,71850],[201,-485],[175,103],[-122,-1011]],[[94548,70457],[-254,143],[-739,-517]],[[93555,70083],[-543,-729],[-152,-503],[-600,-437],[-170,-706],[-221,-60],[-10,-669],[-230,-552]],[[91629,66427],[-995,863],[-341,707],[-19,298],[194,203],[-205,192],[-26,490]],[[90237,69180],[409,1172]],[[90646,70352],[775,-98],[722,721],[33,189],[-498,601],[430,856],[52,921]],[[93427,65122],[533,493],[-308,788],[320,527],[286,-136],[530,466],[-110,258],[180,347]],[[94858,67865],[401,-377]],[[95259,67488],[-112,-342],[131,-197],[-469,-620],[513,-1309]],[[5251,64093],[-274,112],[-518,-438],[-463,23],[-250,-785],[-207,-189],[-158,126],[13,1079],[-350,508],[-1348,-909],[-531,1317],[-761,-830],[-186,49],[-83,47],[-135,124],[153,659],[554,29],[-21,255],[-330,-112],[-122,190],[-3,208],[359,116],[-232,653],[403,-288],[333,202],[-505,615],[121,486],[281,-372],[188,138],[-470,445],[-80,553],[543,-773],[176,-1],[49,169],[-311,334],[-159,678],[408,-559],[70,330],[220,73],[-294,696],[205,77],[208,-281],[151,310]],[[93571,99180],[684,819],[187,-644],[228,101],[0,-226],[210,-70],[-29,156],[295,67],[-274,-2559],[142,-234],[43,-1385],[205,-1044],[355,-395]],[[92484,94950],[-55,320],[866,721],[90,279],[-263,364],[103,464],[-285,311],[-39,401],[187,216],[-53,451],[536,703]],[[95239,99387],[-19,-25],[-14,15],[40,31],[-7,-21]],[[75554,55781],[-342,2008]],[[75212,57789],[618,67]],[[75830,57856],[184,-22],[26,-216],[682,274],[819,-340],[1111,1618],[154,754],[272,372]],[[79353,56175],[-292,-792],[283,338],[-122,-380],[57,-425],[441,-403],[-200,-129],[-302,337],[-115,-974],[477,-259],[311,652],[444,-339],[-227,-151],[-15,-319],[785,606],[-138,-528],[-101,116],[-18,-246],[-491,-378],[27,-236],[312,115]],[[80469,52780],[-589,-694],[-664,552]],[[79216,52638],[49,289],[-286,-19],[-115,649],[-901,699],[-456,-587],[-445,-1198]],[[36709,63759],[-220,717],[85,511],[-687,164],[-135,192],[54,220],[-188,142]],[[35618,65705],[-284,349],[33,272],[175,-77],[-77,521],[168,-6],[260,-468],[126,379],[205,54],[-52,-304],[235,332]],[[36407,66757],[194,-402],[115,252],[-106,156],[215,157],[-62,-202],[151,-259],[59,315],[345,-70],[-47,269],[146,222],[94,-312],[195,67],[-42,-515],[135,-240],[562,-202],[426,210],[432,-352]],[[74979,11420],[-352,-1069],[488,-508]],[[70418,8438],[290,271],[-1139,-393],[788,635],[85,459],[283,379],[-459,17],[373,870],[55,-266],[13,582],[132,-125],[258,203],[-195,83],[-17,376],[-474,18],[41,402]],[[84079,17018],[-40,402],[216,188],[-149,253],[470,600],[61,835]],[[90377,21750],[-2115,-1640],[-3872,-3846]],[[85728,80664],[-292,-264],[4,-396]],[[82511,82604],[784,1355],[638,445],[13,804],[241,365],[-160,167],[407,172],[-46,1311],[73,234],[314,67],[151,631],[-142,61],[106,157],[-158,248],[2,1019]],[[83225,90809],[441,19],[-1,962],[392,137],[66,294]],[[87282,85255],[-144,-405],[393,-292],[-244,-217],[211,-548],[-110,-303],[-510,49]],[[18011,79005],[-28,-12]],[[16650,78915],[1361,90]],[[39055,63887],[-168,1014],[259,-174],[-122,738],[195,386]],[[39219,65851],[499,406],[99,517],[189,199],[-54,330],[266,257],[-79,275],[130,243]],[[40269,68078],[333,-313]],[[42777,65014],[-2,-517],[-374,-315],[-152,-942],[-478,49],[96,-582],[-172,-422]],[[90720,85737],[-687,1769],[-529,206],[-311,-187],[-18,-1067],[-113,-149],[-807,762],[-520,182]],[[85173,89398],[25,380],[-218,56],[-161,860],[-208,209],[111,1383],[-599,-65]],[[84123,92221],[217,598],[241,-252],[156,301],[-42,872],[-202,-20],[62,384],[-231,174],[566,514],[24,545],[397,-75],[-52,213],[170,274],[749,323],[284,421],[301,-20]],[[86763,96473],[198,-398],[-44,-534],[120,-196],[1214,-329],[2763,149],[100,-254],[430,-83],[183,-631]],[[92522,90276],[-331,-334],[624,-1329],[-233,-447],[-365,-97],[-156,278],[-688,-502],[-97,-682],[-298,-218],[9,-406],[373,-176],[-436,-960],[-204,334]],[[74181,75604],[423,630],[139,1208],[489,719],[206,-138]],[[75438,78023],[668,-2263],[263,-79],[102,192],[96,-266],[206,8],[494,242],[242,-207],[68,-1213],[265,-938]],[[77842,73499],[-69,-543],[156,-497]],[[77929,72459],[-12,-629],[-626,-1262],[-46,-1351],[-356,-260]],[[75272,71496],[109,334],[-451,-135]],[[21639,87495],[-397,-371],[-70,-543],[-309,43],[-120,-137],[105,-215],[-337,10],[-151,-392],[-227,-68],[50,-589],[-279,-139]],[[19500,88299],[454,335],[343,-445],[731,136],[611,-830]],[[41703,60971],[-477,228],[67,-601],[-272,-576],[-120,637],[-210,-154]],[[39582,63351],[344,65],[461,-519],[655,-181],[299,-384],[205,56],[27,-223],[122,120]],[[41695,62285],[188,-222]],[[41883,62063],[-215,-590],[-236,41],[50,-196],[503,-25],[-61,-287],[-221,-35]],[[61939,27117],[-397,270],[-174,391],[-787,-63],[-421,286],[-159,-107],[48,-585],[-166,-84],[-480,456],[-493,938],[-605,-305],[-151,403],[87,421],[-667,784],[117,425],[-662,1029],[-7,547]],[[57022,31923],[536,446],[46,-476],[-169,-386],[764,-368],[20,293],[491,277],[36,253],[39,-149],[175,228],[135,-273],[133,617],[169,-184],[66,261],[308,34],[-51,392],[203,96],[-76,305],[386,117],[115,241],[-104,119],[244,413],[-330,1014],[115,423],[-158,199],[58,249],[893,1349],[479,66],[478,997],[349,11],[211,738],[-451,485],[267,584],[-79,245],[586,419],[-5,750],[311,339],[-334,560],[-123,753],[-657,346],[59,246],[-220,-232],[-63,271],[-157,-417],[-97,347],[-239,-140],[-155,90],[99,231],[-160,3],[-1174,-557],[-804,1010],[-521,221]],[[58666,44779],[-109,286],[96,168],[-257,265],[163,155],[14,366],[-370,146],[64,338],[223,18],[-228,260],[229,276],[-462,-119],[218,827],[-299,158],[92,344]],[[62570,47807],[212,17],[181,-512],[202,263],[77,-264],[183,186],[293,-269],[322,32],[237,1201],[-260,876],[674,62],[1431,1270]],[[69654,50434],[-47,-994],[-188,61],[-263,-591],[-75,-1888],[-262,-516],[-570,-250],[191,-839]],[[91038,21899],[-4,9],[3,13],[11,-21],[-10,-1]],[[92220,23954],[7,0],[3,-9],[-13,2],[3,7]],[[92168,23971],[-16,32],[31,17],[1,-51],[-16,2]],[[90377,21750],[-250,529],[-670,-237],[-418,420],[-241,-85]],[[89191,24782],[497,-334],[-27,305],[-503,587],[201,779]],[[91350,29392],[757,-61],[181,442],[-41,534]],[[92247,30307],[884,-487]],[[93131,29820],[-585,-1243],[-152,-931],[157,-237],[-487,-1076],[34,-926],[53,-114],[173,32],[48,-16],[65,-59],[-306,-618],[-2,-521],[-410,-449],[-39,-542],[-169,18],[-318,-486],[-10,-625],[-806,-277]],[[93109,26698],[-22,-33],[-34,30],[41,58],[15,-55]],[[23350,75140],[288,-238]],[[75260,62078],[-800,-528],[-370,525],[-418,-208]],[[78084,27034],[-9,196],[-268,-349],[-187,177],[60,275],[-174,351],[416,362],[-155,35],[192,539],[-163,-71],[-139,352],[155,170],[-17,409],[366,182],[-272,51],[208,385],[12,697],[197,38]],[[54292,73020],[-90,592],[358,663],[205,952],[428,592],[-67,274]],[[55126,76093],[299,342],[-502,403],[-355,963],[10,423],[422,853],[8,348]],[[57707,66727],[-603,89],[49,-288],[-352,-211]],[[56801,66317],[-233,77],[-34,205],[167,170],[-384,511],[59,331],[192,-104],[-208,784],[-340,62],[312,336],[-304,305],[107,281],[-271,-75],[-130,429],[40,-281],[-311,172],[91,-228],[-149,45],[59,-165],[-369,-296],[75,457],[-497,237],[50,384],[-206,289],[-7,752],[-253,547],[174,608],[-139,870]],[[82344,52089],[-227,22],[-98,337]],[[83721,54827],[-333,-329],[-357,-2042],[657,-1400],[315,-286]],[[84141,50300],[-224,-294],[-744,12],[-514,340],[-63,504],[-352,742],[100,485]],[[33121,70813],[268,-1040],[-169,-39],[47,-452],[-283,-574],[247,-49],[-25,-444],[223,-88],[-89,-422],[119,-1917]],[[33459,65788],[-54,-485],[-305,283],[-81,-406],[-516,-32]],[[32503,65148],[-19,662],[-109,85],[154,143],[-43,365],[-308,-59],[7,561],[-353,-4],[-221,773],[-431,-57],[-144,1460],[380,306],[-221,425],[167,815]],[[77054,65516],[849,377],[498,-608],[-5,654],[327,183],[-353,759],[435,82]],[[78805,66963],[511,-774],[205,-1414],[-133,-525],[420,-467],[-298,-364],[-110,-730],[285,-922]],[[78877,60432],[-366,720],[-281,127]],[[88032,74907],[-241,179],[-11,490],[-370,-88],[-160,313]],[[87250,75801],[-107,173]],[[91401,78661],[-93,-488],[110,-454]],[[91068,74473],[-1425,1789],[-1296,-786],[-315,-569]],[[42777,65014],[-579,262],[-806,807],[-285,739],[-489,446],[-16,497]],[[40602,67765],[557,97],[492,-229],[433,307],[241,-112],[40,-261],[247,285],[-114,-188],[79,-200],[210,288],[-38,206],[113,-261],[165,110],[-134,-296],[166,51],[149,-332]],[[43208,67230],[137,-132],[282,233],[71,-266],[-107,-196],[174,-67],[-203,-817],[103,-147]],[[43665,65838],[-132,-454],[-661,-32],[-95,-338]],[[43575,73525],[190,690],[-646,584],[-148,291],[18,441],[380,446],[655,1514]],[[44024,77491],[599,-475],[759,68],[928,-896],[551,-254],[312,-816],[29,-373],[-134,-84],[166,-257],[-762,-726],[-95,-373],[189,107],[9,-274],[-240,-144]],[[46383,72864],[-769,363],[-239,-314],[-559,216]],[[66204,96641],[210,-257],[90,444],[331,441],[-23,321],[-229,-107],[-208,250],[184,226],[546,-41],[-147,-934],[303,472],[239,-628],[40,372],[185,-204],[441,1002],[100,-663],[88,339],[638,231],[570,-553],[-114,948],[304,65],[538,-336],[-46,-555],[-192,-328],[121,-160],[421,822],[-234,275],[347,369],[140,-273],[-120,-265],[100,-189],[368,227],[277,-281],[159,165],[378,-114],[116,-641],[344,-287],[235,344],[-178,-709],[216,232],[83,-709],[326,132],[46,-566],[209,-156],[102,441],[164,-630],[191,280],[-183,54],[17,198],[157,-74],[354,-584],[-3,-469],[441,-130],[-228,-382],[176,-409],[292,503],[379,-670],[249,30],[-261,-389],[682,69],[47,-619],[120,-61],[189,240],[-48,320],[112,-1],[94,-312],[-167,-216],[255,-207],[102,248],[175,-127],[39,-435]],[[73994,84832],[-414,-333],[-161,117],[-23,-203],[-384,29],[9,461],[589,1233],[-698,1778],[400,943],[-284,285],[97,656],[-758,1839],[-422,-315],[-294,112],[-171,476],[-154,-464],[-977,-311],[-345,-622],[-359,-48],[-313,451],[-261,-128],[-109,159],[-519,-576],[-313,322],[-267,-179]],[[89907,56555],[-645,-853]],[[89262,55702],[-631,383],[-327,-188],[-300,144],[-548,-945],[-259,-45],[-98,677],[-193,137],[126,331],[-150,16],[-517,-256],[-346,-952],[-264,-30],[-242,-471],[-467,330],[-347,-49],[-197,-306],[-209,193],[-335,-104],[-237,260]],[[83721,54827],[124,230],[-149,231],[130,238],[-88,736],[172,301],[-117,366],[593,363]],[[60713,79796],[733,823],[241,-66],[233,362],[296,-113],[-44,246],[-132,-167],[-473,481],[221,449],[303,-191],[280,594],[-964,1711],[177,772],[-72,390],[241,338],[26,664],[299,536],[-107,947],[247,433],[30,554],[142,4]],[[62390,88563],[535,293],[838,1140],[466,16],[46,246]],[[78418,14628],[183,27],[11,239],[311,-41],[-11,180],[647,-56],[149,141],[-34,332],[283,80],[130,371]],[[80087,15901],[491,-561]],[[80578,15340],[-632,-2227],[-492,223],[-250,499],[-297,77],[-429,-285]],[[12865,77500],[81,-286],[330,23],[-67,-328]],[[13003,74911],[-1375,209],[-813,-346]],[[10815,74774],[-372,694],[-162,-80],[-115,313],[-339,-79]],[[9827,75622],[-38,465],[-141,90],[331,900]],[[23350,75140],[-149,-270],[77,-1009],[-255,-21],[-79,301],[-86,-254],[-289,118],[-237,-293],[28,-336],[-282,-118]],[[22078,73258],[-644,329],[-1102,1472]],[[22037,76002],[359,273],[-165,-240],[224,-645],[283,-269],[365,290],[268,-105],[-21,-166]],[[90409,80034],[-425,-213],[-105,-485],[-238,-7],[-40,297],[-162,-104],[-147,204],[-349,-1432],[-781,-1262],[-178,-9],[-101,-309],[-317,52],[-31,-526],[-392,-266]],[[87143,75974],[-252,882],[186,317],[-171,650],[564,736],[-521,1030],[-172,-215],[-244,264],[-592,-351],[-194,144],[-19,1233]],[[85728,80664],[148,384],[-32,526],[318,359],[7,650],[520,127],[189,829]],[[86878,83539],[114,-603],[463,64],[135,-1150],[607,-18],[912,992],[521,-70],[156,-343],[162,35],[63,-325],[331,31]],[[51322,84174],[-660,-593],[-91,187],[-448,-208],[-400,-742],[-133,-754],[-382,231],[-204,-284],[47,-615],[-130,-397],[-571,1],[-175,273],[-299,-433],[-27,239],[-383,154]],[[47466,81233],[-51,524],[185,177],[-259,267],[122,313],[-351,160],[-156,744],[-282,193],[77,161],[-212,269],[241,238],[-98,264],[272,213],[-162,85],[112,259],[-440,114],[65,399],[-336,280],[-150,514],[246,127],[-86,318],[300,44],[-40,339],[127,83]],[[76991,17042],[1,-773],[410,-39],[524,-767],[166,5],[326,-840]],[[78418,14628],[-117,-468],[177,-533]],[[78478,13627],[-18,-743],[-350,-6]],[[13092,74715],[-89,196]],[[13003,74911],[-95,700],[637,539],[-340,414],[154,210],[-150,135]],[[13209,76909],[721,114]],[[9205,66667],[98,-297],[-198,65],[2,-427],[-125,209],[-238,-209]],[[8744,66008],[-198,535],[-206,33],[-618,-1453],[-793,-457],[-484,646],[-383,5],[-90,-491],[341,-888],[-69,-642],[-558,118],[-435,679]],[[5251,64093],[-5,597]],[[5762,66880],[549,-20],[268,361],[-79,208],[562,707],[-12,893],[540,-321],[407,295],[384,-175]],[[54440,63862],[370,-718],[-58,-614]],[[54752,62530],[46,-382],[-182,-28],[-87,508],[-338,-70],[146,-533],[-188,-20]],[[54149,62005],[-113,262],[-157,-118],[-155,373],[-302,-160],[143,160],[-179,230],[54,379],[-324,51],[-759,-887],[-663,-358],[113,-635],[-357,-151],[-325,527],[61,406],[-348,331]],[[52772,65783],[896,-227],[87,-644],[238,-282],[291,19],[27,-789],[129,2]],[[62162,77235],[-449,948],[210,814],[-280,491],[376,312],[127,-229],[475,267],[218,440],[25,558],[241,377],[-61,580],[423,83],[280,422],[409,-121],[176,503],[372,87],[-18,331],[194,72],[279,-350],[238,313],[35,464],[-157,480],[-164,-106],[-199,232],[-154,1448]],[[83379,20017],[-861,1085],[-892,-233],[-369,291]],[[81257,21160],[428,41],[114,294],[694,83],[854,911]],[[84606,19726],[-322,12],[-363,399],[-542,-120]],[[72549,18887],[97,563],[388,202],[-445,-88],[-21,691],[189,-46],[340,466],[-231,-67],[502,1164],[228,152],[66,-579],[391,414],[53,-379],[699,133],[214,-184]],[[75639,17687],[126,-563],[-112,-492],[384,-933],[-176,-213],[-245,82],[-98,-1245]],[[94350,71844],[-12,48],[70,-51],[-23,0],[-35,3]],[[94658,74219],[-16,15],[-3,8],[34,-17],[-15,-6]],[[94294,71850],[-504,490],[46,407],[-402,-66],[-57,596],[-558,-318],[93,811],[-142,261],[-314,-529],[-296,40]],[[92160,73542],[-237,663],[-855,268]],[[91068,74473],[460,550],[-300,445],[11,619],[-232,218],[100,600]],[[94676,74396],[-205,-563],[-177,-1983]],[[18003,72433],[-264,-413],[46,-287]],[[16915,70060],[-686,242],[158,499]],[[16902,73339],[183,-91],[-28,306],[147,143],[252,-435],[-336,-314],[267,-94],[64,-472],[389,-63],[28,253],[135,-139]],[[19586,71013],[-205,-1566],[-941,-717],[-350,24]],[[17118,70008],[-13,366],[-426,665],[-10,588],[136,22],[176,-649],[443,-75],[-248,808],[40,339],[519,-592],[135,43],[-85,210]],[[17785,71733],[921,479],[420,-829],[460,-370]],[[88846,59322],[-482,15],[-700,-1110],[-123,156],[-426,-136],[-460,-676],[-343,-170],[-628,220],[-199,-686],[-248,-187],[-851,544]],[[84386,57292],[127,665],[358,406],[-594,1204],[-311,-4],[-233,269]],[[83777,60198],[381,458],[809,41],[615,477],[217,-143],[641,286],[76,-273],[387,310],[212,-71],[335,468]],[[87450,61751],[691,324],[869,970],[47,306],[887,503]],[[89944,63854],[-273,-898],[572,-137]],[[79150,18896],[5,-321],[-664,81],[-251,-887],[-803,25],[-15,-394],[-251,-3],[-11,-354],[-169,-1]],[[76991,17042],[-168,688],[-423,43],[-131,-278],[-234,382],[-396,-190]],[[75639,17687],[-220,482],[158,257],[-10,819],[-696,1065],[148,1019]],[[75019,21329],[18,33]],[[75037,21362],[323,235]],[[79602,21216],[-59,-842],[-173,-362],[89,-185],[-309,-931]],[[19634,85331],[151,-106],[28,365],[142,-252],[-51,-244]],[[19904,85094],[-110,-469],[136,-42],[-132,-171],[160,-135],[-184,-3],[34,-274],[-190,43],[205,-225]],[[19823,83818],[-191,-158],[486,-644],[12,-384],[679,-736],[-177,-174],[210,-190],[-331,2]],[[19759,81197],[-217,246]],[[81710,27571],[-131,240],[172,155],[-106,92],[-23,1057],[-329,67],[-43,651],[-820,153],[-486,581],[-455,-156],[-455,502],[-728,-80]],[[78306,30833],[-69,659],[128,253],[70,435],[-116,-282],[-217,144],[-256,-204],[104,425],[209,156],[-187,170],[139,160],[-294,64],[364,435],[-96,175],[159,276],[-110,62],[25,567],[361,452],[-104,68],[130,78],[-13,376],[362,269],[61,529],[229,64]],[[79807,35958],[192,-526],[286,49],[294,-273],[37,-1040],[852,-1318],[608,-99],[233,-316],[489,135]],[[82798,32570],[783,-246],[493,-501],[92,-445]],[[70435,57464],[116,-263],[77,123],[-97,-283],[187,-25],[-75,-223],[292,121],[-29,147],[226,-509],[198,19]],[[71330,56571],[-66,-274],[414,-717],[-73,-923],[773,102],[-26,-340],[459,-1317],[634,-599],[219,-462],[282,148]],[[74538,49994],[-214,-394],[-310,-21],[-98,352],[-406,-425],[-149,224],[-473,-773],[15,168],[-249,-66],[-86,276]],[[72568,49335],[92,151],[-125,118],[-284,-59],[-151,-624],[-369,789],[-13,472],[-127,-411],[-166,309],[-297,43],[171,-604],[-507,707],[-213,14],[44,304],[-173,-120],[44,-481],[-190,-105],[-228,478],[-268,84],[110,256],[229,-39],[-239,449],[-212,-189],[-211,222],[240,-523],[-71,-142]],[[69654,50434],[-150,257],[-286,3],[203,210],[-163,316],[154,219],[-301,410],[301,457],[-159,234],[-226,-445],[-222,167]],[[38252,58788],[-151,231],[146,394],[-555,836],[174,629],[-98,140]],[[38342,63198],[713,689]],[[39055,63887],[302,-520],[225,-16]],[[39582,63351],[92,-550],[69,179],[257,-326],[-275,-304],[251,-761],[120,173],[562,-456],[-116,-487],[149,-314]],[[40691,60505],[-303,-847],[360,-159]],[[40748,59499],[-595,-591],[-196,232],[-248,-178],[-295,350],[-141,-590],[-279,195],[-58,-487],[-684,358]],[[26782,76361],[-166,378],[309,732],[-196,251],[106,196],[-210,1079]],[[26625,78997],[227,243],[344,-157],[1044,677],[497,-942],[376,-152],[316,276],[-72,166],[348,88],[252,-174],[128,-313],[-117,-523],[141,-106],[-127,-352]],[[29982,77728],[-184,-646],[-282,-197],[65,-737],[-258,-9],[-87,-302],[-55,488],[-469,-75],[-113,334],[-75,-230],[-219,44],[29,-448],[-476,306],[-122,-461],[-156,154],[20,591],[-362,-247],[-456,68]],[[23461,62204],[146,255],[-135,356],[373,359],[180,492],[-261,346],[156,40],[-82,357],[300,180]],[[26051,63674],[-556,-801]],[[25495,62873],[-248,13],[-599,-515],[-46,-941],[-961,173],[-180,601]],[[68440,45417],[700,-116],[494,537],[58,-367],[226,-239],[-82,-250],[423,-304],[132,-334],[911,52],[-43,-226],[317,-165],[-90,-186],[384,-649],[-51,-244],[201,-135]],[[66493,35120],[-499,1533],[173,583],[-112,3347],[309,1053],[-210,731],[-240,139],[-132,379],[-20,651],[261,354],[558,-174],[505,468],[184,-162],[636,112],[14,259],[433,177],[87,847]],[[95012,49789],[25,-1730],[243,-856],[-255,-872],[438,-1263],[22,-615]],[[95485,44453],[-41,-256],[-251,100],[-162,-373],[134,-647],[349,189],[-1,-422],[-217,-368]],[[12287,88386],[-568,-552],[-518,-144],[-229,151],[-448,-361],[-124,-689],[-217,201],[37,-321],[144,-45],[-338,31],[160,-235],[-195,-28],[26,-436],[-114,25],[197,-243],[-115,-121],[66,-215]],[[10051,85404],[-119,-256],[-215,106],[-81,-373],[-182,204],[53,155],[-145,-332],[-218,16],[-107,-400],[-155,136],[-1,-288],[-256,-48],[100,-197],[-96,-80],[194,-193],[-491,-324],[-396,114],[-17,-367],[-116,173]],[[7886,86119],[-219,337],[240,240],[-129,496],[237,150],[-180,206],[202,383]],[[8037,87931],[71,382],[344,248],[-81,262],[160,-34],[-105,125],[179,175],[-45,279],[409,588],[12,1416]],[[8981,91372],[680,-336],[436,423],[18,-373],[232,-145],[46,-753],[203,20],[496,-877],[516,-333],[238,-412],[441,-200]],[[66345,56174],[60,-439],[395,-102],[-53,-326],[295,-372],[-188,-391],[485,235],[-228,-381],[132,-277],[-120,-369],[259,-290],[194,223],[272,-162],[102,-195],[-124,-552],[212,-160],[199,-19],[6,305],[232,-337],[310,364],[59,-161],[-171,-106],[132,-400]],[[68805,52262],[-149,-1160],[-246,-270],[-187,77],[-473,-1510],[-531,-547],[-52,-389],[-251,1608],[-210,-412],[-405,437],[15,286],[-194,287]],[[66122,50669],[59,1147],[-206,213],[72,123],[-204,414],[103,76],[-213,184],[99,166],[-285,393],[37,242],[-192,131],[172,396],[-265,-66],[-65,-298],[-139,284],[31,-186],[-162,128],[-210,-180]],[[13802,66109],[127,-1286],[-141,-340],[-993,-503],[-328,1072],[-220,91],[-181,-216],[-248,-1282],[-1010,588],[-933,-744],[-413,-645],[-89,606],[479,1497],[-34,441]],[[9818,65388],[315,-262],[-28,655],[155,-86],[100,564],[301,-35],[-92,377],[406,170],[-33,427],[309,61],[17,328],[-135,-39],[-90,301],[152,26],[285,2345],[216,-43],[33,543]],[[11729,70720],[434,-166],[435,380]],[[12598,70934],[162,-383],[-72,-248],[234,-307],[-15,-239],[-161,-2],[112,-162],[-126,-101],[77,-274],[117,-36],[-104,-320],[411,-498]],[[65663,74755],[13,1099],[-100,386],[-324,131],[-187,1167],[105,615],[551,702],[199,1047],[-54,634],[238,803],[-151,278],[75,1154],[-120,639],[296,1172],[377,283],[-318,409],[8,347],[-1087,-234],[-426,264]],[[64758,85651],[-99,608],[175,478],[-386,-349],[-127,310],[251,419],[-199,607],[167,662],[-64,513],[163,248],[-159,483]],[[66871,92555],[58,-352],[180,-36],[-105,-151],[166,-336],[-217,-289],[618,-221],[-169,-493],[143,-257],[109,240],[209,-146]],[[67863,90514],[-263,-348],[-169,194],[-100,-338],[202,-341],[-131,-555],[217,-414],[1,-391],[214,182],[250,-357],[-46,-816],[305,-732],[-79,-661],[112,-477],[-246,-652],[-134,-1523]],[[4375,78460],[-102,101],[-72,-222],[28,232],[-127,3],[-80,-372],[-91,187],[-127,-761],[-337,146],[67,-733],[-386,203],[207,17],[-38,256],[-340,83],[-347,-244],[-62,-371],[-156,17],[-185,-389]],[[2227,76613],[-328,591],[-56,-289],[-262,-36],[124,315],[-279,332],[80,291],[116,-291],[236,85],[29,463],[-188,611],[274,-350],[209,290],[-278,125],[90,317],[152,3],[-66,559],[-66,-321],[-167,400],[-446,117],[150,180],[204,-262],[-12,421],[137,-27],[62,281],[-105,337],[95,275]],[[1932,81030],[178,111],[174,-293],[140,250],[-188,77],[302,149],[-48,289],[202,-182],[56,247],[191,-13],[400,-335],[94,229],[270,-263],[-205,-374],[384,-311],[-153,-413],[324,-420],[78,-421],[202,-19]],[[74874,4391],[933,-1077],[132,280],[152,-161]],[[76091,3433],[-1232,-2566],[-571,-95],[15,268],[245,63],[-250,193],[76,326],[-586,33],[-360,387]],[[32126,78754],[134,216],[-176,339],[303,546],[109,941],[350,464],[-133,146],[145,200],[-41,1006]],[[32817,82612],[370,-579],[437,60],[453,-293],[239,138],[331,-429],[574,129],[422,-570],[898,513]],[[36541,81581],[-157,-1269],[-363,-747],[119,-293],[-159,-369],[-530,-183],[253,-342],[402,266],[-101,-841],[160,30],[25,271],[333,-65],[74,202],[145,-155],[65,231],[556,-460],[393,-823],[-328,-238],[-154,-440]],[[95296,42676],[-615,-1191]],[[94681,41485],[-619,-778],[-29,-496],[-275,-569],[-162,41],[-123,-383],[-158,201],[-392,-881],[-134,-460],[302,-163],[27,-565]],[[93118,37432],[-993,-228]],[[92125,37204],[-731,-136],[-147,490],[-402,198],[-667,-257]],[[92526,45892],[-32,-886],[-126,-70],[217,-462],[-21,-574],[247,-939],[1146,-450],[164,259],[144,-129],[-69,-185],[124,199],[70,-284],[230,125],[275,-192],[401,372]],[[96142,41717],[-33,-139],[-48,287],[45,-8],[36,-140]],[[83383,22514],[-36,-25]],[[83347,22489],[-138,56]],[[83784,27131],[457,267],[-276,665],[391,346]],[[94676,74396],[-152,180],[-711,-620],[-597,-135],[-177,111],[53,776]],[[93947,76013],[155,-21],[101,286],[576,-834],[185,43],[120,497],[75,-363],[185,28],[-332,-1288],[-336,35]],[[94392,76841],[3,-22],[44,-48],[-89,0],[42,70]],[[34445,59409],[62,272],[365,52],[121,371],[-117,141],[222,199],[470,-101],[431,-466],[568,680]],[[36567,60557],[55,-2167],[-340,-66],[-671,-987],[-126,-585]],[[35485,56752],[-206,774],[-214,140],[67,148],[-251,4],[-118,1090],[-318,501]],[[89359,26119],[-462,1504],[124,572],[-81,384]],[[88940,28579],[60,549],[-258,171]],[[88742,29299],[380,263],[657,-322],[1571,152]],[[91350,29392],[-518,-976],[172,-1101],[-521,-13],[-220,-574],[-323,17],[-150,-678],[-431,52]],[[73946,52189],[-113,566],[283,1201],[-635,669],[132,50],[-51,360],[408,469]],[[73970,55504],[268,-243],[1316,520]],[[75554,55781],[678,203],[997,-732],[-105,-815],[-507,-1269],[294,-62],[5,-187],[-347,-588],[493,140]],[[77062,52471],[-428,-414],[-97,-978]],[[76537,51079],[-769,-884],[-405,-129],[-478,283],[-347,-355]],[[74538,49994],[-209,718],[182,352],[-335,695],[-127,-30],[-103,460]],[[93092,74708],[-679,229],[-24,724],[-446,582],[-543,63],[-36,436],[-257,163]],[[91107,76905],[311,814]],[[91418,77719],[187,219],[312,-58],[298,-966],[1360,651]],[[93575,77565],[146,-1184],[226,-368]],[[93947,76013],[-297,-784],[-558,-521]],[[16664,73800],[136,-236],[157,112],[-55,-337]],[[16902,73339],[-813,-173],[58,-403]],[[14431,74745],[752,309],[88,297],[-172,555],[353,42],[508,551]],[[46071,67590],[-340,390],[2,748]],[[45733,68728],[1253,-440],[655,139],[-31,261],[324,-253]],[[38194,57748],[406,-867],[453,-310],[-283,-1404]],[[38770,55167],[-348,-992],[-602,774],[-835,-108],[-23,-445],[282,-441],[-141,-300],[-522,541],[-539,-347],[-67,269],[215,908],[-270,279]],[[35920,55305],[-214,749]],[[35706,56054],[264,147],[182,-569],[212,805],[551,461],[-20,-329],[480,-374],[-253,605],[604,277],[-101,690],[569,-19]],[[17039,66747],[-124,3313]],[[16915,70060],[203,-52]],[[17118,70008],[42,-1038],[934,25],[-4,-241]],[[18090,68754],[15,-768]],[[18105,67986],[-95,-673],[286,-1175],[-414,-167]],[[17882,65971],[-843,776]],[[84205,74097],[-163,174]],[[83750,80446],[458,-49],[413,244],[207,-1024],[612,387]],[[85440,80004],[59,-300],[-120,-185],[200,-987],[-194,-256],[5,-424],[170,10],[79,-437],[104,160],[-9,-500],[144,-185],[-394,-359],[150,-928],[-152,-1406],[-1277,-110]],[[60813,55789],[191,432],[-199,275],[193,506],[-89,442],[-154,11],[477,1034]],[[66468,61362],[829,-141]],[[68273,60314],[-237,-124],[-28,-615],[-206,89],[-21,-413],[-192,-5],[-7,-265],[-239,-22],[23,-289],[-235,-86],[-112,-1141],[-225,-155],[126,-196],[-309,-514],[67,-260],[-204,-67],[1,-259],[-130,182]],[[66345,56174],[-111,117],[-92,-528],[-346,128],[-281,-864],[-325,266],[-88,595],[-279,277],[-292,-1021],[183,-428],[-471,2],[-51,-220],[168,-402],[394,-260]],[[64754,53836],[134,-398],[-607,471],[-1135,-520],[-141,122],[-140,-287],[101,-212],[-280,-254],[-2,253],[-153,-138],[-351,294],[269,0],[144,344],[-64,323],[208,214],[81,479],[-177,94],[24,229],[-357,469],[-346,-281],[-136,260],[-317,-80],[-36,-655],[-337,413],[-421,-95],[14,228],[408,156],[-324,524]],[[60541,62858],[-559,382],[-341,-301],[-182,411],[-186,17],[15,207],[-548,-195],[-234,614],[147,122],[-79,332],[-320,234],[660,480],[135,-12],[50,-465],[145,-3],[-110,444],[120,-29],[52,306],[144,-589],[77,238],[374,-51],[-282,439],[435,-98],[42,410]],[[63315,66528],[6,-209],[223,-65],[-41,204],[171,-480],[156,0],[131,-509],[-103,-503],[277,-167],[-19,-482],[330,-17],[-131,-260],[114,-127],[-67,-986],[382,171],[75,363],[5,-816],[405,-335]],[[36500,71534],[-376,-749],[-504,584],[-177,-486],[-192,272],[-642,209],[-493,-546],[-405,326],[-292,-337],[-166,246],[-132,-240]],[[33121,70813],[-34,199],[-176,-249],[-161,216],[-171,-436],[-237,179],[25,-270],[-230,9],[-104,535],[-171,-291],[-210,182],[-290,-264]],[[31362,70623],[9,183],[-427,136],[-37,371],[-257,45]],[[31262,73429],[189,163],[878,-79],[223,495],[547,-198],[609,1320],[31,707],[723,-245],[193,261],[-54,-260],[573,-70],[-36,264],[276,32],[37,195],[214,-131],[476,110],[105,268],[254,-120],[-19,380],[167,-273],[252,55],[66,-233],[112,305],[196,-19]],[[37274,76356],[-38,-321],[164,57],[-6,-350],[178,-215],[250,392],[397,-463],[523,-36],[435,-795],[-615,-195],[-218,-633]],[[96730,66032],[-291,-762],[-76,-728],[-995,-946],[86,-535]],[[95454,63061],[-443,-189]],[[93427,65122],[573,-294],[222,183],[294,-112],[341,378],[158,-274],[307,17]],[[95322,65020],[681,-341],[279,286],[-89,129],[220,393],[-54,170],[371,375]],[[96161,65292],[-16,-171],[-168,-93],[81,164],[103,100]],[[46590,87318],[351,369],[-165,348],[221,961],[583,409],[156,578],[352,-143],[470,298],[-22,220],[165,119],[317,-196],[28,207],[558,89],[420,1419],[441,-471],[1051,378],[437,-385],[89,-564],[313,-191],[136,-378],[249,416],[-230,896],[211,105],[443,-492],[-17,-984],[170,-136]],[[53317,90190],[210,-385],[-247,-106],[127,-189],[-85,-301],[161,-136],[98,297],[95,-120],[-328,-328],[198,-204],[-134,-246],[214,-341],[-27,-590],[240,-184],[268,284],[217,-113],[58,-832],[-151,-583],[623,-379],[107,-517],[-225,-181],[86,-384],[581,-699],[-228,-203]],[[54111,82208],[-840,125],[-246,339],[-96,-228],[-386,66],[-348,820],[-186,-16],[-687,860]],[[51322,84174],[264,293],[-34,566],[-191,159],[561,508],[-71,412],[290,-17],[-379,694],[-763,-21],[-268,322],[-192,-174],[-72,186],[-120,-232],[-470,318],[-467,14],[-1364,-1803],[-217,275],[11,461],[-1029,784],[-221,399]],[[71729,60274],[-944,-743],[-55,-436],[232,-638],[-437,-406],[-90,-587]],[[70435,57464],[-256,-314],[-311,247],[159,-381],[-141,-50],[-352,600],[-207,7],[147,305],[-53,263],[-365,197],[45,463],[-255,225],[1,391],[190,-228],[175,-32],[-21,444],[119,-100],[187,395],[-328,-174],[-483,264],[-141,-187],[40,289],[-312,226]],[[68273,60314],[-565,294],[-411,613]],[[67297,61221],[527,812],[525,204],[229,358],[-75,289],[287,345],[93,-381],[228,-89],[245,320],[224,-62]],[[70418,4575],[-707,-845],[-243,84],[-962,-492],[-43,-219],[-889,-236],[93,-649],[304,-527],[748,-780],[318,-758],[-133,-153],[53,203],[-157,230],[-399,-67],[192,393],[-296,31],[158,185],[-399,-71],[72,306],[-521,241],[132,188],[-268,76],[-55,435],[-129,-111],[25,-524],[-186,371],[-108,-78],[96,343],[-197,-99],[194,553],[-110,241],[129,141],[-703,147],[668,316],[0,276],[-191,-51],[113,184],[-103,-20],[303,490],[-160,191],[-341,-74],[398,345],[57,-185],[293,22],[-129,-87],[217,-239],[404,-116],[-153,-374],[-195,52],[116,-168],[-121,-311],[348,480],[-30,-401],[200,300],[7,345],[176,-43],[407,72],[69,-94],[16,12],[-104,121],[-568,-22],[-133,-176],[119,633],[-220,-59],[216,217],[-132,-48],[84,318],[-195,78],[91,131],[-140,445],[386,181],[411,-76],[-384,9],[-274,-302],[165,-82],[-104,-130],[219,-6],[-137,-108],[201,-54],[-16,-222],[284,386],[-148,-596],[91,282],[535,313],[343,-330],[28,180],[-287,250],[31,226],[168,17],[-60,371],[209,-186],[67,203],[-137,695],[160,198],[-51,-246],[314,-17],[-21,-231],[238,-10],[-270,559],[552,21],[-143,475],[136,45],[-87,494],[222,-29],[-37,464]],[[70418,8438],[748,-1025],[746,255],[433,-247],[354,-558]],[[36709,63759],[210,104],[129,-428],[437,-236],[857,-1]],[[38342,63198],[90,-313],[-348,-853],[-472,-392],[156,-622]],[[37768,61018],[-224,104],[-539,-410]],[[37005,60712],[152,949],[-512,400],[-364,-127],[-121,579],[294,-125],[-86,176],[135,222],[243,-51],[-37,1024]],[[74779,65049],[-459,-48]],[[72463,68588],[-52,348],[180,12],[1175,-381],[320,-719],[544,-355],[-212,974],[178,-350],[75,280],[176,-315],[288,-73],[290,456],[246,-148],[45,299],[-691,-146],[-90,173],[279,777],[181,-264],[155,174],[-60,312],[-163,46],[115,966],[-276,727],[106,115]],[[75272,71496],[1061,-2078],[556,-461]],[[76889,68957],[267,-1616],[189,-407],[-173,-224]],[[83798,64472],[172,172]],[[83970,64644],[296,-764],[-123,-335],[262,-267],[-393,-291],[-66,-388],[-173,-124]],[[79481,58779],[-428,1101],[25,416]],[[79078,60296],[-201,136]],[[78877,60432],[730,885],[78,450]],[[79685,61767],[465,143],[333,553],[229,-109],[308,285],[558,-379],[374,210],[238,532],[834,73],[301,403],[67,491],[406,503]],[[2699,85660],[-8,430]],[[2691,86090],[131,381],[278,-283],[-81,329],[236,-138],[-13,308],[185,-32],[537,959],[262,12],[239,-980],[142,-98]],[[4607,86548],[771,-418]],[[22321,78847],[-192,-742],[303,-44],[115,-646],[-760,-139],[171,-406],[-364,-150],[336,-213],[-190,-288],[297,-217]],[[22037,76002],[-108,-232],[-168,54],[-255,740],[-450,-346],[-344,79],[-6,-224],[571,-464],[-50,-344],[-314,-302],[-155,188],[-426,-92]],[[20332,75059],[85,-485],[-514,33],[-53,-629],[-735,1548],[-139,-42]],[[18512,77108],[-28,528],[-501,1357]],[[17983,78993],[229,-347],[556,-132],[493,418],[338,-168],[245,580]],[[84938,47381],[133,933],[-139,184],[198,578],[-290,692],[-536,133],[-163,399]],[[84141,50300],[-138,470]],[[84003,50770],[103,829],[373,301],[712,-66],[104,324],[167,-539],[719,444],[157,-1120],[288,-751],[988,784],[13,-242],[149,151],[235,-224],[172,187],[164,-231]],[[88347,50617],[178,-662],[-589,-1242],[-254,-29],[0,-603],[-444,-1563]],[[87238,46518],[43,878],[-136,251],[-296,-1079],[-490,626],[-236,-3],[-257,-576],[-156,12],[-203,680],[-569,74]],[[48008,73656],[192,569],[956,-120],[85,-189],[348,324],[191,-237],[702,-16],[121,-106],[-168,-221],[115,-230],[187,204],[37,-448],[303,89],[40,216],[234,-157],[39,-261],[205,275],[218,-224],[-84,-330],[368,-92],[-138,-77],[51,-342],[478,344],[352,-494],[398,522],[391,-50],[147,275],[516,140]],[[54292,73020],[-2619,-2613],[145,-295],[-71,-219],[-709,-29],[-124,270],[-97,-274],[-202,7],[58,-183]],[[65030,73310],[633,1445]],[[65663,74755],[365,7],[679,726],[94,-269],[249,102],[737,-668],[301,217]],[[72854,61475],[-349,870],[-1279,497],[-111,889],[-251,-15]],[[71899,68674],[564,-86]],[[72463,68588],[99,-702],[-110,-619],[165,-421],[27,-932],[421,-19],[174,-408],[456,-297],[248,224],[295,-154],[82,-259]],[[74320,65001],[-246,-298],[-74,-605],[156,33],[-113,-796],[-217,-291],[69,-287],[-201,-84],[-211,-491],[-264,77],[19,-281]],[[81719,76751],[-103,611],[-255,53],[-222,797],[-241,62],[-343,697],[-904,667],[-603,15],[-113,-369]],[[78935,79284],[-166,-76],[-76,302],[120,237],[-36,521],[216,429],[-412,409],[9,591],[-434,379],[-604,-27]],[[79789,84314],[466,-633],[716,663],[186,-76],[214,-370],[-42,-298],[446,-747],[583,-20],[153,-229]],[[82511,82604],[36,-394],[-173,-337],[251,-1028],[412,-292],[746,153],[-33,-260]],[[83750,80446],[125,-57],[-127,-394],[125,-917],[-130,-6],[-192,-690],[-25,-1598],[390,-301]],[[77172,66710],[-177,-365],[131,-510],[-72,-319]],[[77054,65516],[31,-433],[330,-12],[-69,-807],[591,-1412],[-157,-549],[450,-1024]],[[78230,61279],[-638,-129],[-295,485],[-756,-732],[-361,271],[-753,-461]],[[75427,60713],[-287,273],[-35,909],[155,183]],[[75260,62078],[-155,820],[165,210],[-164,102],[264,227],[-374,380],[-4,753],[-213,479]],[[74779,65049],[385,580],[521,187],[216,443],[358,-138],[363,801],[550,-212]],[[84191,35318],[-319,-262],[-483,151],[-452,1354],[-494,172],[-224,1482],[-605,939],[86,820],[160,-42],[89,410]],[[87235,35424],[-146,-288],[-367,-94],[-325,-769]],[[86397,34273],[-90,510],[-620,1],[-229,314],[-366,-280],[-33,346],[-213,31],[-165,526],[-490,-403]],[[79022,86345],[-221,-215],[60,-364],[385,-441],[166,-656],[377,-355]],[[79789,84314],[-210,-387],[-707,-182],[-491,-490],[-550,12],[-279,-1218]],[[77552,82049],[-324,-544],[-61,-1184],[-598,-528],[21,-1797],[-626,310]],[[75964,78306],[-646,39],[-348,813],[115,836],[450,359],[-191,227],[2,873],[-146,412],[-227,13],[-471,635],[-36,818],[-418,809],[-54,692]],[[73994,84832],[210,68],[-234,244],[331,455],[-66,334],[320,496],[58,-339],[225,471],[33,-342],[64,524],[207,-9],[131,552],[251,-156],[201,421],[475,142],[105,-177],[23,250],[-161,96],[101,213],[-273,-130],[2,309],[112,18],[-152,113],[215,274],[258,-78],[18,409],[258,-172],[-189,462],[198,211],[-420,210],[32,337],[265,65],[-284,123],[235,247],[-122,232],[183,563],[-92,328],[160,38],[-84,161],[107,258],[158,-23]],[[76853,92030],[276,285],[-62,-425],[151,47],[82,481],[212,-592],[211,-107],[153,251],[-95,107],[249,-146],[11,508],[145,-341],[16,210],[156,-285],[145,172],[139,-161],[254,390],[-175,289],[235,272]],[[72088,42468],[-68,323]],[[72020,42791],[1100,974],[552,1871]],[[73672,45636],[-110,-802],[244,-18],[230,486],[228,-354],[240,140],[-95,-445],[-298,297],[-107,-155],[142,-648],[1193,626],[543,-753],[201,-597],[672,-431],[20,-198]],[[9905,71389],[191,-245],[-263,-240],[246,-164],[-249,-349],[205,-199],[-18,-314],[-304,-283],[401,-240],[-276,-170],[192,-188],[-62,-203],[-162,34],[222,-453],[-301,-113],[264,-327],[-163,-88],[106,-437],[-379,63],[-54,-272],[151,-83],[-341,-106],[108,-244],[-214,-101]],[[9205,66667],[-319,548],[-350,84],[-22,879],[-473,28],[-139,206],[409,-11],[70,427]],[[8381,68828],[-88,659],[-142,-158],[-162,343],[123,202],[-148,120],[17,651],[-245,58]],[[7736,70703],[33,281],[353,139],[-388,313],[90,681],[-324,406],[287,37]],[[7787,72560],[353,-180],[84,299],[183,-79],[-23,318],[415,-590],[330,-64],[776,-875]],[[79998,71774],[354,466],[125,857],[350,172],[245,381],[-22,299],[283,277],[-59,254],[245,35],[289,420]],[[82263,73754],[-182,-1514],[466,-1501],[-649,-53],[170,-206]],[[82068,70480],[-454,-190],[-480,651],[-244,15],[-176,361],[-310,-81],[-406,538]],[[10861,82718],[-51,-193],[336,-366],[6,-186],[-147,12],[149,-321]],[[9641,77489],[-223,102],[-133,429],[-92,-551],[-137,33],[31,222],[-144,-240],[350,-374],[-181,-55],[138,-336],[-463,502],[56,-717],[-302,150],[166,-413],[-141,-71]],[[8037,76808],[488,268],[-11,270],[-231,238],[-109,-338],[-190,-13],[-111,432],[323,-19],[-100,617],[-359,15],[263,401],[-108,89],[91,122],[128,-189],[121,407],[-190,101],[117,485],[-71,738]],[[8088,80432],[848,1050],[195,-152],[1118,445],[-50,301],[387,-155],[-92,592],[367,205]],[[68422,68313],[-450,1325],[29,304],[372,183],[270,1025],[706,695],[-66,351],[244,623],[677,316]],[[12956,81833],[583,343]],[[13539,82176],[0,0]],[[13539,82176],[892,441],[-51,175],[473,272]],[[16542,81607],[-198,-31],[223,-516],[-297,-424]],[[14043,79767],[-80,309],[-324,-176],[-254,347],[-258,-69]],[[43575,73525],[1241,-396]],[[44816,73129],[-152,-89],[93,-425],[178,-30],[-142,-484],[132,-130],[-169,-47],[149,-318],[-124,-220],[118,-336],[-772,-94]],[[42241,74004],[1334,-479]],[[84637,19296],[-31,430]],[[84606,19726],[22,1154],[-124,120]],[[85926,22420],[579,-1016],[-127,-328],[149,-182],[-270,-302],[170,-409],[-681,-702],[-1109,-185]],[[57707,66727],[-259,511],[268,126],[-115,187],[243,508],[-109,417],[353,-52],[101,578],[233,245],[-121,324],[353,-66],[83,223],[-34,341],[-195,-58],[85,170],[-183,464],[510,742],[-158,580],[172,498],[125,-66],[-92,575],[257,114],[-236,270],[625,967],[201,-182],[397,383],[137,-130],[501,248],[-391,291],[-42,340],[-328,450]],[[60707,79630],[438,-446],[-63,-1085],[1080,-864]],[[62162,77235],[91,163],[40,-260],[344,-180],[741,-87],[-172,-231],[70,-343],[462,-1],[194,-326],[-395,-147],[-86,-1461],[242,-318],[866,60],[471,-794]],[[65030,73310],[-492,-434],[370,-103],[12,-287],[-201,-351],[-96,-467],[98,-339],[-201,-304],[-150,-858]],[[63926,67060],[-202,86],[-409,-618]],[[63315,66528],[-520,-340],[-44,-380],[-813,283],[42,387],[-155,-177],[48,-314],[-1777,-236]],[[60096,65751],[-162,1134],[-167,242],[-222,-326],[-107,732],[-238,209],[-299,-162],[-155,215],[-166,-417],[-298,21],[61,308],[-100,49],[-331,-283],[95,-297],[-255,-32],[75,-180],[-120,-237]],[[3003,70965],[-466,427],[439,461],[-125,93],[85,489]],[[2936,72435],[896,237],[125,-231],[349,178],[439,-270]],[[4745,72349],[245,-888],[360,-255],[116,-329]],[[5466,70877],[-850,-219]],[[82212,41600],[375,135],[415,-426],[405,9],[892,-554],[180,-337],[455,497],[201,-1180],[778,-98],[943,510]],[[86664,38086],[-352,420],[-1324,-1284],[-556,593],[-97,-97],[109,224],[-659,897],[-23,373],[-191,-52],[-82,205],[-477,-386],[-220,105],[-589,1651]],[[72660,7645],[225,445],[302,-116],[117,465],[1007,849]],[[75887,6238],[-566,-696],[-447,-1151]],[[70556,74937],[-542,388],[-273,-319],[-921,-235],[-351,-773],[-131,223],[111,686],[-361,-37]],[[68088,74870],[-363,534],[-19,1032],[-262,580],[153,788],[-353,989],[64,812],[-169,168],[224,0],[86,402],[197,-82],[-47,476],[-203,-3],[100,131],[-191,123],[175,114],[-178,54],[-50,224],[122,77],[-149,34],[168,136],[-148,295],[129,-52],[121,410],[-213,66],[137,100],[-161,199],[106,795],[216,233],[416,-220]],[[67996,83285],[1077,141],[255,493],[415,-100],[713,-1156],[19,-708],[611,-299],[202,-366],[-17,-301],[247,9],[283,-522],[-3,-792],[471,-212],[318,-667],[-24,-407],[195,-473]],[[13127,80178],[-412,-293]],[[11069,79899],[-184,915],[132,211],[-230,311],[361,-22],[-156,273],[162,77]],[[11154,81664],[20,184],[150,-149],[-73,421],[194,-37],[-105,142],[113,435],[243,360],[531,-82],[126,116],[-88,176],[270,-81],[18,-763],[403,-553]],[[12956,81833],[559,-651],[-388,-1004]],[[19759,81197],[383,403],[369,-66]],[[20511,81534],[643,-528]],[[21978,79688],[-92,126],[-450,-278],[-406,-638],[-773,14],[-413,432]],[[19844,79344],[27,561],[285,39],[-31,432],[-366,821]],[[92548,51201],[-94,-810],[231,-1083],[185,-12],[-59,-288],[323,-205],[281,-1563],[285,-240],[-1126,-860],[-48,-248]],[[92526,45892],[-339,-571],[-48,-826],[-180,242],[-359,-50],[-504,290],[-428,-1038]],[[89934,45302],[109,419],[-113,531],[422,807],[-167,1147],[418,209],[236,-307],[28,219],[96,-141],[15,162],[169,-36],[199,227],[-132,37],[-21,345],[-429,-9],[-479,955],[402,715],[-65,308]],[[16167,82007],[-583,960],[-243,-378],[-457,105],[-31,370]],[[14853,83064],[-241,610],[-256,-39],[-228,319],[-124,480],[398,1195],[242,248],[57,839],[1082,-982]],[[79022,86345],[181,-20],[373,898],[-319,837],[122,541],[-27,1132],[-215,56],[115,268],[-197,207],[219,160],[-19,1184],[-299,1377]],[[78956,92985],[1,407],[150,-173],[327,706],[576,-227]],[[80010,93698],[210,-586],[177,185],[627,-533],[100,285],[751,-248],[14,-629],[149,-234],[1187,-1129]],[[83225,90809],[1509,-1169]],[[84734,89640],[-201,-102],[-126,-680],[200,-914],[-368,-167],[-100,-337],[-347,-107],[-184,-315],[-803,247],[-94,372],[-339,51],[-46,193],[-449,-219],[100,-315],[-127,-50],[-526,322],[-112,468],[-709,354],[-638,-707],[-136,-1578],[-707,189]],[[86856,40156],[236,714],[-107,206],[215,112],[-226,567],[537,778],[-20,789],[187,78],[-177,391]],[[87501,43791],[1236,1488],[460,-139],[135,352],[602,-190]],[[89934,45302],[-349,-155],[-219,-625],[673,-539],[81,-481],[548,437]],[[90668,43939],[12,-558],[287,-253],[39,-430],[-43,-160],[-298,233],[-61,-180],[-3,-457],[161,-264],[-224,-554],[232,-546],[-89,-901],[-253,-1179],[-471,-317],[-227,-864]],[[14871,66543],[-173,292],[-423,-30],[-473,-696]],[[13802,66109],[-210,407],[226,138],[-419,293],[81,424],[-225,-27],[109,362],[-226,206],[201,99],[-106,353]],[[13233,68364],[232,102],[87,1072],[374,2],[2,268],[420,420]],[[15825,70365],[-270,-627],[528,-550],[-339,-584],[428,-448],[-655,58],[225,-944],[-422,101],[-1,-1000],[-448,172]],[[65229,62310],[493,-311],[315,305],[431,-942]],[[66468,61362],[-256,-183],[17,-497],[190,-230],[-133,-676],[-221,-153],[-17,-368],[-170,-163],[-2738,85],[-746,-549],[-528,-134],[-206,283],[-206,-314],[-222,26]],[[61232,58489],[-85,1455],[-566,518],[-180,1237],[251,350],[-111,809]],[[60541,62858],[426,-306],[149,403],[162,-49],[119,-433],[191,115],[640,-374],[-128,-248],[437,-484],[14,474],[253,62],[-34,735],[209,-581],[318,130],[-149,-186],[23,-295],[-158,34],[155,-366],[297,-70],[149,171],[258,-215],[382,568],[539,-556],[436,923]],[[23126,78936],[-294,-214],[-103,418],[-108,-449],[-152,398],[-148,-242]],[[22321,78847],[-234,165],[214,164],[4,298],[-310,-65],[-17,279]],[[21978,79688],[140,238],[-255,66],[-125,407],[-16,-325],[-140,207],[-92,-223],[-173,117],[12,317],[-229,-36],[150,219],[-96,331]],[[21154,81006],[411,426],[-2,523],[732,740],[-140,928],[137,213],[-29,456]],[[22263,84292],[-8,368],[245,165],[-79,344],[394,129],[-62,587],[483,820]],[[23236,86705],[594,252],[508,-613],[463,-156],[130,-420],[381,43]],[[25312,85811],[-698,-890],[9,-608],[262,-602],[-267,-634],[304,-689],[-10,-453]],[[24912,81935],[-216,57],[-68,-302],[-292,68],[452,-424],[-323,-449],[-65,456],[-413,-479],[-384,139],[-72,-187],[337,-156],[163,-656],[-541,468],[260,-1176],[-241,-146],[-105,307],[-480,109],[-36,-357],[305,-61],[49,-182],[-116,-28]],[[96411,87336],[9,39],[8,-1],[8,-53],[-25,15]],[[96451,87503],[9,-57],[-34,-35],[-2,76],[27,16]],[[96462,87759],[13,35],[31,11],[-42,-118],[-2,72]],[[96484,87842],[-23,-21],[2,60],[27,-15],[-6,-24]],[[95165,85398],[-250,-77],[-320,493],[132,1011],[-214,836],[-586,426]],[[93927,88087],[-755,506],[-363,503],[45,632],[-332,548]],[[92522,90276],[-31,747],[-413,1398],[147,485],[-498,1291]],[[91727,94197],[757,753]],[[92484,94950],[2082,-1634],[101,-714],[950,1164]],[[95617,93766],[417,-98],[340,213],[138,-1629],[249,-215],[242,238],[-1763,-5409],[-169,-877],[94,-591]],[[97023,92726],[-26,24],[47,14],[6,-35],[-27,-3]],[[97089,93345],[-14,35],[44,17],[-7,-51],[-23,-1]],[[97111,93268],[-4,-12],[-6,-2],[5,14],[5,0]],[[97109,93425],[-4,0],[3,8],[3,-2],[-2,-6]],[[97182,93443],[-15,-118],[-26,245],[67,-29],[-26,-98]],[[97317,93779],[-2,1],[-8,9],[6,1],[4,-11]],[[97196,93800],[2,46],[24,9],[2,-47],[-28,-8]],[[97171,93858],[-24,-32],[-18,44],[34,17],[8,-29]],[[97270,93882],[0,7],[4,8],[2,-8],[-6,-7]],[[5762,66880],[-136,-292],[112,-673],[-82,-467],[-410,-758]],[[5246,64690],[-571,9],[-328,543],[-159,-777],[-625,245],[-142,408],[184,423],[-308,166],[-95,162],[94,-107],[129,242],[-265,91],[187,1205],[247,184],[-134,137],[58,373]],[[4532,69013],[269,-478],[536,-122],[-73,-1768],[291,-16],[72,411],[135,-160]],[[91419,58741],[-325,-843],[-302,-281]],[[90792,57617],[-640,-1224],[-245,162]],[[89907,56555],[-449,315],[144,1201],[-429,436],[-327,815]],[[88846,59322],[95,279],[300,9],[398,675],[295,-7],[-274,1655],[413,411],[-10,333],[180,142]],[[90243,62819],[495,-275],[438,-617],[55,-721],[460,-47],[-285,-918],[127,-362],[-114,-1138]],[[91401,78661],[-284,1259],[-257,-46],[-186,387],[-265,-227]],[[90409,80034],[93,1074],[-199,375],[39,669]],[[90342,82152],[211,545],[294,-37],[3,429]],[[90850,83089],[109,448],[212,-116],[144,182],[983,-772],[199,-598]],[[92497,82233],[-34,-2086],[-160,-19],[-134,-469],[102,-526],[-296,-95],[-264,223],[-47,-337],[-263,-263]],[[73428,2042],[-939,230],[33,509],[-243,108],[112,301],[-154,43],[6,356],[-221,254],[-1604,732]],[[70418,4575],[824,115],[497,719],[964,323],[-120,187],[371,89],[-255,855]],[[72699,6863],[-39,782]],[[72660,7645],[1280,-2187],[934,-1067]],[[74874,4391],[-746,-1617],[11,241],[-458,446],[-253,-1419]],[[75604,33072],[-902,249],[-196,-495],[-342,-142],[-401,-952],[125,-648],[-142,-953],[139,-25],[41,-334],[-13,-220],[-232,-137],[102,-612],[-212,292],[-251,-222],[-161,222],[-52,-540],[677,-273],[-1,-336],[175,-88],[-132,-238],[288,-119],[-505,-288],[-13,243],[-315,-91],[-24,-265],[-61,533],[-472,-265],[272,-432],[34,315],[106,-36],[-102,-451],[183,-358],[-268,-181],[35,-160]],[[72984,26065],[96,-449],[-274,172],[-229,-524],[-119,75],[77,239],[-452,-98],[42,767],[-258,245],[428,291],[-534,-88],[-152,219],[-116,-144],[148,-484],[-259,-90],[-436,393],[-182,-217],[184,-376],[-290,-334],[-147,953],[-267,-164],[-148,497],[-241,-183],[-14,-350],[-537,169],[-124,-638],[-232,-195],[-621,-32],[-245,239],[-266,-401],[-108,381],[-350,-34],[-12,328],[281,556],[-307,458],[25,-318],[-351,-244],[-36,-380],[-223,41],[386,-1013],[-310,-116],[-393,1343],[-458,255],[-353,-579],[-237,184],[-201,846],[-320,-449],[242,-166],[-396,-233],[-362,178],[-200,386],[-467,108],[-197,-198],[64,-484],[-162,-180],[-114,210],[82,723],[-192,338],[-221,-71],[-196,-714],[-254,408],[-537,-4]],[[61939,27117],[131,291],[202,-24],[1,865],[339,199],[150,415],[793,-223],[-3,408],[1169,726],[109,390],[-201,82],[-29,451],[497,-106],[-83,355],[443,52],[-241,317],[-74,769],[56,222],[273,-66],[248,257],[-224,221],[45,265],[149,-73],[11,415],[-274,52],[268,394],[284,29],[181,-354],[94,169],[-101,332],[224,-210],[256,191],[-312,302],[224,185],[-312,610],[261,95]],[[66493,35120],[456,555],[153,-398],[135,281],[47,-305],[476,-139],[-206,624],[180,454],[185,65],[-103,370],[446,-383],[-118,372],[432,-78],[-241,349],[220,351],[104,-127]],[[92548,51201],[-138,-22]],[[92746,52998],[81,483]],[[92827,53481],[199,337],[414,166],[189,-82],[115,-530],[141,277],[182,-358],[425,399],[1001,378]],[[95493,54068],[138,-869],[-582,-834],[-229,-1274],[344,-712],[-152,-590]],[[95012,49789],[-645,355],[-97,657],[-435,632],[-71,-383],[-625,246],[-591,-95]],[[7803,83450],[10,-242],[-399,424],[-5,-566],[-337,72],[-15,-179],[399,-270],[-223,-196],[-366,78]],[[6867,82571],[-215,27],[-426,895],[-1266,-386],[-311,124],[-7,302],[-1003,-309],[-17,289],[-616,342],[-50,-202],[-246,330],[14,-348],[-162,-236],[-44,235],[-177,-63],[132,-443],[-63,-212],[-111,351],[-73,-190],[141,-420],[-258,223]],[[2109,82880],[-78,141],[144,178],[-182,38],[-50,700],[466,-189],[-88,206],[232,317],[6,446],[-212,-181],[-145,321],[191,207],[118,-189],[-95,848],[283,-63]],[[2699,85660],[909,-170],[77,-609],[1061,-386],[124,537],[151,-111],[84,730],[273,479]],[[5378,86130],[262,-143],[1046,304],[67,468],[234,-529],[357,-262],[542,151]],[[7886,86119],[187,94],[580,58],[-153,-43],[87,-233],[-266,-80],[180,-192],[-135,-189],[97,-141],[-181,93],[-234,-457],[-296,58],[6,-426],[147,-118],[-255,1],[199,-352],[-223,-58],[180,-385],[-224,13],[221,-312]],[[53767,51565],[-186,-189],[94,628],[-303,-12],[-53,420],[-641,-182]],[[52678,52230],[-46,372],[-411,347]],[[54711,55995],[263,-533],[53,391],[347,-94],[95,218],[-228,642],[164,44],[269,-392],[287,588]],[[55961,56859],[220,-139],[-200,-113],[89,-576],[208,362],[403,-373],[-76,713],[320,-483],[10,413],[189,79],[19,-507],[262,115],[70,-506],[-135,-194],[156,-219],[348,545],[247,-543],[-60,445],[108,43],[546,-466],[160,308],[215,-287],[330,91],[-196,-564],[-33,-528],[154,-23]],[[59315,54452],[157,6],[389,-1572],[248,-341],[25,-431],[-334,-598],[562,251],[108,-721],[-295,-392],[441,172],[185,-244],[-73,-326],[163,3],[259,-531],[418,-347],[360,-8],[108,-847],[534,-719]],[[62570,47807],[-82,-575],[-208,54],[-504,-785],[-1119,171],[-1,-247],[-405,-302],[-217,330],[145,236],[-413,115],[41,364],[-258,-26],[239,549],[-139,-31],[-111,322],[-195,-270],[-119,264],[-135,-192],[134,444],[-125,223],[-88,-185],[-157,158],[-179,-589],[-347,296],[-87,335],[-200,-199]],[[58040,48267],[-185,-88],[-49,-289],[-210,515],[-238,-167],[-521,776],[169,564],[-359,-207],[-167,220],[113,633],[-268,25],[-133,464],[-26,-478],[-200,58],[-78,751],[-418,-433],[-182,241],[85,302],[-281,92],[37,408],[-280,-589],[-659,415],[143,332],[-566,-247]],[[19542,81443],[-1436,-188]],[[18106,81255],[-684,-60],[-436,405],[-444,7]],[[16542,81607],[-32,239],[-343,161]],[[16167,82007],[464,238],[-203,288],[121,261],[-384,506],[224,-46],[78,396],[123,-219],[-23,382],[295,136],[-154,44],[-334,859],[81,569],[-125,255],[-547,58]],[[15783,85734],[-62,429],[121,93],[48,712],[436,1076]],[[16326,88044],[379,196],[775,-161],[493,489],[1527,-269]],[[19500,88299],[-254,-832],[298,-452],[-42,-324],[-148,-6],[87,-224],[146,70],[-169,-462],[341,-388],[-229,-6],[12,-249],[-161,-78],[253,-17]],[[19634,85331],[-204,-327],[-177,397],[-1335,1406],[-389,-441],[171,-454],[-330,-1307],[61,-249],[-123,-98],[298,-1007],[401,361],[56,370],[762,219],[335,-296],[83,-281],[-315,-242],[-15,-432],[530,-432],[-132,-494],[231,-581]],[[85893,29315],[66,-121]],[[85304,27689],[-343,386],[-541,-323],[-64,657]],[[84356,28409],[-140,288],[-326,-265],[-197,552],[215,255],[-101,570],[153,384],[-63,797],[-169,190],[438,198]],[[84166,31378],[379,-433],[381,124],[154,-228],[-115,-334],[587,-30],[-7,-379],[238,-442],[-70,-223],[180,-118]],[[87235,35424],[-388,243],[-227,811],[44,1608]],[[86664,38086],[125,198],[-152,388],[375,627],[-156,857]],[[86856,40156],[301,-602],[13,-728],[1203,-1389],[-22,-754],[359,14],[-24,326],[252,188],[-91,208],[101,301],[636,353],[146,-564]],[[89730,37509],[357,225],[91,-235]],[[90178,37499],[-265,-2042],[-302,-144],[-471,396],[-226,-996],[539,-1368],[-15,-385],[-214,-9]],[[89224,32951],[-782,-84],[-87,227],[129,246],[-284,297],[143,210],[-158,144],[102,527],[-81,-155],[-360,395],[6,302],[-279,-31],[-23,398],[-315,-3]],[[11069,79899],[402,-95]],[[11681,78145],[-279,-784],[-910,272],[-513,-556]],[[9979,77077],[-158,235],[-143,-100],[-37,277]],[[9641,77489],[-125,356],[61,332],[298,-329],[185,101],[-206,199],[199,108],[-172,183],[144,321],[146,-232],[13,235],[355,-70],[-89,421],[138,-93],[148,217],[-219,150],[92,343],[379,-324],[-99,405],[178,-149],[2,236]],[[4537,75114],[23,197],[191,-14],[27,150],[-151,72],[105,233],[-210,428],[-147,2280]],[[4375,78460],[-73,199],[185,353],[-154,326]],[[4333,79338],[236,242],[287,-170],[309,313],[1045,-432]],[[6210,79291],[942,-1550],[235,54],[195,-677],[455,-310]],[[8037,76808],[412,-461],[78,154],[39,-331]],[[8566,76170],[-403,23],[-30,-167]],[[8133,76026],[-2118,-147],[-21,-707],[-1457,-58]],[[92410,51179],[-1788,-289]],[[90622,50890],[-1917,-42]],[[88705,50848],[-145,392],[58,347],[385,265],[238,1043]],[[89241,52895],[266,-277],[419,108],[512,-196],[29,-182],[317,359],[187,-41],[181,470],[287,-70],[67,174],[168,-203],[197,170],[113,-343],[762,134]],[[92746,52998],[-157,-850],[95,-12],[-246,-436],[-28,-521]],[[15825,70365],[-312,223],[-170,-353],[-995,-7]],[[14348,70228],[-107,87],[65,243],[-986,524],[83,337],[-238,85]],[[13165,71504],[142,991],[-232,53],[-97,466],[126,149],[-190,298],[171,207],[-167,107],[-119,648],[128,-76],[165,368]],[[13092,74715],[200,-64],[138,343],[1001,-249]],[[14431,74745],[170,-381],[-278,-103],[80,-304],[-172,62],[279,-499],[-124,-154],[137,-431],[532,7],[0,-346],[1092,167]],[[16147,72763],[143,-326],[-48,-701],[278,-289],[-128,-241],[85,-440],[-90,35]],[[16387,70801],[-272,-46],[-290,-390]],[[85173,89398],[747,611],[-60,-652],[214,-365],[167,284],[56,744],[375,-45],[82,529],[233,-19],[-51,175],[261,351],[77,-345],[-376,-332],[-247,-834],[288,174],[223,-214],[145,204],[559,-135],[-287,-431],[-155,-709],[308,-505],[3,-631]],[[87735,87253],[9,-275],[-308,-562],[230,-647],[412,71],[7,-568],[-803,-17]],[[87282,85255],[-282,90],[14,193],[-546,445],[-405,914],[-287,139],[65,244],[-156,159],[134,341],[-671,1301],[25,317]],[[26051,63674],[-214,235],[-137,-229],[-310,231],[82,-489],[-483,774],[-851,393]],[[24138,64589],[-200,342],[174,235],[365,-61],[-314,698],[301,120]],[[24464,65923],[435,-491],[593,493],[506,-145],[134,194],[-113,262],[232,384]],[[28864,68191],[414,340],[148,-296],[-215,-961]],[[29211,67274],[-296,-589],[-153,-1174],[351,-792],[-2,-769]],[[29111,63950],[16,-253],[-304,54],[28,-411],[-152,-97],[131,-166],[-219,-218],[-31,-372],[-108,137],[-102,-159],[-78,240],[-627,-278],[2,-195],[-513,43],[20,248],[-314,170],[69,539],[-280,369],[-317,13],[-99,252],[-182,-192]],[[13930,77023],[219,631],[-68,608],[-183,185],[75,373],[-154,171],[224,776]],[[14043,79767],[1190,247]],[[15674,76791],[-531,110],[-109,-300],[-235,-82],[-104,333],[-395,-98],[8,387],[-378,-118]],[[80798,22808],[-286,-614],[585,-988]],[[81097,21206],[-1495,10]],[[79602,21216],[-4242,381]],[[75360,21597],[288,195],[59,344],[349,118],[-110,112],[137,164],[-54,674],[-137,24],[197,683],[547,343],[449,891],[378,-68]],[[74311,9288],[804,555]],[[75115,9843],[1371,73]],[[76486,9916],[1046,-1205]],[[77532,8711],[-554,-607],[-164,-854],[-427,-765],[-500,-247]],[[75887,6238],[-751,865],[-122,985],[-214,229],[-470,-22],[-81,357],[287,481],[-225,155]],[[15674,76791],[65,245],[-208,-107],[-145,489],[112,190],[-164,416],[233,91],[-270,626],[154,62],[-157,289],[168,219],[-185,115],[-44,588]],[[15233,80014],[1037,622]],[[16270,80636],[93,-1040],[234,-108],[-118,-193],[130,-155],[81,258],[190,-53],[-230,-430]],[[16650,78915],[53,-270],[412,-6],[-231,-394],[379,-300],[-321,-12],[295,-317],[-471,-26],[55,-408],[123,72],[119,-360],[-331,-178],[131,-326],[-280,-76],[189,-318],[-223,-57],[139,-269]],[[16421,75844],[51,150],[-240,53],[-272,452]],[[15960,76499],[-286,292]],[[63926,67060],[73,228],[-370,170],[0,100],[272,133],[-117,290],[167,307],[-102,539],[49,226],[168,-70],[-29,503],[319,129],[14,552]],[[64370,70167],[1001,-470],[1060,112],[1313,-235],[91,-196],[-223,-183],[179,-182],[-253,-152],[884,-548]],[[68422,68313],[273,122],[78,-559],[1302,34],[15,1067],[280,-5],[3,233],[245,-3],[5,235]],[[71533,69371],[452,-151],[-86,-546]],[[71899,68674],[-412,-2430],[151,-1168],[-199,-243],[7,410],[-146,-425],[-116,193],[-320,-1295]],[[70864,63716],[-150,-741],[-433,534],[-701,-492]],[[69580,63017],[213,683],[-230,479],[-757,119],[-81,-207],[-243,817],[-741,22],[-619,433],[-244,-22],[-277,-458],[-1026,-73],[-466,1535],[-617,181],[-85,-423],[-222,-63],[-259,1020]],[[45662,64829],[-220,234],[-66,776],[199,255],[123,921],[475,447],[-102,128]],[[46071,67590],[174,267],[326,-549],[346,139],[99,-208],[608,30],[174,-298],[841,-322]],[[51340,65746],[204,-533],[195,196],[606,-34],[169,352],[258,56]],[[52772,65783],[-558,-1048],[-909,-572],[-277,-619],[2,-756],[-192,-373]],[[50838,62415],[-812,-601],[-573,437]],[[49453,62251],[-336,604],[-411,-55],[-370,440],[-217,801],[-452,556],[-321,-88],[-85,685],[-477,68],[-631,-740],[-491,307]],[[12715,79885],[188,-460],[-35,-304],[304,-429],[-348,-928],[41,-264]],[[12865,77500],[-210,-144],[-399,339],[-79,-122],[-217,798],[-279,-226]],[[11681,78145],[99,1063],[-309,596]],[[11471,79804],[59,271],[61,-242],[441,257],[144,-157],[59,201],[86,-200],[394,-49]],[[95155,59982],[-586,-257]],[[94569,59725],[-568,45],[45,-367],[-205,-372],[-386,191],[-312,-381],[-469,417],[-1127,-367]],[[91547,58891],[948,1463],[28,413],[720,660],[-278,184],[-9,-166],[-252,80],[-221,-221],[-144,279],[140,247],[-119,598],[-271,103],[-155,521],[-550,516],[92,472],[-124,112],[186,377],[-96,190]],[[91442,64719],[383,102],[135,509],[264,-3],[123,-407],[1080,202]],[[93427,65122],[177,-713],[-217,-88],[108,-125],[-67,-371],[379,-457],[33,-344],[1081,64],[90,-216]],[[95011,62872],[-185,-484],[-46,-1094],[375,-1312]],[[72049,13975],[-515,-289],[-623,-919],[-340,-102],[76,-504],[-189,57],[-6,-269]],[[70452,11949],[-73,391],[99,195],[86,-197],[-23,257],[-325,143],[348,709],[-15,325],[332,433],[-334,-247],[-18,300],[-333,-179],[251,519],[-116,189],[83,686],[-151,229],[63,653],[220,-88],[-195,880],[185,163],[29,419],[398,-40],[106,242],[-235,585],[519,529],[-137,-494],[579,163],[-254,-598],[166,-10],[-32,-208],[249,64],[-157,200],[277,463],[-127,-17],[103,633],[395,-82],[134,-272]],[[72549,18887],[308,-229],[448,207],[-4,-1120],[350,-180],[214,-658],[637,-699]],[[82263,73754],[-96,597],[-110,-47],[-249,631]],[[81808,74935],[-89,1816]],[[81719,76751],[2015,-791],[182,523]],[[83916,76483],[163,-105],[-60,-352],[235,-632],[-267,-392],[156,-472],[-101,-259]],[[84042,74271],[-867,-1184],[-153,81],[-390,-377],[-369,963]],[[55008,79425],[-897,2783]],[[54111,82208],[560,366],[504,1176]],[[55175,83750],[1048,-487],[742,720]],[[56965,83983],[558,51],[241,-417],[249,16],[187,-631],[483,-242],[114,-767],[654,-770],[-315,-267],[904,-160]],[[60040,80796],[259,-921],[123,126],[291,-205]],[[60713,79796],[-6,-166]],[[60707,79630],[-364,-981],[-5,-394],[135,-15],[-199,-586],[412,-1275],[-117,-363],[-438,-101],[-43,-190]],[[60088,75725],[-404,414],[-228,-119],[-219,453],[-189,10],[-125,471],[-220,-30],[-594,792],[-250,-4],[-68,813],[-411,704],[-482,37],[-26,-405],[-265,-58],[-28,-322],[-543,167],[-119,-313],[-483,291],[-426,799]],[[66204,96641],[-323,-435],[324,-168],[165,-785],[242,20],[-87,-454],[78,-81],[16,261],[47,48],[188,-355],[-124,-222],[279,-236],[42,-474],[290,99],[-166,-288],[192,-890],[-328,132],[-168,-258]],[[66871,92555],[-646,-267],[115,-627],[-167,-1047],[-461,-446],[-1232,-538]],[[64480,89630],[-48,482],[-157,146]],[[64275,90258],[-5,658],[-131,191],[-245,-288],[-120,869],[-225,58],[200,352],[20,483],[-579,135],[-32,1024],[187,434],[-526,-27],[-136,-364],[-113,-32],[166,185],[-145,317],[207,991],[312,-117],[-75,-113],[150,139],[-175,248]],[[63010,95401],[578,-663],[96,178],[116,-170],[5,255],[-217,18],[165,90],[-142,441],[136,271],[-120,425],[612,856],[193,-44],[365,388],[281,-259],[11,617],[270,-147],[216,-733],[267,107],[362,-390]],[[77463,25077],[278,227],[110,325],[-264,473],[221,466],[107,-89],[-37,360],[206,195]],[[78084,27034],[1070,-222],[146,181],[732,-629]],[[80141,24077],[-429,-784],[-346,133],[-27,-377],[-287,-350],[-103,907],[-719,46],[-490,1000],[-251,139],[-26,286]],[[85926,22420],[-1422,-1420]],[[84504,21000],[-271,203],[-135,590],[-715,721]],[[83383,22514],[1147,2696]],[[87254,23686],[-1328,-1266]],[[44127,70956],[-34,-335],[114,58],[113,-511],[250,27],[16,-314],[204,-137],[325,90]],[[45115,69834],[207,-478],[-212,-164],[260,-58],[-139,-276],[200,-164]],[[45431,68694],[-202,-588],[-1369,25],[-753,336]],[[43107,68467],[205,274],[-71,185],[-315,-4],[-394,518],[82,156],[-282,461],[-68,964],[-426,311],[41,1496],[362,1176]],[[42241,74004],[275,-181],[129,-404],[-117,-205],[282,-933],[21,-851],[504,-75],[71,-213],[123,226],[41,-318],[557,-94]],[[73873,58241],[-732,601],[-314,-81],[-189,294],[-286,-267],[-245,-635]],[[72107,58153],[-138,815],[428,696],[-265,190],[-43,272],[-360,148]],[[71729,60274],[518,823],[607,378]],[[72854,61475],[211,-16],[173,519]],[[73238,61978],[434,-111]],[[73672,61867],[-22,-315],[394,-205],[93,-295],[-160,-95],[52,-860],[-230,-793],[135,-239],[-61,-824]],[[87254,23686],[-455,-274],[-1415,1771],[-566,-51],[-254,-336],[-34,414]],[[84530,25210],[666,704],[387,-14],[-41,599],[222,343],[-205,660],[-255,187]],[[85304,27689],[655,1505]],[[85959,29194],[561,-1000],[126,158],[335,-372],[359,196],[266,-576],[575,-150]],[[88181,27450],[206,-336],[1,-332],[-332,-446],[203,-95],[-13,-231],[431,-500],[163,-526],[351,-202]],[[89191,24782],[386,-568],[-779,-1837]],[[88798,22377],[-470,617],[129,337],[-134,275],[-465,-141],[-399,705],[-205,-484]],[[4616,70658],[-136,-360],[298,130],[335,-232],[80,-307],[-149,-394],[-512,-482]],[[4532,69013],[-335,-193],[-82,-293],[-239,209],[24,-443],[-382,-299]],[[3518,67994],[-614,462],[-153,-271],[119,-212],[-226,-31],[-235,1012],[-514,203]],[[1895,69157],[-209,346],[475,77],[-354,454],[196,451],[260,-188],[170,180],[-114,747],[684,-259]],[[3003,70965],[652,-313],[961,6]],[[78110,12878],[-250,-269],[-434,62],[48,-298],[-185,114],[-56,-228],[-375,-71],[-49,-330]],[[76809,11858],[-306,-117],[-240,233],[-226,-317],[192,-417],[-215,9],[-87,-332],[-948,503]],[[74979,11420],[-610,166],[-517,472],[116,829],[-843,650],[-17,226],[-337,-136],[-207,286],[-515,62]],[[72049,13975],[2152,1430],[301,803]],[[74502,16208],[173,-92],[367,-1081],[476,-712]],[[75518,14323],[317,-536],[329,-22],[39,-381],[1093,-308],[488,298],[326,-496]],[[18512,77108],[260,-481],[8,-741],[196,-402]],[[18976,75484],[-251,-222],[13,-999]],[[18738,74263],[-532,-144],[-338,739],[-424,392],[-292,-305],[-55,-443],[-433,-702]],[[16664,73800],[-195,385],[468,621],[-209,-242],[-37,544],[-465,152],[269,-19],[16,355],[-269,188],[179,60]],[[16421,75844],[267,-174]],[[16688,75670],[702,837],[79,408],[280,-191],[763,384]],[[74280,38925],[329,211],[201,-113],[98,692],[-117,1622],[255,951],[1729,496]],[[76775,42784],[242,-123],[265,180],[403,-374],[612,-57],[560,-555],[474,145],[532,-431],[207,200],[195,-528],[623,301],[412,565],[533,-12],[201,601],[332,59]],[[82366,42755],[-154,-1155]],[[82212,41600],[-9,-865]],[[82203,40735],[-254,-393]],[[81949,40342],[-562,-507],[113,-125],[-119,-629],[-317,-559],[64,-488],[-434,-178],[-92,-379],[-136,25],[54,-532],[227,-71],[-76,-320],[-718,-65],[-146,-556]],[[79807,35958],[-371,-198],[-267,132],[16,272]],[[79185,36164],[-117,205],[-520,-271],[-595,59],[-360,292],[-269,-505],[-11,-497],[-573,-403],[-449,131],[-473,-770],[-171,22],[65,-862],[-108,-493]],[[75604,33072],[-894,1423],[-258,33],[-442,837],[-320,238],[-141,506],[-172,49],[35,443],[-650,-239],[61,265],[-512,4],[65,218]],[[68659,37111],[213,134],[-192,329],[238,326],[455,-103],[-43,274],[135,131],[-139,330],[194,39],[-86,284],[319,204],[-151,271],[15,440],[259,-80],[113,252],[266,38],[46,1226],[1787,1262]],[[72088,42468],[460,-742],[-270,-419],[588,-596],[284,165],[253,-806],[186,-242],[163,114],[528,-1017]],[[74280,38925],[-470,225],[-357,-674],[-363,-225],[-221,-704],[-298,-190],[-195,-508]],[[72376,36849],[-358,172],[-165,-444],[-127,430],[-237,131],[-201,-309],[77,-235],[-386,435],[-65,-193],[-205,123],[-16,-366],[-290,446],[-187,-54],[-103,-343],[-143,454],[-117,-288],[-204,163],[-183,-158],[162,335],[-78,137],[-230,-121],[-90,-319],[-571,266]],[[80798,22808],[-72,695],[-214,296],[7,608],[-125,0],[-34,-450],[-219,120]],[[80141,24077],[-109,2287]],[[80032,26364],[620,-131],[480,761],[73,754],[505,-177]],[[81710,27571],[130,334],[348,-15],[380,334],[29,-537],[487,-218],[392,235],[-10,-162],[460,-109],[-142,-302]],[[83784,27131],[-250,-442],[24,-246],[-393,-188],[-23,-339],[-406,-305],[-205,-569],[433,-850],[271,-110],[-93,-493],[123,-415],[-194,-317],[138,-312]],[[83209,22545],[-413,64],[-698,655],[-381,-116],[-277,172],[-642,-512]],[[31111,77377],[-179,200],[29,377],[-233,407],[-59,581],[190,-83],[97,-356],[277,172],[4,-234],[473,587],[-121,-258],[191,25],[-8,-299],[354,258]],[[32126,78754],[-65,-216],[384,-4],[-149,-163],[180,-117],[-243,-709],[424,-1566],[-688,-293],[-501,164],[-102,-377],[-443,-26],[-248,-345],[131,-82],[63,-1407],[393,-184]],[[31262,73429],[-936,-848],[452,-344],[27,-555],[-155,-324]],[[30650,71358],[-109,91]],[[30541,71449],[-153,941],[-751,812],[335,1195],[-224,898],[381,80],[173,432],[262,-145],[547,1715]],[[50175,54241],[448,521],[-157,973],[-164,167],[17,446],[-403,-9],[-181,176],[-120,326],[437,132],[618,818],[778,-109],[189,-249],[247,160],[112,493],[223,38]],[[52219,58124],[353,-304],[196,303],[282,-100],[103,202],[98,-281],[-135,-212],[252,-225],[-87,-400],[171,-111],[10,-320],[171,161],[243,-347],[335,219],[159,-537],[112,128],[-120,271],[129,94],[261,-214],[-41,-456]],[[54711,55995],[-194,-721],[506,-203],[86,-301],[-448,-303],[-123,-362],[-333,171],[-284,-641],[104,-356],[-221,-46],[-238,277],[-226,-750],[-164,842],[-143,-178],[-10,-632],[-628,286],[-174,-129]],[[52221,52949],[-155,180],[-16,433],[-883,89],[-428,795],[-564,-205]],[[36500,71534],[211,1635],[-177,521],[230,144],[-54,-281],[150,132],[-74,-180],[140,-263],[4,212],[152,-47],[-40,195],[466,-17],[39,426],[348,-216],[26,159],[230,-355],[193,198]],[[38344,73797],[1,-180],[397,-136],[158,163],[62,-1125],[317,154],[35,-728],[-277,-135],[-85,-494],[377,-51],[82,177],[868,-355],[-275,-133]],[[40004,70954],[-861,-432],[-298,-844],[241,-338],[-5,-295],[-300,97],[-596,-1028],[-564,-87],[101,-247],[-503,-13],[-285,325]],[[36934,68092],[-1102,1740],[693,1009],[96,272],[-121,421]],[[79353,56175],[122,388],[-201,212],[125,499],[-167,979],[249,526]],[[79481,58779],[388,243],[428,-167],[358,819],[559,100],[271,277],[367,-45],[125,-234],[162,792],[-93,315],[315,500],[-68,368],[313,-150],[192,462],[334,-75],[80,308],[561,183]],[[83773,62475],[-471,-1463],[475,-814]],[[83777,60198],[-44,-366]],[[83733,59832],[-992,-377],[-588,-1826],[276,-976],[24,-438],[-131,-215],[169,-652],[-618,-1521],[136,-618],[-165,-317],[175,-444]],[[82019,52448],[-136,-59],[-189,496],[-261,-41],[-219,255],[11,930],[216,330],[-149,163],[28,330],[249,305],[-139,273],[-125,-69],[153,885],[-148,-302],[-85,445],[-58,-744],[-122,189],[-241,-490],[19,708],[-219,-257],[-154,282],[-198,-136],[-207,-558],[-156,767],[-536,25]],[[48639,66649],[-476,1664],[-229,122]],[[47934,68435],[-158,1015],[-188,81],[90,522],[-222,40],[99,353],[-265,149],[0,-186],[-380,2],[63,-199],[-119,-90],[-153,145],[103,718],[-125,471],[-317,76]],[[46362,71532],[52,191],[228,-15],[-137,526],[-227,125],[233,216],[-193,13],[65,276]],[[46383,72864],[-48,130]],[[46335,72994],[720,-352],[62,312],[259,31],[251,552],[381,119]],[[48008,73656],[270,-542],[-32,-1378],[291,-334],[60,-779],[143,-134],[165,213],[99,-357],[208,68],[153,-670],[869,118],[109,-219],[330,42]],[[50673,69684],[318,-126],[245,-407],[152,-905],[543,-60],[143,-392],[-86,-957],[-200,-166],[-31,-340],[-126,65],[-7,-327],[-370,-104],[86,-219]],[[51340,65746],[-190,15],[-82,-241],[-176,283],[-179,-74],[188,344],[-353,65],[53,230],[-115,84],[-202,-326],[58,-281],[-237,172],[-37,-205],[165,-50],[-11,-154],[-235,2],[-295,385],[205,481],[-358,-213],[-122,183],[-117,-232],[-153,176],[-113,-322],[122,-110],[-225,-37],[-25,460],[-267,268]],[[72758,77925],[332,-183],[325,-1083],[282,-210],[85,-513],[308,-69],[91,-263]],[[74181,75604],[-66,-255],[879,-1556],[-3,-645],[-243,291],[-499,-678],[-414,-208]],[[70538,71416],[-139,269],[156,413],[-211,84],[89,299],[-229,654]],[[70204,73135],[254,470],[98,1332]],[[70556,74937],[373,290],[19,252],[408,61],[277,1313],[789,972],[336,100]],[[71533,69371],[-496,-139],[-414,205]],[[70623,69437],[-254,1115],[169,864]],[[70538,71416],[297,43],[208,393],[542,5],[92,215],[283,-350],[66,222],[458,82],[392,426],[312,-173],[173,323],[206,-205],[5,274],[65,-234],[198,116]],[[73835,72553],[196,-445],[899,-413]],[[74930,71695],[-88,-677],[-276,-530],[-534,-32],[-70,-222],[-219,149],[55,256],[-393,-15],[60,361],[-227,-522],[-310,145],[93,353],[-428,-106],[-31,-408],[-140,25],[-8,348],[-234,-43],[-27,-721],[-192,676],[-196,-108],[41,-918],[-169,210],[-44,519],[-134,-227],[-246,142],[73,-478],[-116,-396],[363,-105]],[[25740,69094],[-178,-152],[-218,546],[-214,-62]],[[24806,73495],[-187,353],[-867,429],[-114,625]],[[23638,74902],[520,437],[-292,135],[14,414],[413,-385],[-71,348],[180,216],[-121,442],[176,-280],[410,-67],[107,437],[360,66],[192,-118],[23,-422]],[[25549,76125],[-194,-114],[359,-293],[67,-391],[145,360],[705,-353],[268,279]],[[26899,75613],[283,-269],[45,-427],[213,-106],[5,-479],[325,-527],[-140,-609],[361,-611],[-232,-351],[-217,-1228],[-332,-99]],[[26251,66620],[-163,7],[-67,1641],[-177,-15],[-104,841]],[[25740,69094],[259,493],[209,-250],[-27,306],[204,321],[166,-178],[-52,288],[126,159],[335,-85],[123,338],[-187,468],[314,-47]],[[27210,70907],[-28,-566],[471,-343],[82,652],[319,-238],[187,444],[271,-394],[123,406],[-86,66],[176,166],[219,-437],[158,170]],[[29102,70833],[-238,-2642]],[[28864,68191],[-81,-928],[-219,-243],[-890,-418],[-582,12],[-5,168],[-836,-162]],[[22703,68382],[30,1671],[-166,-223],[60,573],[-443,817]],[[22184,71220],[-294,343],[268,449],[-352,828],[235,134],[37,284]],[[22078,73258],[244,-608],[356,-229],[553,230],[84,309],[468,-76],[1023,611]],[[24806,73495],[75,-1045],[-223,-45],[-38,-815],[418,-961],[92,-1203]],[[25130,69426],[-254,-571],[87,-364],[477,-116],[-282,-196],[110,-430],[-123,-160],[-317,494],[-184,-167],[383,-921],[-378,136],[-169,-518],[-369,-92]],[[24111,66521],[-131,-21],[-10,350],[-653,352],[-183,327],[156,4],[-54,150],[-276,89],[6,345],[-263,265]],[[41455,57534],[604,344],[727,-314],[217,292],[102,-393],[-123,-126],[-26,-728],[102,-104],[347,377],[-57,-244],[163,-241],[-127,-771],[-289,-78],[-94,-453],[-549,-65],[88,-349],[-243,-396],[-3,-600],[-247,176],[-27,-311],[-218,-104],[-245,-611]],[[41557,52835],[-240,-706],[-338,209],[-144,304],[177,1044],[-131,234],[-546,-683],[-271,75],[189,1252],[-238,344]],[[40015,54908],[51,266],[183,27],[185,-291],[170,48],[144,355],[181,-33],[147,365],[225,87],[154,1802]],[[84390,16264],[-1856,-2382]],[[82534,13882],[-722,532]],[[81812,14414],[1382,1830],[242,748],[485,249],[158,-223]],[[84079,17018],[-39,-299],[350,-455]]]}