{"type":"Topology","objects":{"data":{"geometries":[{"properties":{"cd_mun_ibge":"3500105"},"type":"MultiPolygon","arcs":[[[-567,-165,-1957,-517]]],"id":0},{"properties":{"cd_mun_ibge":"3500204"},"type":"MultiPolygon","arcs":[[[-1240,-1229,-1093,-1872,-586]]],"id":1},{"properties":{"cd_mun_ibge":"3500303"},"type":"MultiPolygon","arcs":[[[-1967,-1451,-153,-631,-985,-1307,-88]]],"id":2},{"properties":{"cd_mun_ibge":"3500402"},"type":"MultiPolygon","arcs":[[[-1971,-1595,0,-1452]]],"id":3},{"properties":{"cd_mun_ibge":"3500501"},"type":"MultiPolygon","arcs":[[[-364,1,-1664,-503]]],"id":4},{"properties":{"cd_mun_ibge":"3500550"},"type":"MultiPolygon","arcs":[[[-96,-556,-748,-1314,-3,-260]]],"id":5},{"properties":{"cd_mun_ibge":"3500600"},"type":"MultiPolygon","arcs":[[[1548]]],"id":6},{"properties":{"cd_mun_ibge":"3500709"},"type":"MultiPolygon","arcs":[[[-861,-494,-44,-256,2,-1313,-155,-852,-987,-23]]],"id":7},{"properties":{"cd_mun_ibge":"3500758"},"type":"MultiPolygon","arcs":[[[-356,-79,-1611]]],"id":8},{"properties":{"cd_mun_ibge":"3500808"},"type":"MultiPolygon","arcs":[[[-1071,-1411,-1077,-5]]],"id":9},{"properties":{"cd_mun_ibge":"3500907"},"type":"MultiPolygon","arcs":[[[-754,-204,-758,-721,-274,-209]]],"id":10},{"properties":{"cd_mun_ibge":"3501004"},"type":"MultiPolygon","arcs":[[[-62,-1303,-1623,-1630,-52,-22,-838,3,-1384]]],"id":11},{"properties":{"cd_mun_ibge":"3501103"},"type":"MultiPolygon","arcs":[[[-1096,-193,-527,-49,-896]]],"id":12},{"properties":{"cd_mun_ibge":"3501152"},"type":"MultiPolygon","arcs":[[[-550,-270,-1998,-1672]]],"id":13},{"properties":{"cd_mun_ibge":"3501202"},"type":"MultiPolygon","arcs":[[[-836,-86,-6,-118,-2007]]],"id":14},{"properties":{"cd_mun_ibge":"3501301"},"type":"MultiPolygon","arcs":[[[-982,-1767,-1072,4,-1085]]],"id":15},{"properties":{"cd_mun_ibge":"3501400"},"type":"MultiPolygon","arcs":[[[-1980,-575,-459,-214,-965,-188]]],"id":16},{"properties":{"cd_mun_ibge":"3501509"},"type":"MultiPolygon","arcs":[[[-187,-185,-1916,-1557,-532]]],"id":17},{"properties":{"cd_mun_ibge":"3501608"},"type":"MultiPolygon","arcs":[[[-1291,-495,-116,-847,-737]]],"id":18},{"properties":{"cd_mun_ibge":"3501707"},"type":"MultiPolygon","arcs":[[[-1337,-1437,-10]]],"id":19},{"properties":{"cd_mun_ibge":"3501806"},"type":"MultiPolygon","arcs":[[[-119,5,-1028,-788]]],"id":20},{"properties":{"cd_mun_ibge":"3501905"},"type":"MultiPolygon","arcs":[[[-880,-1389,-365,-1631,-646,-1843,-672]]],"id":21},{"properties":{"cd_mun_ibge":"3502002"},"type":"MultiPolygon","arcs":[[[-399,-1441,-126,-983,-1301,-115]]],"id":22},{"properties":{"cd_mun_ibge":"3502101"},"type":"MultiPolygon","arcs":[[[-383,-303,-900,-208,-679,-731,-92]]],"id":23},{"properties":{"cd_mun_ibge":"3502200"},"type":"MultiPolygon","arcs":[[[-53,-822,-395,-36,-224,-354,-63]]],"id":24},{"properties":{"cd_mun_ibge":"3502309"},"type":"MultiPolygon","arcs":[[[-1341,-954,-108,-37,-47]]],"id":25},{"properties":{"cd_mun_ibge":"3502408"},"type":"MultiPolygon","arcs":[[[-1714,-683,-978,-1083,-1133]]],"id":26},{"properties":{"cd_mun_ibge":"3502507"},"type":"MultiPolygon","arcs":[[[-478,-1219,-1046,-223]]],"id":27},{"properties":{"cd_mun_ibge":"3502606"},"type":"MultiPolygon","arcs":[[[-793,-576,-1678,-1693,-1225,-1324,-713]]],"id":28},{"properties":{"cd_mun_ibge":"3502705"},"type":"MultiPolygon","arcs":[[[-346,-1154,-19,-39,-709,-1163,-206,-316]]],"id":29},{"properties":{"cd_mun_ibge":"3502754"},"type":"MultiPolygon","arcs":[[[-405,-58,-976,-1350,6,-1355,-1560]]],"id":30},{"properties":{"cd_mun_ibge":"3502804"},"type":"MultiPolygon","arcs":[[[-28,-181,-218,-1960,-486,-898,-1400,-55,-30]]],"id":31},{"properties":{"cd_mun_ibge":"3502903"},"type":"MultiPolygon","arcs":[[[-1667,-1266,-1613,-80,-313]]],"id":32},{"properties":{"cd_mun_ibge":"3503000"},"type":"MultiPolygon","arcs":[[[-57,-413,-595,7,-278]]],"id":33},{"properties":{"cd_mun_ibge":"3503109"},"type":"MultiPolygon","arcs":[[[-327,-95,-12]]],"id":34},{"properties":{"cd_mun_ibge":"3503158"},"type":"MultiPolygon","arcs":[[[8,-13,-1480]]],"id":35},{"properties":{"cd_mun_ibge":"3503208"},"type":"MultiPolygon","arcs":[[[-33,-190,-583,-677,-1193,-1338,9,-1436,-261,-1156]]],"id":36},{"properties":{"cd_mun_ibge":"3503307"},"type":"MultiPolygon","arcs":[[[-1326,-1201,-490,-629,-106,-151,-498,-109]]],"id":37},{"properties":{"cd_mun_ibge":"3503356"},"type":"MultiPolygon","arcs":[[[-1108,-248,-1851,-254,-1415,-529]]],"id":38},{"properties":{"cd_mun_ibge":"3503406"},"type":"MultiPolygon","arcs":[[[-25,-1139,-253,-335,-17,-863]]],"id":39},{"properties":{"cd_mun_ibge":"3503505"},"type":"MultiPolygon","arcs":[[[-1657,-1111,10,-1484,-124]]],"id":40},{"properties":{"cd_mun_ibge":"3503604"},"type":"MultiPolygon","arcs":[[[-491,-540,-277,-1515]]],"id":41},{"properties":{"cd_mun_ibge":"3503703"},"type":"MultiPolygon","arcs":[[[-933,-791,-969,-1990,-650,-160,-1278]]],"id":42},{"properties":{"cd_mun_ibge":"3503802"},"type":"MultiPolygon","arcs":[[[-500,-150,-636,-250,-117]]],"id":43},{"properties":{"cd_mun_ibge":"3503901"},"type":"MultiPolygon","arcs":[[[-627,-386,-244,-1331]]],"id":44},{"properties":{"cd_mun_ibge":"3503950"},"type":"MultiPolygon","arcs":[[[-1935,-1369,-1348,-1359,-1284]]],"id":45},{"properties":{"cd_mun_ibge":"3504008"},"type":"MultiPolygon","arcs":[[[-1774,-559,-804,-536,-139,-999,-76]]],"id":46},{"properties":{"cd_mun_ibge":"3504107"},"type":"MultiPolygon","arcs":[[[-947,-38,-686,-555,-177,-173,-65,-441,-48]]],"id":47},{"properties":{"cd_mun_ibge":"3504206"},"type":"MultiPolygon","arcs":[[[-1394,-247,-796,-127,-1023,-192]]],"id":48},{"properties":{"cd_mun_ibge":"3504305"},"type":"MultiPolygon","arcs":[[[-182,-1065,-1141,-24,-136]]],"id":49},{"properties":{"cd_mun_ibge":"3504404"},"type":"MultiPolygon","arcs":[[[-16,-1097,-895]]],"id":50},{"properties":{"cd_mun_ibge":"3504503"},"type":"MultiPolygon","arcs":[[[-820,-328,11,-97,-258,-43,-492,-46,-396]]],"id":51},{"properties":{"cd_mun_ibge":"3504602"},"type":"MultiPolygon","arcs":[[[-613,-1496,-94,-1051,-708]]],"id":52},{"properties":{"cd_mun_ibge":"3504701"},"type":"MultiPolygon","arcs":[[[-967,-1939]]],"id":53},{"properties":{"cd_mun_ibge":"3504800"},"type":"MultiPolygon","arcs":[[[-618,-615,-691,-653,-1735]]],"id":54},{"properties":{"cd_mun_ibge":"3504909"},"type":"MultiPolygon","arcs":[[[-1481,12,13]]],"id":55},{"properties":{"cd_mun_ibge":"3505005"},"type":"MultiPolygon","arcs":[[[-157,-378,14]]],"id":56},{"properties":{"cd_mun_ibge":"3505104"},"type":"MultiPolygon","arcs":[[[-894,-454,-1874,-1092,15]]],"id":57},{"properties":{"cd_mun_ibge":"3505203"},"type":"MultiPolygon","arcs":[[[-42,-864,16,-334,-32,-34,-445,-380]]],"id":58},{"properties":{"cd_mun_ibge":"3505302"},"type":"MultiPolygon","arcs":[[[-443,-598,-1517,-276,-538]]],"id":59},{"properties":{"cd_mun_ibge":"3505351"},"type":"MultiPolygon","arcs":[[[-1153,-369,17,-40,18]]],"id":60},{"properties":{"cd_mun_ibge":"3505401"},"type":"MultiPolygon","arcs":[[[-142,-61,-423,-73,19,-319]]],"id":61},{"properties":{"cd_mun_ibge":"3505500"},"type":"MultiPolygon","arcs":[[[-201,-666,-417,-103,-1647,-751,-211,20,-104]]],"id":62},{"properties":{"cd_mun_ibge":"3505609"},"type":"MultiPolygon","arcs":[[[-1636,-138,-1059,-418]]],"id":63},{"properties":{"cd_mun_ibge":"3505708"},"type":"MultiPolygon","arcs":[[[-1530,-769,-85,-433,-363,-1353]]],"id":64},{"properties":{"cd_mun_ibge":"3505807"},"type":"MultiPolygon","arcs":[[[-827,-255,-1849,-1126]]],"id":65},{"properties":{"cd_mun_ibge":"3505906"},"type":"MultiPolygon","arcs":[[[-437,-1243,-744,-1478,-1148,-171,-839,21,-51]]],"id":66},{"properties":{"cd_mun_ibge":"3506003"},"type":"MultiPolygon","arcs":[[[22,-991,23,-1140,24,-862]]],"id":67},{"properties":{"cd_mun_ibge":"3506102"},"type":"MultiPolygon","arcs":[[[-992,-1750,-1722,-1719,-973,-654,-102,-1804,-1988]]],"id":68},{"properties":{"cd_mun_ibge":"3506201"},"type":"MultiPolygon","arcs":[[[-217,-1223,-518,-1955]]],"id":69},{"properties":{"cd_mun_ibge":"3506300"},"type":"MultiPolygon","arcs":[[[-750,-960,-311,-1316]]],"id":70},{"properties":{"cd_mun_ibge":"3506359"},"type":"MultiPolygon","arcs":[[[25]],[[-234,-1423,-625,-31,-1252,-1587,26]]],"id":71},{"properties":{"cd_mun_ibge":"3506409"},"type":"MultiPolygon","arcs":[[[-113,-101,-179,27,-29]]],"id":72},{"properties":{"cd_mun_ibge":"3506508"},"type":"MultiPolygon","arcs":[[[28,29,-54,-50,-114]]],"id":73},{"properties":{"cd_mun_ibge":"3506607"},"type":"MultiPolygon","arcs":[[[-624,-219,-1253,30]]],"id":74},{"properties":{"cd_mun_ibge":"3506706"},"type":"MultiPolygon","arcs":[[[-1155,-1832,-135,-35,31,-333,-267,-719,-191,32]]],"id":75},{"properties":{"cd_mun_ibge":"3506805"},"type":"MultiPolygon","arcs":[[[-134,-446,33,34]]],"id":76},{"properties":{"cd_mun_ibge":"3506904"},"type":"MultiPolygon","arcs":[[[-1824,-225,35,-394,-832,-45,36,-107,-1034]]],"id":77},{"properties":{"cd_mun_ibge":"3507001"},"type":"MultiPolygon","arcs":[[[-1783,-98,-1816,-1040,-312]]],"id":78},{"properties":{"cd_mun_ibge":"3507100"},"type":"MultiPolygon","arcs":[[[37,-946,-687]]],"id":79},{"properties":{"cd_mun_ibge":"3507159"},"type":"MultiPolygon","arcs":[[[-710,38,39,40,-389]]],"id":80},{"properties":{"cd_mun_ibge":"3507209"},"type":"MultiPolygon","arcs":[[[-1102,-1114,-534,-807]]],"id":81},{"properties":{"cd_mun_ibge":"3507308"},"type":"MultiPolygon","arcs":[[[41,-379,-865]]],"id":82},{"properties":{"cd_mun_ibge":"3507407"},"type":"MultiPolygon","arcs":[[[-370,-269,-252,-1137,-738,-331]]],"id":83},{"properties":{"cd_mun_ibge":"3507456"},"type":"MultiPolygon","arcs":[[[-493,42,-257,43]]],"id":84},{"properties":{"cd_mun_ibge":"3507506"},"type":"MultiPolygon","arcs":[[[44,-831,-397,45,-1064,-1520,-131,-1342,46]]],"id":85},{"properties":{"cd_mun_ibge":"3507605"},"type":"MultiPolygon","arcs":[[[-440,-393,-669,-1841,-936,-867,-1963,-948,47]]],"id":86},{"properties":{"cd_mun_ibge":"3507704"},"type":"MultiPolygon","arcs":[[[-194,-892,48,-531,-100,-111]]],"id":87},{"properties":{"cd_mun_ibge":"3507753"},"type":"MultiPolygon","arcs":[[[-196,-110,49,-56]]],"id":88},{"properties":{"cd_mun_ibge":"3507803"},"type":"MultiPolygon","arcs":[[[50,51,-1629,-1185,-438]]],"id":89},{"properties":{"cd_mun_ibge":"3507902"},"type":"MultiPolygon","arcs":[[[-130,-132,-1158,-1443,-398,-1547,-1829]]],"id":90},{"properties":{"cd_mun_ibge":"3508009"},"type":"MultiPolygon","arcs":[[[-361,-817,52,-64,-352,-78,-1764]]],"id":91},{"properties":{"cd_mun_ibge":"3508108"},"type":"MultiPolygon","arcs":[[[53,54,-1399,-513,-1864,-2014,-197,55]]],"id":92},{"properties":{"cd_mun_ibge":"3508207"},"type":"MultiPolygon","arcs":[[[-874,-451,-414,56,-280]]],"id":93},{"properties":{"cd_mun_ibge":"3508306"},"type":"MultiPolygon","arcs":[[[-989,-854,-1310,-523,-137]]],"id":94},{"properties":{"cd_mun_ibge":"3508405"},"type":"MultiPolygon","arcs":[[[-464,-977,57,-408,-307,-411]]],"id":95},{"properties":{"cd_mun_ibge":"3508504"},"type":"MultiPolygon","arcs":[[[-659,-1791,-1132,-431,-1501]]],"id":96},{"properties":{"cd_mun_ibge":"3508603"},"type":"MultiPolygon","arcs":[[[-508,-943,-123,-1653,-510,-74]]],"id":97},{"properties":{"cd_mun_ibge":"3508702"},"type":"MultiPolygon","arcs":[[[-1488,-1744,58,-128]]],"id":98},{"properties":{"cd_mun_ibge":"3508801"},"type":"MultiPolygon","arcs":[[[-1231,-739,-1016,-215,-457,-199,-504]]],"id":99},{"properties":{"cd_mun_ibge":"3508900"},"type":"MultiPolygon","arcs":[[[-1081,-569,-578,-308]]],"id":100},{"properties":{"cd_mun_ibge":"3509007"},"type":"MultiPolygon","arcs":[[[-60,-178,-553,-1533]]],"id":101},{"properties":{"cd_mun_ibge":"3509106"},"type":"MultiPolygon","arcs":[[[-802,-1091,-558,-1076]]],"id":102},{"properties":{"cd_mun_ibge":"3509205"},"type":"MultiPolygon","arcs":[[[-975,-463,-174,59,-1532,-1352]]],"id":103},{"properties":{"cd_mun_ibge":"3509254"},"type":"MultiPolygon","arcs":[[[60,-141,-424]]],"id":104},{"properties":{"cd_mun_ibge":"3509304"},"type":"MultiPolygon","arcs":[[[-1698,-752,-1650,-655,-814,-148]]],"id":105},{"properties":{"cd_mun_ibge":"3509403"},"type":"MultiPolygon","arcs":[[[-1600,-1304,61,-1383,-90,-619,-1726,-1368]]],"id":106},{"properties":{"cd_mun_ibge":"3509452"},"type":"MultiPolygon","arcs":[[[62,-353,63]]],"id":107},{"properties":{"cd_mun_ibge":"3509502"},"type":"MultiPolygon","arcs":[[[-410,-306,-661,-251,-1679,-851,-426,-882,-671,-392,-1954]]],"id":108},{"properties":{"cd_mun_ibge":"3509601"},"type":"MultiPolygon","arcs":[[[64,-172,-175,-461,-1976,-468,-442]]],"id":109},{"properties":{"cd_mun_ibge":"3509700"},"type":"MultiPolygon","arcs":[[[-1406,-1426,65,-220,-928]]],"id":110},{"properties":{"cd_mun_ibge":"3509809"},"type":"MultiPolygon","arcs":[[[-1001,-140,-570,-747,-1554,-1169,-266]]],"id":111},{"properties":{"cd_mun_ibge":"3509908"},"type":"MultiPolygon","arcs":[[[66]],[[67]],[[68]],[[69]],[[70]],[[-835,-282,-300,71,72,-422]]],"id":112},{"properties":{"cd_mun_ibge":"3509957"},"type":"MultiPolygon","arcs":[[[73,-509]]],"id":113},{"properties":{"cd_mun_ibge":"3510005"},"type":"MultiPolygon","arcs":[[[74,-167,-1775,75,-998,-798]]],"id":114},{"properties":{"cd_mun_ibge":"3510104"},"type":"MultiPolygon","arcs":[[[-648,-1759,-161]]],"id":115},{"properties":{"cd_mun_ibge":"3510153"},"type":"MultiPolygon","arcs":[[[-1318,-2016,76,-774]]],"id":116},{"properties":{"cd_mun_ibge":"3510203"},"type":"MultiPolygon","arcs":[[[-207,-357,-1765,77,-351,-1523,-1643,-143,-1176]]],"id":117},{"properties":{"cd_mun_ibge":"3510302"},"type":"MultiPolygon","arcs":[[[-1612,78,-1777,-314,79]]],"id":118},{"properties":{"cd_mun_ibge":"3510401"},"type":"MultiPolygon","arcs":[[[-641,-1207,-1287,-664,-144,-1041,-1120]]],"id":119},{"properties":{"cd_mun_ibge":"3510500"},"type":"MultiPolygon","arcs":[[[-1589,-1251,-811,-685,-1893,80]],[[81]],[[82]],[[83]]],"id":120},{"properties":{"cd_mun_ibge":"3510609"},"type":"MultiPolygon","arcs":[[[-434,84,-768,-120]]],"id":121},{"properties":{"cd_mun_ibge":"3510708"},"type":"MultiPolygon","arcs":[[[85,-869,-545,-605,86,-1211,-1026]]],"id":122},{"properties":{"cd_mun_ibge":"3510807"},"type":"MultiPolygon","arcs":[[[-1306,-1728,-622,-1486,-404,-1968,87]]],"id":123},{"properties":{"cd_mun_ibge":"3510906"},"type":"MultiPolygon","arcs":[[[-1382,88,-620,89]]],"id":124},{"properties":{"cd_mun_ibge":"3511003"},"type":"MultiPolygon","arcs":[[[-730,-1462,-844,90,-384,91]]],"id":125},{"properties":{"cd_mun_ibge":"3511102"},"type":"MultiPolygon","arcs":[[[-332,-564,-146,-93,-1701,-733,-147,-812,-790,-931]]],"id":126},{"properties":{"cd_mun_ibge":"3511201"},"type":"MultiPolygon","arcs":[[[92,-145,-263,-1925,-1702]]],"id":127},{"properties":{"cd_mun_ibge":"3511300"},"type":"MultiPolygon","arcs":[[[-205,-1921,-262,-1052,93,-1495]]],"id":128},{"properties":{"cd_mun_ibge":"3511409"},"type":"MultiPolygon","arcs":[[[94,-326,-963,-557,95,-259,96]]],"id":129},{"properties":{"cd_mun_ibge":"3511508"},"type":"MultiPolygon","arcs":[[[97,-1782,-99,-482,-460,-1817]]],"id":130},{"properties":{"cd_mun_ibge":"3511607"},"type":"MultiPolygon","arcs":[[[98,-1781,-1100,-902,-483]]],"id":131},{"properties":{"cd_mun_ibge":"3511706"},"type":"MultiPolygon","arcs":[[[-1544,-402,-315,-955]]],"id":132},{"properties":{"cd_mun_ibge":"3511904"},"type":"MultiPolygon","arcs":[[[-112,99,-530,-1413,-919,-180,100]]],"id":133},{"properties":{"cd_mun_ibge":"3512001"},"type":"MultiPolygon","arcs":[[[-1805,101,-656,-1648,102,-416]]],"id":134},{"properties":{"cd_mun_ibge":"3512100"},"type":"MultiPolygon","arcs":[[[103,104,-202]]],"id":135},{"properties":{"cd_mun_ibge":"3512209"},"type":"MultiPolygon","arcs":[[[-628,-638,-152,105]]],"id":136},{"properties":{"cd_mun_ibge":"3512308"},"type":"MultiPolygon","arcs":[[[-484,-903,-1035,106,107,-953]]],"id":137},{"properties":{"cd_mun_ibge":"3512407"},"type":"MultiPolygon","arcs":[[[108,-497,-323,-1327]]],"id":138},{"properties":{"cd_mun_ibge":"3512506"},"type":"MultiPolygon","arcs":[[[109,-195,110,111,112,113]]],"id":139},{"properties":{"cd_mun_ibge":"3512605"},"type":"MultiPolygon","arcs":[[[-1716,-1763,-330,-325,-375]]],"id":140},{"properties":{"cd_mun_ibge":"3512704"},"type":"MultiPolygon","arcs":[[[-1300,-489,-1206,-400,114]]],"id":141},{"properties":{"cd_mun_ibge":"3512803"},"type":"MultiPolygon","arcs":[[[115,-501,116,-249,-848]]],"id":142},{"properties":{"cd_mun_ibge":"3512902"},"type":"MultiPolygon","arcs":[[[-787,-1732,-1619,-2008,117,118]]],"id":143},{"properties":{"cd_mun_ibge":"3513009"},"type":"MultiPolygon","arcs":[[[-349,-1505,-271,-1562,-1975,-362,-435,119,-767,-1708,-149]]],"id":144},{"properties":{"cd_mun_ibge":"3513108"},"type":"MultiPolygon","arcs":[[[-1627,-1622,-1598,-524,-246,-1181]]],"id":145},{"properties":{"cd_mun_ibge":"3513207"},"type":"MultiPolygon","arcs":[[[120,-169,-1166,-449,-877]]],"id":146},{"properties":{"cd_mun_ibge":"3513306"},"type":"MultiPolygon","arcs":[[[-560,-1772,-166,-886]]],"id":147},{"properties":{"cd_mun_ibge":"3513405"},"type":"MultiPolygon","arcs":[[[-942,121,-488,-1654,122]]],"id":148},{"properties":{"cd_mun_ibge":"3513504"},"type":"MultiPolygon","arcs":[[[-1381,-1420,-1608,-1431]]],"id":149},{"properties":{"cd_mun_ibge":"3513603"},"type":"MultiPolygon","arcs":[[[-1896,-1511,-480,-222,-511,-1658,123,-1483,124]]],"id":150},{"properties":{"cd_mun_ibge":"3513702"},"type":"MultiPolygon","arcs":[[[125,-1440,-525,-1365,-1043,-984]]],"id":151},{"properties":{"cd_mun_ibge":"3513801"},"type":"MultiPolygon","arcs":[[[-1542,-1429]]],"id":152},{"properties":{"cd_mun_ibge":"3513850"},"type":"MultiPolygon","arcs":[[[-1446,-429,-1024,126,-795]]],"id":153},{"properties":{"cd_mun_ibge":"3513900"},"type":"MultiPolygon","arcs":[[[-1489,127,128,-1593]]],"id":154},{"properties":{"cd_mun_ibge":"3514007"},"type":"MultiPolygon","arcs":[[[-1755,-1321,-226,-674,-582]]],"id":155},{"properties":{"cd_mun_ibge":"3514106"},"type":"MultiPolygon","arcs":[[[-448,-133,129,-1828,-1343,130,-1519,-597]]],"id":156},{"properties":{"cd_mun_ibge":"3514205"},"type":"MultiPolygon","arcs":[[[-823,-1870,-1996,-430]]],"id":157},{"properties":{"cd_mun_ibge":"3514304"},"type":"MultiPolygon","arcs":[[[-1159,131,132,-447,133,134,-1831]]],"id":158},{"properties":{"cd_mun_ibge":"3514403"},"type":"MultiPolygon","arcs":[[[-472,-1171,-937,-1088,-779,-1858]]],"id":159},{"properties":{"cd_mun_ibge":"3514502"},"type":"MultiPolygon","arcs":[[[135,-990,136,-522,-162,-183]]],"id":160},{"properties":{"cd_mun_ibge":"3514601"},"type":"MultiPolygon","arcs":[[[-1635,-1183,-245,137]]],"id":161},{"properties":{"cd_mun_ibge":"3514700"},"type":"MultiPolygon","arcs":[[[138,-535,-770,-760,-571,139,-1000]]],"id":162},{"properties":{"cd_mun_ibge":"3514809"},"type":"MultiPolygon","arcs":[[[-425,140,141,-318,-1177,142,-1642,-1145]]],"id":163},{"properties":{"cd_mun_ibge":"3514908"},"type":"MultiPolygon","arcs":[[[-1261,-406,-1037,143,-663,-305]]],"id":164},{"properties":{"cd_mun_ibge":"3514924"},"type":"MultiPolygon","arcs":[[[-563,-1944,-264,144,145]]],"id":165},{"properties":{"cd_mun_ibge":"3514957"},"type":"MultiPolygon","arcs":[[[-813,146,-732,-1699,147]]],"id":166},{"properties":{"cd_mun_ibge":"3515004"},"type":"MultiPolygon","arcs":[[[148,-1707,-1528,-350]]],"id":167},{"properties":{"cd_mun_ibge":"3515103"},"type":"MultiPolygon","arcs":[[[-1526,-476,-1507,-348]]],"id":168},{"properties":{"cd_mun_ibge":"3515129"},"type":"MultiPolygon","arcs":[[[-1173,-471,-163,-1408,-1070]]],"id":169},{"properties":{"cd_mun_ibge":"3515152"},"type":"MultiPolygon","arcs":[[[-637,149,-499,150,151]]],"id":170},{"properties":{"cd_mun_ibge":"3515186"},"type":"MultiPolygon","arcs":[[[-633,-2021,-632,152,-1450,-1402,153,-366]]],"id":171},{"properties":{"cd_mun_ibge":"3515194"},"type":"MultiPolygon","arcs":[[[-853,154,-1312]]],"id":172},{"properties":{"cd_mun_ibge":"3515202"},"type":"MultiPolygon","arcs":[[[-1455,-1021,-428,-1994,-1869,-213,-159]]],"id":173},{"properties":{"cd_mun_ibge":"3515301"},"type":"MultiPolygon","arcs":[[[-981,-1272,-1769]]],"id":174},{"properties":{"cd_mun_ibge":"3515350"},"type":"MultiPolygon","arcs":[[[155,-1217,-1802]]],"id":175},{"properties":{"cd_mun_ibge":"3515400"},"type":"MultiPolygon","arcs":[[[-1717,-374,156,157,-1819,-1617,-958,-1795]]],"id":176},{"properties":{"cd_mun_ibge":"3515509"},"type":"MultiPolygon","arcs":[[[-589,-1458,-1453,158,-212,-542,-872]]],"id":177},{"properties":{"cd_mun_ibge":"3515608"},"type":"MultiPolygon","arcs":[[[-1758,-372,-1279,159,-649,160]]],"id":178},{"properties":{"cd_mun_ibge":"3515657"},"type":"MultiPolygon","arcs":[[[161,-521,-184]]],"id":179},{"properties":{"cd_mun_ibge":"3515707"},"type":"MultiPolygon","arcs":[[[-1004,-1688,-1179,-584,-1537]]],"id":180},{"properties":{"cd_mun_ibge":"3515806"},"type":"MultiPolygon","arcs":[[[162,-470,-324,-784,-164,-1078,-1409]]],"id":181},{"properties":{"cd_mun_ibge":"3515905"},"type":"MultiPolygon","arcs":[[[-2003,-700,-189,-546]]],"id":182},{"properties":{"cd_mun_ibge":"3516002"},"type":"MultiPolygon","arcs":[[[-566,-1079,163,-783,-485,-1958,164]]],"id":183},{"properties":{"cd_mun_ibge":"3516101"},"type":"MultiPolygon","arcs":[[[165,-1776,166,167,-883]]],"id":184},{"properties":{"cd_mun_ibge":"3516200"},"type":"MultiPolygon","arcs":[[[-1476,-1167,168,169,-840,170,-1149]]],"id":185},{"properties":{"cd_mun_ibge":"3516309"},"type":"MultiPolygon","arcs":[[[171,172,-176]]],"id":186},{"properties":{"cd_mun_ibge":"3516408"},"type":"MultiPolygon","arcs":[[[173,-462,174,175,176,-554,177]]],"id":187},{"properties":{"cd_mun_ibge":"3516507"},"type":"MultiPolygon","arcs":[[[178,179,-923,-216,180]]],"id":188},{"properties":{"cd_mun_ibge":"3516606"},"type":"MultiPolygon","arcs":[[[-1066,181,182,183,-520,-1917,184,-186]]],"id":189},{"properties":{"cd_mun_ibge":"3516705"},"type":"MultiPolygon","arcs":[[[-964,-1067,185,186,-533,-1981,187]]],"id":190},{"properties":{"cd_mun_ibge":"3516804"},"type":"MultiPolygon","arcs":[[[-715,-547,188,-699,-642,-736]]],"id":191},{"properties":{"cd_mun_ibge":"3516853"},"type":"MultiPolygon","arcs":[[[-580,189,190,-718]]],"id":192},{"properties":{"cd_mun_ibge":"3516903"},"type":"MultiPolygon","arcs":[[[-548,-716,-1395,191,-1022,-1461]]],"id":193},{"properties":{"cd_mun_ibge":"3517000"},"type":"MultiPolygon","arcs":[[[-198,-506,-200,-572,-1008,-1105,-528,192,-1095]]],"id":194},{"properties":{"cd_mun_ibge":"3517109"},"type":"MultiPolygon","arcs":[[[193,194,195,196,-2013,-893]]],"id":195},{"properties":{"cd_mun_ibge":"3517208"},"type":"MultiPolygon","arcs":[[[197,-1094,-1228,-507]]],"id":196},{"properties":{"cd_mun_ibge":"3517307"},"type":"MultiPolygon","arcs":[[[-505,198,-456,-573,199]]],"id":197},{"properties":{"cd_mun_ibge":"3517406"},"type":"MultiPolygon","arcs":[[[-667,200,201,202,-593,-321]]],"id":198},{"properties":{"cd_mun_ibge":"3517505"},"type":"MultiPolygon","arcs":[[[203,-753,-1922,204,-1494,-759]]],"id":199},{"properties":{"cd_mun_ibge":"3517604"},"type":"MultiPolygon","arcs":[[[-1175,-317,205,-1162,-358,206]]],"id":200},{"properties":{"cd_mun_ibge":"3517703"},"type":"MultiPolygon","arcs":[[[-322,-415,-1473,-743,-1470]]],"id":201},{"properties":{"cd_mun_ibge":"3517802"},"type":"MultiPolygon","arcs":[[[207,-608,-473,-727,-678]]],"id":202},{"properties":{"cd_mun_ibge":"3517901"},"type":"MultiPolygon","arcs":[[[-755,208,-273,209,210]]],"id":203},{"properties":{"cd_mun_ibge":"3518008"},"type":"MultiPolygon","arcs":[[[-309,-543,211,212,-1868,-776]]],"id":204},{"properties":{"cd_mun_ibge":"3518107"},"type":"MultiPolygon","arcs":[[[-966,213,-458,214,-1015]]],"id":205},{"properties":{"cd_mun_ibge":"3518206"},"type":"MultiPolygon","arcs":[[[215,-922,-773,-1258,-1224,216,-1961,217]]],"id":206},{"properties":{"cd_mun_ibge":"3518305"},"type":"MultiPolygon","arcs":[[[-1336,-420,-1295,-1249,218,-623]]],"id":207},{"properties":{"cd_mun_ibge":"3518404"},"type":"MultiPolygon","arcs":[[[-1045,-929,219,220,-940,-512,221,-479,222]]],"id":208},{"properties":{"cd_mun_ibge":"3518503"},"type":"MultiPolygon","arcs":[[[223,224,-1823,-1033,-1101,-1779,-355]]],"id":209},{"properties":{"cd_mun_ibge":"3518602"},"type":"MultiPolygon","arcs":[[[-1753,-419,-1057,-675,225,-1320]]],"id":210},{"properties":{"cd_mun_ibge":"3518701"},"type":"MultiPolygon","arcs":[[[226]],[[227]],[[228]],[[229]],[[230]],[[231]],[[232]],[[-1424,233,234]],[[235]],[[236]],[[237]],[[238]],[[239]],[[240]],[[241]],[[242]]],"id":211},{"properties":{"cd_mun_ibge":"3518800"},"type":"MultiPolygon","arcs":[[[-1535,-552,-689,-1332,243,-385]]],"id":212},{"properties":{"cd_mun_ibge":"3518859"},"type":"MultiPolygon","arcs":[[[-1195,-676,-1060,244,-1182,245,-526]]],"id":213},{"properties":{"cd_mun_ibge":"3518909"},"type":"MultiPolygon","arcs":[[[-1675,-797,246,-1393]]],"id":214},{"properties":{"cd_mun_ibge":"3519006"},"type":"MultiPolygon","arcs":[[[-1852,247,-1107,-1013,-1116]]],"id":215},{"properties":{"cd_mun_ibge":"3519055"},"type":"MultiPolygon","arcs":[[[-635,-1386,-427,-849,248,249]]],"id":216},{"properties":{"cd_mun_ibge":"3519071"},"type":"MultiPolygon","arcs":[[[250,-660,-1680]]],"id":217},{"properties":{"cd_mun_ibge":"3519105"},"type":"MultiPolygon","arcs":[[[-1138,251,-268,-336,252]]],"id":218},{"properties":{"cd_mun_ibge":"3519204"},"type":"MultiPolygon","arcs":[[[-826,-1200,-920,-1416,253,-1850,254]]],"id":219},{"properties":{"cd_mun_ibge":"3519253"},"type":"MultiPolygon","arcs":[[[255,256,257,258,259]]],"id":220},{"properties":{"cd_mun_ibge":"3519303"},"type":"MultiPolygon","arcs":[[[-1435,-1157,260]]],"id":221},{"properties":{"cd_mun_ibge":"3519402"},"type":"MultiPolygon","arcs":[[[-1047,261,-1926,262,263,-1943]]],"id":222},{"properties":{"cd_mun_ibge":"3519501"},"type":"MultiPolygon","arcs":[[[264,-799,-1002,265,-1168,-1268]]],"id":223},{"properties":{"cd_mun_ibge":"3519600"},"type":"MultiPolygon","arcs":[[[-720,266,-337,267,268,-373,-1706]]],"id":224},{"properties":{"cd_mun_ibge":"3519709"},"type":"MultiPolygon","arcs":[[[-1504,-475,-601,-1737,-924,-1999,269,-549,-1563,270]]],"id":225},{"properties":{"cd_mun_ibge":"3519808"},"type":"MultiPolygon","arcs":[[[-763,271,272,273,-724]]],"id":226},{"properties":{"cd_mun_ibge":"3519907"},"type":"MultiPolygon","arcs":[[[-1123,-562,274,-682]]],"id":227},{"properties":{"cd_mun_ibge":"3520004"},"type":"MultiPolygon","arcs":[[[275,-1516,276,-539]]],"id":228},{"properties":{"cd_mun_ibge":"3520103"},"type":"MultiPolygon","arcs":[[[277,278,-1190,-875,279]]],"id":229},{"properties":{"cd_mun_ibge":"3520202"},"type":"MultiPolygon","arcs":[[[-688,-944,-453,-1497,-421,-1334]]],"id":230},{"properties":{"cd_mun_ibge":"3520301"},"type":"MultiPolygon","arcs":[[[-599,-887,-391,-910,280,-301,281,-834,-1147,-474]]],"id":231},{"properties":{"cd_mun_ibge":"3520400"},"type":"MultiPolygon","arcs":[[[282]],[[283]],[[284]],[[285]],[[286]],[[287]],[[288]],[[289]],[[290]],[[291]],[[292]],[[293]],[[294]],[[295]],[[296]],[[297]],[[298]]],"id":232},{"properties":{"cd_mun_ibge":"3520426"},"type":"MultiPolygon","arcs":[[[299,300,301]]],"id":233},{"properties":{"cd_mun_ibge":"3520442"},"type":"MultiPolygon","arcs":[[[302,-382,303,-1226,-1696,-897]]],"id":234},{"properties":{"cd_mun_ibge":"3520509"},"type":"MultiPolygon","arcs":[[[304,-662,305,-409,306,-407,-1262]]],"id":235},{"properties":{"cd_mun_ibge":"3520608"},"type":"MultiPolygon","arcs":[[[-1082,307,-577,-1135]]],"id":236},{"properties":{"cd_mun_ibge":"3520707"},"type":"MultiPolygon","arcs":[[[308,-778,309,-603,-544]]],"id":237},{"properties":{"cd_mun_ibge":"3520806"},"type":"MultiPolygon","arcs":[[[-1255,-772,-1233,-519]]],"id":238},{"properties":{"cd_mun_ibge":"3520905"},"type":"MultiPolygon","arcs":[[[-1317,310,-959,-1821,-2018]]],"id":239},{"properties":{"cd_mun_ibge":"3521002"},"type":"MultiPolygon","arcs":[[[311,-1039,-1668,312,313,-1784]]],"id":240},{"properties":{"cd_mun_ibge":"3521101"},"type":"MultiPolygon","arcs":[[[-401,-1204,-956,314]]],"id":241},{"properties":{"cd_mun_ibge":"3521150"},"type":"MultiPolygon","arcs":[[[-612,-616,-722,-756,-1492]]],"id":242},{"properties":{"cd_mun_ibge":"3521200"},"type":"MultiPolygon","arcs":[[[-347,315,316,-1178,317,318,319]]],"id":243},{"properties":{"cd_mun_ibge":"3521309"},"type":"MultiPolygon","arcs":[[[-668,320,-592,-412,321,-1469]]],"id":244},{"properties":{"cd_mun_ibge":"3521408"},"type":"MultiPolygon","arcs":[[[-950,-1202,-1328,322,-496]]],"id":245},{"properties":{"cd_mun_ibge":"3521507"},"type":"MultiPolygon","arcs":[[[-585,-1048,-1947,-740,-1242]]],"id":246},{"properties":{"cd_mun_ibge":"3521606"},"type":"MultiPolygon","arcs":[[[323,-469,-607,-780]]],"id":247},{"properties":{"cd_mun_ibge":"3521705"},"type":"MultiPolygon","arcs":[[[-1189,-376,324,-329,-359,-387]]],"id":248},{"properties":{"cd_mun_ibge":"3521804"},"type":"MultiPolygon","arcs":[[[-1792,-957,325,326,327,-819,-360,328,329,-1762]]],"id":249},{"properties":{"cd_mun_ibge":"3521903"},"type":"MultiPolygon","arcs":[[[-371,330,-742,-565,331,-930,-1276]]],"id":250},{"properties":{"cd_mun_ibge":"3522000"},"type":"MultiPolygon","arcs":[[[332,333,334,335,336]]],"id":251},{"properties":{"cd_mun_ibge":"3522109"},"type":"MultiPolygon","arcs":[[[337]],[[338]],[[339]],[[340]],[[341]],[[342]],[[-913,-890,-477,-1524,-1605,-644,343]]],"id":252},{"properties":{"cd_mun_ibge":"3522158"},"type":"MultiPolygon","arcs":[[[344,-1150,345,346]]],"id":253},{"properties":{"cd_mun_ibge":"3522208"},"type":"MultiPolygon","arcs":[[[-1527,347,-1506,348,349]]],"id":254},{"properties":{"cd_mun_ibge":"3522307"},"type":"MultiPolygon","arcs":[[[-1616,-925,-1521,350,351,352,353,354,-1778,355]]],"id":255},{"properties":{"cd_mun_ibge":"3522406"},"type":"MultiPolygon","arcs":[[[356,357,-1161,-712,-388,358,359,-818,360,-1766]]],"id":256},{"properties":{"cd_mun_ibge":"3522505"},"type":"MultiPolygon","arcs":[[[361,-1974,-1561,-1354,362,-436]]],"id":257},{"properties":{"cd_mun_ibge":"3522604"},"type":"MultiPolygon","arcs":[[[363,-502,-1632,364,-1388,-640,-634,365,366]]],"id":258},{"properties":{"cd_mun_ibge":"3522653"},"type":"MultiPolygon","arcs":[[[-1152,367,368]]],"id":259},{"properties":{"cd_mun_ibge":"3522703"},"type":"MultiPolygon","arcs":[[[369,370,-1280,371,-1757,-581,-1703,372]]],"id":260},{"properties":{"cd_mun_ibge":"3522802"},"type":"MultiPolygon","arcs":[[[373,374,375,-1188,376,377]]],"id":261},{"properties":{"cd_mun_ibge":"3522901"},"type":"MultiPolygon","arcs":[[[-866,378,379,-444]]],"id":262},{"properties":{"cd_mun_ibge":"3523008"},"type":"MultiPolygon","arcs":[[[380,381,382,383]]],"id":263},{"properties":{"cd_mun_ibge":"3523107"},"type":"MultiPolygon","arcs":[[[-1690,-1005,-1536,384,385,-626]]],"id":264},{"properties":{"cd_mun_ibge":"3523206"},"type":"MultiPolygon","arcs":[[[-1186,386,387,-711,388,389]]],"id":265},{"properties":{"cd_mun_ibge":"3523305"},"type":"MultiPolygon","arcs":[[[390,-891,-911]]],"id":266},{"properties":{"cd_mun_ibge":"3523404"},"type":"MultiPolygon","arcs":[[[-515,-1984,-1952,391,-670,392,-439,-466]]],"id":267},{"properties":{"cd_mun_ibge":"3523503"},"type":"MultiPolygon","arcs":[[[-830,393,394,-821,395,396]]],"id":268},{"properties":{"cd_mun_ibge":"3523602"},"type":"MultiPolygon","arcs":[[[397,-1442,398,399,-1205,400,401,-1548]]],"id":269},{"properties":{"cd_mun_ibge":"3523701"},"type":"MultiPolygon","arcs":[[[402,-842]]],"id":270},{"properties":{"cd_mun_ibge":"3523800"},"type":"MultiPolygon","arcs":[[[-1969,403,-1490,-1591]]],"id":271},{"properties":{"cd_mun_ibge":"3523909"},"type":"MultiPolygon","arcs":[[[404,-1559,-551,-1670,-1038,405,-1263,406,407]]],"id":272},{"properties":{"cd_mun_ibge":"3524006"},"type":"MultiPolygon","arcs":[[[408,409,-1953,-1982,-514,-465,410]]],"id":273},{"properties":{"cd_mun_ibge":"3524105"},"type":"MultiPolygon","arcs":[[[411,-591,412,413,-450,-1164,-1474,414]]],"id":274},{"properties":{"cd_mun_ibge":"3524204"},"type":"MultiPolygon","arcs":[[[-665,-1806,415,416]]],"id":275},{"properties":{"cd_mun_ibge":"3524303"},"type":"MultiPolygon","arcs":[[[-647,-1723,-1748,-994,-1637,417,-1058,418,-1752]]],"id":276},{"properties":{"cd_mun_ibge":"3524402"},"type":"MultiPolygon","arcs":[[[-432,-1296,419,-1335,420,-1503]]],"id":277},{"properties":{"cd_mun_ibge":"3524501"},"type":"MultiPolygon","arcs":[[[-693,-614,-706,-455]]],"id":278},{"properties":{"cd_mun_ibge":"3524600"},"type":"MultiPolygon","arcs":[[[421,422,423,424,-1144,-833]]],"id":279},{"properties":{"cd_mun_ibge":"3524709"},"type":"MultiPolygon","arcs":[[[-879,425,-850,426,-1391]]],"id":280},{"properties":{"cd_mun_ibge":"3524808"},"type":"MultiPolygon","arcs":[[[-1995,427,-1025,428,-1445,-1932,-824,429]]],"id":281},{"properties":{"cd_mun_ibge":"3524907"},"type":"MultiPolygon","arcs":[[[430,-1131,-809,-1292,431,-1502]]],"id":282},{"properties":{"cd_mun_ibge":"3525003"},"type":"MultiPolygon","arcs":[[[432,433,434,435]]],"id":283},{"properties":{"cd_mun_ibge":"3525102"},"type":"MultiPolygon","arcs":[[[-1640,-1018,-1244,436,437,-1184]]],"id":284},{"properties":{"cd_mun_ibge":"3525201"},"type":"MultiPolygon","arcs":[[[-467,438,439,440,441]]],"id":285},{"properties":{"cd_mun_ibge":"3525300"},"type":"MultiPolygon","arcs":[[[-596,442,-537,-858,443,444,445,446,447]]],"id":286},{"properties":{"cd_mun_ibge":"3525409"},"type":"MultiPolygon","arcs":[[[-878,448,-1165,449,450]]],"id":287},{"properties":{"cd_mun_ibge":"3525508"},"type":"MultiPolygon","arcs":[[[-1966,451,-1498,452,-949]]],"id":288},{"properties":{"cd_mun_ibge":"3525607"},"type":"MultiPolygon","arcs":[[[-806,-1128,-1104]]],"id":289},{"properties":{"cd_mun_ibge":"3525706"},"type":"MultiPolygon","arcs":[[[-587,-1875,453,-2011,-997,-702,-694,454,-705]]],"id":290},{"properties":{"cd_mun_ibge":"3525805"},"type":"MultiPolygon","arcs":[[[455,456,457,458,-574]]],"id":291},{"properties":{"cd_mun_ibge":"3525854"},"type":"MultiPolygon","arcs":[[[-1808,459,-481]]],"id":292},{"properties":{"cd_mun_ibge":"3525904"},"type":"MultiPolygon","arcs":[[[460,461,462,-974,463,464,-516,465,466,467,-1977]]],"id":293},{"properties":{"cd_mun_ibge":"3526001"},"type":"MultiPolygon","arcs":[[[468,469,470,-1172,471,-1857,-657,-728,472]]],"id":294},{"properties":{"cd_mun_ibge":"3526100"},"type":"MultiPolygon","arcs":[[[473,-1146,-1645,-1739,-600]]],"id":295},{"properties":{"cd_mun_ibge":"3526209"},"type":"MultiPolygon","arcs":[[[-602,474,-1508,475,-1525,476,-889]]],"id":296},{"properties":{"cd_mun_ibge":"3526308"},"type":"MultiPolygon","arcs":[[[-1788,-1220,477,478,479,-1510]]],"id":297},{"properties":{"cd_mun_ibge":"3526407"},"type":"MultiPolygon","arcs":[[[480,481,482,-901,483,-952,-1809]]],"id":298},{"properties":{"cd_mun_ibge":"3526506"},"type":"MultiPolygon","arcs":[[[484,-782,-609,485,-1959]]],"id":299},{"properties":{"cd_mun_ibge":"3526605"},"type":"MultiPolygon","arcs":[[[486,-1112,-1655,487]]],"id":300},{"properties":{"cd_mun_ibge":"3526704"},"type":"MultiPolygon","arcs":[[[488,-1299,-986,-630,489]]],"id":301},{"properties":{"cd_mun_ibge":"3526803"},"type":"MultiPolygon","arcs":[[[490,-1514,-1063,491,492,493,-860,-541]]],"id":302},{"properties":{"cd_mun_ibge":"3526902"},"type":"MultiPolygon","arcs":[[[494,-1290,-951,495,496,497,498,499,500]]],"id":303},{"properties":{"cd_mun_ibge":"3527009"},"type":"MultiPolygon","arcs":[[[501,502,-1663,-1633]]],"id":304},{"properties":{"cd_mun_ibge":"3527108"},"type":"MultiPolygon","arcs":[[[-1232,503,504,505,506]]],"id":305},{"properties":{"cd_mun_ibge":"3527207"},"type":"MultiPolygon","arcs":[[[-939,507,508,509,-1652,510,511]]],"id":306},{"properties":{"cd_mun_ibge":"3527256"},"type":"MultiPolygon","arcs":[[[-1859,512,-1398,-734]]],"id":307},{"properties":{"cd_mun_ibge":"3527306"},"type":"MultiPolygon","arcs":[[[513,-1985,514,515]]],"id":308},{"properties":{"cd_mun_ibge":"3527405"},"type":"MultiPolygon","arcs":[[[-1055,-568,516,-1956,517,-1222,-1256,518]]],"id":309},{"properties":{"cd_mun_ibge":"3527504"},"type":"MultiPolygon","arcs":[[[519,520,521,522,-1309,-1918]]],"id":310},{"properties":{"cd_mun_ibge":"3527603"},"type":"MultiPolygon","arcs":[[[523,-1597,-1366,524,-1439,-1196,525]]],"id":311},{"properties":{"cd_mun_ibge":"3527702"},"type":"MultiPolygon","arcs":[[[526,527,-1109,528,-1414,529,530]]],"id":312},{"properties":{"cd_mun_ibge":"3527801"},"type":"MultiPolygon","arcs":[[[531,-1556,-746,532]]],"id":313},{"properties":{"cd_mun_ibge":"3527900"},"type":"MultiPolygon","arcs":[[[-808,533,-1113,-1012,-771,534,535]]],"id":314},{"properties":{"cd_mun_ibge":"3528007"},"type":"MultiPolygon","arcs":[[[-859,536,537,538,539,540]]],"id":315},{"properties":{"cd_mun_ibge":"3528106"},"type":"MultiPolygon","arcs":[[[-1929,-995,-1862,-643,-697,-652,-1006,-651]]],"id":316},{"properties":{"cd_mun_ibge":"3528205"},"type":"MultiPolygon","arcs":[[[541,542,543,-606,544,-873]]],"id":317},{"properties":{"cd_mun_ibge":"3528304"},"type":"MultiPolygon","arcs":[[[-2004,545,546,-714,547,-1460,-588,-1950]]],"id":318},{"properties":{"cd_mun_ibge":"3528403"},"type":"MultiPolygon","arcs":[[[548,549,-1671,550,-1558]]],"id":319},{"properties":{"cd_mun_ibge":"3528502"},"type":"MultiPolygon","arcs":[[[-690,551,-1534,552,553,554]]],"id":320},{"properties":{"cd_mun_ibge":"3528601"},"type":"MultiPolygon","arcs":[[[-749,555,556,-962]]],"id":321},{"properties":{"cd_mun_ibge":"3528700"},"type":"MultiPolygon","arcs":[[[-1799,-1073,557,-1090,-938,-1373,-611]]],"id":322},{"properties":{"cd_mun_ibge":"3528809"},"type":"MultiPolygon","arcs":[[[558,-1773,559,-885,560,561,-1122,-805]]],"id":323},{"properties":{"cd_mun_ibge":"3528858"},"type":"MultiPolygon","arcs":[[[562,563,564,-741,-1945]]],"id":324},{"properties":{"cd_mun_ibge":"3528908"},"type":"MultiPolygon","arcs":[[[-1080,565,566,567,-1054,-579,568]]],"id":325},{"properties":{"cd_mun_ibge":"3529005"},"type":"MultiPolygon","arcs":[[[-745,569,570,-761,-1009,571,572,573,574,-1979]]],"id":326},{"properties":{"cd_mun_ibge":"3529104"},"type":"MultiPolygon","arcs":[[[-792,-1673,575]]],"id":327},{"properties":{"cd_mun_ibge":"3529203"},"type":"MultiPolygon","arcs":[[[576,577,578,-1053,-1236,-828,-1124,-681,-1710,-1136]]],"id":328},{"properties":{"cd_mun_ibge":"3529302"},"type":"MultiPolygon","arcs":[[[579,-717,-1704,580,-1756,581,-673,582]]],"id":329},{"properties":{"cd_mun_ibge":"3529401"},"type":"MultiPolygon","arcs":[[[-1377,-1538,583,-1180]]],"id":330},{"properties":{"cd_mun_ibge":"3529500"},"type":"MultiPolygon","arcs":[[[-1049,584,-1241,585,-1871,586,-704]]],"id":331},{"properties":{"cd_mun_ibge":"3529609"},"type":"MultiPolygon","arcs":[[[587,-1459,588,-871,-1951]]],"id":332},{"properties":{"cd_mun_ibge":"3529658"},"type":"MultiPolygon","arcs":[[[-1282,589,-1032,-825]]],"id":333},{"properties":{"cd_mun_ibge":"3529708"},"type":"MultiPolygon","arcs":[[[590,591,592,593,594]]],"id":334},{"properties":{"cd_mun_ibge":"3529807"},"type":"MultiPolygon","arcs":[[[595,596,-1518,597]]],"id":335},{"properties":{"cd_mun_ibge":"3529906"},"type":"MultiPolygon","arcs":[[[598,599,-1738,600,601,-888]]],"id":336},{"properties":{"cd_mun_ibge":"3530003"},"type":"MultiPolygon","arcs":[[[602,603,604,605]]],"id":337},{"properties":{"cd_mun_ibge":"3530102"},"type":"MultiPolygon","arcs":[[[-781,606,607,-899,608]]],"id":338},{"properties":{"cd_mun_ibge":"3530201"},"type":"MultiPolygon","arcs":[[[-1275,609,-1800,610,-1372,-1069]]],"id":339},{"properties":{"cd_mun_ibge":"3530300"},"type":"MultiPolygon","arcs":[[[-617,611,-1491,612,-707,613,-692,614]]],"id":340},{"properties":{"cd_mun_ibge":"3530409"},"type":"MultiPolygon","arcs":[[[-723,615,616,617,-1734,-786]]],"id":341},{"properties":{"cd_mun_ibge":"3530508"},"type":"MultiPolygon","arcs":[[[-1727,618,619,620,-1746,-1487,621]]],"id":342},{"properties":{"cd_mun_ibge":"3530607"},"type":"MultiPolygon","arcs":[[[622,623,624,-1422,-1380,-1691,625,626,-1330]]],"id":343},{"properties":{"cd_mun_ibge":"3530706"},"type":"MultiPolygon","arcs":[[[627,628,629,630,631,-2022,632,633,-639]]],"id":344},{"properties":{"cd_mun_ibge":"3530805"},"type":"MultiPolygon","arcs":[[[634,635,636,637,638,639,-1387]]],"id":345},{"properties":{"cd_mun_ibge":"3530904"},"type":"MultiPolygon","arcs":[[[640,-1119,-1813,-1208]]],"id":346},{"properties":{"cd_mun_ibge":"3531001"},"type":"MultiPolygon","arcs":[[[641,-698,642,-1861]]],"id":347},{"properties":{"cd_mun_ibge":"3531100"},"type":"MultiPolygon","arcs":[[[643,-1604,-1062,644]]],"id":348},{"properties":{"cd_mun_ibge":"3531209"},"type":"MultiPolygon","arcs":[[[-1844,645,-1634,-1661,-934]]],"id":349},{"properties":{"cd_mun_ibge":"3531308"},"type":"MultiPolygon","arcs":[[[646,-1760,647,648,649,-1993,-1720,-1724]]],"id":350},{"properties":{"cd_mun_ibge":"3531407"},"type":"MultiPolygon","arcs":[[[-1930,650,-1007,651,-696,-1620,-1736,652,-695,-703]]],"id":351},{"properties":{"cd_mun_ibge":"3531506"},"type":"MultiPolygon","arcs":[[[653,-972,-815,654,-1649,655]]],"id":352},{"properties":{"cd_mun_ibge":"3531605"},"type":"MultiPolygon","arcs":[[[-729,656,-1856,-725,-1464]]],"id":353},{"properties":{"cd_mun_ibge":"3531704"},"type":"MultiPolygon","arcs":[[[-1500,657,-1404,-927,-1834,-1785,658]]],"id":354},{"properties":{"cd_mun_ibge":"3531803"},"type":"MultiPolygon","arcs":[[[659,660,661,662,663,-1286,-1681]]],"id":355},{"properties":{"cd_mun_ibge":"3531902"},"type":"MultiPolygon","arcs":[[[-1246,-1020,-993,-1986,-1807,664,665,666,667,-1468,-766]]],"id":356},{"properties":{"cd_mun_ibge":"3532009"},"type":"MultiPolygon","arcs":[[[668,669,670,-881,671,-1842]]],"id":357},{"properties":{"cd_mun_ibge":"3532058"},"type":"MultiPolygon","arcs":[[[672,673,674,-1056,675,-1194,676]]],"id":358},{"properties":{"cd_mun_ibge":"3532108"},"type":"MultiPolygon","arcs":[[[677,-726,678]]],"id":359},{"properties":{"cd_mun_ibge":"3532157"},"type":"MultiPolygon","arcs":[[[679,-1711,680,681]]],"id":360},{"properties":{"cd_mun_ibge":"3532207"},"type":"MultiPolygon","arcs":[[[682,-1713,683,-979]]],"id":361},{"properties":{"cd_mun_ibge":"3532306"},"type":"MultiPolygon","arcs":[[[-1129,-1512,-1894,684,-810]]],"id":362},{"properties":{"cd_mun_ibge":"3532405"},"type":"MultiPolygon","arcs":[[[685,686,-945,687,-1333,688,689]]],"id":363},{"properties":{"cd_mun_ibge":"3532504"},"type":"MultiPolygon","arcs":[[[690,691,692,693,-701,694]]],"id":364},{"properties":{"cd_mun_ibge":"3532603"},"type":"MultiPolygon","arcs":[[[695,696,697,698,699,-2010,-1621]]],"id":365},{"properties":{"cd_mun_ibge":"3532702"},"type":"MultiPolygon","arcs":[[[700,701,-996,-1927,702]]],"id":366},{"properties":{"cd_mun_ibge":"3532801"},"type":"MultiPolygon","arcs":[[[-1050,703,704,705,706,707]]],"id":367},{"properties":{"cd_mun_ibge":"3532827"},"type":"MultiPolygon","arcs":[[[-1160,708,709,710,711]]],"id":368},{"properties":{"cd_mun_ibge":"3532843"},"type":"MultiPolygon","arcs":[[[-1323,-1840,-794,712]]],"id":369},{"properties":{"cd_mun_ibge":"3532868"},"type":"MultiPolygon","arcs":[[[713,714,-735,-1396,715]]],"id":370},{"properties":{"cd_mun_ibge":"3532900"},"type":"MultiPolygon","arcs":[[[716,717,718,719,-1705]]],"id":371},{"properties":{"cd_mun_ibge":"3533007"},"type":"MultiPolygon","arcs":[[[720,-757,721,722,-785,-764,723]]],"id":372},{"properties":{"cd_mun_ibge":"3533106"},"type":"MultiPolygon","arcs":[[[-1465,724,-1855,-1344]]],"id":373},{"properties":{"cd_mun_ibge":"3533205"},"type":"MultiPolygon","arcs":[[[725,726,727,728,-1463,729,730]]],"id":374},{"properties":{"cd_mun_ibge":"3533254"},"type":"MultiPolygon","arcs":[[[731,732,-1700]]],"id":375},{"properties":{"cd_mun_ibge":"3533304"},"type":"MultiPolygon","arcs":[[[-1860,733,-1397,734,735]]],"id":376},{"properties":{"cd_mun_ibge":"3533403"},"type":"MultiPolygon","arcs":[[[-1285,736,-846,-1683]]],"id":377},{"properties":{"cd_mun_ibge":"3533502"},"type":"MultiPolygon","arcs":[[[737,-968,-1937,-1017,738,-1230,-1238,739,-1946,740,741]]],"id":378},{"properties":{"cd_mun_ibge":"3533601"},"type":"MultiPolygon","arcs":[[[-1248,-765,-1471,742,-1479,743]]],"id":379},{"properties":{"cd_mun_ibge":"3533700"},"type":"MultiPolygon","arcs":[[[744,-1978,745,-1555,746]]],"id":380},{"properties":{"cd_mun_ibge":"3533809"},"type":"MultiPolygon","arcs":[[[747,748,-961,749,-1315]]],"id":381},{"properties":{"cd_mun_ibge":"3533908"},"type":"MultiPolygon","arcs":[[[750,-1651,751,-1697,-1923,752,753,754]]],"id":382},{"properties":{"cd_mun_ibge":"3534005"},"type":"MultiPolygon","arcs":[[[755,756,757,758,-1493]]],"id":383},{"properties":{"cd_mun_ibge":"3534104"},"type":"MultiPolygon","arcs":[[[759,-1010,760]]],"id":384},{"properties":{"cd_mun_ibge":"3534203"},"type":"MultiPolygon","arcs":[[[-857,761,762,763,-789]]],"id":385},{"properties":{"cd_mun_ibge":"3534302"},"type":"MultiPolygon","arcs":[[[764,-1247,765,-1472]]],"id":386},{"properties":{"cd_mun_ibge":"3534401"},"type":"MultiPolygon","arcs":[[[766,767,768,-1529]]],"id":387},{"properties":{"cd_mun_ibge":"3534500"},"type":"MultiPolygon","arcs":[[[-1011,769,770]]],"id":388},{"properties":{"cd_mun_ibge":"3534609"},"type":"MultiPolygon","arcs":[[[-1234,771,-1254,772,-921,-1198,-829]]],"id":389},{"properties":{"cd_mun_ibge":"3534708"},"type":"MultiPolygon","arcs":[[[-1270,-1551,-1319,773,774]]],"id":390},{"properties":{"cd_mun_ibge":"3534757"},"type":"MultiPolygon","arcs":[[[775,-1867,-1030,776,777]]],"id":391},{"properties":{"cd_mun_ibge":"3534807"},"type":"MultiPolygon","arcs":[[[-1345,-1853,778,-1087,-801]]],"id":392},{"properties":{"cd_mun_ibge":"3534906"},"type":"MultiPolygon","arcs":[[[779,780,781,782,783]]],"id":393},{"properties":{"cd_mun_ibge":"3535002"},"type":"MultiPolygon","arcs":[[[784,785,-1733,786,787,-1027,-1214,-855,788]]],"id":394},{"properties":{"cd_mun_ibge":"3535101"},"type":"MultiPolygon","arcs":[[[-932,789,-816,-970,790]]],"id":395},{"properties":{"cd_mun_ibge":"3535200"},"type":"MultiPolygon","arcs":[[[791,792,793,-1839,-1349,-1370,-1447,794,795,796,-1674]]],"id":396},{"properties":{"cd_mun_ibge":"3535309"},"type":"MultiPolygon","arcs":[[[797,-1003,798,799]]],"id":397},{"properties":{"cd_mun_ibge":"3535408"},"type":"MultiPolygon","arcs":[[[-1346,800,-1086,801,-1075,802,-845]]],"id":398},{"properties":{"cd_mun_ibge":"3535507"},"type":"MultiPolygon","arcs":[[[803,804,-1121,805,-1103,806,807]]],"id":399},{"properties":{"cd_mun_ibge":"3535606"},"type":"MultiPolygon","arcs":[[[-1293,808,-1130,809,810,-1250]]],"id":400},{"properties":{"cd_mun_ibge":"3535705"},"type":"MultiPolygon","arcs":[[[811,812,813,814,-971,815]]],"id":401},{"properties":{"cd_mun_ibge":"3535804"},"type":"MultiPolygon","arcs":[[[816,817,818,819,820,821]]],"id":402},{"properties":{"cd_mun_ibge":"3535903"},"type":"MultiPolygon","arcs":[[[-1031,-1865,822,823,-1931,-1283,824]]],"id":403},{"properties":{"cd_mun_ibge":"3536000"},"type":"MultiPolygon","arcs":[[[825,826,-1125,827,-1235,828,-1197]]],"id":404},{"properties":{"cd_mun_ibge":"3536109"},"type":"MultiPolygon","arcs":[[[829,830,831]]],"id":405},{"properties":{"cd_mun_ibge":"3536208"},"type":"MultiPolygon","arcs":[[[832,-1143,833,834]]],"id":406},{"properties":{"cd_mun_ibge":"3536257"},"type":"MultiPolygon","arcs":[[[-2006,-1949,-870,835]]],"id":407},{"properties":{"cd_mun_ibge":"3536307"},"type":"MultiPolygon","arcs":[[[836,837,838,839,840,841]]],"id":408},{"properties":{"cd_mun_ibge":"3536406"},"type":"MultiPolygon","arcs":[[[842,843,-1467,-1347,844]]],"id":409},{"properties":{"cd_mun_ibge":"3536505"},"type":"MultiPolygon","arcs":[[[845,846,847,848,849,850,-1684]]],"id":410},{"properties":{"cd_mun_ibge":"3536570"},"type":"MultiPolygon","arcs":[[[-988,851,852,-1311,853]]],"id":411},{"properties":{"cd_mun_ibge":"3536604"},"type":"MultiPolygon","arcs":[[[854,-1213,855,856]]],"id":412},{"properties":{"cd_mun_ibge":"3536703"},"type":"MultiPolygon","arcs":[[[857,858,859,860,861,862,863,864,865]]],"id":413},{"properties":{"cd_mun_ibge":"3536802"},"type":"MultiPolygon","arcs":[[[-1964,866,-935,-1659,867]]],"id":414},{"properties":{"cd_mun_ibge":"3536901"},"type":"MultiPolygon","arcs":[[[868,869,-1948,870,871,872]]],"id":415},{"properties":{"cd_mun_ibge":"3537008"},"type":"MultiPolygon","arcs":[[[873,874,-1192,875,876,877]]],"id":416},{"properties":{"cd_mun_ibge":"3537107"},"type":"MultiPolygon","arcs":[[[878,-1390,879,880,881]]],"id":417},{"properties":{"cd_mun_ibge":"3537156"},"type":"MultiPolygon","arcs":[[[882,883,884,885]]],"id":418},{"properties":{"cd_mun_ibge":"3537206"},"type":"MultiPolygon","arcs":[[[886,887,888,889,-912,890]]],"id":419},{"properties":{"cd_mun_ibge":"3537305"},"type":"MultiPolygon","arcs":[[[891,892,-2012,893,894,895]]],"id":420},{"properties":{"cd_mun_ibge":"3537404"},"type":"MultiPolygon","arcs":[[[896,-1695,-1677,-1392,897,898,899]]],"id":421},{"properties":{"cd_mun_ibge":"3537503"},"type":"MultiPolygon","arcs":[[[900,901,-1099,-1036,902]]],"id":422},{"properties":{"cd_mun_ibge":"3537602"},"type":"MultiPolygon","arcs":[[[903]],[[904]],[[905]],[[906]],[[907]],[[908,909,910,911,912]],[[913]],[[914]],[[915]],[[916]],[[917]]],"id":423},{"properties":{"cd_mun_ibge":"3537701"},"type":"MultiPolygon","arcs":[[[918,-1412,919,-1199,920,921,922]]],"id":424},{"properties":{"cd_mun_ibge":"3537800"},"type":"MultiPolygon","arcs":[[[-926,-1264,-2000,923,-1743]]],"id":425},{"properties":{"cd_mun_ibge":"3537909"},"type":"MultiPolygon","arcs":[[[-1522,924,-1615,-1265,925,-1742]]],"id":426},{"properties":{"cd_mun_ibge":"3538006"},"type":"MultiPolygon","arcs":[[[-1786,-1835,926,-1403,927,928,-1044,-1221]]],"id":427},{"properties":{"cd_mun_ibge":"3538105"},"type":"MultiPolygon","arcs":[[[-1277,929,930,931,932]]],"id":428},{"properties":{"cd_mun_ibge":"3538204"},"type":"MultiPolygon","arcs":[[[-1845,933,-1660,934,935]]],"id":429},{"properties":{"cd_mun_ibge":"3538303"},"type":"MultiPolygon","arcs":[[[936,-1170,-1374,937,-1089]]],"id":430},{"properties":{"cd_mun_ibge":"3538501"},"type":"MultiPolygon","arcs":[[[938,939,940,941,942]]],"id":431},{"properties":{"cd_mun_ibge":"3538600"},"type":"MultiPolygon","arcs":[[[943,944,945,946,947,-1962,948]]],"id":432},{"properties":{"cd_mun_ibge":"3538709"},"type":"MultiPolygon","arcs":[[[949,950,-1289,-1209,-1259,-1810,951,952,953,-1340,-1545,954,955,-1203]]],"id":433},{"properties":{"cd_mun_ibge":"3538808"},"type":"MultiPolygon","arcs":[[[956,-1796,957,-1618,-1822,958,959,960,961,962]]],"id":434},{"properties":{"cd_mun_ibge":"3538907"},"type":"MultiPolygon","arcs":[[[963,964,965,-1014,-1940,966,-1938,967,-1142,-1068]]],"id":435},{"properties":{"cd_mun_ibge":"3539004"},"type":"MultiPolygon","arcs":[[[-1718,-1991,968,969,970,971,972]]],"id":436},{"properties":{"cd_mun_ibge":"3539103"},"type":"MultiPolygon","arcs":[[[973,974,-1351,975,976]]],"id":437},{"properties":{"cd_mun_ibge":"3539202"},"type":"MultiPolygon","arcs":[[[977,978,979,-1273,980,-1768,981,-1084]]],"id":438},{"properties":{"cd_mun_ibge":"3539301"},"type":"MultiPolygon","arcs":[[[982,983,-1042,-1308,984,985,-1302]]],"id":439},{"properties":{"cd_mun_ibge":"3539400"},"type":"MultiPolygon","arcs":[[[986,987,988,989,990]]],"id":440},{"properties":{"cd_mun_ibge":"3539509"},"type":"MultiPolygon","arcs":[[[-1751,991,-1987,992,-1019,-1638,993]]],"id":441},{"properties":{"cd_mun_ibge":"3539608"},"type":"MultiPolygon","arcs":[[[-1863,994,-1928,995,996,-2015]]],"id":442},{"properties":{"cd_mun_ibge":"3539707"},"type":"MultiPolygon","arcs":[[[997,998,999,1000,1001,1002]]],"id":443},{"properties":{"cd_mun_ibge":"3539806"},"type":"MultiPolygon","arcs":[[[-1689,1003,1004]]],"id":444},{"properties":{"cd_mun_ibge":"3539905"},"type":"MultiPolygon","arcs":[[[1005,1006]]],"id":445},{"properties":{"cd_mun_ibge":"3540002"},"type":"MultiPolygon","arcs":[[[1007,1008,1009,1010,1011,-1117,1012,-1106]]],"id":446},{"properties":{"cd_mun_ibge":"3540101"},"type":"MultiPolygon","arcs":[[[1013,1014,1015,1016,-1941]]],"id":447},{"properties":{"cd_mun_ibge":"3540200"},"type":"MultiPolygon","arcs":[[[-1245,1017,-1639,1018,1019]]],"id":448},{"properties":{"cd_mun_ibge":"3540259"},"type":"MultiPolygon","arcs":[[[1020,-1454,-1456,1021,1022,1023,1024]]],"id":449},{"properties":{"cd_mun_ibge":"3540309"},"type":"MultiPolygon","arcs":[[[1025,-1215,1026,1027]]],"id":450},{"properties":{"cd_mun_ibge":"3540408"},"type":"MultiPolygon","arcs":[[[1028,1029,-1866,1030,1031]]],"id":451},{"properties":{"cd_mun_ibge":"3540507"},"type":"MultiPolygon","arcs":[[[1032,-1825,1033,1034,1035,-1098]]],"id":452},{"properties":{"cd_mun_ibge":"3540606"},"type":"MultiPolygon","arcs":[[[1036,1037,-1669,1038,1039,-1815,-1118,1040]]],"id":453},{"properties":{"cd_mun_ibge":"3540705"},"type":"MultiPolygon","arcs":[[[-1305,1041,1042,-1364]]],"id":454},{"properties":{"cd_mun_ibge":"3540754"},"type":"MultiPolygon","arcs":[[[-1218,1043,1044,1045]]],"id":455},{"properties":{"cd_mun_ibge":"3540804"},"type":"MultiPolygon","arcs":[[[1046,-1942,1047,1048,1049,1050,1051]]],"id":456},{"properties":{"cd_mun_ibge":"3540853"},"type":"MultiPolygon","arcs":[[[-1237,1052,1053,1054]]],"id":457},{"properties":{"cd_mun_ibge":"3540903"},"type":"MultiPolygon","arcs":[[[1055,1056,1057,1058,1059]]],"id":458},{"properties":{"cd_mun_ibge":"3541000"},"type":"MultiPolygon","arcs":[[[1060,1061,-1603]]],"id":459},{"properties":{"cd_mun_ibge":"3541059"},"type":"MultiPolygon","arcs":[[[1062,-1513,1063]]],"id":460},{"properties":{"cd_mun_ibge":"3541109"},"type":"MultiPolygon","arcs":[[[1064,1065,1066,1067]]],"id":461},{"properties":{"cd_mun_ibge":"3541208"},"type":"MultiPolygon","arcs":[[[-1771,-1271,1068,-1376,-1174,1069,-1407,1070,1071]]],"id":462},{"properties":{"cd_mun_ibge":"3541307"},"type":"MultiPolygon","arcs":[[[1072,-1798,1073,1074,1075]]],"id":463},{"properties":{"cd_mun_ibge":"3541406"},"type":"MultiPolygon","arcs":[[[1076,-1410,1077,1078,1079,1080,1081,-1134,1082,1083,1084]]],"id":464},{"properties":{"cd_mun_ibge":"3541505"},"type":"MultiPolygon","arcs":[[[1085,1086,1087,1088,1089,1090]]],"id":465},{"properties":{"cd_mun_ibge":"3541604"},"type":"MultiPolygon","arcs":[[[1091,-1873,1092,1093,1094,1095,1096]]],"id":466},{"properties":{"cd_mun_ibge":"3541653"},"type":"MultiPolygon","arcs":[[[1097,1098,1099,-1780,1100]]],"id":467},{"properties":{"cd_mun_ibge":"3541703"},"type":"MultiPolygon","arcs":[[[-1127,-1847,-1115,1101,1102,1103]]],"id":468},{"properties":{"cd_mun_ibge":"3541802"},"type":"MultiPolygon","arcs":[[[1104,1105,1106,1107,1108]]],"id":469},{"properties":{"cd_mun_ibge":"3541901"},"type":"MultiPolygon","arcs":[[[1109,1110,-1656,1111]]],"id":470},{"properties":{"cd_mun_ibge":"3542008"},"type":"MultiPolygon","arcs":[[[1112,1113,1114,-1846,1115,1116]]],"id":471},{"properties":{"cd_mun_ibge":"3542107"},"type":"MultiPolygon","arcs":[[[1117,-1814,1118,1119]]],"id":472},{"properties":{"cd_mun_ibge":"3542206"},"type":"MultiPolygon","arcs":[[[1120,1121,1122,1123,1124,1125,-1848,1126,1127]]],"id":473},{"properties":{"cd_mun_ibge":"3542305"},"type":"MultiPolygon","arcs":[[[-1509,1128,1129,1130,1131,-1790]]],"id":474},{"properties":{"cd_mun_ibge":"3542404"},"type":"MultiPolygon","arcs":[[[-1715,1132,1133,1134,1135]]],"id":475},{"properties":{"cd_mun_ibge":"3542503"},"type":"MultiPolygon","arcs":[[[1136,1137,1138,1139,1140,1141]]],"id":476},{"properties":{"cd_mun_ibge":"3542602"},"type":"MultiPolygon","arcs":[[[1142,1143,1144,-1646,1145,1146]]],"id":477},{"properties":{"cd_mun_ibge":"3542701"},"type":"MultiPolygon","arcs":[[[1147,-1477,1148]]],"id":478},{"properties":{"cd_mun_ibge":"3542800"},"type":"MultiPolygon","arcs":[[[1149,1150,1151,1152,1153]]],"id":479},{"properties":{"cd_mun_ibge":"3542909"},"type":"MultiPolygon","arcs":[[[-1830,1154,1155,1156,-1434,1157,1158]]],"id":480},{"properties":{"cd_mun_ibge":"3543006"},"type":"MultiPolygon","arcs":[[[1159,1160,1161,1162]]],"id":481},{"properties":{"cd_mun_ibge":"3543105"},"type":"MultiPolygon","arcs":[[[1163,1164,1165,1166,-1475]]],"id":482},{"properties":{"cd_mun_ibge":"3543204"},"type":"MultiPolygon","arcs":[[[1167,1168,-1553,-1269]]],"id":483},{"properties":{"cd_mun_ibge":"3543238"},"type":"MultiPolygon","arcs":[[[1169,1170,1171,1172,1173,-1375]]],"id":484},{"properties":{"cd_mun_ibge":"3543253"},"type":"MultiPolygon","arcs":[[[1174,1175,1176,1177]]],"id":485},{"properties":{"cd_mun_ibge":"3543303"},"type":"MultiPolygon","arcs":[[[1178,-1687,-1210,-1378,1179]]],"id":486},{"properties":{"cd_mun_ibge":"3543402"},"type":"MultiPolygon","arcs":[[[1180,1181,1182,-1641,1183,1184,-1628]]],"id":487},{"properties":{"cd_mun_ibge":"3543501"},"type":"MultiPolygon","arcs":[[[1185,1186,1187,1188]]],"id":488},{"properties":{"cd_mun_ibge":"3543600"},"type":"MultiPolygon","arcs":[[[1189,1190,1191]]],"id":489},{"properties":{"cd_mun_ibge":"3543709"},"type":"MultiPolygon","arcs":[[[1192,1193,1194,1195,-1438,-1339]]],"id":490},{"properties":{"cd_mun_ibge":"3543808"},"type":"MultiPolygon","arcs":[[[1196,1197,1198,1199]]],"id":491},{"properties":{"cd_mun_ibge":"3543907"},"type":"MultiPolygon","arcs":[[[1200,-1329,1201,1202,1203,1204,1205]]],"id":492},{"properties":{"cd_mun_ibge":"3544004"},"type":"MultiPolygon","arcs":[[[1206,1207,-1812,-1260,1208,-1288]]],"id":493},{"properties":{"cd_mun_ibge":"3544103"},"type":"MultiPolygon","arcs":[[[-1686,-1379,1209]]],"id":494},{"properties":{"cd_mun_ibge":"3544202"},"type":"MultiPolygon","arcs":[[[1210,1211,1212,1213,1214]]],"id":495},{"properties":{"cd_mun_ibge":"3544251"},"type":"MultiPolygon","arcs":[[[1215,-1803,1216]]],"id":496},{"properties":{"cd_mun_ibge":"3544301"},"type":"MultiPolygon","arcs":[[[1217,1218,1219,-1787,1220]]],"id":497},{"properties":{"cd_mun_ibge":"3544400"},"type":"MultiPolygon","arcs":[[[-1257,1221,1222,1223]]],"id":498},{"properties":{"cd_mun_ibge":"3544509"},"type":"MultiPolygon","arcs":[[[1224,-1692,1225,1226,-1297,-1325]]],"id":499},{"properties":{"cd_mun_ibge":"3544608"},"type":"MultiPolygon","arcs":[[[1227,1228,-1239,1229,1230,1231]]],"id":500},{"properties":{"cd_mun_ibge":"3544707"},"type":"MultiPolygon","arcs":[[[1232,1233,1234,1235,1236]]],"id":501},{"properties":{"cd_mun_ibge":"3544806"},"type":"MultiPolygon","arcs":[[[1237,1238,1239,1240,1241]]],"id":502},{"properties":{"cd_mun_ibge":"3544905"},"type":"MultiPolygon","arcs":[[[1242,1243,1244,1245,1246,1247]]],"id":503},{"properties":{"cd_mun_ibge":"3545001"},"type":"MultiPolygon","arcs":[[[1248,-1294,1249,1250,-1588,1251,1252]]],"id":504},{"properties":{"cd_mun_ibge":"3545100"},"type":"MultiPolygon","arcs":[[[1253,1254,1255,1256,1257]]],"id":505},{"properties":{"cd_mun_ibge":"3545159"},"type":"MultiPolygon","arcs":[[[-1811,1258,1259]]],"id":506},{"properties":{"cd_mun_ibge":"3545209"},"type":"MultiPolygon","arcs":[[[1260,1261,1262]]],"id":507},{"properties":{"cd_mun_ibge":"3545308"},"type":"MultiPolygon","arcs":[[[-2001,1263,1264,-1614,1265,-1666]]],"id":508},{"properties":{"cd_mun_ibge":"3545407"},"type":"MultiPolygon","arcs":[[[1266,1267,1268,-1552,1269]]],"id":509},{"properties":{"cd_mun_ibge":"3545506"},"type":"MultiPolygon","arcs":[[[1270,-1770,1271,1272,1273,1274]]],"id":510},{"properties":{"cd_mun_ibge":"3545605"},"type":"MultiPolygon","arcs":[[[1275,1276,1277,1278,1279]]],"id":511},{"properties":{"cd_mun_ibge":"3545704"},"type":"MultiPolygon","arcs":[[[1280,1281,1282,-1936,1283,-1358]]],"id":512},{"properties":{"cd_mun_ibge":"3545803"},"type":"MultiPolygon","arcs":[[[1284,-1682,1285,1286,1287,1288,1289,1290]]],"id":513},{"properties":{"cd_mun_ibge":"3546009"},"type":"MultiPolygon","arcs":[[[1291,1292,1293,1294,1295]]],"id":514},{"properties":{"cd_mun_ibge":"3546108"},"type":"MultiPolygon","arcs":[[[1296,1297,-1362,-1322]]],"id":515},{"properties":{"cd_mun_ibge":"3546207"},"type":"MultiPolygon","arcs":[[[1298,1299,1300,1301]]],"id":516},{"properties":{"cd_mun_ibge":"3546256"},"type":"MultiPolygon","arcs":[[[1302,1303,-1599,-1624]]],"id":517},{"properties":{"cd_mun_ibge":"3546306"},"type":"MultiPolygon","arcs":[[[1304,-1363,-1729,1305,1306,1307]]],"id":518},{"properties":{"cd_mun_ibge":"3546405"},"type":"MultiPolygon","arcs":[[[-1919,1308,1309,1310,1311,1312,1313,1314,1315,1316,-2017,1317,1318,-1550]]],"id":519},{"properties":{"cd_mun_ibge":"3546504"},"type":"MultiPolygon","arcs":[[[1319,1320,-1754]]],"id":520},{"properties":{"cd_mun_ibge":"3546603"},"type":"MultiPolygon","arcs":[[[1321,-1361,-1836,1322,1323,1324]]],"id":521},{"properties":{"cd_mun_ibge":"3546702"},"type":"MultiPolygon","arcs":[[[1325,1326,1327,1328]]],"id":522},{"properties":{"cd_mun_ibge":"3546801"},"type":"MultiPolygon","arcs":[[[1329,1330,1331,1332,1333,1334,1335]]],"id":523},{"properties":{"cd_mun_ibge":"3546900"},"type":"MultiPolygon","arcs":[[[1336,1337,1338]]],"id":524},{"properties":{"cd_mun_ibge":"3547007"},"type":"MultiPolygon","arcs":[[[-1546,1339,1340,1341,1342,-1827]]],"id":525},{"properties":{"cd_mun_ibge":"3547106"},"type":"MultiPolygon","arcs":[[[-1466,1343,-1854,1344,1345,1346]]],"id":526},{"properties":{"cd_mun_ibge":"3547205"},"type":"MultiPolygon","arcs":[[[-1360,1347,-1371,1348,-1838]]],"id":527},{"properties":{"cd_mun_ibge":"3547304"},"type":"MultiPolygon","arcs":[[[1349,1350,1351,-1531,1352,1353,1354,1355]]],"id":528},{"properties":{"cd_mun_ibge":"3547403"},"type":"MultiPolygon","arcs":[[[1356,1357,1358,1359,-1837,1360,1361]]],"id":529},{"properties":{"cd_mun_ibge":"3547502"},"type":"MultiPolygon","arcs":[[[1362,1363,1364,1365,-1596,-1367,-1730]]],"id":530},{"properties":{"cd_mun_ibge":"3547601"},"type":"MultiPolygon","arcs":[[[-1725,1366,-1601,1367]]],"id":531},{"properties":{"cd_mun_ibge":"3547650"},"type":"MultiPolygon","arcs":[[[1368,-1934,-1444,1369,1370]]],"id":532},{"properties":{"cd_mun_ibge":"3547700"},"type":"MultiPolygon","arcs":[[[1371,1372,1373,1374,1375]]],"id":533},{"properties":{"cd_mun_ibge":"3547809"},"type":"MultiPolygon","arcs":[[[-1432,-1539,1376,1377,1378,-1685,1379,-1421,1380,-1430]]],"id":534},{"properties":{"cd_mun_ibge":"3547908"},"type":"MultiPolygon","arcs":[[[1381,1382,1383,1384]]],"id":535},{"properties":{"cd_mun_ibge":"3548005"},"type":"MultiPolygon","arcs":[[[1385,1386,1387,1388,1389,1390]]],"id":536},{"properties":{"cd_mun_ibge":"3548054"},"type":"MultiPolygon","arcs":[[[1391,-1676,1392,1393,1394,1395,1396,1397,1398,1399]]],"id":537},{"properties":{"cd_mun_ibge":"3548104"},"type":"MultiPolygon","arcs":[[[-1449,1400,1401]]],"id":538},{"properties":{"cd_mun_ibge":"3548203"},"type":"MultiPolygon","arcs":[[[1402,1403,1404,-1427,1405]]],"id":539},{"properties":{"cd_mun_ibge":"3548302"},"type":"MultiPolygon","arcs":[[[1406,1407,1408,1409,1410]]],"id":540},{"properties":{"cd_mun_ibge":"3548401"},"type":"MultiPolygon","arcs":[[[1411,1412,1413,1414,1415]]],"id":541},{"properties":{"cd_mun_ibge":"3548500"},"type":"MultiPolygon","arcs":[[[1416]],[[1417]],[[1418]],[[-1609,1419,1420,1421,1422,1423,1424]]],"id":542},{"properties":{"cd_mun_ibge":"3548609"},"type":"MultiPolygon","arcs":[[[1425,1426,1427]]],"id":543},{"properties":{"cd_mun_ibge":"3548708"},"type":"MultiPolygon","arcs":[[[1428,-1541,-1433,1429,1430,-1607,-1543]]],"id":544},{"properties":{"cd_mun_ibge":"3548807"},"type":"MultiPolygon","arcs":[[[1431,1432,-1540]]],"id":545},{"properties":{"cd_mun_ibge":"3548906"},"type":"MultiPolygon","arcs":[[[1433,1434,1435,1436,1437,1438,1439,1440,1441,1442]]],"id":546},{"properties":{"cd_mun_ibge":"3549003"},"type":"MultiPolygon","arcs":[[[1443,-1933,1444,1445,1446]]],"id":547},{"properties":{"cd_mun_ibge":"3549102"},"type":"MultiPolygon","arcs":[[[1447,1448,1449,1450,-1972,1451]]],"id":548},{"properties":{"cd_mun_ibge":"3549201"},"type":"MultiPolygon","arcs":[[[1452,-1457,1453,1454]]],"id":549},{"properties":{"cd_mun_ibge":"3549250"},"type":"MultiPolygon","arcs":[[[1455,1456,1457,1458,1459,1460]]],"id":550},{"properties":{"cd_mun_ibge":"3549300"},"type":"MultiPolygon","arcs":[[[1461,1462,1463,1464,1465,1466]]],"id":551},{"properties":{"cd_mun_ibge":"3549409"},"type":"MultiPolygon","arcs":[[[1467,1468,1469,1470,1471]]],"id":552},{"properties":{"cd_mun_ibge":"3549508"},"type":"MultiPolygon","arcs":[[[1472,1473,1474,1475,1476,1477,1478]]],"id":553},{"properties":{"cd_mun_ibge":"3549607"},"type":"MultiPolygon","arcs":[[[1479,1480,1481,1482,1483,1484]]],"id":554},{"properties":{"cd_mun_ibge":"3549706"},"type":"MultiPolygon","arcs":[[[1485,1486,-1745,1487,1488,-1592,1489]]],"id":555},{"properties":{"cd_mun_ibge":"3549805"},"type":"MultiPolygon","arcs":[[[1490,1491,1492,1493,1494,1495]]],"id":556},{"properties":{"cd_mun_ibge":"3549904"},"type":"MultiPolygon","arcs":[[[1496,1497,1498,1499,1500,1501,1502]]],"id":557},{"properties":{"cd_mun_ibge":"3549953"},"type":"MultiPolygon","arcs":[[[1503,1504,1505,1506,1507]]],"id":558},{"properties":{"cd_mun_ibge":"3550001"},"type":"MultiPolygon","arcs":[[[1508,-1789,1509,1510,-1895,1511]]],"id":559},{"properties":{"cd_mun_ibge":"3550100"},"type":"MultiPolygon","arcs":[[[1512,1513,1514,1515,1516,1517,1518,1519]]],"id":560},{"properties":{"cd_mun_ibge":"3550209"},"type":"MultiPolygon","arcs":[[[1520,1521,-1741,-1644,1522]]],"id":561},{"properties":{"cd_mun_ibge":"3550308"},"type":"MultiPolygon","arcs":[[[-1606,1523,1524,1525,1526,1527,-1709,1528,1529,1530,1531,1532,1533,1534,1535,1536,1537,1538,1539,1540,1541,1542]]],"id":562},{"properties":{"cd_mun_ibge":"3550407"},"type":"MultiPolygon","arcs":[[[1543,1544,1545,-1826,1546,1547],[1548]]],"id":563},{"properties":{"cd_mun_ibge":"3550506"},"type":"MultiPolygon","arcs":[[[1549,1550,1551,1552,1553,1554,1555,1556,-1920]]],"id":564},{"properties":{"cd_mun_ibge":"3550605"},"type":"MultiPolygon","arcs":[[[1557,1558,1559,1560,-1973,1561,1562]]],"id":565},{"properties":{"cd_mun_ibge":"3550704"},"type":"MultiPolygon","arcs":[[[1563]],[[1564]],[[1565]],[[1566]],[[1567]],[[1568]],[[1569]],[[1570]],[[1571]],[[1572]],[[1573]],[[1574]],[[1575]],[[1576]],[[1577]],[[1578]],[[1579]],[[1580]],[[1581]],[[1582]],[[1583]],[[1584]],[[1585]],[[1586,1587,1588,1589]]],"id":566},{"properties":{"cd_mun_ibge":"3550803"},"type":"MultiPolygon","arcs":[[[1590,1591,1592,1593,1594,-1970]]],"id":567},{"properties":{"cd_mun_ibge":"3550902"},"type":"MultiPolygon","arcs":[[[1595,1596,1597,-1625,1598,1599,1600]]],"id":568},{"properties":{"cd_mun_ibge":"3551009"},"type":"MultiPolygon","arcs":[[[1601]],[[1602,1603,1604,1605,1606,1607,1608,1609]]],"id":569},{"properties":{"cd_mun_ibge":"3551108"},"type":"MultiPolygon","arcs":[[[1610,1611,1612,1613,1614,1615]]],"id":570},{"properties":{"cd_mun_ibge":"3551207"},"type":"MultiPolygon","arcs":[[[1616,-1818,1617]]],"id":571},{"properties":{"cd_mun_ibge":"3551306"},"type":"MultiPolygon","arcs":[[[-2009,1618,-1731,1619,1620]]],"id":572},{"properties":{"cd_mun_ibge":"3551405"},"type":"MultiPolygon","arcs":[[[1621,-1626,1622,1623,1624]]],"id":573},{"properties":{"cd_mun_ibge":"3551504"},"type":"MultiPolygon","arcs":[[[1625,1626,1627,1628,1629]]],"id":574},{"properties":{"cd_mun_ibge":"3551603"},"type":"MultiPolygon","arcs":[[[1630,1631,1632,-1662,1633]]],"id":575},{"properties":{"cd_mun_ibge":"3551702"},"type":"MultiPolygon","arcs":[[[1634,1635,1636,1637,1638,1639,1640]]],"id":576},{"properties":{"cd_mun_ibge":"3551801"},"type":"MultiPolygon","arcs":[[[1641,1642,1643,-1740,1644,1645]]],"id":577},{"properties":{"cd_mun_ibge":"3551900"},"type":"MultiPolygon","arcs":[[[1646,1647,1648,1649,1650]]],"id":578},{"properties":{"cd_mun_ibge":"3552007"},"type":"MultiPolygon","arcs":[[[1651,1652,1653,1654,1655,1656,1657]]],"id":579},{"properties":{"cd_mun_ibge":"3552106"},"type":"MultiPolygon","arcs":[[[1658,1659,1660,1661,1662,1663,1664]]],"id":580},{"properties":{"cd_mun_ibge":"3552205"},"type":"MultiPolygon","arcs":[[[1665,1666,1667,1668,1669,1670,1671,-2002]]],"id":581},{"properties":{"cd_mun_ibge":"3552304"},"type":"MultiPolygon","arcs":[[[1672,1673,1674,1675,1676,-1694,1677]]],"id":582},{"properties":{"cd_mun_ibge":"3552403"},"type":"MultiPolygon","arcs":[[[1678,1679,1680,1681,1682,1683]]],"id":583},{"properties":{"cd_mun_ibge":"3552502"},"type":"MultiPolygon","arcs":[[[1684,1685,1686,1687,1688,1689,1690]]],"id":584},{"properties":{"cd_mun_ibge":"3552551"},"type":"MultiPolygon","arcs":[[[1691,1692,1693,1694,1695]]],"id":585},{"properties":{"cd_mun_ibge":"3552601"},"type":"MultiPolygon","arcs":[[[-1924,1696,1697,1698,1699,1700,1701]]],"id":586},{"properties":{"cd_mun_ibge":"3552700"},"type":"MultiPolygon","arcs":[[[1702,1703,1704,1705]]],"id":587},{"properties":{"cd_mun_ibge":"3552809"},"type":"MultiPolygon","arcs":[[[1706,1707,1708]]],"id":588},{"properties":{"cd_mun_ibge":"3552908"},"type":"MultiPolygon","arcs":[[[1709,1710,1711,1712,1713,1714]]],"id":589},{"properties":{"cd_mun_ibge":"3553005"},"type":"MultiPolygon","arcs":[[[-1794,-1761,1715,1716]]],"id":590},{"properties":{"cd_mun_ibge":"3553104"},"type":"MultiPolygon","arcs":[[[-1992,1717,1718,-1721,1719]]],"id":591},{"properties":{"cd_mun_ibge":"3553203"},"type":"MultiPolygon","arcs":[[[1720,1721,-1749,1722,1723]]],"id":592},{"properties":{"cd_mun_ibge":"3553302"},"type":"MultiPolygon","arcs":[[[1724,1725,1726,1727,1728,1729]]],"id":593},{"properties":{"cd_mun_ibge":"3553401"},"type":"MultiPolygon","arcs":[[[1730,1731,1732,1733,1734,1735]]],"id":594},{"properties":{"cd_mun_ibge":"3553500"},"type":"MultiPolygon","arcs":[[[1736,1737,1738,1739,1740,1741,1742]]],"id":595},{"properties":{"cd_mun_ibge":"3553609"},"type":"MultiPolygon","arcs":[[[1743,1744,1745,1746]]],"id":596},{"properties":{"cd_mun_ibge":"3553658"},"type":"MultiPolygon","arcs":[[[1747,1748,1749,1750]]],"id":597},{"properties":{"cd_mun_ibge":"3553708"},"type":"MultiPolygon","arcs":[[[1751,1752,1753,1754,1755,1756,1757,1758,1759]]],"id":598},{"properties":{"cd_mun_ibge":"3553807"},"type":"MultiPolygon","arcs":[[[1760,-1793,1761,1762]]],"id":599},{"properties":{"cd_mun_ibge":"3553856"},"type":"MultiPolygon","arcs":[[[1763,1764,1765]]],"id":600},{"properties":{"cd_mun_ibge":"3553906"},"type":"MultiPolygon","arcs":[[[1766,1767,1768,1769,1770]]],"id":601},{"properties":{"cd_mun_ibge":"3553955"},"type":"MultiPolygon","arcs":[[[1771,1772,1773,1774,1775]]],"id":602},{"properties":{"cd_mun_ibge":"3554003"},"type":"MultiPolygon","arcs":[[[1776,1777,1778,1779,1780,1781,1782,1783]]],"id":603},{"properties":{"cd_mun_ibge":"3554102"},"type":"MultiPolygon","arcs":[[[1784,-1833,1785,1786,1787,1788,1789,1790]]],"id":604},{"properties":{"cd_mun_ibge":"3554201"},"type":"MultiPolygon","arcs":[[[1791,1792,1793,1794,1795]]],"id":605},{"properties":{"cd_mun_ibge":"3554300"},"type":"MultiPolygon","arcs":[[[1796,1797,1798,1799,1800,1801,1802]]],"id":606},{"properties":{"cd_mun_ibge":"3554409"},"type":"MultiPolygon","arcs":[[[-1989,1803,1804,1805,1806]]],"id":607},{"properties":{"cd_mun_ibge":"3554508"},"type":"MultiPolygon","arcs":[[[1807,1808,1809,1810,1811,1812,1813,1814,1815,1816]]],"id":608},{"properties":{"cd_mun_ibge":"3554607"},"type":"MultiPolygon","arcs":[[[1817,1818,1819,-2019,1820,1821]]],"id":609},{"properties":{"cd_mun_ibge":"3554656"},"type":"MultiPolygon","arcs":[[[1822,1823,1824]]],"id":610},{"properties":{"cd_mun_ibge":"3554706"},"type":"MultiPolygon","arcs":[[[1825,1826,1827,1828]]],"id":611},{"properties":{"cd_mun_ibge":"3554755"},"type":"MultiPolygon","arcs":[[[1829,1830,1831]]],"id":612},{"properties":{"cd_mun_ibge":"3554805"},"type":"MultiPolygon","arcs":[[[1832,1833,1834]]],"id":613},{"properties":{"cd_mun_ibge":"3554904"},"type":"MultiPolygon","arcs":[[[1835,1836,1837,1838,1839]]],"id":614},{"properties":{"cd_mun_ibge":"3554953"},"type":"MultiPolygon","arcs":[[[1840,1841,1842,1843,1844]]],"id":615},{"properties":{"cd_mun_ibge":"3555000"},"type":"MultiPolygon","arcs":[[[1845,1846,1847,1848,1849,1850,1851]]],"id":616},{"properties":{"cd_mun_ibge":"3555109"},"type":"MultiPolygon","arcs":[[[1852,1853,1854,1855,1856,1857]]],"id":617},{"properties":{"cd_mun_ibge":"3555208"},"type":"MultiPolygon","arcs":[[[1858,1859,1860,1861,1862,1863]]],"id":618},{"properties":{"cd_mun_ibge":"3555307"},"type":"MultiPolygon","arcs":[[[1864,1865,1866,1867,1868,-1997,1869]]],"id":619},{"properties":{"cd_mun_ibge":"3555356"},"type":"MultiPolygon","arcs":[[[1870,1871,1872,1873,1874]]],"id":620},{"properties":{"cd_mun_ibge":"3555406"},"type":"MultiPolygon","arcs":[[[1875]],[[1876]],[[1877]],[[1878]],[[1879]],[[1880]],[[1881]],[[1882]],[[1883]],[[1884]],[[1885]],[[1886]],[[1887]],[[1888]],[[1889]],[[1890]],[[1891]],[[1892,1893,1894,1895,1896]],[[1897]],[[1898]],[[1899]],[[1900]],[[1901]],[[1902]],[[1903]],[[1904]],[[1905]],[[1906]],[[1907]],[[1908]],[[1909]],[[1910]],[[1911]],[[1912]],[[1913]],[[1914]]],"id":621},{"properties":{"cd_mun_ibge":"3555505"},"type":"MultiPolygon","arcs":[[[1915,1916,1917,1918,1919]]],"id":622},{"properties":{"cd_mun_ibge":"3555604"},"type":"MultiPolygon","arcs":[[[1920,1921,1922,1923,1924,1925]]],"id":623},{"properties":{"cd_mun_ibge":"3555703"},"type":"MultiPolygon","arcs":[[[1926,1927,1928,1929]]],"id":624},{"properties":{"cd_mun_ibge":"3555802"},"type":"MultiPolygon","arcs":[[[1930,1931,1932,1933,1934,1935]]],"id":625},{"properties":{"cd_mun_ibge":"3555901"},"type":"MultiPolygon","arcs":[[[1936,1937,1938,1939,1940]]],"id":626},{"properties":{"cd_mun_ibge":"3556008"},"type":"MultiPolygon","arcs":[[[1941,1942,1943,1944,1945,1946]]],"id":627},{"properties":{"cd_mun_ibge":"3556107"},"type":"MultiPolygon","arcs":[[[1947,1948,-2005,1949,1950]]],"id":628},{"properties":{"cd_mun_ibge":"3556206"},"type":"MultiPolygon","arcs":[[[1951,-1983,1952,1953]]],"id":629},{"properties":{"cd_mun_ibge":"3556305"},"type":"MultiPolygon","arcs":[[[1954,1955,1956,1957,1958,1959,1960]]],"id":630},{"properties":{"cd_mun_ibge":"3556354"},"type":"MultiPolygon","arcs":[[[1961,1962,1963,1964,1965]]],"id":631},{"properties":{"cd_mun_ibge":"3556404"},"type":"MultiPolygon","arcs":[[[1966,1967,1968,1969,1970,1971]]],"id":632},{"properties":{"cd_mun_ibge":"3556453"},"type":"MultiPolygon","arcs":[[[1972,1973,1974]]],"id":633},{"properties":{"cd_mun_ibge":"3556503"},"type":"MultiPolygon","arcs":[[[1975,1976]]],"id":634},{"properties":{"cd_mun_ibge":"3556602"},"type":"MultiPolygon","arcs":[[[1977,1978,1979,1980]]],"id":635},{"properties":{"cd_mun_ibge":"3556701"},"type":"MultiPolygon","arcs":[[[1981,1982,1983,1984]]],"id":636},{"properties":{"cd_mun_ibge":"3556800"},"type":"MultiPolygon","arcs":[[[1985,1986,1987,1988]]],"id":637},{"properties":{"cd_mun_ibge":"3556909"},"type":"MultiPolygon","arcs":[[[1989,1990,1991,1992]]],"id":638},{"properties":{"cd_mun_ibge":"3556958"},"type":"MultiPolygon","arcs":[[[1993,1994,1995,1996]]],"id":639},{"properties":{"cd_mun_ibge":"3557006"},"type":"MultiPolygon","arcs":[[[1997,1998,1999,2000,2001]]],"id":640},{"properties":{"cd_mun_ibge":"3557105"},"type":"MultiPolygon","arcs":[[[2002,2003,2004,2005,2006,2007,2008,2009]]],"id":641},{"properties":{"cd_mun_ibge":"3557154"},"type":"MultiPolygon","arcs":[[[2010,2011,2012,2013,2014]]],"id":642},{"properties":{"cd_mun_ibge":"3557204"},"type":"MultiPolygon","arcs":[[[2015,2016,2017,2018,2019]]],"id":643},{"properties":{"cd_mun_ibge":"3557303"},"type":"MultiPolygon","arcs":[[[2020,2021]]],"id":644}],"type":"GeometryCollection"}},"bbox":[-53.1101115,-25.3579998,-44.1613652,-19.7796558],"transform":{"scale":[8.948835788357887e-05,5.5783997839978415e-05],"translate":[-53.1101115,-25.3579998]},"arcs":[[[71734,63107],[159,-233],[126,33],[86,-514],[112,-54],[-63,-278],[-230,-270],[98,-173],[-26,-213],[153,-164],[114,-616],[346,-516],[-30,-224],[-389,140]],[[72566,52333],[348,-14],[140,-246],[199,117],[55,-411]],[[43884,47215],[-167,32],[-336,-682],[-234,197],[-335,-408],[-335,171],[-227,-56],[-214,-310],[-307,101]],[[65738,80696],[-142,-517],[331,-696],[228,-73],[-29,-249],[127,-210]],[[18353,60937],[404,-678],[436,-88]],[[36955,89155],[37,194],[-120,136],[-469,240],[-91,-83],[-12,424],[137,113],[-197,546],[233,940],[25,560],[352,333]],[[68268,33206],[2,-1]],[[58228,93796],[272,490],[58,398]],[[96593,49159],[388,306],[331,-144],[-87,327],[197,288],[358,-155],[-117,-156],[118,-60],[-12,-336]],[[55474,65546],[20,-361],[467,-873],[322,215],[328,5],[183,317],[671,-21]],[[94112,50849],[204,-308],[-84,-410],[178,189],[221,-151],[-46,-798]],[[45788,37570],[267,691],[-142,654],[141,111],[86,371],[-55,672],[139,276],[-215,366],[-387,-24],[-115,-140],[-334,53]],[[96120,46405],[343,540],[268,-22],[20,135],[270,143],[25,-183],[110,72],[257,758],[-29,207],[207,423],[-82,457],[201,67],[59,227]],[[97769,49229],[131,50],[47,380],[554,-191],[115,-203],[183,198],[172,-246],[306,142],[55,-217],[152,83],[35,-257],[219,-185],[-69,-191],[217,-217],[113,-337],[-173,-258],[9,-233],[-309,-211],[53,-321],[-314,28],[-173,-267],[42,-127],[-205,-189],[7,-380],[183,-93],[-66,-198],[-171,-46],[-122,-463],[-124,-73],[-26,142],[-121,7],[-290,-391],[-32,213],[-547,-364],[-491,179],[-217,-448],[-319,-220],[-156,338],[16,281],[-178,73]],[[39507,30151],[-58,-41],[-61,349],[-355,346],[120,284],[-167,273],[27,255],[189,208],[-67,313],[103,190],[-78,232],[62,108],[-268,221],[-58,206],[85,106],[90,-76],[-86,302],[89,116],[-24,239],[176,-90],[20,364]],[[36507,71753],[-247,72],[-207,262],[-409,-99],[-1,160],[-133,138],[-116,-305],[-395,-128]],[[47484,58572],[71,908],[-142,285]],[[43130,16359],[-24,202],[191,441],[-84,138],[-80,-215],[-37,158]],[[44589,18427],[189,-98],[596,-786],[296,63],[125,341],[91,-91],[55,-673],[-149,-316],[12,-337],[89,-88],[309,211],[87,-375],[216,-64],[75,-567],[-471,-501],[22,-192]],[[54425,6571],[-141,240],[-78,-154],[50,-177],[-165,-18],[-93,-635],[-107,-126],[-110,296],[-5,-182],[-108,-33],[-13,-202],[-280,-428],[107,607],[-303,4],[-40,297],[-266,411],[-372,298],[-58,-161],[-637,-415],[-103,-729],[-169,-106],[-337,-747],[-307,255],[-32,448],[-113,188],[-152,-10],[12,301],[-215,436],[138,432],[136,36],[99,218],[-59,311],[109,82],[-75,123],[76,72],[-98,264],[71,125],[-76,408],[143,-111],[10,298],[152,100],[-55,206],[-190,63],[122,1036],[436,466],[195,739],[-337,-6],[-97,235]],[[47198,88217],[217,682]],[[63673,81544],[-56,-567],[117,-577],[-337,-811],[-30,-757],[-286,-462],[-259,-202],[-30,-263],[82,-75],[-250,-156],[-238,94],[-149,-265]],[[46665,54087],[-469,-368],[-227,-405],[-468,-170],[-145,-223],[-177,53],[-143,-256]],[[42739,54014],[-60,491],[108,566],[-86,364],[305,-30],[59,524],[162,301],[163,-14],[132,546],[37,727],[102,43],[-83,154],[48,595],[319,333],[188,406]],[[44467,59093],[253,-805],[429,-414],[-18,-648],[402,-523],[12,-217]],[[79174,27468],[-10,-22],[-10,4],[8,19],[12,-1]],[[81214,28679],[-1455,-487],[-281,-320],[-408,-132],[-143,-385],[-57,282],[-259,-17],[-479,-347],[-168,-357]],[[28566,70058],[162,228],[232,993],[378,524],[212,803]],[[30033,70134],[50,494],[-442,768],[47,352],[-90,256],[93,342],[-141,260]],[[29550,72606],[-9,191],[850,814],[-161,466],[141,207],[-16,566],[100,452],[316,511],[-60,157],[211,729],[-45,343]],[[80390,30315],[-92,-259],[52,-127],[-183,-229],[-452,129],[-608,-468],[-291,73],[-120,-233],[-389,-130],[-53,88],[115,91],[-44,141]],[[50321,60416],[-246,322],[-198,9],[-111,271],[-147,78],[-107,377]],[[52672,62811],[331,-89],[299,117],[365,-362],[117,125],[111,-121],[81,146],[202,-141],[83,-374]],[[50036,57196],[89,302],[-250,102],[192,331],[-160,170],[319,474],[95,1841]],[[50321,60416],[480,-311],[251,-545],[503,430],[168,-48],[-66,-232],[118,-263],[243,-134],[114,-249]],[[53079,36838],[-154,205],[-304,73],[-55,357],[-140,91],[-195,-195],[-620,220]],[[53848,43019],[531,-240],[350,-419],[388,303],[174,-360],[330,256],[-62,340]],[[73761,38102],[-44,158],[-303,128],[-32,147],[257,523],[-99,284],[186,160],[333,755]],[[44724,19850],[261,-360],[-45,-177],[152,-76],[-124,-493],[-379,-317]],[[44589,18427],[-125,-183],[-63,112],[-178,-119],[2,-192],[-388,-448],[-741,-514]],[[43096,17083],[176,466],[415,621],[-59,110],[-205,-35],[-78,176],[-197,-2],[-60,226]],[[47671,57883],[319,393],[295,-319],[225,384],[140,-328],[35,-594],[434,-454]],[[46507,45398],[-233,9],[-160,-278]],[[44864,48242],[208,375],[247,-114],[148,240],[142,-70],[135,214],[41,253],[157,175],[-54,304],[138,396],[-162,78],[41,301],[268,87],[176,223],[339,-10]],[[53848,43019],[-53,-421],[-410,-487],[-171,108],[-17,-151]],[[48414,42888],[-413,258],[-361,43],[-60,305],[288,391],[-28,317],[466,366],[-179,310],[8,165]],[[54351,49099],[75,-485],[-116,-572],[20,-981],[-104,-114],[-302,49],[-58,-300],[295,-256],[115,-1177],[-88,-218],[80,-81],[-72,-298],[-369,-187],[-192,-852],[166,-257],[47,-351]],[[74620,41589],[-153,146],[-214,-392],[-216,416],[-471,-92],[-108,138],[-322,-368],[-162,509],[-447,24],[-43,187],[-153,-228],[-288,385],[-364,-236]],[[31690,68099],[-116,-239],[-167,-75],[-67,-516],[62,-344]],[[31976,74301],[4,309],[101,143],[-127,518],[97,229],[-189,321],[65,203]],[[60249,79228],[208,-95],[286,129],[350,-486],[345,29],[81,-465],[368,-433],[0,-473],[350,69]],[[62237,77503],[24,-291],[154,-173],[74,-672],[-538,-229],[-334,-312],[-52,-197],[-178,18],[-129,-183]],[[50292,31841],[145,-49],[3,241],[368,-73],[-53,140],[65,212],[330,14],[-83,223],[-105,-109],[1,165],[163,-35]],[[31927,76024],[-244,305],[-5,493],[-409,-85],[-392,305]],[[30877,77042],[-125,300]],[[32997,75678],[-267,441],[-381,-200],[-422,105]],[[58930,91712],[470,254],[1,512],[276,11],[-6,356],[-156,252],[476,232]],[[67799,35955],[-308,-121],[-194,104],[-76,-323],[-117,12],[44,-291],[217,98],[-46,-392],[-400,-6],[44,482],[-177,-71]],[[72568,70410],[-44,-93],[153,-165],[334,317],[182,-276],[447,-95],[126,-744],[-116,-210],[-41,-521],[256,-441],[-245,-537],[42,-508],[-326,-316],[-33,-397],[-174,-78],[14,-389],[-146,-115],[-411,153]],[[70249,36337],[7,-1256]],[[54744,8078],[-322,106],[-177,-183],[-92,315],[127,115],[-100,160],[-206,-79],[-397,144],[-42,187],[545,426],[8,174],[-402,-110],[37,157],[-74,93],[159,180],[-15,218]],[[62934,74442],[68,393],[469,532],[441,288],[219,-168],[238,175],[121,485],[142,167],[196,-17]],[[51126,32570],[-45,468],[192,101],[313,-380],[540,88],[95,-175],[247,20],[81,-334],[-55,-211],[163,-216],[-59,-367],[54,-318],[198,-367],[109,70]],[[52547,29459],[-159,32],[-237,307],[56,333],[-224,138],[-44,404],[-151,-100],[-21,198],[92,118],[-88,230],[48,151],[-270,129],[-42,167],[91,96],[9,247],[-150,502],[-73,41],[-17,-209],[-100,-7],[21,252],[-162,82]],[[71506,38480],[-39,-283],[116,-175],[2,-271]],[[84142,48492],[452,6],[456,494],[115,-67],[157,524],[-73,150],[83,41],[428,-528],[253,-70],[27,-528],[118,-36]],[[56677,17],[15,21],[16,-17],[-23,-21],[-8,17]],[[57630,1516],[-34,-18],[-19,29],[54,1],[-1,-12]],[[58093,3432],[-37,4],[37,62],[28,-51],[-28,-15]],[[58644,4047],[8,25],[21,-16],[-12,-33],[-17,24]],[[58756,4327],[30,-77],[-172,-134],[-5,116],[147,95]],[[58115,5468],[80,-228],[-19,-615],[105,-98],[-270,-704],[55,-258],[-359,-272],[-1715,-2474],[11,226],[172,317],[653,883],[-32,220],[-143,31],[-76,-143],[-115,151],[-52,-390],[-408,-21],[-182,-170],[-406,405],[-129,328],[-320,244],[-22,114],[167,140],[241,671],[-277,193],[-342,868],[-37,769],[74,249],[-253,141],[92,209],[-113,39],[44,100],[-114,178]],[[54425,6571],[327,619]],[[89854,48072],[119,-89],[145,99],[73,-347],[193,-70],[23,-845],[326,-882],[169,-55],[4,-172]],[[30740,43775],[-222,191],[-213,-32],[-232,-121],[0,-361],[-94,-204],[-657,154],[-223,-153],[-205,135],[-115,422],[-475,185]],[[29075,47604],[76,161],[89,-113],[438,49],[250,-264],[1194,616]],[[36773,40891],[-160,197]],[[50939,25515],[889,814],[455,-58],[341,455],[-23,105],[232,41],[370,499]],[[59564,32731],[-19,234],[-132,31],[72,193],[-94,125],[66,60],[-108,-30],[-91,166]],[[61007,34049],[-11,-145],[-513,-490],[-227,-729],[-476,-468]],[[87536,31903],[-216,111],[-272,-136],[-544,-908],[-98,105],[-117,-183],[-137,207],[-104,-50],[-207,-573],[15,-905]],[[87402,31648],[86,-5],[-20,-148],[-143,-10],[77,163]],[[87172,31757],[-5,-13],[-10,12],[5,13],[10,-12]],[[87137,31819],[3,24],[13,7],[5,-44],[-21,13]],[[69836,32503],[-26,396],[92,109],[203,108],[214,-180]],[[36850,92558],[-193,145],[-196,-193],[-260,48],[-331,-396],[-165,-28],[-222,570],[-82,12],[-6,220],[-244,25],[-307,-248],[-400,80]],[[34261,97547],[357,-184],[559,116],[626,-304]],[[68478,60776],[-284,-142],[-52,-573],[-207,-56],[-75,361],[-220,62],[-101,-111],[-37,148],[-156,-55],[-87,145],[-49,-99],[-125,175],[-78,-110],[-32,156],[-42,-154],[-490,-113],[-68,195],[-281,62]],[[66954,74790],[215,-507],[142,122],[272,-32],[-187,-384],[19,-173],[279,-112],[90,-374]],[[66134,71884],[-88,89],[-123,-100],[-205,171],[183,524],[10,305],[-118,293],[-135,56],[418,307],[-68,197],[242,364],[-90,228]],[[14948,77206],[143,519],[418,814],[699,148],[433,523],[83,883],[-181,513],[-37,716],[119,801],[-130,527],[343,1537],[314,686]],[[18894,83840],[-56,-560],[-166,-280],[-132,-693],[-8,-2235],[-181,-312],[29,-272],[-150,-612],[150,-724],[-182,-676],[68,-244]],[[46334,77166],[-206,-441],[-423,-135],[-275,-591],[-11,-305]],[[41738,78835],[324,514]],[[45173,40600],[-244,-194],[-33,136],[-329,-6],[-238,-1116],[40,-1209],[-117,-253],[-14,-350]],[[43448,41616],[67,1060],[114,10],[170,435],[206,230]],[[45876,44286],[207,-121],[41,-268],[-241,-334],[-188,-554],[-142,-5],[-237,-919],[52,-201],[-261,-367],[-77,-427],[143,-490]],[[60411,38398],[25,-208],[-200,-122],[-255,86],[-332,-398]],[[59147,39534],[143,-310],[-162,-129],[134,-167],[-233,-317],[182,-222],[94,87],[13,-192],[-142,-106]],[[30457,69344],[-154,-854],[49,-208],[-163,-525],[26,-578],[-208,-376]],[[29242,68767],[290,63],[146,491],[151,47]],[[52102,81928],[-117,9],[-139,-224],[-241,-27],[-265,165],[-363,-86],[-698,-676],[-283,279]],[[48682,82732],[1020,967],[338,41],[47,-234],[329,12],[332,379],[26,436],[224,44],[232,286]],[[51404,90694],[-403,-35],[-131,121],[-34,-343],[-262,-248],[-402,-5],[-20,134],[-385,-274],[-207,-392],[-267,-208],[-165,184],[-213,-150],[-40,-200],[-784,-81],[-124,-137],[-209,117],[-343,-278]],[[47415,88899],[-145,905],[48,598],[-146,361],[41,509],[344,850],[-12,698],[331,326],[499,-34],[510,255],[989,-312]],[[66167,52440],[154,438],[-386,1551],[284,533]],[[55322,40717],[-71,130],[138,26],[37,162],[32,-219],[96,294],[-65,74],[164,27],[-60,349],[135,158],[-187,131],[143,89],[23,284],[-66,228],[53,338],[-135,111]],[[55559,42899],[176,619],[-133,24],[-62,437],[216,218],[-130,70],[3,130],[196,9],[-80,327],[96,130],[77,-148],[52,211],[-141,52],[11,245],[158,246],[20,-123],[111,129],[65,-157],[158,136],[220,-170]],[[63059,52692],[900,-438],[315,-329],[627,295]],[[31976,74301],[145,-471],[328,-340]],[[31406,69930],[-88,-312],[-181,-64],[-195,-303],[-485,93]],[[30457,69344],[-386,-402],[-242,426]],[[29829,69368],[-12,365],[216,401]],[[30033,70134],[102,-403],[396,416],[388,-157],[-32,942],[165,579],[199,263],[15,985],[263,667],[221,29],[131,265],[-57,364],[152,217]],[[60309,55892],[21,459],[183,232],[1068,403],[135,517],[136,-112],[276,102]],[[66108,47114],[-117,573],[-389,312],[-162,-154],[-26,307],[-254,151]],[[65742,49979],[200,-597],[905,-180],[176,-456],[167,62]],[[36405,88580],[550,575]],[[36955,89155],[378,117],[189,399],[217,105],[55,250],[383,346],[34,363],[180,339],[174,59],[120,255]],[[69664,32137],[249,-315],[213,111],[194,-93]],[[65186,90821],[-92,-723],[-148,-295],[142,-1027],[-89,-232]],[[89238,51283],[1072,610],[14,-126],[395,73],[290,-162]],[[91435,48457],[-145,-96],[-245,289],[-299,85],[-163,618],[-394,139],[-494,-37],[-211,164],[74,85],[-141,209],[50,196]],[[93376,46060],[235,-242],[265,90],[54,-92],[-216,-558]],[[94768,43975],[-330,-413],[-163,179],[-158,-337],[-285,124],[-340,-309],[-130,-596],[-409,-28],[-11,-207],[-109,-112],[110,-182],[-34,-278],[-71,-420],[-108,-103],[54,-153],[-87,-83],[-35,-323],[102,-247],[-85,-150],[65,-138],[-61,-444],[-105,-62],[31,-292],[-559,-402],[-111,-363]],[[61278,59415],[-111,-206],[-242,59],[-197,695],[-278,-373],[-289,-138]],[[27771,86941],[-102,-127],[-154,149],[-86,-179]],[[70959,67865],[145,-111],[6,-150],[287,309],[128,-73],[-150,-458],[33,-144],[152,100],[306,-205],[429,194],[393,-857],[-108,-106],[6,-369]],[[72586,65995],[-79,18],[-85,-368],[75,-349],[-92,-951]],[[53591,56634],[-135,-335],[62,-297],[-102,-604],[144,16],[29,-172],[36,187],[202,-21],[-66,-346],[147,71],[521,-1525]],[[54182,49343],[-224,161],[-577,-519],[-360,297]],[[54243,57424],[125,-417],[-276,-66],[-53,-192],[-383,3],[-65,-118]],[[53591,56634],[-313,317]],[[52676,58014],[-115,458],[-297,148],[-132,444]],[[52132,59064],[40,37]],[[41204,54923],[135,-438],[299,99],[668,-139],[177,-305],[256,-126]],[[42386,53227],[-418,-339],[-146,-568],[-626,-479],[-269,-475],[-414,-188]],[[57163,72661],[35,132],[-108,33],[-63,214],[-254,148],[-91,523],[-107,67],[-64,347],[123,350]],[[31388,50413],[-216,59],[-116,646],[-213,492]],[[33981,51359],[-209,44],[-213,-510],[-192,150],[65,-842],[-228,-293]],[[55662,12705],[-394,120],[-78,-285],[-417,-102],[-208,-221],[246,-201],[-59,-74],[-291,89],[-47,-190],[-741,-633],[52,-535],[139,-257],[-157,-228],[86,-207]],[[53793,9981],[-208,-105],[-158,251],[-153,-143],[-174,223],[-62,300],[-308,280],[89,126],[-53,210],[-347,420],[81,184],[-108,411],[197,252],[-28,182],[-413,90],[-236,-149]],[[53964,19290],[319,436],[531,-102],[565,610],[105,-44],[61,669]],[[63493,40458],[80,179],[-141,289],[-38,454],[-287,416],[414,220],[-73,88],[54,124],[138,-82],[85,99],[-5,-201],[20,141],[110,-43],[59,246],[89,-24],[-64,199]],[[44589,76595],[276,-453],[118,-12],[72,-319],[364,-117]],[[45419,75694],[-146,-288],[211,-78],[208,-446],[-202,-245],[-235,44],[-347,-524]],[[47669,77845],[-171,169]],[[46967,80054],[269,-372],[393,39],[253,-359],[97,82],[234,-166]],[[69536,30298],[-153,-29],[-186,172],[111,523],[248,194],[177,-77],[136,213],[203,-269],[328,308]],[[67313,51695],[39,-189],[-147,-426],[-318,-320],[-712,194],[-291,-205],[-249,115]],[[65452,51648],[289,344],[133,459],[293,-11]],[[66167,52440],[396,-879],[195,212]],[[69677,58168],[-165,29],[-28,457]],[[71945,56999],[-70,-819],[-168,-243],[52,-194],[-250,-278],[96,-250],[-92,-127],[59,-195],[-201,-193]],[[42007,48678],[-119,-222],[245,-197],[45,-187],[-261,-112],[-137,-443],[-142,-14],[93,-327],[-46,-136]],[[7425,49292],[-681,-451],[-433,389],[-442,821],[-296,-153],[-958,-941],[-283,4],[-468,325]],[[39597,33412],[-122,41],[-1,218],[-188,101],[27,251],[-67,33]],[[39246,34056],[-57,124],[120,257],[217,-125],[71,314],[-158,-95],[5,314],[-261,115],[58,172],[-252,14],[5,156],[218,85],[96,-100],[23,121],[-153,428],[-327,45],[-53,137],[184,303],[-109,492],[48,406]],[[30962,89982],[95,654],[-341,716],[145,647],[-121,186],[23,281],[-164,444],[-24,584],[-167,654]],[[48819,73720],[202,69],[310,374]],[[50183,72979],[-153,-299],[-152,148],[-67,-70],[-358,-1501]],[[40798,54147],[-126,-75],[-262,-716],[-232,-163],[21,-90]],[[19171,64772],[-761,72],[-223,195],[-155,402]],[[20411,65186],[-14,243],[221,591]],[[22923,70978],[-310,-581],[26,-560],[-173,-394],[-106,-826],[84,-222],[-42,-377],[282,-494],[0,-424],[-106,-308],[-226,-83],[-5,-183],[-584,-263],[-165,-553]],[[26736,45845],[126,498]],[[28583,45127],[-294,-660],[15,-476]],[[28304,43991],[-350,-361],[-446,485],[-269,-20],[-417,-990],[-296,-178],[-249,282],[-417,-64],[-90,98],[123,921],[-268,266],[-74,240]],[[62690,87868],[96,-163],[106,112],[759,-3],[16,175],[215,236],[468,-5],[216,241],[433,83]],[[64999,88544],[78,-426],[-70,-95],[94,-167],[814,-812],[637,-309],[115,-381]],[[63220,82427],[-83,-72],[50,-167],[-162,60],[-6,317],[-265,63],[-165,427]],[[70696,37513],[55,158],[200,-33],[172,143],[462,-30]],[[71585,37751],[316,-170],[42,100],[376,-30]],[[70249,36337],[19,316],[-214,208],[34,249]],[[70484,37661],[212,-148]],[[70696,37513],[359,-650],[377,-13],[323,212],[20,219],[544,370]],[[72319,37651],[14,-7]],[[71964,35761],[-219,-93],[-293,231],[-301,8],[13,245],[-113,265],[-291,-183],[-41,-225],[-470,328]],[[28566,70058],[412,-256],[209,-513],[55,-522]],[[29242,68767],[-68,-363],[-466,-563]],[[27801,70025],[436,179],[100,-245],[229,99]],[[40800,55875],[249,-529],[-47,-583],[202,160]],[[41204,54923],[-205,-608],[-201,-168]],[[40798,54147],[-413,495],[-103,-167],[-350,-31],[-99,-166],[-284,100],[-154,-708],[-175,-80],[-96,-420],[74,-412],[-186,-182],[51,-248],[117,-74]],[[38064,52321],[13,284],[-294,841]],[[40006,56941],[-171,-248],[-130,-485],[-1129,-927],[300,-716],[-228,-1011],[-432,-27],[-331,-197],[-102,116]],[[37783,53446],[-73,-103]],[[36713,58181],[705,38],[609,-568],[422,114],[-78,293],[335,-83],[9,577],[133,283]],[[31955,82842],[166,-303],[100,261],[120,-286],[430,188],[131,-172],[-33,-318],[259,-180],[352,331]],[[53407,65623],[-133,-898],[-202,-109],[-89,-790],[-297,-649],[-14,-366]],[[52672,62811],[-153,-15],[-165,356],[-88,-314],[-205,143],[-98,-131],[-77,128],[-127,-164],[-110,180],[-19,-143],[-117,14],[20,-219],[-139,10],[-68,-147],[-365,49],[-160,202],[-31,-147],[-209,76],[-101,270]],[[29105,82396],[100,919],[225,405],[-36,613],[-355,542],[13,1394],[-490,309]],[[32007,65633],[271,-90],[170,268],[426,-169],[144,272],[280,-187],[114,117],[53,-133],[85,151]],[[31860,69264],[-454,666]],[[31406,69930],[504,944],[3,271],[120,249],[-61,311],[82,825],[403,531],[-8,429]],[[32449,73490],[231,341],[63,1090],[86,411],[188,204],[-20,142]],[[32997,75678],[67,-63]],[[36217,64848],[-493,612]],[[37301,63703],[-222,-747],[-176,-245],[113,-297],[-131,-250]],[[35126,61269],[222,664],[318,516],[308,179],[581,1862]],[[52816,86420],[-284,277],[-131,506],[-638,1172],[-92,696],[44,751],[-261,425],[-50,447]],[[51404,90694],[38,428],[-167,565],[-484,455],[-360,829],[-178,77],[-257,-126],[-122,133]],[[49874,93055],[768,641],[872,-139],[543,236]],[[44469,85390],[132,-176]],[[44344,81263],[-243,13],[-149,166],[-224,-187],[-111,-270],[-562,-194]],[[50341,18389],[-446,3]],[[50741,22720],[259,-321],[-2,-131],[179,-101],[111,-331],[164,28],[176,-271],[188,-57],[6,-267],[578,-155]],[[20874,80667],[170,163],[175,-243],[269,-26],[94,185],[400,-16]],[[46039,85621],[-288,244],[24,165],[-106,132],[159,96],[50,372],[-72,245],[-215,174],[-217,748],[-278,158],[-159,-210],[96,612],[-98,181]],[[44580,91199],[595,2076],[480,64],[361,-255],[226,-760],[114,-995],[-79,-2338],[771,-853],[150,79]],[[47198,88217],[37,-184],[-126,-268],[78,-495],[223,-381],[1,-363],[169,-243]],[[31304,94461],[-215,-301],[-681,-12]],[[30408,94148],[-56,44]],[[38157,59399],[-103,-43],[-402,371]],[[37725,61262],[932,1531],[122,87],[43,-179],[344,-189],[442,703],[217,-446],[217,69],[12,270],[372,298],[43,239],[241,315],[153,115],[176,-64],[70,141]],[[27801,70025],[-192,-156],[11,-215],[-163,-171],[3,-198]],[[26530,74555],[-443,285],[-217,-69]],[[25845,78388],[1233,-982],[579,-94],[-43,-482],[250,-608],[-70,-408],[260,-82],[-38,-270],[112,-106],[-28,-195],[275,-362],[-71,-313],[361,-885],[7,-339],[-145,-370],[-181,-80],[-360,-1128],[48,-1010],[-191,-266],[-42,-383]],[[79535,32950],[-319,-202],[-148,102],[-75,-230],[-177,-69],[-213,150],[52,194],[-63,149]],[[85720,47587],[141,168],[51,287],[215,217],[31,219]],[[86158,48478],[436,268],[313,378],[713,112]],[[90300,43692],[-134,-224],[-243,68],[78,-163],[-58,-263],[-234,-205],[-134,-493],[-83,20],[-112,-312],[-205,-98],[51,134],[-119,115],[-222,-277]],[[88008,42250],[32,159],[218,68],[264,334],[-154,165],[62,280],[-151,19],[-35,131],[62,389],[-68,247],[152,1077],[-157,216],[12,340],[-271,-255]],[[54949,33483],[-271,126],[-106,207],[-206,-118],[-73,168],[-177,39],[-2,301],[-299,81],[-84,532],[-229,-134],[-67,-186],[-51,182],[-420,276],[161,585],[-134,555],[-213,11],[82,506],[219,224]],[[53079,36838],[-41,201],[322,147],[-79,244],[466,217],[262,-134],[48,-418],[119,200],[230,-48]],[[54482,69630],[-536,-135]],[[76427,23454],[2,2],[2,0],[-6,-8],[2,6]],[[76538,23519],[1,-115],[-74,41],[51,87],[22,-13]],[[76157,23842],[7,9],[4,-5],[-10,-13],[-1,9]],[[76185,23885],[-7,-9],[-7,13],[17,15],[-3,-19]],[[77022,24168],[-22,-11],[33,51],[-3,-21],[-8,-19]],[[75832,24193],[-1,-17],[-14,0],[5,24],[10,-7]],[[76620,24307],[-9,-8],[-18,23],[10,6],[17,-21]],[[77466,26336],[276,494],[222,86]],[[77964,26916],[105,-76],[-140,-132],[-20,-394],[-156,-198],[66,-83],[-161,-13],[-204,-317],[6,-266],[200,-117],[-271,-356],[27,-460],[-226,-171],[-105,255],[-397,-134],[-199,-183],[25,-179],[-174,-116],[5,-284],[-121,-158],[54,335],[-121,188],[-181,-227],[-21,141],[-130,-14],[39,409],[166,102]],[[77434,24849],[-8,-63],[-32,5],[15,64],[25,-6]],[[77474,24874],[8,12],[6,-3],[-12,-12],[-2,3]],[[77591,24939],[9,-11],[-25,-6],[3,25],[13,-8]],[[77551,25636],[-3,8],[6,7],[4,-6],[-7,-9]],[[77589,25854],[-15,-2],[-2,21],[13,-3],[4,-16]],[[77930,26262],[-7,-6],[-8,17],[19,10],[-4,-21]],[[78009,26404],[-13,4],[13,18],[10,-25],[-10,3]],[[77941,26628],[-4,18],[21,3],[-5,-12],[-12,-9]],[[75692,36269],[-400,-608],[42,-458],[-100,-138],[214,-634]],[[57163,72661],[62,-84]],[[58154,71525],[124,-221]],[[27163,86546],[24,-708],[249,-701],[272,-309],[150,-592],[-459,-765],[-305,-110]],[[30708,63285],[269,380]],[[67122,47825],[-135,613],[259,284],[-56,86]],[[67190,48808],[89,142],[-26,179],[138,116],[-107,426],[382,295]],[[66516,44764],[4,-490],[-237,-422],[-762,41]],[[44761,64660],[229,-82]],[[47013,61392],[-69,-225],[-256,-32],[-325,-283],[-57,-330],[-358,-372],[-138,-436],[-471,408],[-195,-265],[-131,74],[-288,-156],[-298,-473]],[[28976,65396],[58,-395],[-173,-453],[-141,-1030]],[[27325,61356],[-48,734],[-192,-83],[-96,308],[-138,-147],[-257,35],[-76,188]],[[43884,47215],[93,-110],[102,197],[138,610],[223,224],[272,-56],[152,162]],[[44864,48242],[35,-695],[393,-561],[60,-335],[236,-136],[44,-156],[38,-324],[-109,-734],[214,-174],[199,384],[140,-382]],[[46114,45129],[-93,-548],[-145,-295]],[[45876,44286],[-251,-47],[-140,126],[-119,-522],[-150,-118],[-344,184],[15,-292],[-271,23],[-53,-338],[-305,-300],[-106,296],[-147,53]],[[44005,43351],[-35,238],[85,256],[-383,429],[-88,323],[283,274],[94,462],[-42,769],[71,277],[-143,611],[37,225]],[[55249,60702],[694,359],[405,-5],[76,566],[-85,269],[246,7],[82,819],[279,-493],[172,68],[250,259],[-182,262],[206,298],[60,312]],[[42451,77961],[319,-154],[86,198],[19,655],[176,206]],[[44462,76860],[127,-265]],[[44589,76595],[-36,-917],[-151,28],[42,-379],[-169,-196],[-59,-319]],[[34164,43964],[-164,-394],[-283,89],[-252,-309],[-198,-3]],[[33566,47993],[245,-127],[338,-585],[181,-74],[51,-372],[123,-29],[16,-32],[-53,-499],[175,-138]],[[49752,62982],[168,-1096],[-403,-395]],[[47134,61870],[-177,723],[-682,325],[-225,336],[20,288],[284,509],[-33,402],[-170,64],[-701,-275],[-460,336]],[[44990,64578],[131,208],[224,42],[-128,178],[215,34],[121,301],[172,-14],[205,398],[93,-178],[342,5],[56,192],[124,71],[68,-162],[305,384]],[[64961,31449],[219,116]],[[67368,30561],[-37,-250],[98,-245],[155,-30],[-4,-469],[149,-427],[178,-90],[-3,-537],[160,-382],[209,-232],[129,16]],[[43027,91410],[347,-799],[504,-203],[702,791]],[[44580,91199],[303,-341],[36,-871],[166,-321],[-66,-939],[-84,-189]],[[44935,88538],[-119,52],[-122,-147],[-138,-581],[-220,-209],[4,240],[-118,-162],[-138,82],[-179,-291],[-267,159],[-163,-91]],[[23818,46167],[-300,-201],[-582,498],[-1028,197],[-418,451],[-299,112]],[[50163,51199],[224,-148],[477,182],[342,-497],[317,1],[101,-330]],[[49895,50568],[-91,84]],[[59991,93329],[-95,120],[11,202],[137,76],[-12,134],[-116,51],[-406,899],[-735,-3],[-217,-124]],[[58558,94684],[121,470],[-159,225],[-29,286],[220,554],[240,-99],[324,196],[610,-93],[477,208],[228,-207],[194,-579],[401,-479],[392,302],[177,641],[387,52]],[[61472,93188],[-160,405],[-447,86],[-53,194],[-209,-332],[-291,-82],[-111,-211],[-210,81]],[[67408,16309],[-1094,-1220],[-148,-355],[-434,-438],[9,-193],[-431,-251],[-1672,-1619]],[[60072,9363],[-151,72],[-48,-181],[-124,156],[-165,-241],[-53,323],[102,215],[-90,267],[-316,212],[-227,599]],[[87265,25729],[3,6],[4,1],[-2,-7],[-5,0]],[[87311,25782],[-8,-16],[-7,-1],[18,23],[-3,-6]],[[87315,25811],[4,-4],[-6,-17],[-5,8],[7,13]],[[87004,25840],[21,34],[-34,-87],[-1,28],[14,25]],[[87433,26858],[1,-13],[-13,-7],[2,10],[10,10]],[[85966,26973],[-6,0],[-2,4],[11,0],[-3,-4]],[[87522,27021],[10,-11],[-22,6],[10,15],[2,-10]],[[86898,25818],[-74,-137],[-80,167],[-187,-257],[-713,-193],[-353,455],[-28,489],[1000,1239],[266,969],[-6,409],[225,363],[740,-345],[60,-369],[132,11],[179,-266],[-138,-563],[38,-204],[-107,-102],[113,-100],[-34,-149],[162,29],[-131,-106],[-395,77],[-190,-491],[23,-136],[210,-23],[-87,-164],[55,-147],[273,-196],[79,199],[204,-203],[-165,-97],[24,-628],[103,22],[-283,-455],[-186,50],[-123,210],[-86,220],[79,230],[-122,321],[-477,-129]],[[86249,27416],[-7,-26],[-12,-1],[1,6],[18,21]],[[87698,26330],[-25,-13],[-8,21],[24,17],[9,-25]],[[87725,26330],[0,13],[13,4],[-5,-17],[-8,0]],[[88917,27441],[-3,-23],[-28,-2],[15,42],[16,-17]],[[88093,27717],[8,-26],[-25,-21],[-12,40],[29,7]],[[89090,28100],[-28,-118],[281,-121],[-25,-152],[-170,53],[-164,-149],[-105,129],[-47,155],[258,203]],[[90455,29002],[-14,-158],[108,-49],[-86,-171],[-102,268],[94,110]],[[90254,29013],[-5,16],[46,39],[1,-20],[-42,-35]],[[90374,29020],[-30,36],[50,49],[6,-55],[-26,-30]],[[58115,5468],[-101,638],[246,332],[12,584],[327,9],[121,520],[309,339],[-133,235],[368,-88],[45,327],[290,224],[133,360],[340,415]],[[60072,9363],[542,387],[643,907],[861,748],[113,275],[373,111],[376,-78],[477,552],[181,-32]],[[63638,12233],[-1792,-1642],[-1567,-1814],[-1420,-1940],[-396,-808],[-96,-530],[-252,-31]],[[20055,83961],[-306,-141]],[[18899,87713],[223,345],[568,1546],[298,357],[565,297],[1230,319],[574,451]],[[64918,40249],[26,352],[232,380],[-145,506]],[[65673,42140],[320,-440],[395,15],[127,-193],[58,60],[96,-348],[622,41]],[[67018,38218],[-36,18]],[[20354,59396],[257,-408],[647,-15]],[[31452,95738],[-403,-332]],[[30984,98389],[346,-83],[233,113],[452,-161],[487,185],[333,-162]],[[39696,42267],[78,-370],[-39,-457],[146,-222],[135,-750],[-59,-384],[-146,-123]],[[60042,36327],[103,0],[68,-226],[96,242],[178,-108],[105,112],[186,-418],[-83,-90],[34,-172],[140,-193],[225,310],[241,-112],[131,196],[7,-265],[83,198],[127,-141],[136,90]],[[61965,33883],[-226,-74],[49,-109],[-68,-54],[-491,475],[-222,-72]],[[61007,34049],[-43,461],[-223,102],[-101,203],[-10,402],[-190,-86],[-270,228]],[[60800,50517],[-1,589],[-232,439],[-345,-66],[-32,-116],[-276,161],[42,262],[-244,446],[-113,3]],[[48285,14338],[1132,1028],[371,802],[258,-31],[15,370],[136,-104],[6,-137],[33,-131],[312,414],[414,-101],[372,375],[-73,144],[54,151],[153,125],[18,161],[105,-7],[30,310],[-257,572],[-245,-165],[-96,239],[-192,-118],[-191,143],[-171,-175],[-160,69],[32,117]],[[50341,18389],[498,800],[95,-39],[148,-503],[171,-37],[22,196],[198,104],[87,413],[458,-267],[28,191],[-135,195],[65,373],[77,-192],[233,-7]],[[52822,18891],[289,-37],[-58,-152],[132,-561],[-136,-30],[32,-370],[-118,-206],[24,-188],[-351,-668],[211,-107],[206,226],[171,-375],[-79,-365],[-446,-370],[137,-368],[-162,-349],[-372,-154],[-51,-211],[85,-204],[400,-291],[-128,-8],[-119,-281],[-199,46],[-187,-267],[-191,-1088]],[[51912,12513],[-208,-340],[-253,196],[-208,-262],[-153,-781]],[[51090,11326],[-347,455],[-143,540],[-81,-177],[-165,220],[-141,-7],[-129,-212],[-108,51],[-84,-69],[42,-146],[-185,-43],[-26,-264],[-162,89],[39,403],[-203,205],[-21,-469],[-137,245],[-344,-73],[-199,-192],[-55,275],[-239,-303],[-106,279],[-253,111]],[[54742,87892],[363,1165],[-123,863],[448,938]],[[58060,88582],[-197,-131],[29,-145],[144,-38]],[[62810,50806],[138,-45]],[[19616,66728],[-437,118],[-130,-257],[-93,9]],[[42562,29043],[634,585],[529,-146],[354,359],[286,-155]],[[43573,37869],[298,-219],[367,-42]],[[44238,37608],[1550,-38]],[[45788,37570],[310,-458]],[[45321,29969],[-875,-632],[-99,168],[18,181]],[[44365,29686],[65,60],[-82,144],[83,171],[-67,138],[82,78],[-40,134]],[[46025,69945],[-554,-634],[-170,68],[-290,416]],[[45269,73782],[542,-202]],[[49517,61491],[-5,-18]],[[49512,61473],[-442,-951],[-494,-409],[-122,-304],[-581,180],[-460,-224]],[[47413,59765],[-198,71],[-47,165],[295,945],[-170,307],[-280,139]],[[47013,61392],[-57,276],[178,202]],[[47134,61870],[163,-258],[331,200],[194,349],[501,-108],[347,226],[313,-129],[64,-319],[363,-68],[107,-272]],[[71913,15765],[37,-181],[-54,-60],[-19,131],[6,121],[14,36],[16,-47]],[[70453,17611],[-27,-9],[-2,30],[22,5],[7,-26]],[[70471,17643],[-2,-27],[-10,-1],[-3,11],[15,17]],[[69504,19795],[2,-1],[7,-12],[-15,2],[6,11]],[[71730,20098],[8,4],[0,-19],[-6,5],[-2,10]],[[70604,20860],[-6,-16],[-10,27],[14,-6],[2,-5]],[[71526,21760],[-2104,-1950]],[[48043,12244],[-184,368],[-147,-189],[-202,131],[126,-241],[-52,-69],[-151,137],[-525,-119]],[[47031,14368],[227,47],[-70,-452],[-87,-82],[93,-44],[1091,501]],[[48285,14338],[92,-141],[-95,-109],[97,-316],[304,27],[254,-878],[-894,-677]],[[70766,28518],[-483,-1],[-480,-670],[-95,133]],[[68973,28348],[116,479],[-67,244],[332,442],[70,615],[112,170]],[[69536,30298],[177,-276],[249,-36],[252,170],[76,-213],[206,41]],[[54785,27042],[-258,16],[-109,-229],[-261,183],[-59,-101],[-303,568],[-146,-172],[-143,48],[73,-215],[-75,-191],[-204,-2],[104,245],[-201,179]],[[53203,27371],[-136,138],[18,-199],[-80,15],[-86,363],[247,119],[-344,282],[88,188],[-279,57],[102,106],[-83,166],[73,-66],[98,128],[122,-117],[-98,153],[-208,-58],[96,151],[-193,43],[24,239],[189,-98],[-81,355],[-125,123]],[[52547,29459],[187,492],[190,60],[85,198],[-50,740]],[[52959,30949],[-119,489],[15,465],[173,-13],[24,206],[138,-257],[75,27],[-17,137],[124,-82],[-22,-256],[79,-99],[114,189],[167,-68],[114,201],[-38,262],[211,-37],[56,-164],[261,792],[332,353],[51,197],[231,29],[21,163]],[[54949,33483],[204,-84],[74,317],[555,331],[348,392],[99,324],[330,-99]],[[59258,33510],[-299,-170],[-129,-253],[-72,100],[-790,-248],[-505,333],[55,-602],[135,-158],[-57,-145],[250,-139],[-59,-231],[70,-613],[248,26]],[[50602,24650],[182,-34],[37,-178],[150,-92],[-126,-139],[69,-75],[-26,-229],[-202,-6],[46,-410],[-92,94],[-47,-106],[104,-169],[44,-586]],[[50741,22720],[-81,-95],[-223,103],[-114,-212],[-440,-273],[-164,-468]],[[43698,22588],[152,54],[404,-393],[151,62],[151,-208],[145,34],[-58,271],[127,317],[19,481],[457,356],[259,481],[238,53],[62,99],[-71,384],[106,454],[180,41],[-196,634],[121,151],[20,361],[-258,863],[268,182],[228,-60],[299,750],[-825,903],[-198,618],[-2,311],[-156,182]],[[45321,29969],[242,154],[55,432],[234,371],[165,-167],[154,336],[594,-54],[905,581],[121,-77]],[[48377,30747],[92,-213],[149,-39],[-84,-389],[129,-298],[104,-11],[278,-450],[-257,-248],[-56,-213],[175,-424],[248,-171],[-144,-105],[-138,-401],[45,-216],[-131,-166],[109,-450]],[[69271,32177],[-323,-145],[-241,-563],[-222,7]],[[68675,33331],[390,-260]],[[72566,52333],[-469,-618]],[[70539,50491],[-232,-205],[-157,-469],[-411,-88]],[[70611,54867],[260,201],[198,-245],[175,130],[127,-253]],[[71371,54700],[59,-185],[78,74],[109,-156],[40,-389],[243,-467],[167,58],[-62,-880],[561,-422]],[[44165,12299],[-311,-15],[-326,-528],[-680,140],[-406,553],[139,154],[-188,286],[105,309],[-68,306],[106,139],[-144,161],[63,125],[-57,457],[116,163],[146,-116],[3,154],[134,126],[-181,634],[301,172],[64,320],[189,96],[-40,424]],[[43130,16359],[503,631],[169,-127],[49,-95],[-126,-194],[40,-227],[94,-132],[184,98],[-33,-161],[240,-503],[167,57],[113,-165],[-1,-427],[-215,-46],[-51,-155],[19,-164],[167,-41]],[[46918,66037],[-250,249],[-212,-270],[-212,12],[96,93],[-6,147],[-107,20],[133,450],[-75,23],[-64,829],[126,288],[-90,259],[89,182],[-417,1020],[96,606]],[[46025,69945],[100,47],[15,673],[124,-164],[232,-15],[10,481],[539,513]],[[48675,70581],[319,12]],[[48982,65813],[-276,-21],[-72,-206],[-199,19],[-286,-324],[-260,339],[-156,438],[-429,389],[-105,-152],[-137,57],[-9,-250],[-140,44],[5,-109]],[[39597,33412],[203,-27],[225,-272],[169,52],[411,-591]],[[40605,32574],[359,-417],[12,136],[177,36],[105,-389],[194,-51],[-18,-908],[473,-375],[8,-472],[368,-87],[279,-1004]],[[42562,29043],[-405,-206],[-48,-386],[85,-191]],[[39675,28044],[-122,273],[113,306],[-145,94],[108,107],[-3,320],[170,-73],[-75,254],[71,325],[-285,501]],[[39507,30151],[343,431],[539,-6],[42,67],[-149,130],[8,119],[162,105],[-87,122],[-104,-112],[30,161],[-397,369],[120,160],[-115,34],[69,122],[-174,398],[28,285],[-100,55],[89,335],[-318,305],[104,181]],[[48482,56127],[78,194],[288,-80],[38,344],[233,380]],[[49119,56965],[184,-201],[268,-24]],[[17152,84873],[838,990],[570,1531],[339,319]],[[18899,87713],[436,-728],[-69,-760],[-177,-383],[183,-249],[217,-26],[-5,-762],[150,-184],[115,-801]],[[19749,83820],[-333,-142],[-522,162]],[[18894,83840],[-328,236],[-511,-39],[-304,532],[-599,304]],[[75132,33761],[-118,507],[152,33],[10,205],[272,-75]],[[75448,34431],[68,295],[335,-84],[102,168],[273,-329],[203,83]],[[42696,26288],[101,122],[81,-305],[124,95],[134,-166],[-55,-157],[107,-54],[-8,-443],[299,-536],[-74,-149],[224,-58],[53,-321],[-88,-378],[156,-85],[60,-344],[-129,-419],[17,-502]],[[43698,22588],[395,-369],[246,-485],[59,-721]],[[44270,19712],[5,-336],[-257,-192],[-151,160],[-332,-470],[-194,226],[-253,-455]],[[43088,18645],[-229,223],[-93,-61],[-63,306],[-112,72],[-74,652],[-566,662],[161,204],[-55,192],[69,631],[88,127],[-46,225],[-278,169],[-105,246],[-204,-94],[-224,204],[48,223],[-281,131],[-60,241],[62,114],[-102,-1],[13,179],[-221,167],[-66,395],[-115,2],[-7,130],[-143,-81],[-55,185],[129,145],[-196,222],[49,290],[-77,146],[-181,-12],[192,210],[-48,202],[-192,19],[-38,196],[184,26],[-160,308]],[[66929,17805],[-282,3],[-15,118],[-96,-170],[-201,51],[-75,-186],[-151,221],[-449,-248],[-152,57],[5,207]],[[69636,43571],[0,7]],[[71836,43521],[126,15],[-312,-515],[-163,-11],[-87,-152],[48,-182]],[[52317,38630],[-123,-161],[-144,22],[-190,-534],[-250,-179],[1,-189]],[[51611,37589],[-699,-327],[-150,-308],[-129,-1],[-128,-328],[-636,-254]],[[48454,36849],[-28,315],[111,244],[-65,98],[307,268],[-29,234],[135,515],[-105,199],[5,574],[117,325],[-190,583],[108,455],[-255,211],[-163,433],[197,768],[-4,331],[-181,486]],[[48414,42888],[700,403],[332,-86],[504,-402],[26,-851],[113,-277],[229,-131],[465,70],[211,-283],[501,-195],[286,-329]],[[58044,52584],[-89,324],[-338,151],[120,257],[-185,309],[117,823],[195,-160],[-90,264],[147,170],[27,475],[152,262],[59,603],[85,227],[206,114],[-262,721],[34,248]],[[59341,57899],[124,-318],[315,-310],[67,-501],[284,70],[-23,-278],[201,-670]],[[60309,55892],[29,-231],[-151,-477],[116,-400]],[[59782,54094],[-225,-559],[76,-25],[-158,-377],[-87,-584],[211,-314]],[[59599,52235],[23,-112],[-204,39]],[[66683,85910],[116,-451],[104,-54],[-3,-340],[163,-145],[-44,-309],[176,-116],[-48,-693],[-157,-431],[-599,76],[-7,-264],[-187,-246]],[[68695,63482],[95,355],[-147,644],[-160,126],[-22,227],[-126,-43],[-178,183],[385,315],[-69,64],[33,221]],[[66786,35447],[-100,-216],[46,-338]],[[63601,39246],[324,252]],[[66089,38919],[430,-265],[307,-27],[156,-391]],[[66982,38236],[-338,-550],[-336,-27],[-164,199],[51,-698],[201,-160],[80,-245],[-60,-87],[58,-144],[-137,-91],[30,-219],[324,-202],[95,-565]],[[67018,38218],[66,243],[-148,244],[73,361],[-225,577],[-149,774],[334,4],[67,172],[300,69],[-97,512],[52,101]],[[67291,41275],[203,141],[242,-67]],[[67961,38028],[-179,-25],[-36,-130],[-95,138],[-363,3],[-114,265],[-156,-61]],[[58060,88582],[-187,228],[76,377],[-95,240],[-175,-201],[-183,-11],[-355,315],[-438,-8],[-46,194]],[[58338,93256],[200,-239],[2,-421],[166,-30],[-76,-189],[158,-54],[-51,-130],[70,-52],[-159,-191],[182,-327],[100,89]],[[58930,91712],[153,-300],[241,61],[104,-111],[178,113],[26,164],[461,-57],[351,-491],[622,-209]],[[61276,87438],[-120,268],[-681,191],[-415,266],[-385,388],[-19,206],[-205,33],[-215,302],[-876,-15],[-300,-495]],[[52219,82555],[-62,222],[-187,48],[11,218],[-370,546],[19,1137],[-400,-63]],[[51230,84663],[68,308],[303,199],[150,414],[522,407],[244,-258],[101,205],[268,-295],[367,93]],[[55215,75230],[-104,-454],[87,-521],[205,-423],[122,44],[59,-563]],[[55523,72430],[-376,61],[-402,-378],[-192,186],[-192,-99],[-244,250],[31,-268],[-108,-393],[-421,-133]],[[79594,34745],[-157,604],[-278,-108],[-135,92],[-395,804],[-282,289],[-28,312]],[[77824,37666],[187,114],[428,772],[121,26],[57,450]],[[57740,10591],[-26,-85],[203,-157],[15,-258],[-141,-281],[277,-475],[-20,-338],[-440,361],[-94,-435],[40,-331],[-261,224],[-95,352],[-234,-122],[-315,345],[-182,-153],[148,-304],[-3,-446],[98,-132],[-4,-446],[-129,-179],[247,-366],[-119,-344],[-477,224],[-222,-144],[-15,-239],[-394,-75],[-52,-124],[-255,385],[-202,-103],[-336,245]],[[54752,7190],[-168,404],[169,236],[-9,248]],[[54744,8078],[218,424],[248,154],[138,489],[304,170],[26,768],[265,337],[89,333],[151,-65],[-24,97],[245,109],[-7,283],[186,264],[-540,590],[-46,236],[64,47],[-384,202],[-15,189]],[[55662,12705],[23,756],[-96,148],[198,213],[368,115]],[[68754,47124],[-95,-285],[-217,-9],[-512,246],[-304,-124],[-119,166],[-94,-251],[-267,-123]],[[67453,48001],[-59,52],[261,548],[122,-15],[41,-234],[281,63],[-172,685]],[[29549,91802],[85,-655],[-253,-477],[178,-565],[-75,-255],[33,-801]],[[28321,88920],[-432,67],[15,326]],[[28219,93527],[134,-179],[333,-80],[252,-374]],[[82568,38005],[899,751]],[[81654,36365],[-35,468],[139,203]],[[69065,33071],[161,12],[29,-145],[194,-71],[93,-510],[294,146]],[[69836,32503],[-172,-366]],[[69664,32137],[-393,40]],[[69271,32177],[40,170],[-246,724]],[[59565,80015],[160,-678],[211,-201],[313,92]],[[60249,79228],[104,-282],[-188,-361],[438,-512],[168,-1172],[-68,-202],[-149,-34],[-55,-339],[-256,-356]],[[70596,40427],[67,104],[220,-45],[180,208],[65,597],[235,473],[-115,311],[-157,-39],[-175,168],[260,171],[59,258],[99,-72],[114,115]],[[71448,42676],[120,-128],[33,-437],[78,-33]],[[71679,42078],[205,-432],[-95,-581],[107,-299],[66,-1038],[183,-355],[-7,-233],[-159,-706],[-403,168],[-70,-122]],[[71506,38480],[-47,354],[-647,295],[-147,394]],[[51408,52379],[-540,196],[-73,224],[-243,8],[-117,-214],[-138,-18],[138,-287],[-505,-738]],[[48916,54505],[344,-36],[476,415],[116,400],[202,240],[0,273],[-124,68],[-26,278],[-88,3],[20,361],[-265,233]],[[49571,56740],[222,458],[243,-2]],[[50036,57196],[112,136],[125,-342],[367,-348],[321,223],[-1,-227],[203,183],[270,-100],[341,398],[232,-26],[196,283],[77,-273],[168,211],[-34,165],[263,535]],[[52676,58014],[9,-462],[89,-217],[466,-210],[38,-174]],[[53278,56951],[-168,-343],[10,157],[-58,-63],[-76,148],[-305,-113],[-672,-2469],[-130,-38],[-13,-138],[-222,17],[87,-298]],[[62710,90381],[-62,-782],[-287,-565]],[[61281,88749],[-77,105],[163,1006],[-99,353],[-165,140],[-37,529]],[[61066,90882],[389,196]],[[75599,43969],[330,331],[227,-198],[179,349],[136,48],[93,-267],[227,-64],[45,221],[996,441],[91,-598],[-191,-391],[167,-186],[490,508],[498,-46]],[[78530,42530],[-44,9]],[[36358,73456],[-629,372],[-93,245],[-174,-122],[-613,108]],[[38834,78630],[82,-258],[162,-111],[13,-184],[94,-7],[8,-401],[327,151],[180,-139]],[[36072,60734],[610,419],[133,218],[-144,281],[214,512]],[[36885,62164],[454,-469],[11,-281],[375,-152]],[[37725,61262],[-36,-549],[-214,-654],[234,-166],[-57,-166]],[[37652,59727],[-194,-636],[-105,82],[-9,186]],[[59886,40082],[-455,-555],[-108,252],[-196,117]],[[70432,37697],[52,-36]],[[70484,37661],[-32,-315],[-117,-142],[-180,64],[-67,-158]],[[70088,37110],[-329,178],[-385,-532],[-229,-6],[-173,-249]],[[68735,36411],[-121,171],[47,138],[-74,147],[102,289],[-74,446],[-463,-119],[-191,545]],[[67961,38028],[83,241],[-88,356],[82,215],[150,64],[-182,668],[210,568],[112,42]],[[69783,40901],[255,-418],[218,40],[118,-168],[222,72]],[[70596,40427],[2,-282],[-178,-366],[76,-223],[169,-33]],[[70665,39523],[-63,-62],[14,-479],[-93,-81]],[[19905,72879],[-120,-940],[-285,-437],[58,-319],[-103,-260],[141,-264],[-109,-405],[83,-278],[-121,-363],[65,-201],[-273,-729],[-86,-479],[95,-298],[-176,-720],[-141,6],[23,-594]],[[18956,66598],[-164,-324],[-170,-54],[-177,-332],[-189,-50],[-224,-397]],[[18032,65441],[-172,102]],[[17578,65854],[165,-23],[43,359],[274,623],[-162,765],[354,1122],[-108,490],[-31,694],[127,210],[-82,363]],[[18154,73954],[561,-236],[49,-164],[352,-216],[-25,-101],[183,-212],[631,-146]],[[62046,17744],[-280,30],[-188,-148],[-248,121],[-402,-223],[-289,23]],[[66044,24333],[126,171],[-59,293],[-163,177],[165,205],[-75,256],[128,-8],[-26,206],[133,-166],[41,99],[176,-67],[43,256],[198,293],[-65,63],[104,127],[-53,79],[139,239],[-56,129],[168,507],[160,-139],[414,97],[-2,99],[167,-112],[141,160],[109,-196]],[[69260,25520],[93,-134],[276,244],[276,-205],[489,345]],[[70436,25453],[-257,-165],[41,-196],[-96,36],[-533,-497],[83,-320],[66,20],[-46,-276],[63,-55],[-197,-93],[-45,-255],[-123,-135],[-311,20],[-110,202],[-91,-177],[-229,-3],[22,-262],[-156,-105]],[[87747,42127],[137,165],[124,-42]],[[88008,42250],[434,48],[157,-177],[191,48],[95,-175]],[[88885,41994],[-77,-285],[94,49],[90,-305],[247,-61],[-175,-368],[140,-235],[-130,-301],[-152,-90],[183,-411],[68,-488],[-179,-590]],[[59429,41392],[-394,-578],[-138,-45],[200,-32],[165,-332],[-73,-339],[-253,1],[191,-171]],[[59127,39896],[20,-362]],[[59147,39534],[-310,-111],[61,-280],[-227,-23],[-182,281],[-379,-15]],[[57809,42009],[-107,225],[195,496],[-129,339],[76,185],[-199,370],[232,738]],[[21960,71411],[-300,-164],[-473,516]],[[24702,79740],[552,-468]],[[91009,51678],[288,404],[472,-5],[91,373],[196,140],[315,-62]],[[91684,49227],[-293,770],[118,623],[-42,454],[-214,407],[-233,23],[-11,174]],[[63029,55798],[-97,95],[-134,941]],[[65773,56498],[-59,207],[-204,-33],[-164,-526],[-242,-87],[-293,94],[-141,-325],[-81,81],[-185,-140],[-279,237],[-423,-588],[-414,26],[-259,354]],[[49572,50306],[15,-196],[83,-31],[-138,-150],[-53,-333],[242,-717],[-201,-4],[-109,-255],[-3,-871]],[[48135,45043],[-861,-120],[-244,114],[-229,306],[-294,55]],[[46507,45398],[29,178],[-147,75],[-56,406],[116,728],[163,184],[-39,831],[87,199],[-40,443],[66,215],[-142,111],[-1,296],[123,14],[50,338],[330,731],[132,97],[-490,450]],[[46688,50694],[794,825]],[[65160,48303],[14,-299],[-85,-127],[58,-92],[-363,89],[-202,-469],[-352,592],[-195,-112],[-93,-224]],[[62560,47800],[70,319],[145,146],[-50,228],[109,196],[-104,505],[70,581],[132,251],[-104,223],[17,376],[103,136]],[[62948,50761],[119,-191],[354,297],[282,-144],[158,190],[-37,256],[215,-62],[499,161],[103,295],[110,49],[150,608]],[[64901,52220],[71,-300],[248,-9],[232,-263]],[[65452,51648],[98,-64],[-35,-334],[120,-386]],[[65635,50864],[277,-311],[-170,-574]],[[65742,49979],[-52,-197],[-132,-41],[175,-401],[-290,-345],[-283,-692]],[[71490,51166],[272,247],[-14,248],[349,54]],[[72097,51715],[-13,-186],[120,-162],[193,-12],[53,-324],[310,-67]],[[40145,67325],[-42,-146],[-519,-276],[93,-448],[-135,-415],[-24,-548],[-619,-482],[-332,86],[-411,-283],[-222,55],[-118,-127],[29,-350],[-296,-237],[-71,-372],[-177,-79]],[[37301,63703],[-521,498],[-118,315],[-107,-26]],[[36555,64490],[-126,256],[-212,102]],[[36217,64848],[163,428],[249,312],[357,-31],[147,136],[-24,777],[179,146],[64,327],[489,390],[-55,303],[461,1093],[234,183],[-1,401],[160,-76],[215,118]],[[89373,48819],[193,-549],[288,-198]],[[89854,48072],[-67,-38],[0,-842],[159,-445],[-13,-311],[334,122],[239,-229],[238,-653],[119,125],[43,-90]],[[90906,45711],[187,87],[76,-106],[26,-430],[199,39],[-44,-294],[141,-176],[309,226]],[[91629,44321],[-415,-339],[-5,-168],[-115,-41],[-46,186],[-114,-172],[-169,95],[-359,-257],[-106,67]],[[90300,43692],[-166,413],[-201,115],[10,291],[-214,-218],[-348,343],[-79,523],[-149,332],[-43,872],[-247,170],[144,349],[-382,541],[-5,383],[-295,15],[185,399],[-181,53],[22,165]],[[32743,78438],[-593,38],[-172,-500],[-567,155]],[[68328,40182],[2,18]],[[69217,41450],[129,-299],[184,22],[253,-272]],[[69783,40901],[-307,-403],[-509,50],[-91,-269],[-243,19],[-177,-204],[-128,88]],[[22549,64395],[-23,361],[151,197],[-65,202],[525,334],[27,903],[258,326],[103,432],[296,381],[76,419],[-46,330],[112,162],[1,1008],[-130,547],[-176,290]],[[23748,70364],[424,-270],[255,108]],[[24445,66790],[-187,-477],[-224,-197],[-92,-453],[-101,-103],[-39,-796],[-238,-589],[-80,-473]],[[38906,51786],[361,175],[-87,293]],[[39180,52254],[311,466],[69,600],[152,-151],[487,-66]],[[40199,53103],[359,-15],[36,-467],[-139,-175],[-157,-644],[215,-624]],[[40513,51178],[-205,-193]],[[58278,71304],[349,-208],[-10,-190],[172,-102],[67,-332],[152,70]],[[60186,65462],[-142,-101]],[[57917,67798],[71,557],[223,237],[150,540],[-166,733],[87,377],[-4,1062]],[[31402,66925],[445,-658],[160,-634]],[[32007,65633],[-307,-225]],[[31307,65314],[-143,146],[-155,-195],[-152,136],[-149,-285],[-420,161],[-115,232],[-128,-36],[-58,193],[-307,119]],[[29779,66264],[228,539]],[[30007,66803],[239,84],[169,-113],[225,198],[315,-277],[163,225],[284,5]],[[37710,53343],[-122,-200],[73,-233],[-258,-112],[-88,-291],[-285,-164],[-95,-889],[-168,-354],[26,-334]],[[36378,53798],[1183,106],[-13,-431],[162,-130]],[[29555,54533],[-157,1037],[75,411],[208,268],[25,844]],[[32108,53396],[-181,-31],[-251,-297],[-329,-669],[-350,-179],[-154,-610]],[[30843,51610],[-538,613],[-221,-196],[-356,-62]],[[49249,53590],[205,-552],[217,-261],[-9,-847],[268,-380]],[[49930,51550],[233,-351]],[[50163,51199],[-102,-186],[-155,-1],[53,-146],[-77,83],[-78,-297]],[[49804,50652],[-74,-234],[-158,-112]],[[49572,50306],[-232,-126],[-760,0],[-269,380],[-311,-95],[-66,499],[55,295],[-127,182]],[[32273,92368],[-35,528],[-493,658],[57,359],[129,185],[-545,204],[-82,159]],[[31304,94461],[269,456],[7,682],[-128,139]],[[31452,95738],[184,167],[204,-483],[486,-221],[304,1094]],[[33513,95371],[230,-89],[23,-369],[147,-149],[332,208],[27,-295],[169,-41],[-82,-100]],[[33210,86708],[-11,-302],[-233,-428],[11,-647],[-275,-481],[-155,-827],[-160,-164],[-48,-569],[-384,-448]],[[31955,82842],[-167,-277]],[[31445,83272],[130,547],[-62,323],[63,263],[-205,282],[258,698],[-69,159]],[[65984,31216],[-557,-51],[-164,86],[4,225],[-87,89]],[[65180,31565],[34,280],[222,226],[16,184],[211,56],[44,226],[-86,183],[87,347],[-463,339],[-16,291],[-296,3],[-9,146],[-114,-43],[-74,159]],[[64631,34384],[287,404],[183,-258],[470,242],[615,9]],[[74777,36600],[-289,-440],[-8,-321],[-397,-62],[-172,251],[-441,-271]],[[71969,34766],[165,424],[-170,571]],[[71964,35761],[137,577],[-59,103],[200,118],[106,238],[-279,438],[145,96],[119,313]],[[72333,37644],[160,22],[144,556],[181,-192],[876,-17]],[[42536,43117],[264,-303],[259,-95],[-27,-204],[119,-133],[31,-342],[266,-424]],[[43448,41616],[-134,-68],[98,-360],[-176,-162],[55,-578],[-105,-773]],[[10797,60223],[237,89],[141,228],[242,-118],[353,-807],[296,-280],[-96,428],[126,363],[-44,379],[95,612]],[[29008,49375],[-660,-709],[19,-866]],[[27464,47913],[-959,-678],[-59,29],[73,463],[-133,347],[-199,-84],[-181,206],[-791,-1361]],[[24388,45896],[-189,-124],[-190,330],[-191,65]],[[23818,46167],[-18,273],[143,54],[34,-117],[30,424],[129,-142],[181,518],[-92,416],[-118,138],[87,365]],[[44310,74763],[384,-163],[214,-443]],[[44908,74157],[361,-375]],[[45269,73782],[-120,-324],[-510,-619],[-114,-71],[-390,214],[-571,-443],[-61,-172],[-190,-45]],[[20878,64923],[229,471],[491,316]],[[21598,65710],[307,-251],[2,-300],[265,-357],[-76,13],[-49,-284],[152,56],[350,-192]],[[22549,64395],[-120,-84],[-110,-554],[44,-206],[148,-119],[6,-279]],[[21849,62645],[-129,43],[-131,417],[-249,256],[-106,-176],[-158,80]],[[34076,51253],[-95,106]],[[33981,51359],[-68,490],[-286,521],[-53,363],[-262,-28],[129,717],[214,244],[-488,599],[179,789],[-227,227],[-40,245]],[[34080,62447],[349,-254],[-20,-166],[146,-137],[75,-353],[342,-312],[154,44]],[[35126,61269],[246,-246],[700,-289]],[[36072,60734],[151,-262],[607,-333],[326,-621],[188,-159]],[[37344,59359],[-200,23],[-222,-305],[-183,-47],[-202,-246],[-101,-333]],[[24998,86326],[137,432],[32,1429],[217,475]],[[21007,56234],[237,391],[61,375],[-442,910],[214,853],[181,210]],[[21258,58973],[189,1021],[210,127],[-146,902],[264,694],[-39,256],[150,418],[-37,254]],[[21849,62645],[60,153],[104,-36]],[[53407,65623],[-171,139],[-627,-374],[-106,61],[-362,-298]],[[50572,66864],[115,886],[-135,234],[-230,-33],[-249,157]],[[51840,68932],[51,-57],[-109,-447],[952,-105],[166,-191],[296,255],[10,-136],[177,-122],[777,416]],[[54204,68455],[-288,-1030],[149,-423],[-12,-509],[-359,-745],[-287,-125]],[[75041,31290],[122,-93]],[[40787,74945],[63,-184],[-78,-155],[-238,-210],[-94,99],[-155,-86],[-141,-374]],[[39532,73263],[-130,151],[-50,-252],[-87,-2],[-176,262],[115,731],[-86,236],[-185,98],[-144,-165],[-277,263],[-226,-120]],[[38545,75232],[70,-48],[403,652]],[[32487,87420],[-117,80],[-192,-355],[-176,105],[-15,271],[-117,-74],[-78,158],[-224,23]],[[31275,87635],[57,252],[240,122],[272,644],[216,63],[33,262],[205,233],[23,139],[-232,258],[353,430],[-22,104],[175,201],[212,-123],[327,205]],[[27084,97552],[316,162],[245,575],[246,251]],[[58338,93256],[-228,-349],[-47,-637],[-171,-74],[28,-232],[-74,-91],[100,-251],[-406,-467],[-174,198],[-77,-329],[147,-227],[-338,-311],[-441,-770]],[[56657,89716],[-218,197],[-168,-91],[59,354],[-172,198],[-50,263],[-136,-162],[-139,168],[-167,-278],[-236,493]],[[55430,90858],[-96,307],[138,198],[-125,174],[-48,382],[-552,227],[-342,-203],[151,267],[-16,280],[-355,69],[-123,-416],[-50,191],[-426,199],[53,748],[-170,-70],[7,-244],[-223,-261],[-174,339],[-182,41],[139,102],[12,207],[-277,-63],[-82,-177],[57,492],[-199,-289],[-104,154],[-84,-217],[-302,498]],[[52057,93793],[512,221],[491,-171],[367,185],[375,-202],[229,-325],[555,143],[71,337],[-385,671],[72,790],[206,101],[232,-200],[187,-387],[139,-631],[226,-123],[119,-378],[472,-399],[321,-37],[306,201],[118,310],[208,-73],[320,794],[11,636],[163,159],[307,-365],[161,-934],[388,-320]],[[58228,93796],[127,-156],[-17,-384]],[[51408,52379],[-61,461],[138,272],[156,67],[37,328],[119,138],[-66,166]],[[51731,53811],[145,62],[664,-574],[162,-669],[-12,-529],[369,-899],[-59,-223],[79,-903],[-272,-277]],[[52054,50527],[43,292],[-137,221],[-22,482],[-103,-2],[-354,477],[2,389],[-75,-7]],[[64708,18258],[-193,-188],[-39,-265],[-219,-108],[-129,-262],[-300,1],[-297,187],[-121,-225],[-138,-24],[-274,365],[-371,-144],[11,170],[-370,173],[-222,-194]],[[62046,17744],[-86,390],[70,214],[-264,376],[-92,-42],[34,157],[179,-38],[13,174],[87,22],[-138,542],[269,334],[-59,119],[85,314],[-245,661],[439,358],[344,631],[203,46],[-81,604],[140,280]],[[64309,23953],[167,155],[267,-70],[67,145],[272,46],[1,-140],[166,-60],[118,63],[1,156],[84,-54],[-7,-282],[599,421]],[[66044,24333],[425,-45],[252,-199],[137,99]],[[32630,96295],[-37,360],[101,165],[-84,586],[82,66],[6,464],[137,345]],[[32835,98281],[833,0],[593,-734]],[[34261,97547],[-130,-633],[8,-515],[-207,-171],[-21,-310],[-390,-210],[-8,-337]],[[33513,95371],[-222,-192],[-291,206],[-310,566],[-60,344]],[[20380,72399],[-310,423],[-165,57]],[[19905,72879],[-8,241],[205,615],[50,1306],[396,324],[242,872],[201,234],[274,-20],[404,675],[32,264],[282,-36],[230,598],[73,486],[-55,533],[-179,513],[-70,1246]],[[24702,79740],[-584,-1214],[-637,-732],[-116,-356],[-374,-557],[115,-525],[-130,-805],[-477,-126],[-178,-246],[-51,-418],[-263,-433],[-44,-445],[-337,-515],[-144,-943],[-421,-434]],[[12037,50531],[-303,25],[-512,379],[-332,-184]],[[10066,55067],[7,345],[153,117],[444,-200],[1131,-19],[355,361],[81,264],[200,68],[135,353],[170,16],[-22,299],[276,296],[263,-33],[223,-288],[92,427],[235,-55]],[[40730,83830],[45,-59]],[[41049,80287],[-794,-381],[14,-797]],[[40089,78568],[-482,932],[330,661],[24,241],[-311,245],[-129,-84]],[[39490,81902],[218,139],[226,449],[464,296],[124,828]],[[40945,86311],[33,-541],[163,-256],[60,-447],[-282,-493],[-189,-744]],[[40730,83830],[-208,-216]],[[40522,83614],[-154,187],[77,399],[-448,137],[-33,474],[-117,168]],[[65582,70176],[111,380],[140,-126],[120,265],[39,526],[196,470],[-54,193]],[[66134,71884],[141,202],[67,374],[306,386],[-9,-199],[214,-419],[423,563],[-56,201],[197,23],[219,365],[148,-50]],[[67784,73330],[21,-405],[141,-172],[-61,-206],[159,-190],[50,-372],[215,-158],[-137,-350],[55,-230],[-129,-232],[94,-254],[-42,-208],[303,-79],[220,154],[491,-162],[588,419],[138,251],[153,11],[111,405],[566,-75]],[[67859,66946],[-197,86],[-77,-130],[12,149],[-70,-78],[-160,198],[126,261],[-188,97],[27,334],[-143,80]],[[77693,36125],[51,-442],[-85,-373],[206,-485],[-145,-202],[172,-248],[284,36],[97,-304],[353,53],[225,-374],[31,-277],[-144,-78],[-26,-257],[-120,-130]],[[78592,33044],[-293,133],[-53,-74],[94,-228],[-140,-299],[11,-214],[259,-410],[-76,-859],[71,-271],[-165,-489],[241,-46],[-216,-896]],[[78325,29391],[-41,129],[-202,-134],[-38,105],[-64,-215],[-269,-203],[-159,71],[-94,-242],[-266,-100]],[[76233,33493],[78,151],[-65,380],[144,177],[39,363]],[[76429,34564],[116,62],[140,373]],[[67342,54822],[-407,164],[-115,-172],[-267,44],[-148,254],[-87,-224],[-99,74]],[[66219,54962],[-32,359],[-66,-164],[-133,-8],[-283,443],[-14,218],[146,250],[-168,197],[-76,-205],[-21,185],[201,261]],[[65773,56498],[220,28],[158,579],[-99,406],[19,916]],[[66071,58427],[347,103],[300,-350],[116,475],[316,347],[136,-327],[360,-304],[116,-248],[274,40],[290,-249],[186,18],[357,-379],[281,297],[321,15],[206,303]],[[69677,58168],[105,-354],[-185,-307],[-19,-308],[-182,-152],[32,-523]],[[69396,55791],[850,-374],[55,-190],[243,-49],[67,-311]],[[70611,54867],[-170,-348],[-161,-50],[-45,-302],[-199,-67],[-6,-182],[-133,31],[53,-100],[-284,-428],[41,-182]],[[67739,49974],[-73,-8]],[[67666,49966],[139,273],[-120,696],[-217,345],[-8,373],[-147,42]],[[67313,51695],[-277,175],[-100,-182],[-178,85]],[[66758,51773],[202,360],[98,692],[243,268],[141,1055],[-70,287],[-113,-9],[83,396]],[[67342,54822],[145,-135],[419,54],[0,-229],[217,-129],[-27,-234],[261,-619],[267,-123],[259,-364],[460,453],[72,-161],[88,100],[204,-196]],[[69707,53239],[133,-176],[-24,-409],[-97,-153],[79,-289],[-231,-360],[244,-789],[-82,-156],[-17,-528]],[[62475,44295],[136,-77],[-200,-1292],[-750,-136],[-136,-321],[-212,-95]],[[32923,80366],[133,437],[343,347]],[[34485,81279],[-125,-679],[46,-511],[-121,-387],[38,-135],[-135,-216]],[[71526,21760],[-193,245],[-113,427],[74,252],[-206,320],[258,441],[266,62],[91,255],[570,399]],[[72699,22735],[-1173,-975]],[[71541,46223],[-9,206],[290,339],[-66,65],[89,135],[-219,246],[1,164],[-113,28],[-6,262],[-110,53],[21,179],[-105,77],[7,479]],[[52070,74334],[256,-358],[-137,-322],[166,-466],[-136,-396],[115,-381]],[[50652,72032],[-123,441],[-174,2],[-172,504]],[[50183,72979],[-229,800],[-158,55],[38,117],[-503,212]],[[49331,74163],[-127,253]],[[35794,80642],[-73,796],[124,327],[-32,633]],[[35814,82421],[-156,248],[-66,415]],[[39166,83368],[-231,-902]],[[49996,81368],[92,-282],[-44,-295],[347,-492],[169,22],[-156,-683],[-10,-495],[-85,-105],[56,-217],[-286,-68],[-61,-268],[-253,60],[-69,-312],[-258,-294]],[[48324,79305],[441,535],[24,182],[-118,296],[117,180],[-64,238],[57,258]],[[49065,81476],[331,-496],[242,197],[194,-72],[62,246],[102,17]],[[17972,74160],[-10,-214],[147,-186],[-97,-287],[6,-950]],[[80895,44574],[326,687],[357,68],[212,-524],[230,211],[25,195]],[[82525,42818],[-166,-87],[-97,-272],[-687,-410],[-114,-305],[-240,-212]],[[65399,44084],[122,-191]],[[65521,43893],[109,-208],[394,-170],[-91,-379],[-220,-15],[271,-372],[29,-458],[-340,-151]],[[65673,42140],[-243,168],[-399,-821]],[[65031,41487],[-120,264],[-178,-23],[-799,835]],[[63934,42563],[-198,344],[214,157],[9,666],[-108,252]],[[53323,83581],[53,540],[-188,343],[22,290],[291,375],[25,345],[-273,262]],[[53253,85736],[-67,243],[-314,228],[-56,213]],[[52816,86420],[137,-163],[-9,288],[314,148],[199,-189],[85,247],[285,79],[162,814],[446,141],[120,198],[187,-91]],[[54742,87892],[188,-90],[199,134],[188,-130],[292,-604]],[[71834,44324],[2,-803]],[[71836,43521],[-248,70],[-526,-218],[-228,295],[-189,-23],[-132,-215],[-253,88],[-434,-200],[-190,260]],[[69636,43578],[-140,243],[240,261],[436,-144],[163,202],[-118,403],[-92,-124],[-183,70],[-81,718]],[[70098,45078],[212,-31],[78,162],[182,36],[119,-317],[261,70]],[[54204,68455],[-44,90]],[[54160,68545],[88,501],[191,130],[43,454]],[[54482,69630],[424,167],[210,482],[383,196],[290,-152],[46,260]],[[55886,70426],[63,-425],[237,-153],[-33,-128],[121,-188]],[[55243,67259],[-107,-211],[-199,10],[-31,204],[-702,1193]],[[20874,80667],[111,-581],[179,-205],[202,-909],[-307,-163],[47,-237],[-184,-150],[1,-333],[-319,-706],[-361,5],[-276,-355],[-94,-931],[-55,109],[-434,-172],[-165,-318],[-169,-26]],[[19088,76771],[90,-99],[104,744],[321,858],[127,172],[452,118],[44,252],[129,126],[-47,108],[108,528],[-162,271],[175,328],[-91,328],[536,162]],[[21191,47224],[-239,260],[-86,351],[-250,392],[-369,-104]],[[20555,50428],[598,180],[730,964],[112,61],[54,-208],[414,44]],[[22463,51469],[-379,-2071],[-270,-593],[-41,-410],[-205,-309],[-24,-308],[-132,-273],[-205,-109],[-16,-172]],[[18074,53707],[-308,-1725],[393,-445],[213,-50],[148,-534]],[[18591,48491],[-586,-673],[-368,60],[-310,-179],[-357,214],[-407,484]],[[87572,33609],[-397,-254],[-379,-915],[-142,152],[-165,-36],[-157,-241],[-332,-86],[-122,212],[-211,-139],[-23,-229],[-126,-148]],[[73694,38013],[67,89]],[[73761,38102],[283,-85],[400,384],[96,311],[-135,598],[234,96],[29,346],[108,-56],[77,153],[-42,257]],[[77050,40327],[-123,-511],[-103,26],[-243,-432],[-58,-481]],[[75384,37357],[-363,-214],[-244,-543]],[[74777,36600],[-238,768],[-220,56],[-127,-221],[-235,491],[-250,92],[-13,227]],[[38935,82466],[357,-185],[198,-379]],[[39490,81902],[25,-186],[-93,-182],[214,-220],[-115,-751]],[[39521,80563],[-597,-289],[108,-234],[-95,-148],[-103,-1262]],[[38834,78630],[-206,-411],[-70,457],[-94,70],[-312,-9],[-277,-184],[30,297],[140,158],[-234,332]],[[38092,80620],[-14,577],[207,-82],[463,348],[116,232],[-323,527],[394,244]],[[35333,83511],[259,-427]],[[35592,83084],[-123,-34],[-154,-384],[-282,-37],[-178,175],[-305,-344],[-119,-558],[54,-623]],[[34485,81279],[-70,105],[-370,-11],[-52,-117],[-275,255],[-319,-361]],[[33399,81150],[-61,432],[185,508],[-43,273]],[[33480,82363],[-120,290],[76,460],[-56,693],[238,195],[152,826],[-290,461],[-123,549],[54,861]],[[38092,80620],[-105,-879],[-117,-97],[-59,-304]],[[37811,79340],[-446,-168],[-291,132],[-317,-59],[-73,-292]],[[36610,80824],[285,315],[345,-484],[87,205],[196,-192],[82,180],[378,35],[109,-263]],[[40390,75646],[-104,-428],[-416,43],[-255,103],[-111,263],[-230,-44],[-256,253]],[[39018,75836],[82,136],[393,94],[77,590],[-55,146],[125,156],[-50,280],[110,443]],[[39700,77681],[220,220],[169,667]],[[40089,78568],[180,541]],[[40269,79109],[257,-60],[420,-662]],[[46075,18745],[-125,34],[-49,219],[-186,184],[-89,384],[-329,393],[-277,-223],[-296,114]],[[44724,19850],[-264,91],[-190,-229]],[[44270,19712],[-56,-96],[28,497],[94,48],[66,360],[170,54],[-174,438]],[[44398,21013],[602,16],[-1,-253],[258,156],[212,404],[288,238],[358,957],[1443,-8],[105,108],[368,-339],[-111,-244]],[[25326,88616],[-425,-161],[-85,-253],[-153,-62],[-169,150],[43,267],[-589,322]],[[31445,83272],[21,-389],[239,14],[83,-332]],[[31788,82565],[-281,-1015],[0,-483]],[[29925,81753],[87,120],[50,870],[75,85],[-61,509],[238,-267],[704,17],[305,233],[122,-48]],[[51753,65437],[290,-69],[98,-217]],[[52141,65151],[-46,-530],[-195,-123],[-51,-307],[-296,-250],[-67,102],[-27,-177],[-390,-23],[-212,-342],[-400,-240],[3,-302]],[[50460,62959],[-423,36],[-47,143],[-186,-5],[-52,-151]],[[49752,62982],[-132,233]],[[43475,87590],[88,-104],[6,-447],[249,-158],[-125,-435]],[[41857,85194],[-534,641],[-162,366],[-216,110]],[[40945,86311],[-278,242],[-81,441]],[[42484,90465],[133,-452],[286,-164],[-286,-631],[276,32],[69,-777],[171,-72],[245,256],[70,-29],[-176,-282],[122,-107],[9,-59],[-167,-153],[187,-154],[52,-283]],[[16289,73022],[403,-308],[-97,-271],[100,-183]],[[19088,76771],[-99,-645],[61,-431]],[[19050,75695],[-188,-680],[-355,-231],[-267,-370],[-86,-460]],[[18154,73954],[-182,206]],[[17972,74160],[-327,455],[-50,-92],[-27,126],[-299,153],[-128,-71],[5,150],[-198,176],[35,344],[-117,136],[-299,-34],[-118,-100],[-17,-198]],[[16428,75197],[-38,250],[536,1083],[718,-116],[229,279],[-17,233],[410,306]],[[18266,77232],[159,-59],[280,-583],[383,181]],[[46949,79641],[191,-586],[111,1],[-44,-212],[89,-32],[-3,-159],[189,-137],[16,-502]],[[47498,78014],[-349,-557],[-550,-403]],[[32731,79904],[-361,8],[-148,207],[-404,-308]],[[30996,80881],[160,-79],[351,265]],[[31507,81067],[569,-32],[278,-503],[192,87],[377,-253]],[[64354,46124],[354,405],[300,151],[286,-228],[273,137],[175,497],[181,-208]],[[45011,69795],[-358,-612],[-48,-301],[-163,-16],[-181,-225],[-61,-457],[-284,-658],[-428,-236],[-140,-297],[-113,-28],[153,-665],[158,-208]],[[42448,67059],[-175,989],[-124,259],[-433,227],[-420,-165],[-345,359]],[[41501,71453],[308,442],[130,-139],[329,99],[75,632],[185,81],[218,374]],[[43369,72481],[-56,-159]],[[43313,72322],[161,-597],[372,-132],[149,-496],[-94,-209],[108,-156],[1045,58],[120,-661],[-163,-334]],[[59469,85633],[230,-21],[32,-282],[244,44]],[[61434,83496],[-53,-192],[-122,149],[-253,-331],[12,-889],[-126,-237],[11,-642],[-364,-15],[-163,190],[-123,-96]],[[34076,51253],[80,222],[157,-53],[194,138],[-207,425],[172,395],[310,491],[314,-4],[72,145],[-235,1306],[310,5],[101,-207],[199,154],[181,-94]],[[36378,53798],[0,-1318],[-88,-396],[-106,-69],[54,-148],[-203,-738]],[[36008,50777],[-217,-275],[-213,0],[-405,293],[-227,-100],[-191,594],[-265,-278],[-194,260],[-220,-18]],[[41799,44360],[352,-120],[325,91],[75,-514],[250,-450],[-265,-250]],[[42536,43117],[-167,-308],[-383,-143],[-92,-281],[-82,167],[-215,-1244]],[[41324,41346],[-167,179],[-115,402],[55,182],[-311,718],[92,454],[-73,544]],[[47580,86283],[235,-432],[-162,-1007],[56,-486],[148,-124],[261,116],[125,-156],[71,-503],[-158,-442],[93,-202]],[[47139,81281],[-317,189],[-324,-1005]],[[44825,82013],[-72,60],[112,236],[-45,335],[-213,142],[-90,235],[59,774],[-96,160],[92,140],[-96,154],[262,118],[-205,244],[100,244],[-93,23],[61,336]],[[44601,85214],[208,-80],[132,126],[74,-375],[251,143],[165,-348],[162,-28],[165,-256],[183,267],[98,958]],[[46039,85621],[301,-176],[50,279],[107,85],[678,308],[36,143],[369,23]],[[41990,84660],[-133,534]],[[41857,85194],[343,-4],[216,309],[600,281],[677,666]],[[43693,86446],[356,-289],[75,-398],[284,-158],[-10,-194],[71,-17]],[[44469,85390],[-281,-717],[-229,-234],[-28,-257],[-310,-58],[-195,-264],[-474,-1]],[[33079,55526],[-49,146],[-213,-54],[8,166]],[[34206,59383],[500,269],[-125,-464],[15,-435],[-289,-148],[11,-298],[-217,-332],[212,-514],[-147,-187],[12,-447],[-223,-525],[-216,-69],[-253,-402],[-407,-305]],[[42511,93953],[74,-899],[391,-1151],[51,-493]],[[43027,91410],[-199,-151],[-344,-794]],[[42484,90465],[12,178]],[[59265,85060],[40,-683],[-320,-581],[265,-438],[-187,-659]],[[57528,81451],[16,923],[-231,205],[91,1151],[92,222],[-155,216],[-115,823]],[[70426,31352],[-113,158],[7,330]],[[70320,31840],[-1,1096]],[[70319,32936],[199,884]],[[32825,55784],[-115,-330],[150,-1003],[-259,-156],[-23,-239],[-391,-210],[-79,-450]],[[32108,53396],[-379,200],[-258,-41],[-228,253],[-196,-32],[21,1407],[226,564],[116,708]],[[24013,63377],[294,497],[64,569],[-165,621],[326,1060]],[[25711,68083],[132,329],[36,-311],[94,37],[-39,136],[73,95],[104,-9]],[[37398,42809],[-104,-141],[-219,190],[-55,-89],[-91,-512],[-340,-741],[24,-428]],[[36613,41088],[-377,-103],[-130,215],[-70,-96],[-294,250],[-52,263],[178,645],[-605,395],[-202,356]],[[31049,95406],[-347,68],[-211,-460],[-463,58]],[[29680,99881],[413,-267],[719,-1138],[172,-87]],[[30984,98389],[-16,-539],[-150,-311],[231,-2133]],[[16103,70356],[-117,-881],[88,-260],[186,26],[88,-368],[-490,-883],[-46,-293],[-211,-258]],[[19616,66728],[65,382],[175,188],[79,595],[237,667],[-154,925],[150,1581],[-75,465],[153,731],[134,137]],[[20380,72399],[172,-35],[70,-185],[301,85],[138,-273]],[[21061,71991],[126,-228]],[[21187,71763],[-53,-345],[136,-722],[-360,-777],[95,-2075],[-171,-352],[151,-598],[-367,-874]],[[20618,66020],[-88,203],[-556,118],[13,379],[-371,8]],[[42496,90643],[-327,-314],[-683,-1055],[-128,-407],[117,-653],[-91,-33],[-53,-302],[-342,-298],[-225,-508],[-178,-79]],[[40586,86994],[-211,139]],[[39031,90264],[56,79],[-116,72],[65,158],[-190,47],[-98,263],[20,417],[-83,88]],[[38685,91388],[21,238],[-366,162],[-85,255],[187,148],[-113,282],[-81,-33]],[[40811,92137],[139,-386],[222,406],[173,-125],[102,-285],[154,11],[9,-161],[413,-37],[-25,-409],[271,-62],[-39,-84],[266,-362]],[[47239,76231],[300,703],[408,443]],[[48450,76165],[-275,-738],[-375,-65],[-18,457],[-141,-143]],[[25679,86527],[101,208],[32,1812],[-428,115]],[[25384,88662],[-58,-46]],[[25326,88616],[-112,506]],[[27246,88202],[37,-877],[146,-541]],[[27429,86784],[-95,-253],[-171,15]],[[27163,86546],[-115,113],[-25,-263],[-44,172],[-111,-100],[-215,137],[-155,-325],[-173,106],[-18,-168],[-123,-85],[-19,151]],[[30740,43775],[139,-222],[78,761],[159,62],[-156,728],[118,655],[293,283],[53,279],[87,-18],[15,543],[299,779]],[[33381,47374],[176,68],[-132,-720],[54,-397],[170,-139],[-115,-770],[-119,-62],[29,-107],[-202,-327],[99,-483],[-90,-808],[93,-79],[-77,-203]],[[33267,43347],[-205,86],[-357,-334],[-374,105],[-231,-112],[-113,293],[-288,122],[-504,-353],[-197,5],[-258,616]],[[14942,71162],[232,-1088],[-365,-853],[69,-173],[-492,-376],[-224,-918]],[[13969,67713],[-151,97],[-99,-133],[-38,226],[-258,85],[-42,131],[-113,-47],[-129,321],[-75,-77]],[[12827,69280],[147,421],[228,251],[236,1243],[434,590],[86,302]],[[29728,51965],[100,-561],[250,-139],[43,-407],[-460,-85],[-38,-463],[-339,-539],[-100,-407],[-176,11]],[[29008,49375],[-142,212],[-570,196],[-341,673],[-357,-349],[-224,579],[29,368],[-125,7],[-252,-665],[-431,-349],[-103,-313],[-337,46],[-12,-234],[-194,-47],[-240,-505],[-127,31],[116,-277],[-192,-119]],[[25484,52519],[329,-277],[186,153]],[[28514,54903],[488,-357],[180,55],[106,-123],[136,188],[131,-133]],[[29555,54533],[148,22],[110,-719],[-171,-293],[66,-410],[-188,-372],[-46,-807],[254,11]],[[81885,35896],[190,67],[4,169],[221,-186],[270,208],[-16,131],[187,-84],[40,217],[283,361],[350,272]],[[84302,36311],[17,-211],[-120,25],[-11,-421],[213,-146],[226,124],[-183,-609],[-151,-126],[55,-611],[86,-181],[362,-107],[-12,-352],[149,-103],[23,-322],[94,-126],[-57,-447],[180,-111],[57,-360],[354,-25],[-66,-277]],[[85518,31925],[-149,-94],[-189,177],[-407,-581],[-225,119],[-411,-870],[-247,-132],[-326,-49],[-9,210],[125,265],[-174,152],[-332,28],[-28,-161],[-369,-135]],[[47947,77377],[19,162],[-149,35],[7,163],[-155,108]],[[47669,77845],[442,508],[158,745],[-56,180]],[[48213,79278],[111,27]],[[48324,79305],[192,-288],[91,92],[182,-191],[-14,-190],[89,55],[105,-322],[79,119],[139,-117],[-4,-180],[119,-45],[-31,-190],[80,-49]],[[48422,76344],[-110,35],[-40,305],[-211,149],[53,224],[-176,72],[9,248]],[[50292,31841],[-30,-199],[-70,93],[-49,-121],[-364,-34],[-251,156],[-220,-267],[-260,42],[-120,-151],[-392,-89],[-159,-524]],[[48377,30747],[-241,96],[-345,702]],[[47791,31545],[118,49],[-218,303],[-120,713],[-499,562],[-101,452],[-108,-21],[-37,230],[-112,51],[-7,175],[-788,1443],[179,1610]],[[46098,37112],[344,-220],[236,7],[409,280],[626,35],[397,252],[140,-431],[204,-186]],[[48454,36849],[461,-309],[261,10],[59,-404],[284,-10],[350,235]],[[49869,36371],[218,-489],[-91,-878],[-224,-77],[75,-225],[-45,-149],[119,-742],[308,-339],[-162,40],[58,-153],[-94,-452],[-161,4],[-56,-276],[101,-124],[241,111],[-97,-135],[8,-249],[159,-33],[66,-364]],[[28953,95406],[-173,-177],[-241,-586],[-40,-240],[38,-175],[58,63],[-8,-394],[-368,-370]],[[28219,93527],[-293,183]],[[27497,95978],[244,-124],[100,-379],[328,-312],[420,1034]],[[26727,63790],[-46,-238],[123,-257],[56,-529],[-114,40],[-228,-415]],[[26518,62391],[-410,-480],[-38,-238],[-141,-49],[22,-302],[-121,2],[-170,-256],[-170,35],[-155,-291],[-243,-60]],[[24274,61075],[-313,452]],[[24649,62527],[400,593],[309,109],[105,423],[87,20],[-374,527],[338,1572]],[[52317,38630],[-359,875],[-80,362],[61,304],[-158,636]],[[51781,40807],[293,158],[284,1211],[121,174],[148,-261],[190,117],[380,-138]],[[53197,42068],[-71,-281],[152,15],[-158,-93],[-25,-174],[60,-221],[107,60],[-197,-301],[167,-98],[-87,-200],[167,-31],[-225,-156],[26,-172],[274,-317],[93,68],[41,-216],[-72,-102],[270,-265],[-426,187],[-111,-236],[-131,-27],[-6,-278],[-728,-600]],[[57740,10591],[-229,464],[60,170],[-69,208],[127,218],[-6,208],[138,7],[141,338],[116,891]],[[60146,13192],[-178,-250],[-39,-396],[-244,-429],[36,-178],[-77,-159],[69,-129],[-304,-361],[-141,-701],[-94,-36],[-174,232]],[[59000,10785],[-257,-213],[73,-287],[-211,-271],[-272,220],[-20,208],[-284,-30],[-289,179]],[[34444,92793],[33,-259],[128,-151],[2,-942],[157,-417],[-94,-923]],[[66197,82937],[124,-140],[-80,-37],[-73,-525],[-204,-88],[-197,-441],[118,-423],[-147,-587]],[[65738,80696],[-264,-134],[-431,502],[-279,-96],[-146,-323],[-102,2],[-134,203],[42,362],[-277,10],[-474,322]],[[63673,81544],[-337,467],[163,105],[-24,235],[-255,76]],[[63220,82427],[122,511],[225,-87],[398,141],[51,222],[163,63],[60,525],[160,220],[-124,841],[268,429],[50,374],[168,252],[-53,466],[93,-117],[87,200],[35,-309],[121,179],[-2,-202],[152,196],[57,-277],[93,-84],[-72,142],[74,117],[-55,229],[162,-35],[37,-258],[67,122],[-66,175],[107,205],[54,-194],[80,123],[-1,-127],[141,-85],[-129,-137],[196,-16],[-308,-309],[171,63],[48,-161],[-117,-60],[39,-87],[131,53],[22,293],[149,2],[29,333],[58,-160],[144,148],[79,-178],[148,174],[119,-152],[16,164]],[[66667,86354],[73,-363],[-57,-81]],[[66683,85910],[18,-279],[-116,-106],[-48,-274],[-520,-140],[-565,-681],[335,-1025],[165,-15],[147,-425],[98,-28]],[[13958,72087],[140,1256],[-347,1205],[29,1075],[128,160],[468,66],[379,443],[193,914]],[[14948,77206],[88,-160],[38,82],[-8,-157],[109,62],[163,-243],[202,85],[64,-245],[163,-95],[52,-139],[-78,-206],[151,-264],[-77,-167],[144,-310]],[[14543,71405],[-279,199],[6,485],[-312,-2]],[[65919,45950],[-77,128],[81,800]],[[65923,46878],[185,236]],[[66108,47114],[104,-93],[34,145],[-80,121],[220,452],[184,-64],[50,252],[50,-125],[56,144],[164,-258],[-44,196],[67,69],[209,-128]],[[67122,47825],[331,176]],[[67453,48001],[156,-312],[-235,-90],[-41,-190],[-181,-148],[-6,-517]],[[67146,46744],[-78,-71],[28,-174],[126,-224],[-173,-432],[13,-293],[-217,169],[-396,37]],[[44242,50881],[-18,-332],[-300,-731],[-175,108],[-218,-198],[-554,-114],[-388,-630],[-337,-170],[-54,102],[-191,-238]],[[42007,48678],[-145,175],[-615,207],[-52,236],[-231,136],[-104,296]],[[40880,49863],[62,245],[368,-9],[79,206],[143,-115],[160,177],[234,-7],[129,280],[349,132],[82,214],[462,353]],[[40811,92137],[-270,-88],[-149,-338],[7,202],[-165,308],[-272,-173],[-164,224],[-81,-73],[-334,203],[-245,303],[-126,-42],[-61,223]],[[39076,97484],[690,253],[419,-152],[118,-101],[178,-633],[327,-370],[265,-116],[872,-78],[659,469],[461,-83],[110,-179],[-21,-438],[-159,-131],[-239,39],[-149,-229],[-111,-767],[15,-1015]],[[42511,93953],[-307,-54],[-161,-296],[-164,50],[-160,-206],[-836,284],[100,-516],[-189,-508],[17,-570]],[[48916,54505],[333,-915]],[[49249,53590],[-210,-174],[-100,-263],[29,-498],[-241,-788],[-157,-54],[-96,-221],[-406,40],[-206,-191]],[[47862,51441],[-380,78]],[[47482,51519],[112,391],[-131,117],[91,1025],[-338,328],[-80,-206],[-267,-115],[49,1077],[-253,-49]],[[46665,54087],[-197,244],[-107,-160],[-98,46],[-69,403],[-674,670],[-207,787],[232,409]],[[45545,56486],[19,-134],[467,-31],[825,1239],[139,473],[489,539]],[[47484,58572],[-47,-459],[234,-230]],[[47671,57883],[-133,-678],[345,-205],[69,-231],[-70,-398],[97,-231],[223,-114],[280,101]],[[48482,56127],[33,-386],[186,-314],[215,-922]],[[74504,45416],[-946,-42]],[[74166,47559],[176,-37],[52,-368],[659,-294],[89,66],[283,-378],[290,19],[22,-104],[-326,-409],[-143,-561]],[[34359,94536],[-56,-368],[171,-260],[30,-326],[-99,-335],[39,-454]],[[34444,92793],[-49,-379],[-150,-53],[-102,-431],[-182,-262],[42,-553],[-155,-353],[37,-172]],[[33845,90484],[-363,-194],[-348,135]],[[33134,90425],[-123,644],[-213,150],[123,484],[-743,419],[95,246]],[[32273,92368],[215,279],[274,-186],[225,161],[117,525],[450,291],[71,437],[573,375],[161,286]],[[61455,91078],[89,442],[-185,606],[300,751],[-187,311]],[[61472,93188],[302,162],[206,-49],[232,298],[122,491],[157,68],[99,817],[-371,840]],[[64600,93982],[218,-165],[230,-481],[305,-154],[86,-617],[257,-445],[-170,-758],[-340,-541]],[[65186,90821],[-311,349],[-227,-71],[-134,140],[-166,-159],[-170,102],[-44,-385],[-209,-21],[-385,-462],[-328,192],[-80,-91],[-45,120],[-377,-154]],[[62710,90381],[-713,474],[-380,10],[-162,213]],[[68754,47124],[127,397],[-83,300],[250,133]],[[69053,47969],[188,-322],[45,241],[338,-78],[-56,-442],[234,-224],[44,-323],[125,-68],[-14,-190],[162,-284],[-4,-415],[76,-69],[-127,-394],[34,-323]],[[70098,45078],[-237,129]],[[69861,45207],[-105,335],[-257,7],[-20,342],[-138,242],[74,118],[-74,270],[-587,603]],[[26736,45845],[31,-328],[-115,-518],[-396,-591],[-167,-44],[-538,306]],[[25551,44670],[-210,623],[-518,625],[-435,-22]],[[24388,45896],[28,238],[332,164],[467,537]],[[25215,46835],[54,-415],[139,-251],[308,-62],[149,-179],[335,406],[393,-213],[56,-272],[87,-4]],[[65513,17858],[-686,80],[-37,214],[87,64],[-169,42]],[[64708,18258],[-272,120],[-76,185],[268,184],[-125,330],[67,116],[504,177],[33,493],[-131,497],[60,442],[195,229],[-158,174],[-17,233],[90,270],[132,2],[-56,121],[60,439],[163,270],[189,71],[25,211],[829,583],[-28,514],[398,269]],[[66858,24188],[28,199],[195,68],[170,-426],[263,-140],[138,282],[406,-873],[145,-103],[114,215],[200,-218]],[[68517,23192],[-52,-215],[151,-274],[16,-286],[-167,-283]],[[67525,20731],[-130,-92],[-42,-213],[-207,56],[-41,-183],[-303,179],[84,339],[-107,3],[-154,-188],[20,-140],[-297,-107],[-58,-238],[-217,-178],[45,-309],[-191,-869],[34,-266],[-281,-78],[-86,-334],[82,-203],[-163,-52]],[[31690,68099],[-63,484],[233,681]],[[31860,69264],[210,488],[202,7],[310,334],[153,380],[336,159],[-44,204],[114,470],[-225,369],[7,547],[260,315],[17,590],[-100,186],[73,186],[11,810],[130,309]],[[34849,74059],[-416,-877],[78,17],[110,-470],[308,-360],[70,-516]],[[34999,71853],[-25,-505],[-160,-244],[-127,-663],[74,-944],[137,-100],[-307,-463],[17,-161],[-137,-121],[-397,-997]],[[34074,67655],[-505,-106],[-47,214],[85,365],[-470,113],[-27,421],[-844,-38],[-576,-525]],[[20055,83961],[-97,670],[308,1708],[402,331],[-206,249],[339,541],[106,418],[87,-25]],[[25070,81161],[-7,-553],[-361,-868]],[[24702,79740],[-136,226],[-228,-49],[-1553,1237],[-517,-594],[-286,170]],[[21982,80730],[98,708],[-90,899],[-110,81],[-180,675],[-343,658],[-10,621],[-374,92],[-918,-503]],[[57809,42009],[314,-335],[-76,-152],[197,-295],[-389,-35],[34,-365],[195,2],[26,-1443]],[[58110,39386],[-333,-29],[-107,-133],[33,-195],[-368,-143],[82,-356],[-108,-189],[-306,-78]],[[56466,40409],[206,255],[20,341],[343,16],[75,246],[225,62],[127,400],[148,-61],[37,308],[162,33]],[[67931,16662],[0,-4],[-2,-1],[-1,6],[3,-1]],[[68269,16993],[-18,-10],[-11,16],[32,23],[-3,-29]],[[68193,17237],[-1,5],[5,-2],[-1,-2],[-3,-1]],[[68221,17753],[1,7],[5,-5],[-2,-6],[-4,4]],[[68282,18080],[2,-2],[-3,0],[0,1],[1,1]],[[69422,19810],[-1152,-1450],[53,-300],[-249,-507],[100,-319],[90,-29],[-70,-280],[-786,-616]],[[67408,16309],[-46,267],[-223,1],[-176,280],[60,322],[131,147],[-138,94],[-87,385]],[[66929,17805],[125,244],[153,-50],[568,351],[205,587],[61,341],[-311,107],[-90,226],[314,789],[-117,-37],[-312,368]],[[67525,20731],[31,261],[253,177],[122,349],[-30,188],[231,107],[86,241],[247,80]],[[68465,22134],[109,-269],[299,-54],[55,-622],[-107,-293],[287,-530],[-9,-172],[323,-384]],[[68343,16967],[-1,9],[9,-1],[-3,-6],[-5,-2]],[[68287,17028],[-1,-6],[-4,-1],[1,7],[4,0]],[[68420,17452],[10,-1],[-24,-14],[3,23],[11,-8]],[[68449,17538],[1,-49],[-33,15],[5,35],[27,-1]],[[68507,17855],[-14,-15],[-4,22],[17,19],[1,-26]],[[28708,67841],[-172,-676]],[[27943,66347],[-63,-36]],[[26040,67944],[121,245],[-50,171]],[[26111,68360],[75,21],[-20,208],[311,185],[107,-145],[352,42],[102,276],[104,-43],[318,381]],[[27460,69285],[94,25],[218,-296],[210,10],[104,-412],[-70,-274],[173,117],[176,-218],[143,25],[133,-128],[67,-293]],[[64161,30909],[248,-1271],[207,-126],[74,-334],[112,-28],[150,-310],[-80,-255],[36,-428],[-172,-99],[177,-265],[224,54],[73,-238],[286,-177],[-476,-241],[-64,-229],[-383,-154],[-444,-451],[-60,-306],[132,-165],[-265,-1235]],[[58605,28228],[191,607]],[[61364,28705],[232,-652],[180,-36],[-248,-388],[-16,-290],[63,-140],[319,-93],[-31,-312]],[[83181,44391],[-40,94]],[[83762,45907],[179,140],[152,-55],[36,263],[446,153],[523,477],[198,405],[140,104],[109,-83],[175,276]],[[85720,47587],[-11,-143],[153,-31],[54,-321],[259,-252],[-80,-382],[76,-280],[590,-119]],[[46822,72752],[-441,371],[-81,208],[-305,-337],[-185,315],[1,271]],[[45811,73580],[486,161],[-55,762],[500,647],[110,-32],[-17,982],[255,-26],[149,157]],[[47239,76231],[155,-248],[-82,-162],[47,-115],[282,-30]],[[47641,75676],[-133,-439],[67,-333],[124,-95],[-134,-403],[97,-206]],[[72067,46415],[242,277],[268,-79],[-73,620]],[[73790,47154],[-29,-525],[259,-78],[-525,-817],[-24,-238],[87,-122]],[[73558,45374],[-34,-124],[-582,-306],[-260,447],[-207,-126]],[[15781,66761],[325,24],[27,-170],[175,-31],[65,-257],[385,-312]],[[13927,59425],[6,136],[-312,233],[-50,213],[-220,71]],[[89373,48819],[-512,80],[-53,-48],[109,-123],[14,-333],[-257,-19],[-115,194],[-208,-132]],[[88351,48438],[-224,46],[-59,247],[-271,135],[-177,370]],[[87620,49236],[86,77],[14,449],[918,577],[310,762],[290,182]],[[89238,51283],[160,-338],[-23,-462],[92,-374]],[[89467,50109],[-241,-384],[344,-494],[-197,-412]],[[78486,42539],[-82,-213],[-354,-222],[-184,-345],[17,-185],[-206,-199],[-28,-290],[-485,-328],[-45,-399],[-69,-31]],[[77050,40327],[-364,-155],[-155,426],[-309,-435],[-257,218],[-128,-138],[-166,312],[-261,-245],[-107,92],[-68,-253],[-424,-43]],[[74811,40106],[-752,151]],[[74059,40257],[457,398],[110,417],[-6,517]],[[74620,41589],[61,-65],[79,613],[139,269],[-40,209]],[[75006,42833],[309,-60],[124,144],[405,-375],[233,161],[47,-203],[404,-172],[45,158],[107,-124],[184,95],[344,-413],[185,221],[337,-21],[756,295]],[[61766,50481],[46,-393],[336,-370],[-4,-510],[154,-211],[-28,-399],[174,-534],[-47,-199],[-178,99],[-89,-114],[58,-85],[-56,-214],[124,-210],[304,459]],[[62560,47800],[107,8],[131,-595]],[[59239,44462],[-407,-430],[-287,129],[142,448],[-75,157],[-381,-170],[-13,-139],[-163,-97],[-178,2]],[[57877,44362],[-333,-117],[-108,-184],[-181,561],[-17,-356],[-163,-191],[-143,262],[145,77],[-8,263],[-127,242],[-285,96],[-85,269]],[[56572,45284],[174,110],[46,1282],[132,95],[20,256],[-185,276],[-439,-317],[-150,227],[-169,636],[114,661]],[[59302,49766],[384,118],[71,-232],[428,-69],[126,-296],[106,20],[-17,253],[240,180],[-71,323],[144,207],[129,-22],[-84,92],[42,177]],[[60800,50517],[144,71],[-57,128],[78,142]],[[43573,37869],[147,-777],[-220,-173]],[[41255,36234],[-107,102],[-157,-85]],[[39522,39786],[224,266],[65,-91]],[[39811,39961],[25,-181],[341,-71],[228,111],[235,-223],[22,217],[172,35],[156,429],[-22,960],[356,108]],[[41324,41346],[166,-114],[107,76]],[[41597,41308],[71,-509],[110,-183],[195,75],[196,-423],[75,17],[-7,-274],[476,-55],[312,133],[161,-414]],[[43186,39675],[25,-1111],[360,-342],[2,-353]],[[39711,57870],[-145,-173],[-209,260],[35,218],[-422,2],[17,288],[-139,370]],[[38848,58835],[-187,149],[-127,-164],[-49,270],[-205,78],[-123,231]],[[38157,59399],[52,239],[112,-25],[283,412],[156,-67],[222,204],[91,-105],[-19,283],[480,323],[-6,-355],[255,-290],[82,75],[32,602],[193,689],[134,36],[73,246],[906,943],[201,381],[23,323]],[[42130,63097],[-235,-613],[-209,-90],[-43,-154],[-60,-877],[175,-49],[114,-270],[124,21],[-32,192],[123,99],[131,-126],[72,159],[92,-66],[536,1121],[33,164],[-207,94]],[[43262,66098],[284,-6]],[[48960,75167],[-84,289],[-265,262],[21,246],[-182,201]],[[48450,76165],[-28,179]],[[48422,76344],[575,456],[354,1199]],[[49351,77999],[60,69],[27,-129]],[[49438,77939],[536,-524],[55,89],[22,-133],[182,28],[26,-181],[137,5],[364,-454]],[[68735,36411],[237,90]],[[68972,36501],[-33,-546],[69,-216],[258,203],[104,-113],[-42,-183],[-289,-172],[35,-151]],[[67859,34462],[16,654],[-73,221],[152,202],[-109,116],[-46,300]],[[67799,35955],[527,382],[409,74]],[[18730,56513],[188,-326],[18,-498],[-389,-408],[-64,-510],[-188,-212],[0,-338],[-73,11],[-32,-404],[-116,-121]],[[18074,53707],[-113,186],[-224,-63],[-208,-562],[-234,-256],[179,-1694],[-176,-343],[117,-194],[1,-259],[-325,-704],[-130,-802],[-398,-619]],[[16563,48397],[-385,18],[-624,-212],[-180,781],[-218,147],[-231,51],[-847,-319],[-261,72],[-185,270]],[[14814,50610],[260,22],[299,-526],[101,345],[232,25],[235,-144],[-63,-143],[120,-162],[361,-107],[25,146],[201,26],[157,305],[-21,262],[233,644],[220,126],[25,1617]],[[16872,55157],[338,363],[131,-73],[451,153],[43,248],[366,471],[58,332]],[[61815,58602],[-537,813]],[[61278,59415],[287,-143],[289,607],[-78,489],[421,182],[98,441],[263,355]],[[65862,60627],[172,-992],[-221,-156],[-149,-294],[173,-132],[-17,-252],[251,-374]],[[66071,58427],[-663,194],[-166,-281],[-252,-11],[-397,266],[-485,-126],[-296,206]],[[45036,52718],[130,-146],[29,-245],[-187,-666],[13,-237],[-130,-46],[-58,-282],[-164,-179],[-427,-36]],[[44242,50881],[-470,-170],[-824,628]],[[42948,51339],[-268,1111],[-9,572],[-285,205]],[[42386,53227],[-69,367],[422,420]],[[42739,54014],[122,-122],[218,145],[84,421],[236,323],[626,-770],[437,-99],[256,-824],[318,-370]],[[52264,77452],[356,571],[271,-43],[-63,443],[172,612]],[[54783,80357],[320,-214]],[[55015,75785],[-7,803],[-603,-34],[-313,102],[-241,343],[-301,33]],[[34386,78510],[164,20],[25,224],[116,-30],[341,1004],[203,64]],[[36422,79344],[52,-240],[210,-151]],[[36684,78953],[-357,-927],[49,-229],[-84,-206],[-421,-819],[-128,110],[-251,-257],[-135,-304],[-1,-374],[-155,-210]],[[31825,47625],[-124,502],[-579,-74]],[[31122,48053],[167,1462],[-107,508],[-314,256],[297,-47],[223,181]],[[31388,50413],[412,-303],[398,668],[313,-327],[164,-7],[189,-870],[340,334]],[[33204,49908],[419,-654],[97,-450],[-182,-623],[28,-188]],[[33566,47993],[-185,-619]],[[33381,47374],[-257,285],[-250,-130],[-403,202],[-240,-28],[-187,172],[-97,4],[-122,-254]],[[75542,31989],[-91,146],[39,499],[-153,229],[22,226]],[[75359,33089],[142,132],[266,-16]],[[35813,82398],[1,23]],[[35814,82421],[11,259],[208,342],[373,-132],[12,262],[287,413],[131,515],[585,-940],[-176,-1643],[-254,-102],[-648,268],[-159,708],[-371,27]],[[33323,63477],[165,-336],[474,-371],[118,-323]],[[34080,62447],[-248,-630],[-39,-392],[92,-386],[116,-42],[102,-499],[-36,-365],[189,-301],[-50,-449]],[[34206,59383],[-432,330],[-168,-146],[17,-483],[-414,-1089],[31,-490],[-386,-738],[135,-607],[-164,-376]],[[32825,55784],[-154,-85],[-305,317],[-118,-167],[-341,521],[-497,85]],[[31410,56455],[-69,118],[-149,-87],[-303,331]],[[31573,60922],[159,2111]],[[41558,63233],[-131,80]],[[41427,63313],[-109,109],[-72,548],[-137,182]],[[41109,64152],[-36,158],[227,247],[-72,381],[107,174],[59,535],[190,73],[78,420],[561,303],[254,444],[-29,172]],[[42448,67059],[427,-750]],[[57777,79916],[-684,-1193],[10,-302],[134,-156]],[[55711,76522],[-102,746],[79,392],[-527,1887],[-58,596]],[[55103,80143],[158,53],[436,-315],[248,33],[580,-564],[160,445],[582,544]],[[29517,89049],[430,-392]],[[29742,87333],[-485,-241],[-149,51],[-250,-218],[-191,96],[-105,-443]],[[28562,86578],[-357,237],[-163,-164],[-271,290]],[[27771,86941],[87,354],[272,430],[87,328],[-31,505],[135,362]],[[28321,88920],[377,369],[364,-314],[292,219],[163,-145]],[[36850,92558],[112,702],[-178,912],[134,555]],[[38617,92993],[-37,-134],[-61,115],[-284,-236],[13,-298]],[[38248,92440],[-439,-130],[14,-393],[-346,-358],[29,-274],[-661,-354],[-83,20],[-56,338],[300,633],[-156,636]],[[27891,98540],[443,834],[845,336],[302,289],[199,-118]],[[29680,99881],[-247,-543],[-59,-486],[89,-450],[142,-202],[99,-616],[-53,-89],[174,-233],[-64,-406],[151,-182],[0,-333]],[[28965,95523],[23,243],[-310,489],[-89,-58]],[[28589,96197],[-86,541],[-159,198],[-203,837],[-240,355],[-10,412]],[[55553,37409],[-184,167]],[[54591,38752],[340,229],[149,556],[-23,424],[-96,23],[28,157],[-73,76],[257,154],[-21,169],[120,-79],[50,256]],[[55322,40717],[558,-209],[-6,140],[264,176],[328,-415]],[[56466,40409],[84,-422],[-134,-129],[-8,-233],[558,-417],[-139,-559],[-281,-292],[-81,-255]],[[63493,40458],[187,-340],[-128,-519],[49,-353]],[[63601,39246],[-6,-457],[-107,93],[-119,-105],[189,-482],[-127,-342],[209,-427],[124,-588],[-237,-356],[78,-725]],[[61965,35411],[-109,26],[47,282],[-84,31]],[[61819,35750],[35,369],[-271,354],[-107,383],[79,520],[-132,106],[-31,1062],[-133,106],[-15,185]],[[62595,40628],[177,-192],[138,-407],[167,-54],[2,325],[414,158]],[[64445,63067],[-607,-319],[-75,-367],[119,-172],[-100,-76],[-39,-413],[-732,-8],[-169,-134],[-123,96],[-161,-328]],[[62558,61346],[-171,185],[141,238],[44,591],[-365,300],[-131,451],[346,472],[-2,157]],[[87008,44858],[-86,177],[-162,-111],[34,201],[131,83],[-116,134],[3,306],[-85,-63],[-171,262],[205,212]],[[86761,46059],[503,-253],[-9,-351],[83,-106],[280,37],[142,178],[214,-144]],[[87974,45420],[-164,-591],[-290,94]],[[42451,77961],[-48,-291],[290,-980],[-31,-244],[-232,-125],[-35,-476]],[[41493,74887],[-92,73],[-24,-151],[-180,43],[-139,-180],[-271,273]],[[40787,74945],[-5,311],[-392,390]],[[40390,75646],[146,99],[120,684],[149,143],[-56,837],[197,978]],[[40946,78387],[792,448]],[[41738,78835],[171,-418],[245,28],[297,-484]],[[22655,62316],[-319,-127],[-88,301],[-177,38],[-58,234]],[[22013,62762],[153,243],[351,148]],[[22517,63153],[126,162],[85,679],[756,-292]],[[55886,70426],[-51,157]],[[55835,70583],[-367,943],[55,904]],[[55523,72430],[61,883]],[[55584,73313],[214,-103],[284,207],[109,-118],[166,-643],[806,5]],[[57163,72661],[-316,-514],[-104,-588],[26,-243],[164,-44],[-211,-269],[-116,-370],[-64,518],[-656,-725]],[[75074,24369],[92,-356],[-73,26],[-101,-298],[-2,259],[-98,60],[-417,-95],[-1776,-1230]],[[72699,22735],[-82,153],[148,660],[-117,117],[221,503],[-43,221]],[[48135,45043],[251,333],[66,274],[-44,886],[93,67],[170,-258],[282,144]],[[50764,44897],[-647,43],[-395,348],[-34,-283],[-221,-193],[-63,-278],[-341,211],[-259,-205],[-316,371],[-353,132]],[[43139,59407],[-499,-159],[-149,-305],[-246,-24],[-287,-335],[54,-213],[-133,-50],[-72,-286],[-159,-62],[86,-201],[-289,-133],[-275,-1039],[-370,-725]],[[40800,55875],[-74,-70],[-331,261],[-177,729],[-212,146]],[[40006,56941],[76,511],[-435,140],[64,278]],[[39711,57870],[24,225],[414,292],[109,254],[552,38],[65,343],[928,-35],[51,391],[149,-70],[34,435],[128,43],[10,376],[354,-194],[50,-172],[233,-8],[77,-218],[250,-163]],[[14214,53784],[277,892],[193,228],[53,468],[211,-120],[173,114],[37,628],[-210,306],[100,291],[255,108],[25,273]],[[17170,62872],[546,-282],[1138,-130]],[[18843,62398],[27,-782],[-67,-259],[-442,4],[-8,-424]],[[18353,60937],[-81,115],[-605,-2613],[-140,-164],[-365,-47],[-42,-446],[-248,-138],[-54,-171],[-174,-2378]],[[10797,60223],[-49,-348],[-455,-508],[-43,-229],[227,-268],[-15,-151],[-316,-622],[-61,-597],[-217,-185],[-28,-287],[101,-338],[-258,-21],[220,-457],[-74,-357],[137,-243],[-349,-205],[-210,262],[-184,-367]],[[7307,56875],[537,782],[131,409],[215,218],[247,528],[178,527],[225,1357],[196,537],[1240,1722],[73,568],[254,783],[237,269],[405,174],[305,559],[315,1152],[-230,941],[-385,601],[286,885],[176,214],[689,-239],[426,418]],[[12827,69280],[-40,-579],[228,-28],[49,-357]],[[13064,68316],[-408,-3941],[-424,-623],[-581,-506],[-354,-782],[-130,-126],[-165,86],[-205,-2201]],[[19193,60171],[-37,285],[330,321],[-20,312],[425,572],[44,826]],[[19747,64238],[146,60],[109,349],[409,539]],[[20411,65186],[147,-385],[320,122]],[[20878,64923],[202,-141],[-138,-266],[49,-144],[-195,-273],[7,-229],[192,-126],[81,-479]],[[21076,63265],[-48,-185],[-130,22],[43,-75],[-203,-324],[12,-318],[-147,0],[107,-405],[-176,-203],[-24,-273],[100,-148],[-92,-124],[-39,-558],[-142,-191],[123,-298],[-134,-446],[28,-343]],[[20354,59396],[-205,-747],[-141,-177],[44,-594]],[[19118,56549],[-221,96],[-167,-132]],[[18730,56513],[-471,138]],[[18259,56651],[-87,367],[1,958],[398,207],[164,594],[178,46],[60,178],[-84,264],[304,906]],[[13969,67713],[193,41]],[[14162,67754],[232,-80],[134,-226],[249,8],[90,-223],[436,294],[298,-88]],[[15601,67439],[125,-137],[-35,-330],[90,-211]],[[15781,66761],[-45,-1001],[-205,-456],[104,-645],[-90,-278],[-317,-391],[45,-403],[-83,-397],[-156,-184],[-64,-553],[-203,72],[-84,-203],[15,-389],[-260,-296],[-194,-642],[-197,-246],[-313,-59],[-187,-471],[-196,-141]],[[13351,60078],[-536,293],[-193,406],[-366,117],[-109,223]],[[12147,61117],[-82,130],[303,516],[445,110],[333,1409],[221,122],[291,1032],[-22,310],[-124,193],[29,330],[169,536],[215,298],[236,1029],[-192,581]],[[36507,71753],[297,712],[-168,729]],[[37592,72802],[3,-328],[201,-534],[179,178],[129,-34],[36,-463]],[[38140,71621],[-198,-228],[-13,-373],[81,-58],[-179,-413],[166,-316],[-71,-207],[116,-231],[-40,-135],[-492,-946],[-100,-506],[-385,-77],[-97,119],[-91,-142],[-117,-648],[-214,-439],[-64,-991],[-225,-145],[-152,188],[-341,-613]],[[35724,65460],[-294,175],[-329,-52],[-70,129],[-88,-166],[-143,109],[-150,-123],[-60,137],[-113,-104],[-513,304],[-134,-135],[-280,128]],[[33550,65862],[86,1129],[227,191],[211,473]],[[34074,67655],[28,-345],[114,-121],[223,371],[391,-30],[149,227],[289,22],[229,415],[208,-57],[138,546],[-88,72],[-5,217],[221,752],[220,14],[7,449],[108,219],[-83,678],[284,669]],[[55553,37409],[771,548],[9,151],[132,-6]],[[56465,38102],[538,161]],[[57003,38263],[53,-341],[199,-14],[-28,-724],[144,139],[292,-60]],[[56173,35588],[-95,317],[122,165],[-5,332],[-118,153],[-120,-45],[-76,337],[-332,342],[4,220]],[[29332,57469],[-432,-1223],[-310,-231],[-76,-1112]],[[28514,54903],[-141,-161],[-183,21],[-346,127],[-60,142],[-31,-259],[-212,-174],[-246,159],[22,368],[-245,-462],[51,-400],[-51,-539],[-98,-161],[18,-528],[-267,-73],[-381,-520],[-345,-48]],[[25999,52395],[-36,417],[268,504],[-81,609],[123,831],[474,916],[-138,293],[-24,289],[89,61],[-79,288],[144,221],[-97,361],[144,267],[38,348],[-173,760],[228,840],[-11,403]],[[31700,65408],[166,-527],[152,-29],[293,-402],[323,-1],[114,-219],[139,-16],[436,-737]],[[33323,63477],[-362,-756],[-724,-15],[5,-132],[-384,-428],[36,730],[-162,157]],[[31732,63033],[-382,-299],[-180,118],[-31,477],[-162,336]],[[30977,63665],[96,234],[-4,727],[238,688]],[[31307,65314],[393,94]],[[92371,52528],[123,-58],[279,303],[29,184],[564,-209],[245,-334],[171,-595],[-81,-295],[143,-166],[-44,-384],[168,66],[144,-191]],[[94112,50849],[-107,-230],[-203,-91],[-29,-280],[-154,-129],[-3,-234],[-79,-60],[-103,146],[-461,-292],[18,-182],[-315,-302]],[[92308,49401],[-31,775],[221,-36],[54,213],[-255,467],[112,283],[-133,354],[37,816],[-67,168],[125,87]],[[30889,56817],[-171,-118],[-60,168],[-325,-28],[-359,393],[-111,-154],[-157,15]],[[29706,57093],[-374,376]],[[29332,57469],[-285,287],[-116,450]],[[29348,58753],[126,91],[715,-103],[370,309],[366,-72],[-5,947],[343,164],[86,224],[-50,294],[274,315]],[[31573,60922],[300,-194],[83,-227],[-1,-194],[-183,-136],[71,-267],[-327,-242],[36,-296],[236,-7],[71,-164],[-338,-595],[133,-525],[-80,-328],[-685,-930]],[[62595,40628],[-224,-57],[-19,-118],[-368,192],[-203,-234],[-305,80]],[[60900,42319],[148,239],[154,-249],[78,192],[33,-127]],[[61313,42374],[173,-176],[71,86],[-21,-242],[245,68],[45,-163],[31,110],[333,3],[-144,157],[8,88],[323,-38],[89,-366],[-160,-492],[289,-781]],[[25484,52519],[-159,-319],[-16,-516],[155,-154],[-50,-317],[-247,-494],[180,-376],[-125,-450],[153,-206],[-76,-568],[207,-490]],[[25506,48629],[-57,-242],[-346,63],[-28,-110],[-187,216],[-67,-123],[-240,311],[-45,-171],[-124,54],[6,-334],[-84,-151],[-108,64],[-32,-110]],[[24194,48096],[-51,487],[-172,411],[-42,709],[-156,288],[114,400],[-156,510],[-300,-100],[-249,355],[116,235],[-45,180],[120,145],[-500,-12],[-410,-235]],[[22463,51469],[-46,1450],[73,334],[-156,556],[125,162],[169,-39],[124,276],[-45,1330],[460,802],[-151,189],[91,738],[547,701],[-109,286],[34,503],[121,224],[146,4],[55,490],[-82,848],[172,462],[213,22],[70,268]],[[24274,61075],[818,-323]],[[25092,60752],[659,-495],[1068,-333]],[[26875,59810],[-7,-7]],[[26868,59803],[-187,-412],[-336,-250],[-85,-464],[-199,-105],[112,-215],[-619,-2439],[-174,-18],[-25,-496],[-207,-277],[183,-1014],[-72,-244],[-210,207],[-413,-122],[-333,-1366],[145,-361],[450,428],[294,-131],[254,145],[38,-150]],[[86370,37089],[-189,217],[-153,-65],[19,-118],[-264,-118],[-12,-251],[-115,272],[-119,-115],[67,-242],[-206,133],[30,-442],[-159,251],[-166,-6],[-87,-193],[-75,204],[-114,-326],[-168,121],[-166,-219],[-191,119]],[[84302,36311],[-38,172],[-850,568]],[[83414,37051],[20,206],[353,582],[-157,511],[51,244],[-154,7],[-60,155]],[[83467,38756],[275,270],[-47,124],[122,189]],[[19642,54391],[67,425],[-124,380],[15,370],[-482,983]],[[19118,56549],[316,96],[129,385],[182,75],[205,357],[102,416]],[[20052,57878],[323,-552],[84,-639],[197,-239],[199,44],[152,-258]],[[21007,56234],[279,-844],[-153,-1568]],[[43546,66092],[78,298],[490,110],[130,-205],[-12,-373],[137,-460],[392,-802]],[[44761,64660],[-31,-222],[-262,-259],[-228,-910],[-7,-590],[318,-1094],[-214,-456],[277,-874],[-230,-629],[43,-324]],[[44427,59302],[40,-209]],[[44467,59093],[-334,-73]],[[44133,59020],[-121,122],[-184,-76],[-90,155],[-153,-85],[-258,312],[-188,-41]],[[43139,59407],[88,219],[-96,85],[131,105],[-139,265],[101,270],[-73,198],[32,338],[85,92],[-108,185],[75,224],[-84,96],[48,219],[-65,139],[81,61],[-211,391],[261,95],[-47,325],[196,-13],[224,609],[7,270],[172,128],[-86,328],[138,303],[-153,248],[71,88],[-87,243],[122,450],[-46,278],[-230,446]],[[60146,13192],[-151,18],[2,173],[-339,369],[-78,297],[-439,147],[-191,-195],[-389,-70],[19,-189],[-200,-17],[-362,-630]],[[58018,13095],[-245,19],[27,-171],[-155,-44],[-82,193],[-229,89],[151,223],[-144,332],[274,72],[81,133],[-446,-68],[-163,232],[-155,-198],[-197,108],[-398,-163],[-182,85]],[[56155,13937],[116,533],[211,308],[397,72],[-12,242],[87,111]],[[59337,18037],[242,-80],[273,-492],[414,-258],[373,340]],[[60639,17547],[462,-1319],[-35,-730],[145,-120],[65,-247],[-657,-661],[-102,-939],[-160,35],[-51,-256],[-160,-118]],[[62589,83055],[-209,-135],[-57,265],[-102,-23],[29,-299],[-321,-62],[6,210],[-128,53],[-21,252],[-256,-148],[63,456]],[[62371,85962],[240,-33],[121,178],[162,-268],[141,109],[222,-266],[16,-416],[555,-227],[32,-221],[-276,-300],[79,-413],[-571,-345],[-245,-575],[-217,6],[-41,-136]],[[47031,14368],[10,-147],[-98,17],[-123,-260],[-69,-412],[-254,-315],[417,-261],[63,-192],[-110,-214],[41,-322]],[[46908,12262],[-18,-157],[-318,187],[-208,-219],[-13,186],[-286,148],[-35,191],[-206,-92],[45,381],[68,22],[-60,83],[-153,-168],[-242,104],[-11,-116],[91,24],[-51,-331],[-267,-447],[-207,228],[-193,-166],[-95,129],[-67,-245],[-517,295]],[[44165,12299],[-18,286],[98,286],[-232,541],[85,252],[138,11],[-1,162],[200,17],[51,440],[-155,-21],[110,159],[8,276]],[[44449,14708],[505,8],[215,-292],[176,-16],[311,124],[258,485],[102,-150],[115,87]],[[46131,14954],[37,-199],[863,-387]],[[53846,60380],[175,115],[-93,55],[38,321],[-92,155],[387,1086]],[[54261,62112],[105,-14],[179,-572],[277,-64],[190,-675],[146,64],[91,-149]],[[55249,60702],[261,-612],[289,-306],[177,-630],[109,-33]],[[56602,58884],[13,-998],[-157,-392],[-252,-113],[-273,-413],[-335,-56],[-460,301],[-247,329],[-199,-193],[-449,75]],[[54243,57424],[75,391],[-130,493],[95,97],[-239,142],[93,263],[-148,72],[-92,311],[-130,-139]],[[46075,18745],[569,1131],[451,475],[-86,177],[193,165],[-7,406],[177,316],[473,-199],[107,135],[-72,120],[116,439],[-76,138]],[[47920,22048],[252,153],[371,-256],[272,319],[134,5],[397,-189],[267,-381],[106,76]],[[49719,21775],[-103,-220],[405,-317],[-23,-227],[108,-247],[-271,-678],[141,-178],[-105,-592],[160,-193],[12,-184],[-168,-376],[20,-171]],[[49895,18392],[-291,-428],[-51,-273],[140,-206],[-40,-117],[-259,-46],[-76,155],[-159,19],[-137,-182],[-166,357],[-258,-29],[-67,207],[-334,23],[-463,373],[-286,-141],[-217,313],[-779,19],[-154,-377],[-121,42],[-102,644]],[[61403,87414],[-210,709],[-354,256],[442,370]],[[61281,88749],[299,253],[209,34],[13,-111],[211,192],[348,-83]],[[62361,89034],[139,-70],[-121,-530],[71,-456],[240,-110]],[[62690,87868],[-98,-570],[-324,-167],[-164,-271]],[[34658,46094],[-16,43]],[[34642,46137],[301,1153],[107,136],[14,499],[486,136],[165,236],[132,-50]],[[16111,63323],[905,1190],[-318,789],[60,713]],[[16758,66015],[128,-137],[233,106],[68,-146],[391,16]],[[17578,65854],[282,-311]],[[17860,65543],[-9,-301],[-143,-127],[-79,-308],[-16,-337],[96,-234],[-317,-1102],[-222,-262]],[[17170,62872],[-124,-302],[-34,-598]],[[52286,19616],[-115,335],[37,344],[-125,-60],[-3,241],[170,487],[138,18],[12,133]],[[52400,21114],[-94,403],[218,985],[-39,511],[405,153],[293,-128],[529,342],[69,-392],[-187,-171],[41,-394],[-64,-121],[158,-478],[-56,-163],[201,-256],[-160,-248],[157,-277],[-34,-389],[166,-304],[-65,-174],[78,-122],[-110,-77],[18,-199],[-103,-166],[143,-159]],[[53964,19290],[66,-259],[-191,36],[-86,-223],[-205,-123],[-123,32],[40,357],[-384,172],[-259,-391]],[[52822,18891],[-66,-33],[-194,399],[-48,289],[-228,70]],[[75163,31197],[5,1]],[[74145,29394],[535,728],[165,-125],[210,226],[-72,489],[180,485]],[[60913,74613],[-103,-290],[-323,-238],[-400,-694],[-478,-399],[-126,-211],[-30,-444],[-154,95],[-147,-449],[-383,-286],[-314,21],[-301,-193]],[[58154,71525],[-156,209],[-224,-41],[-51,251],[-198,45],[-37,279],[-118,16],[-145,293]],[[57225,72577],[924,906],[-184,329],[-99,659],[-130,61]],[[58534,76971],[564,-70],[480,115],[-70,-466],[325,101],[-78,-243],[106,-278],[382,-160]],[[60243,75970],[313,-215],[266,242],[230,-530]],[[42696,26288],[-94,48],[-361,-287],[-78,124],[-186,-141],[-850,-5],[-250,-234],[-525,225],[-260,-178]],[[40092,25840],[-110,-243],[-277,132],[28,133],[-256,320],[42,350],[-131,-224],[-191,397],[30,201],[-123,96],[171,88],[-141,133],[239,-51],[-71,214],[342,212],[31,446]],[[39675,28044],[259,-1],[185,-235],[186,130],[-60,240],[110,-47],[314,320],[583,-256],[394,477],[27,-253],[217,235],[51,-101],[-67,-93],[320,-200]],[[42194,28260],[-89,-45],[215,-196],[33,-263],[208,-271],[-95,-436],[-172,-122],[-54,-197],[122,-247],[334,-195]],[[62219,95815],[-2,299],[-76,47]],[[62141,96161],[101,169],[354,25],[449,386],[490,-967],[-221,-226],[62,-415],[377,-567],[340,-17],[177,-364],[330,-203]],[[64600,93982],[-165,-305],[71,-313],[-133,-230],[-117,-147],[-2,281],[-258,-141],[77,317],[-247,79],[-117,510],[-247,-169],[-37,181],[-96,-252],[-114,50],[43,209],[-204,-142],[247,448],[-245,-45],[-13,132],[134,89],[-130,64],[219,211],[-236,-9],[65,100],[-142,-33],[46,113],[-85,1],[32,190],[154,-15],[-98,79],[72,83],[-112,23],[59,223],[-40,222],[69,36],[-34,246],[-133,-76],[116,-426],[-176,5],[138,-160],[-127,-202],[-221,249],[-15,-235],[-69,33],[-140,421],[-170,138]],[[55199,66389],[44,870]],[[55243,67259],[240,898],[318,217],[-1,185],[231,155],[243,818]],[[56274,69532],[189,71],[22,-250],[122,-87],[-84,-99],[149,-90],[-40,-198],[155,38],[-53,-234],[58,-219],[177,101],[33,-479],[203,-104],[20,-205],[-125,-67],[118,-75],[-11,-189],[93,161],[203,-209],[101,138],[145,-135],[-41,114],[132,86],[-48,133],[125,64]],[[57917,67798],[164,-242],[84,179],[51,-179],[7,142],[35,-99],[78,91],[205,-377],[-100,-156],[192,2]],[[26727,63790],[-656,1188],[-174,27],[-216,289],[-167,477]],[[25514,65771],[-16,201],[144,109],[87,550],[348,968],[-37,345]],[[26040,67944],[206,84],[78,-144],[106,113],[-16,-238],[128,110],[298,-90],[4,-152],[419,-349],[204,-333],[61,-486],[159,-106],[104,243],[22,-308],[67,23]],[[27880,66311],[63,-552],[-266,-746],[-18,-633],[-515,-168],[-43,-249],[-94,-57],[-155,337],[-125,-453]],[[63029,55798],[81,-906],[-60,-195],[66,-82],[-246,-1192],[240,-443],[-53,-192]],[[61991,50757],[-225,-276]],[[61766,50481],[-108,26],[-163,-206],[-267,79],[-263,478]],[[60965,50858],[-62,136],[237,587],[-28,236],[-196,175],[103,428],[-180,944],[-412,23],[-210,810],[-270,113],[-165,-216]],[[59782,54094],[-55,130],[284,298],[53,269],[239,-7]],[[60303,54784],[468,-589],[422,-7],[204,658],[236,358],[5,523],[1391,71]],[[62612,44913],[-146,-324],[9,-294]],[[62475,44295],[-367,-449],[-634,179],[-134,-437],[-105,267],[-185,-131],[-607,4]],[[60817,45866],[418,193],[238,-420],[204,110],[-66,181],[108,162],[469,363],[242,-232],[62,253],[254,-37]],[[74660,28544],[114,113],[26,436],[199,222],[160,-1],[-3,260],[223,3],[107,-169],[167,27],[64,206],[40,-78]],[[36918,94727],[-196,166],[-2,311],[-170,68],[-40,263],[-210,54],[-148,-288],[-191,85],[-20,896],[92,128],[-179,357],[-51,408]],[[35803,97175],[565,-173],[227,242],[590,159],[1560,-139],[331,220]],[[39076,97484],[216,-507],[20,-289],[141,-120],[328,-934],[7,-413],[-19,-415],[-163,-293],[-170,-38],[-202,186],[0,-698],[-283,-1077]],[[38951,92886],[-301,-68],[-33,175]],[[38617,92993],[-52,294],[-291,3],[61,291],[-233,172],[15,205],[-127,76],[-152,-172],[-162,146],[-131,461],[-302,215],[-147,-195],[-110,275],[-68,-37]],[[3864,49286],[-571,208],[-480,-197],[-742,760],[-532,-87],[-1144,-1270],[-146,-307],[-249,864],[25,264],[381,836],[664,506],[176,493],[1573,926],[665,1133],[1153,1142],[445,205]],[[5571,52998],[-249,-529],[-322,-200],[-338,-490],[-264,-749],[-176,-239],[-358,-1505]],[[87008,44858],[87,-20],[-61,137],[120,202],[366,-254]],[[87520,44923],[-40,-129],[135,-282],[-13,-210],[176,-178],[-228,-291],[84,-226],[-102,-68],[-22,-214],[237,-1198]],[[87747,42127],[-407,-342]],[[87194,41818],[-245,217],[-56,347],[145,325],[-196,551],[78,583],[-245,715],[333,302]],[[24722,69326],[-82,362],[-168,176],[46,115],[-91,223]],[[24427,70202],[202,83],[104,202],[244,-40],[236,492],[263,132],[118,334],[181,73],[60,489],[329,917],[15,103],[-114,-130],[-64,202],[148,884],[270,276],[111,336]],[[26530,74555],[82,-167],[-22,-293],[-118,-62],[-125,-326],[-17,-309],[378,291],[288,-284],[-12,-1199],[-253,-401],[41,-391],[-595,-369],[-39,-318],[-124,-78],[-159,-422],[-471,-192],[-392,-681]],[[23910,88820],[-228,-510]],[[23149,89400],[-451,765],[-173,768],[-168,95]],[[22357,91028],[564,805],[645,2489]],[[38855,69355],[-75,207],[35,297],[-403,479],[18,181],[-151,62],[-132,291],[127,505],[-134,244]],[[38140,71621],[115,-26],[170,268],[482,-94]],[[39815,70546],[577,-1282],[559,-536]],[[40951,68728],[-196,-495],[-402,-235],[-6,-892],[-77,-30],[-125,249]],[[40145,67325],[-240,34],[-126,663],[-207,156],[-90,395],[-140,42],[-311,612],[-176,128]],[[23484,63702],[235,83],[294,-408]],[[24013,63377],[636,-850]],[[24649,62527],[-106,-364],[-274,-233],[-196,-401],[-112,-2]],[[23961,61527],[-438,98],[-435,336],[-100,223],[-333,132]],[[22655,62316],[30,287],[474,384],[130,446],[195,269]],[[41501,71453],[-275,-241],[-243,-781],[-238,-41],[-86,-219],[-218,147],[-329,-229],[-297,457]],[[39815,70546],[-416,791],[-492,432]],[[38907,71769],[483,-112],[-58,336],[113,225],[-41,449],[183,278],[-55,318]],[[39532,73263],[153,17],[14,173],[104,-37],[223,604],[118,15]],[[40144,74035],[953,-1501],[178,-129],[226,-952]],[[60253,81433],[-353,-542],[-260,-182],[-155,-433],[80,-261]],[[59565,80015],[-183,-95],[-34,179],[-109,-13],[-349,-362],[-340,289],[-213,-275],[-152,341],[-232,146],[-176,-309]],[[57777,79916],[-510,423]],[[57267,80339],[32,461],[229,651]],[[57528,81451],[265,234],[440,93],[20,448],[234,-109],[99,352],[238,244],[239,-14]],[[59063,82699],[167,79],[96,-173],[147,2],[62,-510],[304,-151],[414,-513]],[[79535,32950],[343,410]],[[81813,33435],[4,-292],[364,-39],[-68,-128],[177,-383],[0,-471],[170,-150],[-144,-495],[222,70],[96,-190],[107,127],[122,-522],[-86,-108]],[[82777,30854],[-191,-216]],[[81732,30027],[-20,134],[-445,102],[74,323],[-160,148],[-138,-210],[-468,-11],[-185,-198]],[[80390,30315],[-62,198],[-186,-42],[110,344],[-41,112],[-313,-16],[318,401],[15,310],[-164,222],[-226,15],[-1,665],[-262,109],[86,146],[-129,171]],[[25711,68083],[-157,-1036],[-413,-562],[28,-694],[-108,144],[-140,-171],[-203,303],[-186,57]],[[24532,66124],[-84,173],[64,295],[-67,198]],[[24445,66790],[-63,448],[85,562],[-217,303],[179,311],[148,-5],[-62,165],[143,286],[64,466]],[[24722,69326],[270,28]],[[24992,69354],[102,-339],[-92,-109],[36,-196],[599,-265],[-68,-336],[142,-26]],[[59261,44477],[200,590],[170,-82],[301,350],[328,-331],[209,190],[348,672]],[[60817,45866],[-66,-988],[110,-372],[-225,-6],[-302,-236],[-6,-418]],[[63925,39498],[385,330],[61,331],[116,119],[207,-237],[224,208]],[[64918,40249],[-55,-380],[154,-403],[353,172],[30,-398],[137,-247],[552,-74]],[[66089,38919],[-175,-52],[-325,-494],[-34,-226],[-153,0],[-28,-126],[-420,70],[-117,174],[-199,-195],[-202,360],[-3,272],[-189,98],[-27,224],[-292,474]],[[62756,30618],[77,-621],[-109,-157],[-198,-216],[-122,56],[-6,-255],[-169,-103],[-375,153],[-153,-270],[119,-505],[-456,5]],[[61364,28705],[-2,309],[-116,141],[-58,434]],[[60389,30996],[191,89],[238,-125],[129,235],[163,34],[1,586],[126,320],[540,-354],[282,208]],[[35061,43013],[125,497],[-155,472],[-159,139],[-96,-62],[86,-417],[-50,-112],[-125,50],[-114,298],[-409,86]],[[34164,43964],[-43,216],[218,345],[54,578],[197,505],[111,30],[-43,456]],[[34658,46094],[82,-199],[69,63],[302,-357],[213,49],[116,-387],[281,294],[309,39]],[[36046,45170],[-54,-378],[124,-285],[-118,-146],[-36,-551],[-322,-298],[-141,14],[-212,-473],[-226,-40]],[[14214,53784],[201,82],[343,-141],[202,709],[262,-25],[71,-406],[329,-108]],[[15633,53162],[-202,-184],[65,-164],[-79,-154],[14,-525],[-164,-79],[-157,-628],[-179,-157],[30,-249],[-147,-412]],[[14814,50610],[-25,-244],[-459,-266],[61,-165],[-53,-327],[-238,-328],[-468,-75]],[[13632,49205],[-562,821],[-1033,505]],[[12037,50531],[177,664],[391,-27],[45,-165],[300,-63],[405,529],[331,1048],[250,106],[135,275],[143,886]],[[47045,71480],[-258,454],[86,347],[-51,471]],[[46822,72752],[230,658],[280,18],[36,-155],[265,599],[-134,164],[163,164]],[[47662,74200],[218,-61],[136,140],[326,-177],[275,98],[-14,-394],[216,-86]],[[48819,73720],[117,-1263],[-181,-754],[22,-615],[-102,-507]],[[48675,70581],[-230,-120],[-216,334],[-332,14],[-136,273],[-434,-23],[-282,421]],[[25322,96629],[676,545],[1086,378]],[[27084,97552],[269,-758],[-41,-448],[109,-198],[56,59],[20,-229]],[[27497,95978],[-156,-1032]],[[26886,93719],[-124,-324],[-324,234]],[[64354,46124],[-81,-582]],[[64459,44775],[-423,-331],[-185,-462]],[[63851,43982],[-179,-66],[-323,336],[-98,332],[11,451],[-231,-247],[-135,11],[-40,166],[-244,-52]],[[62612,44913],[-143,-31],[-119,189],[396,1368]],[[62746,46439],[24,251],[-195,301],[223,222]],[[62798,47213],[180,-252],[408,437],[288,-18],[268,281]],[[63942,47661],[101,-186],[124,30],[146,-481],[-81,-305],[122,-595]],[[81654,36365],[231,-469]],[[81885,35896],[-51,-274],[328,-57],[40,-206],[-93,-296],[-273,-323],[261,-296],[-254,-424],[-27,-154],[129,-254],[-132,-177]],[[81813,33435],[-274,-122],[-301,494],[-794,-622],[-314,223],[-252,-48]],[[79878,33360],[56,147],[-127,240],[127,123],[52,338],[-165,401],[-227,136]],[[79594,34745],[137,326],[332,223],[158,-131],[4,249],[155,-154],[-151,444],[398,-488],[-62,443],[188,-122],[46,153],[201,-150],[55,351],[128,2],[65,358],[168,-204],[109,180],[118,-63],[11,203]],[[24492,93709],[-926,613]],[[23566,94322],[359,1074],[246,93],[435,663],[248,69]],[[63812,58675],[-228,-1068],[-412,-405],[-26,-265],[-348,-103]],[[62798,56834],[-12,492],[-239,-57],[-164,-222],[-191,103],[-64,343]],[[62128,57493],[-313,1109]],[[61815,58602],[129,125],[158,-118],[340,297],[233,-278],[515,82],[149,347],[473,-382]],[[62670,74396],[24,-116],[240,162]],[[62934,74442],[99,20],[191,-316],[344,-58],[22,154],[60,-63],[113,184],[199,-443],[126,-567],[-256,-132],[-68,-310],[313,66],[90,-176],[-527,-831]],[[64445,63067],[89,459],[-132,139]],[[65586,64537],[332,31],[184,-493],[-41,-153],[138,13],[7,-1004],[-92,-207],[69,-316],[-122,-556],[432,-810],[-258,-65],[-141,-310]],[[66094,60667],[-232,-40]],[[65862,60627],[-394,194],[-81,-192],[-62,123],[-177,-9],[-110,-217],[-72,44],[71,377],[263,179],[-176,496],[49,746],[-95,209],[-268,-98],[-242,541],[-123,47]],[[39602,49888],[77,9],[56,291],[149,-57],[-36,219],[217,262],[-10,215],[253,158]],[[40308,50985],[149,-502],[423,-620]],[[40880,49863],[-20,-135]],[[40860,49728],[-196,-147],[-91,-308],[-229,-41],[56,-240],[-135,-323],[98,-233],[-100,-506],[92,-716],[1181,-335],[149,161]],[[41685,47040],[-66,-520],[110,-260]],[[41729,46260],[85,-742],[-112,-734],[97,-424]],[[41799,44360],[-154,-149],[-139,177],[-49,-173],[-82,73],[-129,-176],[-1,-210],[-204,77],[-236,-154]],[[40805,43825],[-237,228],[-147,-184],[-302,108],[102,-827],[-36,-385],[-54,-95],[-72,175],[-353,-113],[-62,-105],[52,-360]],[[39696,42267],[-312,130],[-103,264],[-422,-429],[-208,365],[-290,-484]],[[37468,42798],[-70,11]],[[37398,42809],[8,1435],[-132,10],[-56,215]],[[53351,71217],[-15,-737],[569,-183],[41,-802]],[[53946,69495],[-462,-56],[-73,-159],[-235,18],[-245,-236],[-379,587],[-114,-5],[-74,-304],[-445,3]],[[24492,93709],[118,-204],[294,225],[115,-54]],[[24325,90475],[-152,-575],[-180,-62],[-149,-376],[104,-583]],[[23948,88879],[-38,-59]],[[23910,88820],[-451,1462],[13,380],[-179,400],[150,499],[388,409],[44,1210],[246,28],[371,501]],[[63057,52788],[2,-96]],[[63059,52692],[39,-610],[-324,-528],[36,-748]],[[62810,50806],[-201,-33],[-51,-178],[-156,40],[-123,289],[-288,-167]],[[61991,50757],[-185,248],[12,751],[527,741],[131,-85],[330,364],[251,12]],[[77693,36125],[-111,-269],[-184,3],[-401,-509],[-237,-115],[-75,-236]],[[76685,34999],[-95,-11],[-424,652],[48,585],[-111,237],[-143,36],[-268,-229]],[[75692,36269],[-227,237],[7,583],[-88,268]],[[75384,37357],[179,384],[206,113],[203,339],[42,527],[283,261],[226,-52]],[[76523,38929],[385,-53],[354,-375],[78,-253],[401,-203],[-41,-346],[124,-33]],[[77824,37666],[-58,-314],[160,-236],[253,36],[-9,-220],[149,-194]],[[78319,36738],[-626,-613]],[[58112,65966],[-225,7],[-155,-202],[-1058,-105],[-636,-357],[-564,237]],[[55474,65546],[-388,313],[164,342],[-51,188]],[[55199,66389],[743,203],[372,492],[-79,-222],[38,-190],[857,65],[982,-771]],[[56309,48647],[-194,-137]],[[56115,48510],[-80,56],[59,294],[-55,155],[-727,-252],[-560,353],[-165,428],[-111,-56],[-125,-389]],[[54351,49099],[-169,244]],[[54182,49343],[154,484],[-145,663],[288,378]],[[15963,72680],[85,-206],[-22,-567]],[[15498,71039],[-556,123]],[[14942,71162],[-399,243]],[[14543,71405],[187,286],[-54,152],[245,703],[-68,62],[264,349],[-401,287],[-23,143],[269,306],[-20,174],[257,243],[204,-23]],[[26267,93086],[-84,-920],[-171,-299],[378,-19]],[[25981,90028],[-280,-61],[-185,148]],[[68268,33206],[-190,401],[83,673],[-302,182]],[[67859,34462],[584,45],[457,555],[-117,61],[-2,46],[293,154]],[[69074,35323],[171,16],[121,-234],[300,30],[96,-124],[-20,-192],[412,-261],[99,141]],[[70505,33838],[-110,-272],[-749,98],[-18,166],[-227,-369],[-601,136],[-125,-266]],[[68675,33331],[-341,-149]],[[68334,33182],[-64,23]],[[68270,33205],[-2,1]],[[24854,96221],[146,15],[322,393]],[[25322,96629],[371,-321],[205,-765],[282,-393],[59,-551],[252,-603],[-53,-367]],[[26438,93629],[-48,-383],[-123,-160]],[[26267,93086],[-445,36],[-137,-375],[54,-463],[-180,-119]],[[25091,93076],[-72,600]],[[25019,93676],[91,634],[93,-70],[330,879],[-185,495],[-494,607]],[[65000,64636],[-23,-175],[-190,-207],[-244,-46],[-141,-543]],[[64402,63665],[-223,499],[-307,204],[-164,-65],[-177,273],[-211,-170],[36,-358],[-119,71],[-256,-205],[-97,55],[-313,-334],[-151,105]],[[62420,63740],[-208,4],[-302,319],[-201,892],[-311,-159],[13,-140],[-282,473],[-84,-222],[-222,-97],[-128,172],[-21,301],[-276,-79],[-212,258]],[[60186,65462],[136,405],[201,142],[168,335],[10,814],[397,348]],[[63817,67121],[-285,215],[-187,-204],[28,345],[-79,174]],[[64035,71036],[803,-650],[15,-544],[132,276],[341,-86]],[[26390,91848],[225,101],[14,253],[179,289],[148,-53],[162,146]],[[26458,90235],[-477,-207]],[[25981,90028],[340,694],[-46,677],[115,449]],[[15328,56972],[-302,131],[-76,-328],[-408,254],[-153,453],[-580,-464]],[[13809,57018],[-43,271],[81,281],[-150,424],[230,1431]],[[13927,59425],[122,22],[156,-272],[304,91],[255,354],[171,569],[307,173],[111,270],[-51,465],[700,936],[-36,575],[145,715]],[[16111,63323],[579,-823],[106,-1253],[202,402],[-48,215],[62,108]],[[17012,61972],[410,-149],[-250,-445],[10,-266],[-136,-392],[-267,-57],[105,-199],[-22,-273],[-321,-205],[-230,-344],[-84,-376],[-352,-145],[-11,-180],[-465,-553],[152,-448],[699,-708],[184,-553],[-171,-89],[-480,153],[-270,267],[-185,-38]],[[74028,31103],[44,-454],[-201,-150],[207,-305],[-120,-633],[187,-167]],[[74145,29394],[39,-372],[207,-352],[-46,-160],[315,34]],[[74660,28544],[34,-150],[326,115],[395,306],[6,187],[192,37],[79,222],[95,-48]],[[75856,28925],[306,-78],[180,-386]],[[75874,27874],[-1,322],[-199,64],[-180,-177],[-202,31],[-122,-357],[-302,-104]],[[66954,74790],[-243,5],[-85,-211],[-225,80],[-241,-346]],[[66160,74318],[-493,321],[33,165],[-147,462],[-233,358],[-182,-11],[-119,523],[-191,161]],[[64828,76297],[430,132],[113,340],[412,-178],[-137,332],[21,458],[-225,603],[157,251],[-102,63],[131,157],[129,-34],[113,221],[244,39],[139,270]],[[66253,78951],[354,-290],[65,-223],[-148,-653],[196,-905],[-32,-339],[326,-299],[-228,-512],[167,-279],[-56,-338],[57,-323]],[[67927,49100],[-188,874]],[[67739,49974],[190,-81],[87,211],[212,-1],[195,340],[275,-139],[114,-367],[232,184],[133,-252],[357,533],[178,-23]],[[69712,50379],[-111,-591],[138,-59]],[[69739,49729],[-55,-63],[117,-271],[-377,-400],[-5,-578],[-352,-304],[-14,-144]],[[69053,47969],[-5,-15]],[[69048,47954],[-146,145],[105,171],[-51,136],[-449,60],[-81,337],[-216,25],[-85,458],[-198,-186]],[[25070,81161],[-71,66]],[[25817,84014],[228,-9],[83,-197],[234,26],[-23,-441],[103,-285],[234,270],[418,-17]],[[27094,83361],[49,-494],[72,-61],[187,189],[206,-259],[9,-348],[193,-101],[213,-93],[1082,202]],[[29105,82396],[545,-304],[77,-400],[198,61]],[[29925,81753],[159,-55],[70,-224],[275,78],[123,-126],[18,-680],[264,136],[77,-163],[85,162]],[[30996,80881],[146,-478],[531,0],[145,-592]],[[31818,79811],[-207,-402],[-200,-1278]],[[31411,78131],[-269,-159],[-251,-604],[-139,-26]],[[30752,77342],[-164,7],[-193,-397],[-472,599],[-331,-251],[-682,187],[-428,893],[-191,200],[-388,107],[-237,324],[-484,1041],[-977,17],[-1135,1092]],[[71413,58704],[209,-214],[604,59],[138,-283],[130,-40],[74,-372],[196,-83],[-162,-268],[-306,-134],[-65,-423],[-286,53]],[[71945,56999],[-192,127],[-257,-50],[-120,361],[-118,16],[-270,697],[122,389]],[[83762,45907],[-184,-386],[-29,-439],[-408,-597]],[[83141,44485],[-748,-262],[-219,413],[-19,575],[-110,0]],[[82045,45211],[-32,538],[179,233],[134,-43],[13,-226],[315,-123],[-184,268],[-2,188],[201,350]],[[83070,46078],[367,29],[37,-136],[288,-64]],[[18843,62398],[11,62]],[[18854,62460],[346,1048],[-33,504],[94,474],[-90,286]],[[19171,64772],[229,82],[117,-404],[230,-212]],[[19747,64238],[144,-304],[-63,-567],[107,-880]],[[19935,62487],[-390,-154],[-184,85],[-100,-197],[-418,177]],[[27943,66347],[55,177],[377,47],[131,221],[30,373]],[[28536,67165],[80,98],[331,-233],[601,204],[42,-674],[189,-296]],[[29779,66264],[23,-359],[-122,-120]],[[29680,65785],[-115,2],[-2,-334],[-226,80],[-130,-235],[-165,219],[-66,-121]],[[28976,65396],[-597,324],[-436,627]],[[77641,18452],[16,18],[-25,-65],[-4,15],[13,32]],[[77425,18624],[19,15],[-40,-55],[6,22],[15,18]],[[75504,24795],[2,21],[19,11],[-11,-34],[-10,2]],[[75136,25545],[-185,224],[381,139],[-92,221],[22,572],[612,1173]],[[75874,27874],[468,587]],[[76342,28461],[228,74],[217,554],[317,-115],[88,-172]],[[77192,28802],[-146,-103],[-64,-287],[-240,-52],[96,-206],[-65,-218],[338,-248],[-30,-201],[-293,-266],[23,-282],[229,-78],[185,-371],[233,-36],[8,-118]],[[77466,26336],[-313,-464],[-245,82],[-167,-258],[-403,142],[-339,-97],[7,-488],[216,-525],[-41,-180],[-151,-80]],[[76030,24468],[-186,310],[-359,84]],[[84142,48492],[-235,-514],[-251,-21],[135,-216],[-169,-452],[117,-109],[-478,-217],[6,-373],[-197,-512]],[[83070,46078],[-127,-2],[-90,255],[-184,65]],[[82669,46396],[-179,828],[-316,47],[-437,-322],[-272,292],[93,430],[266,96],[503,613],[297,-51],[248,185],[-262,550],[-127,10],[-96,214],[212,547],[257,-149],[176,231],[214,-79],[19,-363],[-248,-686],[166,-266],[537,238],[465,649],[237,-443],[-298,-327],[18,-148]],[[72175,29166],[446,-114],[73,339],[290,504],[15,329],[-154,-95],[-98,117],[42,131],[-142,-109],[-82,207]],[[73115,30615],[155,-302],[0,-296],[410,-398],[-59,-160],[49,-494],[-115,-115],[320,45],[519,-843],[250,-148],[-9,-167],[233,-84]],[[74868,27653],[-383,-247],[64,-40],[-26,-287],[-150,-116],[-45,-219],[-81,91],[-339,-691]],[[73329,31405],[-41,-653],[-173,-137]],[[73115,30615],[-181,164]],[[56602,58884],[-336,-62],[-181,299]],[[56085,59121],[496,634],[331,-218],[237,121],[331,825],[5,259],[289,739],[-101,358],[239,147],[80,262],[-100,737],[-440,438]],[[57452,63423],[-29,209],[285,555],[-73,414],[-170,227]],[[57465,64828],[521,404],[126,734]],[[58112,65966],[349,543],[214,558],[-42,92]],[[58633,67159],[107,254],[153,-168],[-7,116],[108,-12],[-35,-241],[172,-6],[9,-182],[178,-125],[-112,-295],[-154,-89],[97,-165],[-152,-124],[209,-191],[-42,-310],[325,-44],[57,148],[148,2],[350,-366]],[[60044,65361],[-156,-734],[-192,-302],[-77,-579],[69,-386],[-240,-462],[63,-292],[-82,-227],[403,-735],[102,-599],[-79,-680],[266,-489],[116,-24],[-112,-229],[36,-171]],[[60161,59452],[-218,-281],[-75,-587],[-416,-141],[30,-276],[-141,-268]],[[59341,57899],[-99,-86],[-70,-509],[-178,236],[-232,-150],[-117,106],[-129,-138],[-138,106],[-156,-92]],[[58222,57372],[-222,123],[-129,468],[-179,241],[-258,-140],[-115,116],[-138,-63],[-328,647],[-251,120]],[[26458,90235],[93,212]],[[27415,90191],[94,-651],[395,-227]],[[27904,89313],[-215,-499],[-338,-273],[-105,-339]],[[27246,88202],[-101,274],[14,498],[-307,279],[-145,815],[-249,167]],[[72190,60025],[-137,-253],[-149,23],[-108,-249],[99,-343],[208,-91],[-79,-150],[-462,-181],[-154,86],[5,-163]],[[71413,58704],[-303,-165]],[[71110,58539],[-253,89],[-196,-93],[-338,510],[-10,-357],[-276,-194],[-214,58],[-57,198],[-282,-96]],[[69484,58654],[145,449],[200,189],[-233,687],[-592,61],[-101,385],[49,164]],[[70981,62934],[302,-521],[-66,-331],[70,-267],[-30,-739],[933,-1051]],[[30962,89982],[154,-397],[-38,-400],[77,-418],[-181,-423],[-151,79],[-151,-195],[-128,-329],[43,-324]],[[29773,87391],[64,912],[110,354]],[[29947,88657],[115,574],[308,454],[48,241],[264,-22],[119,169],[161,-91]],[[29742,87333],[31,58]],[[29773,87391],[202,150],[200,-105],[412,139]],[[30587,87575],[305,-80],[164,148],[53,-138],[166,130]],[[31275,87635],[123,-9],[29,170],[141,-168]],[[31568,87628],[155,-918],[-139,-496],[112,-366],[-136,-304]],[[31560,85544],[-474,389],[-164,-109],[-698,72],[-264,514],[-322,61],[104,862]],[[15959,75449],[110,0],[-2,-203],[151,-163],[210,114]],[[16428,75197],[4,8]],[[16432,75205],[111,-13],[101,-476],[-355,-1694]],[[16289,73022],[-4,-298],[-322,-44]],[[15963,72680],[-18,358],[-189,152],[-38,321],[-235,279],[-80,297]],[[15403,74087],[556,1362]],[[57226,84991],[-383,361],[-414,2],[-247,163],[-96,556],[-477,1129]],[[55609,87202],[548,-166],[249,79],[644,-597],[561,812],[61,281],[247,102],[5,369],[112,186]],[[58036,88268],[202,-104],[196,82],[55,-333],[-184,-278],[306,-51],[92,-289],[-84,-159],[68,-253],[329,-210],[-91,-254],[189,-153],[-4,-131],[117,185],[189,-94],[-33,-367],[139,88],[53,-104],[-106,-210]],[[59469,85633],[5,-319],[-209,-254]],[[59265,85060],[-545,-361],[-109,-276],[-647,301],[-96,818],[-569,-382],[-73,-169]],[[59975,85374],[341,651],[220,47],[9,240],[500,440],[58,532],[173,154]],[[61276,87438],[127,-24]],[[61403,87414],[204,-181],[-73,-702],[304,296],[266,33]],[[62104,86860],[130,-269],[-97,-562],[234,-67]],[[62371,85962],[-104,-338],[-166,-74],[-118,-682],[-129,-203],[45,-322],[-145,-167],[-48,-389],[-113,-163]],[[61593,83624],[-159,-128]],[[61434,83496],[-107,33],[50,316],[-180,-208],[-61,384],[-258,14],[81,135],[-177,227],[200,-12],[-22,140],[-167,91],[-114,-98],[-100,156],[58,96],[-327,36],[-335,568]],[[96593,49159],[-5,-119],[168,-93],[-12,-305],[-142,-206],[64,-233],[-790,-1069],[-5,-500],[133,-8],[55,-257],[61,36]],[[96120,46405],[178,51],[56,-171],[172,133],[56,-242],[-325,-488],[-55,-520],[73,-151]],[[96275,45017],[-495,-483],[-53,-201],[-137,-57],[-221,181],[-269,-229],[-84,100],[-248,-353]],[[94768,43975],[65,240],[-71,46],[-258,-318],[-84,302],[-215,-171],[-164,126],[21,135],[-168,265],[73,141],[-70,281],[-186,-10],[3,246]],[[93714,45258],[381,247],[222,-28],[219,395],[-62,87],[90,212],[-137,265],[92,198],[-154,356],[91,156],[-262,37],[112,182],[-99,463],[20,666],[-122,129],[480,748]],[[94585,49371],[256,-22],[115,-220],[118,172],[206,-330],[107,439],[112,-184],[156,146],[142,-259],[124,-18],[-129,-247],[60,-119],[2,161],[187,11],[78,-194],[265,664],[209,-212]],[[68506,65574],[-187,434],[212,431],[-211,-66],[-362,147],[-99,426]],[[67859,66946],[334,-183],[-59,199],[106,232],[82,61],[6,-177],[93,29],[154,112],[96,277],[111,13],[4,349],[310,280],[-77,687],[252,612],[321,-119],[160,95],[282,-328],[153,131]],[[70931,68301],[28,-436]],[[70959,67865],[-11,-594],[-173,-452],[44,-159],[-362,-372]],[[69710,65418],[-188,224],[-1016,-68]],[[41049,80287],[39,477],[-295,1143],[194,727],[-188,305],[-24,832]],[[40775,83771],[372,-318],[35,-502],[84,-4],[244,489],[309,-345],[232,693],[-169,234],[108,642]],[[41990,84660],[89,-132],[-11,-347],[192,-233],[383,-171],[309,82]],[[42952,83859],[-73,-94],[0,-810],[-114,-585],[206,-1006],[-91,-244],[175,-329]],[[43055,80791],[15,-181],[-203,-366],[-243,70],[-205,-307],[-196,-660],[-161,2]],[[42062,79349],[-502,417],[-151,20],[-133,-198],[-7,317],[-221,245],[1,137]],[[78617,39028],[-25,199],[-176,-33],[-110,256],[126,259],[-108,310],[88,86],[-120,63],[46,140],[-92,218],[35,230],[158,100],[-11,227],[173,519],[-51,209],[171,493],[-191,226]],[[78530,42530],[355,342],[-27,295],[137,619],[-108,331]],[[78887,44117],[262,217],[217,-81],[194,240],[-30,111],[205,31],[264,398],[140,-8],[299,538],[81,-60],[-20,-255],[142,-91],[53,-661],[201,78]],[[80895,44574],[80,-376],[-224,-664],[-132,-79],[168,-569],[-534,-855],[-39,-300],[96,-107],[424,476],[75,-343],[289,-287],[123,62]],[[81221,41532],[540,-1180],[60,83],[102,-231],[33,184],[87,-203],[150,67],[-57,-969],[432,-1278]],[[82568,38005],[-302,-308],[-173,62],[-335,-723]],[[81758,37036],[-454,-32],[-148,-232],[-632,214],[-191,568],[-350,103],[-211,419],[247,331],[-42,195],[-316,-1],[-183,328],[-107,-241],[-155,-46],[-178,231],[-174,20],[-60,286],[-187,-151]],[[67957,27101],[158,195],[-6,373],[320,109],[-27,137]],[[68402,27915],[90,103],[-14,201],[157,163],[115,-316],[197,118],[26,164]],[[68973,28348],[278,-215],[34,106],[137,-240],[177,112],[109,-131]],[[69708,27980],[-109,-118],[-14,-437],[-140,-171],[264,-279],[236,-10],[16,-156],[-130,-428],[-101,-153],[-130,22],[-182,-603],[-158,-127]],[[69260,25520],[-358,61],[-136,549],[-197,237],[-202,-122],[-52,375],[-358,481]],[[86370,37089],[85,347],[-481,254],[46,277],[-162,253],[324,373],[9,439]],[[87274,40621],[277,41],[123,-660],[383,54],[-22,-618],[212,90],[97,-273],[85,12],[113,-537],[452,179]],[[88994,38909],[141,-295],[-89,-220],[141,-321],[309,-135],[-20,-315],[-117,-215],[61,-229],[-197,-353],[11,-228],[175,-134],[68,223],[92,-80],[229,209]],[[88672,35186],[-326,-24],[2,571],[146,904],[327,486],[-465,-138],[0,-208],[-306,-481],[-236,266],[-32,-185],[-214,179],[-248,-70],[-107,-210],[-105,151],[-300,21],[202,582],[-255,-203],[-296,33],[-89,229]],[[50764,44897],[-199,304],[-60,373],[-182,101],[-55,661],[-318,-115],[-107,-205],[-890,473]],[[48953,46489],[244,553],[180,-74],[31,781]],[[49408,47749],[461,101],[274,-170],[26,528],[139,221],[-188,791],[-280,422],[0,254],[91,105],[-36,567]],[[49895,50568],[233,-208],[92,-471],[281,-188],[169,135],[164,-166],[287,142],[234,538],[161,-59],[108,116]],[[51624,50407],[430,120]],[[52054,50527],[414,-279],[339,-449]],[[52807,49799],[214,-517]],[[53021,49282],[-544,-408],[94,-189],[-158,-377],[97,-304],[-214,-493],[-178,-122],[-9,-169],[-328,-5],[22,-872],[-141,-394],[-155,-180],[-303,-53],[-173,-567],[86,-80],[-71,-210],[-282,38]],[[54785,27042],[170,153],[262,-86],[257,149],[137,218],[156,29],[42,260],[234,191],[395,701],[261,12],[98,-159],[229,407],[765,-18],[-32,-369],[207,-483],[141,-13],[177,250],[321,-56]],[[58605,28228],[87,-348],[-59,-201],[252,-467],[-45,-169],[123,-348],[-359,-202],[-124,-757],[169,-545],[297,-68],[124,107],[106,-141]],[[57627,22196],[-9,163],[-198,198],[-94,432],[-201,31],[-21,196],[-71,-73],[-622,948],[-170,-16],[-71,205],[-135,-218],[-175,117],[-155,-91],[-10,251],[98,195],[-110,193],[62,264],[-506,747],[-66,575],[-91,-101],[-115,158],[105,253],[-81,317],[-206,102]],[[72190,24315],[-134,242],[-259,102],[-328,-245],[-322,75],[-312,-292],[-39,93],[221,541],[-349,555],[-232,67]],[[70436,25453],[-42,317]],[[70394,25770],[37,608],[85,-129],[258,13],[-37,907],[189,43],[-65,333],[-369,242],[156,375],[-24,196],[142,160]],[[70766,28518],[90,239],[-299,263],[51,670],[-103,68],[-9,226]],[[70496,29984],[99,684]],[[70426,31352],[15,449],[462,372],[54,605],[148,164],[-189,251],[95,182],[-122,88],[-98,350],[66,238],[-86,-118],[-213,39],[-40,-152]],[[70518,33820],[-13,18]],[[70505,33838],[-252,861]],[[70253,34699],[3,382]],[[70256,35081],[228,112],[36,-144],[149,-39],[244,360],[321,-57],[408,-641],[139,-56],[48,167],[140,-17]],[[71969,34766],[149,-221],[278,46],[93,211],[118,-13],[133,515],[230,262],[130,-31],[213,348],[157,-126]],[[73470,35757],[-235,-829],[-117,-118],[-40,-763],[168,-921],[496,561],[565,-76],[556,227],[106,-295],[163,218]],[[75132,33761],[54,43],[173,-715]],[[75359,33089],[-326,-336],[87,-264],[-82,-60],[29,-148],[142,-96],[-44,-298],[72,-186],[-248,-292],[52,-119]],[[75041,31290],[-319,-570],[-75,147],[-146,-140],[-326,91],[-147,285]],[[74028,31103],[-232,-51],[-467,353]],[[73329,31405],[-106,-106],[-240,224],[-49,-744]],[[72934,30779],[-369,-304]],[[72565,30475],[-112,-28],[-104,-550],[216,-364],[-390,-367]],[[72175,29166],[56,-446],[262,-544],[-17,-583],[-120,-354],[36,-254],[167,-167],[-9,-481],[100,-285],[-7,-412],[-84,-105],[110,-95],[-54,-518]],[[59418,52162],[62,-487],[-246,-394],[-28,-377],[-213,-442],[148,-118],[161,-578]],[[59302,49766],[197,-189],[22,-255],[-199,-507],[-5,-549],[-178,-140],[-697,450],[-285,-256],[-155,53],[-6,-161],[178,-223],[-110,-206],[-179,282],[41,358],[-41,81],[-24,-152],[-454,-110],[-155,220],[-389,-114],[-554,299]],[[56309,48647],[-106,447],[125,417],[-15,416],[176,219],[-107,247],[57,601]],[[56648,51128],[513,216],[-20,269],[243,272],[-85,148],[318,200],[51,229],[146,124],[230,-2]],[[58044,52584],[61,-142],[197,148],[158,-181],[281,52],[-35,-214],[346,5],[86,-236],[280,146]],[[58637,49412],[-169,216],[-95,6],[-14,-260],[276,-117],[2,155]],[[39236,48278],[-116,-625],[89,-55],[-59,-145],[126,-62],[-107,-92],[-146,119],[-73,-323],[-138,-56],[58,-98],[-140,-365],[-73,-84],[-134,101],[-81,-139],[-58,142],[-82,-145],[59,-152],[-112,-144],[-260,107],[-172,-236],[-123,337],[-122,-166],[35,-207],[-90,-86],[59,-73],[-145,-27],[-13,-536],[-192,-224],[81,-137],[-95,-118],[61,-126],[-55,-194]],[[37218,44469],[-394,403],[-778,298]],[[36046,45170],[-16,426]],[[36030,45596],[216,113],[333,806],[-124,665],[-170,157],[-84,303],[-109,-101],[-120,102],[-5,432],[-120,174]],[[35847,48247],[161,451],[0,2079]],[[36008,50777],[27,352]],[[36035,51129],[357,-104],[38,-213],[176,76],[187,-122]],[[36793,50766],[509,456]],[[65984,31216],[38,179],[209,82],[150,957],[134,175],[-131,633],[-164,102],[-33,281],[141,522],[-162,330],[20,304]],[[66186,34781],[546,112]],[[66732,34893],[135,-247],[-144,-265],[-2,-288],[147,-116],[95,-377],[559,118],[174,-205],[91,-495],[547,164]],[[68334,33182],[46,-374],[-249,-153],[80,-318],[-267,-251],[21,-237]],[[67619,31006],[-34,-278],[-217,-167]],[[67368,30561],[-189,185],[-120,-158],[-334,222],[-445,-34],[-124,331],[-172,109]],[[82931,22674],[99,-83],[-295,-276],[166,396],[30,-37]],[[82782,22617],[-5,-5],[8,20],[2,-7],[-5,-8]],[[82752,22659],[-6,6],[12,2],[0,-6],[-6,-2]],[[82625,22918],[-3,-11],[-9,-1],[5,14],[7,-2]],[[82614,22962],[-9,-9],[-5,7],[19,19],[-5,-17]],[[81979,26841],[-35,-142],[-111,3],[26,157],[120,-18]],[[83167,27842],[-28,-39],[-15,-4],[38,71],[5,-28]],[[82615,27932],[25,-63],[-17,-52],[-110,71],[102,44]],[[82738,28119],[-55,-9],[-75,-65],[75,115],[55,-41]],[[81697,28406],[-14,-6],[-3,12],[20,5],[-3,-11]],[[82283,28432],[-6,1],[7,10],[2,-6],[-3,-5]],[[82208,28473],[-3,-2],[-1,3],[4,3],[0,-4]],[[83271,22751],[-7,-8],[-2,1],[6,11],[3,-4]],[[83217,22842],[-5,13],[2,10],[6,-17],[-3,-6]],[[83318,22990],[-6,-10],[-17,-15],[2,29],[21,-4]],[[84797,27094],[-5,-128],[-36,-46],[-12,112],[53,62]],[[85673,27354],[-5,-1],[-1,15],[8,1],[-2,-15]],[[86016,27423],[-4,3],[-4,-5],[5,8],[3,-6]],[[84575,27433],[5,-13],[-17,-8],[2,20],[10,1]],[[85375,27507],[2,-4],[-3,-3],[-1,2],[2,5]],[[86088,27636],[-1,-1],[-2,3],[3,1],[0,-3]],[[86085,27654],[-3,-2],[-8,11],[4,3],[7,-12]],[[86094,27679],[-2,-5],[-5,10],[2,1],[5,-6]],[[81214,28679],[531,762],[-13,586]],[[81732,30027],[607,265],[247,346]],[[82586,30638],[123,-213],[318,-83],[125,-249],[-42,-201],[98,-211],[-345,-365],[506,-69],[267,133],[257,-161],[333,38],[86,-320],[360,90],[-128,-181],[114,-130],[312,504],[251,72],[-23,-173],[151,-317],[-49,-154],[212,295],[21,264],[323,364]],[[85856,29571],[86,-318],[248,45],[-172,-538],[175,-483],[3,-540],[-111,20],[18,-186],[-306,-236],[-84,116],[-73,-115],[-237,249],[-392,-420],[-134,10],[21,187],[-301,50],[56,189],[-224,142],[-61,320],[-306,-3],[-397,-222],[-27,322],[-186,46],[-16,125],[-250,-150],[21,125],[-97,75],[-222,-142],[-187,216],[-533,1],[-117,147],[-409,-134],[-40,193],[-388,17]],[[70032,64508],[-322,910]],[[69710,65418],[159,218],[178,2],[279,687],[131,-37]],[[70457,66288],[88,-452],[103,73],[127,-224],[390,-39],[149,-257],[327,29],[418,-757],[270,32],[76,-348]],[[72405,64345],[-260,-191],[31,-183],[-442,-864]],[[71734,63107],[-151,-59],[-48,217],[-209,178],[-100,7],[-160,-281]],[[63294,67651],[-48,127],[-686,272],[-212,-64],[-146,251],[-306,-134],[-317,218],[-93,-641],[-388,-174]],[[61098,67506],[33,867],[-179,237],[-148,776],[-157,-98],[-117,208],[-203,-6],[-13,145],[-369,269],[-593,215],[-226,439],[-118,-16]],[[59008,70542],[222,213],[369,-159],[158,108],[423,-113],[243,262],[62,431],[204,112],[181,-118],[353,401]],[[63152,71544],[141,-27],[-17,250],[86,173],[278,30]],[[63640,71970],[110,22],[-67,-342],[228,-227],[124,-387]],[[64035,71036],[-105,-15],[-65,-343],[-416,-693],[-140,-743],[202,-581],[-212,-479],[-5,-531]],[[75341,24658],[-4,2],[1,6],[7,-1],[-4,-7]],[[75074,24369],[-99,251],[-353,127],[-358,-383],[-66,66],[20,-129],[-297,-4],[-159,266],[-141,525],[44,134],[-99,82],[-462,-412],[-278,-503]],[[72826,24389],[-553,-228]],[[72273,24161],[-83,154]],[[72190,24315],[233,195],[-74,240],[266,172]],[[72615,24922],[386,192],[86,184],[51,-120],[505,863],[265,103]],[[73908,26144],[209,-333],[335,161],[-74,-426],[67,-147],[691,146]],[[75136,25545],[-58,-151],[325,-201],[82,-331]],[[75485,24862],[-143,-54],[-5,-138],[-82,219],[-145,-93],[158,-214],[-194,-213]],[[58105,31410],[175,41],[134,-179],[394,628],[131,-145],[291,-3],[95,311],[158,73],[81,595]],[[59564,32731],[216,-514]],[[59780,32217],[177,-274],[-116,-7],[-114,-305],[128,-34],[64,-285],[180,159],[-61,-397],[97,-117],[103,195],[44,-175],[107,19]],[[60389,30996],[5,-139],[183,-5],[108,-209],[-65,-244],[40,-534],[379,269],[36,-406],[113,-139]],[[61188,29589],[-345,-636],[-235,355],[-224,-35],[-93,258],[-109,-248],[-371,-295],[-278,108],[-84,-371],[-286,-186],[-169,240],[-198,56]],[[58796,28835],[92,133],[-60,98],[55,287],[-364,141],[11,169],[-227,264],[129,499],[-397,670],[70,314]],[[40991,36251],[-288,451],[-128,-191],[-459,260],[-56,229],[82,155],[-83,241],[-125,46],[-43,-202]],[[39920,38751],[253,248],[263,-180],[69,176],[300,-150],[-19,-396],[172,-501],[273,-311],[-58,-121],[74,-308],[-29,-528],[-227,-429]],[[35613,85974],[89,-143],[99,65],[290,-171],[108,-264]],[[36558,85036],[113,-331],[-519,-615],[-281,-768],[-161,197],[-377,-8]],[[35333,83511],[-75,652],[-211,160],[-133,835],[33,632]],[[61223,71679],[-57,316],[-170,33],[-46,225],[-56,504],[103,341]],[[62381,74528],[289,-132]],[[62670,74396],[-170,-336],[140,24],[-64,-124],[76,-144],[214,-51],[-122,-66],[-32,-388],[86,90],[156,-403],[-39,-531],[242,-669],[-5,-254]],[[63152,71544],[20,-116],[-320,-461],[-395,-52],[-230,-213],[-362,469],[-89,357],[-490,15],[-63,136]],[[62381,74528],[-236,-129],[-22,-392],[-170,-380],[-134,-13],[-135,-444],[-195,388],[-135,-400],[-357,-60]],[[60997,73098],[-83,537],[-226,60],[202,390],[23,528]],[[60913,74613],[-67,631],[206,223]],[[61052,75467],[206,-3]],[[61258,75464],[-6,-390],[130,-188],[398,140],[260,-305],[344,169],[-82,-229],[79,-133]],[[71321,48456],[-175,73],[-134,425],[70,167],[-192,246],[164,237],[181,-40],[-232,418],[-312,162],[9,244],[-161,103]],[[70539,50491],[290,95],[128,-194],[244,-31],[61,257],[138,107],[90,441]],[[71490,51166],[89,-127],[273,73],[58,-615],[258,-89],[42,-152],[216,234],[168,-121]],[[72424,48480],[-157,35],[-148,-251],[-176,551],[-88,-212],[-342,-207],[-192,60]],[[57736,74532],[-151,337],[-89,-426],[-270,-218],[-390,34],[-202,216]],[[56634,74475],[-90,197],[-353,165],[-317,-96],[-112,318],[-154,-52],[-70,220],[-323,3]],[[55215,75230],[-140,167],[-60,388]],[[55015,75785],[372,599],[324,138]],[[55711,76522],[7,-175],[127,-106],[445,264],[671,151],[292,452],[-30,189],[126,317],[-159,449],[47,202]],[[57237,78265],[170,-128],[155,77],[26,-327],[231,-384],[322,47],[383,355],[-1,-165],[-220,-320],[231,-449]],[[58534,76971],[-122,-601],[-231,6],[-106,-372],[36,-706],[92,-49],[-31,-319],[-151,-187],[15,-218],[-300,7]],[[56954,15203],[134,692],[-85,136],[-57,1533],[-290,276],[-57,326],[-222,346],[-585,120],[151,680],[-170,463],[46,258],[-92,104],[105,339],[-287,383]],[[55545,20859],[498,-124],[6,139],[387,183],[-4,434],[105,45],[-73,166],[82,170],[363,166],[97,-121],[312,394],[309,-115]],[[57627,22196],[167,365],[405,101],[80,260]],[[59643,21934],[-85,-101],[-7,-750],[73,-111],[-33,-277],[137,-64],[27,-418],[-87,-112],[147,-324],[-221,-270],[93,-144],[-72,-355],[-314,-247],[120,-366],[-84,-358]],[[59337,18037],[-152,-106],[-18,-188],[-191,-67],[-83,103],[69,-584],[109,-74],[-109,-225],[-448,-145],[-407,-609],[-5,-211],[-190,-88],[16,-138],[-95,35],[-663,-611],[-216,74]],[[48249,83047],[192,-253],[241,-62]],[[48682,82732],[44,-162],[246,-168],[93,-926]],[[49065,81476],[-234,-174],[-50,-308]],[[48781,80994],[-583,76],[-493,-164],[-110,261],[-456,114]],[[47139,81281],[562,936],[223,-25],[191,837],[134,18]],[[91629,44321],[239,279],[-68,457]],[[91800,45057],[-167,625],[48,401],[-160,380],[-21,220],[109,192],[-84,296],[68,330],[-123,199],[353,123],[-220,169],[-168,465]],[[91435,48457],[281,276],[-108,333],[76,161]],[[91684,49227],[191,17],[165,-195],[268,352]],[[92308,49401],[317,55],[51,-261]],[[92676,49195],[96,-137],[317,284],[180,-393],[30,-364],[-146,-496],[-2,-499],[181,-462],[145,-68],[-232,-429],[170,-63],[66,-195],[-105,-313]],[[93376,46060],[-256,-156],[-35,-315],[108,-27],[-296,-282],[-210,-598],[-165,90],[-815,-649],[-78,198]],[[74166,47559],[-101,-322],[-140,64],[-135,-147]],[[73790,47154],[-267,-37],[-71,151],[-948,-35]],[[72504,47233],[-63,132],[105,265],[-66,214],[56,121],[-147,129],[35,386]],[[72424,48480],[107,101],[37,264],[166,7],[-114,818],[89,421],[-115,278]],[[72594,50369],[166,595]],[[72760,50964],[211,59],[-95,395],[268,43],[2,174],[162,144]],[[73308,51779],[215,-23],[-128,-421],[392,-226],[20,-181],[157,119],[74,-159],[331,-44],[320,-463],[163,194],[62,-85],[-308,-593],[56,-168],[186,-33],[-137,-245],[219,-385],[-204,-71],[-18,-157],[316,-222],[37,-304],[-143,-172],[9,164],[-94,64],[-742,-317],[110,-295],[-99,-77],[64,-120]],[[62775,31798],[-305,-92],[-411,283]],[[62059,31989],[-100,568],[178,651],[-172,675]],[[61965,33883],[53,133],[141,-15],[148,640],[-78,275],[-97,38],[78,150],[-110,106],[80,52],[-241,-15],[26,164]],[[61965,35411],[289,54],[391,358],[318,-52],[119,210],[523,-124]],[[63605,35857],[155,29],[217,-664],[379,57],[-192,-209],[7,-127],[302,-500],[158,-59]],[[64631,34384],[105,-422]],[[64736,33962],[-82,-896],[235,-130],[-67,-134],[21,-589]],[[24998,86326],[269,-109],[87,271],[325,39]],[[25679,86527],[48,-279],[438,36]],[[26165,86284],[-47,-174],[125,-390],[-32,-810],[-421,337],[27,-1233]],[[25817,84014],[-295,-1746],[-523,-1041]],[[24999,81227],[-473,560],[-952,489],[-637,736],[735,1360],[-53,723],[205,824]],[[23956,86203],[97,-156],[121,123],[170,-66],[325,284],[141,-361],[128,165],[-27,149],[87,-15]],[[66449,45756],[115,-473],[-105,-387],[57,-132]],[[66516,44764],[-345,39],[-177,317],[-91,-134],[-235,403],[-113,-506],[91,-58],[-51,-289],[-231,-81],[35,-371]],[[65399,44084],[-200,-178],[-167,44],[-107,197],[-197,-105],[-166,232],[-103,501]],[[64459,44775],[-314,279],[128,488]],[[64273,45542],[287,27],[27,-259],[77,-14],[309,281],[133,444],[444,-116],[163,190],[68,-173],[138,28]],[[65919,45950],[131,132],[297,-379],[102,53]],[[75856,28925],[56,114],[-125,174]],[[75787,29213],[48,435],[-78,-85]],[[75757,29563],[-87,555],[-221,312],[47,342],[-212,-41],[-116,467]],[[75168,31198],[374,791]],[[75542,31989],[208,623],[78,483],[-61,110]],[[75767,33205],[-69,89],[56,212],[362,-134],[117,121]],[[76233,33493],[256,19],[-48,-434],[70,-388],[-181,-206],[-62,-359],[291,-822],[-62,-342],[112,-374],[-129,-593],[-347,-335],[-1,-353],[-276,-381]],[[23149,89400],[533,-1090]],[[23682,88310],[119,-481],[-25,-675],[201,-475],[-21,-476]],[[23956,86203],[-132,-284]],[[23824,85919],[-115,329],[-127,-165],[-751,13],[-57,210],[-258,30],[-170,300],[-265,-36],[-222,335],[-550,347],[-315,571]],[[20994,87853],[318,322],[516,72],[1321,1153]],[[45046,81497],[167,-8],[536,-757],[358,107],[391,-374]],[[46498,80465],[74,-253],[189,131],[190,-109],[16,-180]],[[46967,80054],[-18,-413]],[[46949,79641],[-157,20],[-329,-301],[-133,-566],[112,-381],[-81,-838],[122,-441],[116,-80]],[[46599,77054],[-57,-99],[-208,211]],[[46334,77166],[-192,516],[-298,24],[-24,209],[-259,-36],[-141,202],[-539,-450],[-193,6]],[[48982,65813],[359,137],[51,-127],[145,39],[2,1028],[341,-57],[253,221],[439,-190]],[[50572,66864],[314,140],[245,-154],[272,83],[87,-1304],[263,-192]],[[51753,65437],[-291,-211],[-248,49],[-206,-186],[-81,-281],[-471,-213],[-80,-202],[-227,-33],[-227,-863],[-302,-282]],[[49620,63215],[-41,-81],[-123,132],[-31,-141],[-98,121],[-14,-94],[-181,181],[0,177],[-152,57],[-13,153],[220,401],[-360,98],[-123,168],[138,227],[-16,1011],[156,188]],[[70595,30668],[-323,204],[136,177],[-8,284]],[[70400,31333],[26,19]],[[70426,31352],[527,254],[128,-171],[-486,-767]],[[21133,53822],[-6,-387],[-304,-925],[-40,-669],[-95,-67],[-146,-524],[13,-822]],[[20555,50428],[-188,-1134],[81,-605],[-201,-566]],[[20247,48123],[-843,276],[-317,-176],[-253,258],[-243,10]],[[18591,48491],[-117,336],[74,106],[-93,518],[-3,463],[144,702],[-76,337]],[[18520,50953],[213,599],[297,314],[-3,324],[180,317],[10,473],[249,294],[46,486],[172,203],[-42,428]],[[19642,54391],[957,-98],[208,-162],[63,-227],[263,-82]],[[42229,32853],[-585,-6],[-190,-199],[-589,166],[-260,-240]],[[40605,32574],[209,390],[-66,138],[83,212],[181,178],[-186,537],[94,321],[107,66],[-109,302],[597,462]],[[50425,75557],[83,323],[207,195],[-63,240],[108,454]],[[50760,76769],[367,-282],[184,295],[289,-110]],[[51772,74908],[-569,-174],[-87,58],[-39,303],[-468,58]],[[51772,74908],[-18,601],[-160,212],[137,481],[-131,470]],[[51600,76672],[384,46]],[[53152,76659],[99,-424],[-334,-90],[294,-364],[-420,-680],[-397,-79],[-66,-411],[-258,-277]],[[52070,74334],[-96,162],[64,334],[-266,78]],[[63817,67121],[391,359],[156,524],[727,289],[99,406],[-66,181],[86,501],[-46,344],[162,307]],[[65326,70032],[256,144]],[[65582,70176],[-73,-434],[139,-51],[151,200],[181,-83],[-85,-216],[57,-203],[439,65],[261,-299],[185,89],[75,-285],[-95,-237],[293,-38],[22,-226],[211,-152],[-61,-312],[-93,-51]],[[67189,67943],[-4,-182],[-293,-256],[5,-562],[-385,-106],[-77,-654],[-479,-912],[-264,-293],[-106,-441]],[[65586,64537],[-199,257],[-244,29],[-143,-187]],[[65000,64636],[-115,270],[-298,192],[78,207],[-158,503],[-1,318],[120,10],[52,336],[-223,138],[-430,-136],[-208,647]],[[36558,85036],[-359,425]],[[36199,85461],[353,297],[424,761],[450,84],[214,-144],[23,469],[385,394],[270,1041],[-48,255],[197,848],[564,798]],[[39031,90264],[86,-204],[152,69],[0,-240],[225,-110],[-74,-145],[178,53],[-53,-239],[116,-109],[-55,-193],[171,-23],[-52,-207],[116,-126],[-83,-232],[82,-460],[83,-53],[-48,-108],[265,-301],[-83,-198],[52,-161],[159,140],[47,-176],[124,-36],[-64,-72]],[[40375,87133],[-391,-681],[-64,-1420],[-73,-53]],[[39847,84979],[-154,-155],[-246,-812],[-190,-298],[43,-227],[-134,-119]],[[39166,83368],[-222,-134],[-199,103],[-69,338],[-667,960],[-286,-2],[-133,219],[-207,16],[-299,558],[-265,-84],[-261,-306]],[[63936,24651],[29,-225],[169,-23],[-20,-217],[109,36],[86,-269]],[[64309,23953],[-147,-375],[-594,-464],[-340,306],[-124,-155],[-22,-289],[-138,-90]],[[62944,22886],[-285,565],[-568,231],[-101,-47],[-86,-690],[-138,46],[-102,-232],[-46,155],[-403,-610],[20,683],[166,289],[19,267],[-133,186],[-137,-171],[-390,48],[-332,-585],[-253,-128],[-119,-395],[137,-64],[-13,-207],[-537,-293]],[[59643,21934],[-33,120],[-188,-132],[-390,28],[-45,211],[-207,90],[-95,-105],[-54,155],[74,212],[-124,454],[-302,-45]],[[58279,22922],[-122,242],[289,108],[-118,37],[19,168],[184,-24],[36,366],[64,-74],[123,205],[-119,327],[444,334],[97,478]],[[59176,25089],[147,98],[-39,-188],[228,-415],[199,53],[102,-200],[178,129],[265,-390],[71,310],[286,-25],[184,210],[80,158],[-104,118],[53,123],[84,-127],[66,155],[79,-110],[208,207],[-27,304],[213,149],[-4,202],[200,202],[-226,172],[57,483],[387,87]],[[61863,26794],[171,-126],[200,48],[209,-523],[132,93],[430,-165],[172,134],[1,-208],[261,31],[-32,-510],[134,-202],[-179,-211],[86,-227],[200,76],[288,-353]],[[72568,70410],[-112,51],[-273,-221],[-297,100],[-329,-172],[-180,-527],[277,-473],[-723,-867]],[[70931,68301],[-63,110],[-100,-188],[-86,158],[25,281],[-131,60],[44,59],[-237,-75],[-9,281],[-157,-32],[-30,261]],[[70187,69216],[-81,478],[51,144],[153,0],[3,400],[148,32],[-14,204],[201,21],[152,197],[-80,785]],[[70720,71477],[188,191],[67,-336],[272,-275],[183,62],[134,-254],[439,781],[209,-40],[-8,-505],[364,-691]],[[53550,77032],[-398,-373]],[[53152,76659],[-366,-291],[-251,148],[-248,-102],[-236,451],[-67,-147]],[[51984,76718],[23,458],[257,276]],[[52264,77452],[37,-223],[368,121],[263,-273],[576,104],[42,-149]],[[52334,72411],[839,-45],[170,-186],[26,-298],[250,-226]],[[53619,71656],[-268,-439]],[[53351,71217],[-399,-292],[-356,48],[14,-323],[-279,-316],[-150,-469],[-214,-182],[-48,-340]],[[51919,69343],[-111,-271],[32,-140]],[[51840,68932],[-642,-129],[-290,-229],[-236,288],[-313,46],[-86,-112],[122,-112],[-235,-213],[-87,-363]],[[50073,68108],[-96,-140],[-157,372],[-166,16],[38,996],[-510,13],[40,171],[-124,218],[-32,345],[51,295],[-123,199]],[[48994,70593],[114,375],[276,86],[69,203]],[[49453,71257],[143,5],[223,317],[172,-413],[294,-112],[94,529],[273,449]],[[50652,72032],[271,14],[172,-271],[266,175],[217,-52],[179,277],[307,-265],[160,84],[110,417]],[[42229,32853],[-195,218],[188,429],[-55,198],[146,8],[15,133],[-427,631]],[[43548,34786],[250,-212],[109,92],[23,-156],[-113,-146],[366,-631],[-161,-286],[181,-315],[-116,-142],[92,-567],[181,79],[114,-251],[141,-23],[-107,-441],[-9,-239],[84,-113],[-171,-158],[29,-192],[139,-66],[-14,-327],[-160,-281]],[[44406,30411],[-457,229],[-294,-98],[-210,-242],[-250,227],[-218,477],[225,-5],[-154,312],[-906,1099],[238,214],[-151,229]],[[48896,26953],[88,-66],[115,139],[281,-602],[308,-249],[-66,-218],[50,-258],[738,-269],[98,97],[287,-130],[144,118]],[[50939,25515],[42,-83],[-212,-138],[66,-226],[-219,-85],[33,-136],[-101,-42],[54,-155]],[[50602,24650],[-211,-51],[-309,-670],[-138,131],[-186,-275],[-95,115],[-133,-122],[-190,231],[-23,338],[-120,198],[45,177],[-127,174],[46,223],[-205,-102],[-142,-308],[-514,-198],[158,252],[-55,419],[124,367],[-75,331],[78,307],[-166,598],[-153,186],[83,83],[320,-193],[282,92]],[[16644,55095],[228,62]],[[16872,55157],[744,-206],[-207,-460],[-74,-1294],[-136,-151]],[[17199,53046],[-351,-103],[-216,-421],[-158,137],[-256,-474],[-252,227],[-333,750]],[[15633,53162],[-11,733]],[[15622,53895],[275,182],[301,603],[262,194],[202,-407],[56,188],[-74,440]],[[26862,46343],[45,632],[557,938]],[[27464,47913],[121,161],[605,45],[177,-319]],[[28367,47800],[229,124],[14,-179],[199,-269],[138,217],[128,-89]],[[29075,47604],[57,-624],[-177,-565],[-52,-1122],[-320,-166]],[[28583,45127],[-666,-556],[-308,418],[-165,538],[-249,364],[-26,310],[-188,-33],[-119,175]],[[60170,35359],[-404,-237],[-91,-278],[74,-99],[-149,-209],[187,-77],[-8,-118],[-289,-118],[16,-498],[-197,89],[-51,-304]],[[59258,33510],[-182,215],[-265,-114],[-45,351],[-210,321],[-204,-81],[-117,120],[-173,-86],[-95,-237],[-144,-17],[-94,286],[138,474],[-195,207],[-79,-177],[-136,101],[-352,-324],[-477,-43],[-69,158]],[[56559,34664],[-48,625],[-338,299]],[[56173,35588],[599,-190],[368,352],[121,-20],[22,337],[282,336],[61,310],[-59,67],[105,186],[-83,152],[74,145]],[[57663,37263],[836,310],[336,470],[46,-208],[179,-103],[116,446]],[[59176,38178],[88,-154],[128,146],[113,-48],[50,149],[-25,-517],[119,2]],[[59649,37756],[-87,-201],[148,-52],[-125,-86],[189,-219],[-170,-204],[154,-130],[-192,-312],[130,-167],[86,122],[27,-298],[233,118]],[[60042,36327],[-88,-216],[100,-254],[25,150],[81,-90],[10,-558]],[[82525,42818],[228,385]],[[85000,42647],[103,-641],[619,-1017],[856,1162],[127,-35],[126,-410],[133,-51],[230,163]],[[87194,41818],[146,-33]],[[87340,41785],[56,-341],[-278,-198],[196,-500],[-40,-125]],[[87274,40621],[-317,127],[-210,-239],[39,-194],[-106,-483],[-386,-410],[-103,-390]],[[86191,39032],[-77,13],[-240,-459],[-187,-39],[-98,-244],[-309,-56],[-277,81],[-187,367],[-19,410],[-266,6],[-95,270],[-171,20],[-217,-347],[-231,285]],[[83817,39339],[171,541],[-397,320],[-72,458],[58,155],[-99,326],[-296,588],[-87,-282],[-261,350],[-59,346],[-119,-46],[24,354],[-155,369]],[[43500,36919],[173,-240],[-167,-706],[131,-567],[-206,-50],[186,-345],[-69,-225]],[[43548,34786],[-179,-61],[-313,239],[-407,-180],[-265,304],[-464,-331],[-19,-287]],[[41901,34470],[-386,710]],[[41515,35180],[6,709],[-266,345]],[[41255,36234],[173,120],[63,454],[105,51],[-136,369],[185,298],[656,10],[236,-289],[558,175],[205,-270],[176,-35],[24,-198]],[[5082,54762],[851,918],[1022,623],[87,292],[265,280]],[[7307,56875],[254,83],[164,-100],[314,-450],[1039,-737],[145,-369]],[[9223,55302],[493,-321],[350,86]],[[10066,55067],[-90,-250],[46,-407],[-210,-285],[97,-970],[471,-1571],[510,-833]],[[10890,50751],[-284,-1121],[48,-991],[-691,-539],[-99,70],[-39,670],[-218,324],[-316,-89],[-298,-294],[-707,134],[-861,377]],[[7425,49292],[-110,687],[44,334],[-161,322],[73,432],[-96,117],[-4,647],[-119,407],[154,468],[-234,117],[-305,431],[-342,-161],[-137,69],[-284,-370],[-333,206]],[[5571,52998],[-213,96],[-191,367],[-85,1301]],[[52529,80735],[19,238],[-247,362],[-199,593]],[[52102,81928],[-35,201],[283,250],[-131,176]],[[52219,82555],[270,114],[834,912]],[[53323,83581],[199,-532],[276,88],[182,-372],[255,-5],[148,-632],[-155,-353],[23,-179]],[[59886,40082],[10,542],[-467,768]],[[59429,41392],[343,221],[-73,126],[-179,-53],[-88,278],[276,36],[215,256],[-106,53],[-268,-203],[170,523],[-571,40],[-108,637],[69,-23],[-31,332],[125,41],[-26,244],[84,86],[-22,476]],[[59239,44462],[22,15]],[[59261,44477],[487,-486],[35,-325],[160,-192],[261,-7],[0,243],[124,136]],[[60328,43846],[115,-118]],[[60443,43728],[396,-1174],[-29,-172],[90,-63]],[[60900,42319],[-10,-564],[103,-261],[256,-7],[27,-577],[151,126],[225,-135],[-176,-410]],[[61476,40491],[-131,-282],[-83,105],[26,-558],[306,169],[165,-362],[-300,30],[-63,-582],[-152,-176]],[[61244,38835],[-189,-43],[-377,-468],[-267,74]],[[60411,38398],[95,313],[126,36],[-37,422],[-275,237],[-20,342],[-188,0],[-45,124],[-76,-101],[-105,311]],[[39920,38751],[174,-180],[-308,-697],[105,-634]],[[39891,37240],[-225,388],[-745,-409]],[[38921,37219],[-223,539],[-74,711],[-330,689],[55,153],[-214,2],[-44,213],[-95,-64],[-74,148]],[[38493,40242],[400,-437],[283,31],[190,-218],[156,168]],[[39522,39786],[261,-263],[35,-280],[126,-128],[-83,-228],[59,-136]],[[55369,37576],[-266,-188],[-168,-401],[-192,-151],[-295,226],[-42,185]],[[54406,37247],[25,309],[-163,97],[-78,495],[401,604]],[[54591,38752],[121,-72],[155,-389],[292,-175],[210,-540]],[[56648,51128],[-209,-134]],[[56439,50994],[-174,-256],[-208,519],[-106,-190],[-24,192],[-152,-49],[-79,202],[29,-702],[-65,127],[-96,-105],[-42,159],[120,239],[-97,260],[-113,184],[-106,-173],[8,197],[-159,66],[-19,-419],[-100,293],[-102,-121],[50,-434],[-219,206],[3,-166],[-121,-127],[12,-316],[-200,288]],[[54479,50868],[-118,107],[-296,-252],[-196,55],[143,534],[215,65],[161,225],[-9,200],[-280,365],[-109,374],[276,664],[183,-49],[-20,452]],[[54429,53608],[942,106],[333,-308],[154,66],[59,-213],[479,-448],[123,-609],[-75,-47],[127,-100],[-79,-155],[148,-281],[8,-491]],[[53846,60380],[-175,-746],[96,-580]],[[53767,59054],[-270,-258],[-278,554],[-234,-150],[-289,218],[-344,-418],[-180,101]],[[52172,59101],[175,112],[128,365],[727,457],[282,347],[362,-2]],[[85000,42647],[-472,-353],[-270,205],[-714,-250],[-174,290],[-321,167],[-296,497]],[[82753,43203],[360,435],[-133,296],[201,457]],[[83181,44391],[771,117],[161,-235],[190,-4],[149,-198],[72,-414],[117,109],[146,-119],[213,-1000]],[[24325,90475],[-43,513],[226,575],[5,330],[578,1183]],[[25091,93076],[468,-911]],[[25559,92165],[4,-373],[-210,-552],[43,-262],[-252,-409],[34,-166],[338,-288]],[[25516,90115],[134,-382],[-89,-395],[-347,-216]],[[25214,89122],[-266,1224],[-494,378],[-129,-249]],[[72475,45265],[-182,-244],[108,-280],[-217,-107],[32,-280],[-199,-126],[-183,96]],[[71834,44324],[-249,123],[14,-181],[-112,78],[-40,-151],[-56,-30],[33,289],[-79,23],[-39,430],[-47,-180],[-117,-9],[2,107],[-189,-10],[-5,185]],[[70950,44998],[72,455],[280,101],[52,492],[187,177]],[[71541,46223],[106,197],[420,-5]],[[72067,46415],[156,-104],[-78,-259],[106,-292],[238,-20],[-14,-475]],[[29348,58753],[-417,-547]],[[28931,58206],[-329,289],[5,223],[-261,3],[-63,200],[-176,-40],[-77,184],[-201,22],[-94,228],[-455,373],[-405,122]],[[26875,59810],[-56,114]],[[26819,59924],[506,1432]],[[27325,61356],[482,296],[-70,270],[183,128],[-57,200],[121,290],[-21,330],[564,341],[193,307]],[[28720,63518],[369,-211],[199,-454],[185,27],[68,307],[456,518],[711,-420]],[[30708,63285],[86,-297],[-70,-203],[-398,50],[-93,-119],[-93,-738],[219,-69],[3,-144],[-196,-283],[-13,-488],[-155,-320],[17,-204],[-743,-441],[-160,-248],[199,-445],[-278,-205],[231,-93],[84,-285]],[[16103,70356],[-241,406],[-364,277]],[[15498,71039],[197,395],[292,238],[39,235]],[[16026,71907],[631,-161],[38,514]],[[16695,72260],[88,-267],[305,140],[286,-127],[74,243],[261,-164],[202,81],[107,357]],[[18018,72523],[67,-1007],[109,-252],[-40,-389],[75,-140],[-71,-278]],[[18158,70457],[-337,-312],[-244,118],[-103,-294],[-415,269],[-403,-101],[-553,219]],[[32743,78438],[137,386],[-145,393],[-4,687]],[[32731,79904],[202,236],[-10,226]],[[32923,80366],[347,-134],[232,108],[457,-612],[101,-516],[128,139]],[[34188,79351],[53,-166],[107,-54],[50,188],[106,-185],[-118,-624]],[[34386,78510],[-247,-339]],[[34139,78171],[-129,120],[-323,-198],[-292,356],[-652,-11]],[[28953,95406],[12,117]],[[28965,95523],[242,-140],[193,123],[215,357],[40,-78],[20,208],[237,348]],[[29912,96341],[81,-142],[-86,-530],[121,-597]],[[30028,95072],[324,-880]],[[30352,94192],[-226,-730],[-408,-261]],[[29379,93297],[-408,1339],[58,450],[-76,320]],[[38545,75232],[-235,-207],[-69,-217],[45,-343]],[[38286,74465],[35,-352],[-154,-221],[41,-117],[-278,-289],[-113,55],[168,-582],[-152,-242],[-241,85]],[[37592,72802],[-288,-168],[-668,560]],[[36636,73194],[-179,56],[-99,206]],[[36358,73456],[349,390],[114,632],[348,-93],[0,285],[223,700],[160,46],[151,294],[679,-6],[147,162],[16,-634]],[[88912,32193],[80,-92],[16,-68],[-198,20],[102,140]],[[89780,32185],[-17,-38],[-23,23],[28,25],[12,-10]],[[88930,32258],[13,5],[-3,-25],[-9,4],[-1,16]],[[88890,32399],[-1,6],[5,7],[-1,-15],[-3,2]],[[90353,32416],[3,-1],[-2,-5],[-3,1],[2,5]],[[88223,32422],[-17,-29],[-26,8],[34,36],[9,-15]],[[88886,32460],[11,6],[5,-25],[-10,2],[-6,17]],[[90346,32485],[-47,-50],[-40,8],[74,73],[13,-31]],[[89773,32788],[74,-191],[119,229],[93,-15],[130,-119],[-18,-123],[-412,-360],[-65,403],[32,226],[47,-50]],[[90368,32526],[2,5],[3,0],[-3,-7],[-2,2]],[[88906,32699],[-4,-2],[7,9],[-1,-3],[-2,-4]],[[88275,32714],[-36,-1],[-6,22],[23,4],[19,-25]],[[90159,32999],[10,16],[13,-12],[-22,-32],[-1,28]],[[89486,33327],[2,-2],[-4,-12],[-3,17],[5,-3]],[[90040,33877],[4,2],[-3,-10],[-3,5],[2,3]],[[89973,33874],[-1,9],[6,0],[0,-5],[-5,-4]],[[90534,34854],[-3,0],[2,12],[5,-5],[-4,-7]],[[87536,31903],[54,329],[141,-12],[-76,293],[-157,53],[74,1043]],[[87572,33609],[1088,773],[-9,465],[118,65],[-97,274]],[[88672,35186],[309,269],[85,359],[461,20],[250,252],[87,-57],[-106,368],[82,75],[-42,344]],[[89798,36816],[72,71],[260,-269],[382,152],[-81,665],[259,342],[-12,197],[123,180],[146,-58],[94,-227],[520,839],[263,-229],[115,157]],[[91939,38636],[-37,-593],[171,-247],[382,-112],[-39,-135],[181,-311],[-33,-196],[219,146],[321,-565],[14,-421],[192,-49],[39,-161],[363,-330],[-297,46],[-386,-215],[6,136],[-134,27],[-107,-183],[-401,-161],[58,333],[-146,152],[-171,74],[-285,-278],[88,468],[-282,220],[-145,-302],[-236,-110],[-80,-387],[-128,-32],[-189,-362],[-169,60],[-179,-155],[-53,-221],[-209,79],[-130,-210],[-56,148],[-140,-52],[23,-177],[-112,-126],[105,-344],[251,151],[30,-211],[189,-21],[-500,-127],[-209,-957],[-70,498],[-187,-82],[-27,169],[-193,-255],[185,-90],[20,-282],[-77,-50],[-6,122],[-286,156],[11,169],[-350,156],[-65,-141],[137,-290],[-38,-224],[94,-2],[-49,-223],[-274,24],[-93,363],[-365,-301],[-26,-248],[227,-248],[-65,-69],[51,-251],[-221,17],[-153,-216],[-145,74],[-67,-126],[-9,140],[-161,10],[20,178]],[[91691,34617],[-11,6],[52,42],[-14,-55],[-27,7]],[[92189,34681],[-18,8],[23,22],[0,-21],[-5,-9]],[[92279,34887],[30,-163],[-113,-75],[80,295],[3,-57]],[[91348,34877],[-4,-3],[-2,1],[1,4],[5,-2]],[[92302,35033],[9,-9],[-11,-20],[-2,23],[4,6]],[[91769,35050],[7,6],[2,-18],[-3,9],[-6,3]],[[92251,35115],[-11,-11],[-11,-1],[12,20],[10,-8]],[[92288,35043],[-33,84],[80,71],[-46,-97],[-1,-58]],[[91316,35264],[0,-1],[-5,-4],[1,6],[4,-1]],[[91869,35298],[10,13],[11,-12],[-14,-12],[-7,11]],[[91317,35298],[0,34],[27,1],[-4,-22],[-23,-13]],[[91265,35397],[10,-55],[-98,-35],[47,101],[41,-11]],[[91351,35370],[0,5],[4,0],[0,-5],[-4,0]],[[91875,35360],[-7,30],[16,4],[5,-12],[-14,-22]],[[91763,35532],[-55,-66],[-43,-12],[49,89],[49,-11]],[[91830,35946],[-4,-10],[-3,2],[1,10],[6,-2]],[[91710,35947],[-11,-9],[-9,14],[22,26],[-2,-31]],[[91650,36241],[4,-16],[-8,-3],[-1,18],[5,1]],[[37302,51222],[114,-59],[120,158],[18,327],[312,230],[198,443]],[[38064,52321],[106,-302],[222,-225],[319,574],[195,-582]],[[38906,51786],[218,-295],[-81,-578],[100,-311],[459,-714]],[[39602,49888],[-215,-517],[56,-226],[-207,-867]],[[39236,48278],[-291,273],[-58,460],[-225,52],[-126,250],[-304,104],[-186,-421],[-347,653],[-129,866],[-268,707]],[[43051,78866],[162,84],[-113,164],[56,493],[608,225],[141,269],[-34,258],[391,498],[82,406]],[[44344,81263],[434,436],[47,314]],[[44825,82013],[96,-197],[-32,-310],[157,-9]],[[45046,81497],[-143,-735],[-135,-192],[139,-242],[-201,-475],[-39,-246],[78,-274],[-298,-642],[148,-447],[-108,-123],[235,-339],[-34,-145]],[[44688,77637],[-228,-316],[2,-461]],[[44462,76860],[-198,-122],[-270,455],[-200,655],[-234,242],[-16,299],[-319,422],[-174,55]],[[36610,80824],[-82,-365],[35,-627],[-141,-488]],[[36422,79344],[-354,265],[-442,-49],[-102,-234],[-138,-46],[-151,512]],[[35235,79792],[444,517],[115,333]],[[35794,80642],[279,262],[288,-129],[88,171],[161,-122]],[[27341,94946],[31,-468],[438,-375],[116,-393]],[[27926,93710],[88,-566],[-101,-715],[222,-1192],[-46,-127],[-244,32],[-222,-706],[-110,51],[-98,-296]],[[27415,90191],[-228,-124],[-251,395],[-385,-15]],[[26551,90447],[2,170],[700,885],[35,557],[-140,199],[-30,326]],[[27118,92584],[24,634],[-256,501]],[[26886,93719],[455,1227]],[[42875,66309],[387,-211]],[[43262,66098],[-64,-128],[42,-535],[-203,-220],[-92,-326],[100,-179],[-100,-608],[119,-360],[-25,-247],[-295,-793]],[[42744,62702],[-94,209],[-520,186]],[[42130,63097],[-420,-83],[-152,219]],[[41558,63233],[155,252],[126,-60],[505,750],[78,1003],[-54,416],[507,715]],[[41493,74887],[11,153],[146,-50],[-55,120],[70,285],[236,-218],[123,225],[92,-38],[155,449],[124,32]],[[42395,75845],[686,-141],[312,187],[177,-263],[239,19],[46,-516],[160,-256],[201,-63]],[[44216,74812],[94,-49]],[[44310,74763],[-10,-519],[-206,-103],[-109,-499],[-296,-513],[-137,-53],[-183,-595]],[[43369,72481],[-473,532],[-150,-71]],[[42746,72942],[-74,377],[-476,571],[-322,-84],[-62,389],[-219,136],[-100,556]],[[33845,90484],[40,106]],[[33885,90590],[274,-568]],[[33029,86998],[-153,-146],[20,171],[-118,70],[0,131],[-291,196]],[[32487,87420],[412,521],[171,45],[168,471],[-68,701],[554,175],[121,1151]],[[69636,43571],[29,-190],[-299,-184],[-263,-470],[-13,-241],[189,-529]],[[67856,41248],[-120,101]],[[67736,41349],[-147,422],[-113,16],[-34,241],[95,350],[360,338],[96,401],[379,440],[106,431],[338,-83],[191,-402],[251,128],[272,-183],[125,34],[-19,89]],[[25870,74771],[72,-153],[-235,-126],[61,-494],[-179,-169],[-204,67],[-726,-1851],[-4,197],[-137,194],[-282,37],[-106,-815],[-382,-825],[0,-469]],[[23748,70364],[-90,-77]],[[23658,70287],[-314,146],[-146,368],[-275,177]],[[22923,70978],[-304,259],[-76,236],[-331,-191],[-252,129]],[[21960,71411],[605,1201],[98,612],[304,777],[572,682],[253,-38],[348,418],[41,445],[-72,215],[162,97],[213,712],[-4,618],[501,1375],[-33,524],[306,223]],[[25254,79272],[584,-496],[7,-388]],[[25845,78388],[-82,-489],[89,-501],[-62,-361],[369,-479],[275,-150],[-250,-519],[127,-204],[-441,-914]],[[75006,42833],[-147,-218]],[[74859,42615],[-280,551],[-162,-2],[30,257],[-206,412],[97,203],[-314,405],[13,183],[78,-97],[214,268],[170,353],[5,268]],[[74504,45416],[432,311],[229,-319],[103,85]],[[75268,45493],[22,-715],[-130,-177],[97,-19],[-26,-147],[368,-466]],[[75599,43969],[-360,-614],[-204,27],[-29,-549]],[[68952,60589],[-250,-69],[-68,220],[-156,36]],[[68478,60776],[-247,868],[112,744],[133,146],[-66,395],[308,232],[-23,321]],[[68695,63482],[445,42],[311,529],[452,90],[129,365]],[[70032,64508],[162,100],[115,-98],[1,-323],[161,-159],[21,-184],[352,-396],[4,-138],[218,-141]],[[71066,63169],[-85,-235]],[[70981,62934],[-328,155],[-178,-351],[-339,-83],[-112,-259],[-228,-174],[-349,219],[21,-138],[-109,-70],[38,-145],[-150,-59],[-107,-400],[-135,-31],[218,-604],[-50,-270],[-221,-135]],[[67619,31006],[199,319],[147,524]],[[67965,31849],[88,-83],[259,117],[-25,-253],[198,-154]],[[68485,31476],[-102,-136],[-17,-643],[72,-156],[-100,-297],[-22,169],[-233,85],[-73,229],[-391,279]],[[70523,38901],[-87,-327],[115,-423],[-119,-454]],[[70432,37697],[-108,-106],[-352,376],[-67,590],[145,81],[-143,31],[329,343],[287,-111]],[[36378,53798],[-534,158],[-120,220]],[[35724,54176],[100,59],[478,1248],[-107,310],[88,568],[-160,559],[12,307],[-189,413],[324,184],[166,627]],[[36436,58451],[277,-270]],[[36713,58181],[200,-1048],[371,-146],[261,-420],[11,-792],[-95,-94],[177,-721],[-202,-118],[-251,81],[-210,-76],[-75,-208],[-256,0],[-158,-226],[-108,-615]],[[68330,40200],[-477,895],[3,153]],[[67856,41248],[48,407],[349,247],[12,259],[1014,-204]],[[69279,41957],[78,-338],[-140,-169]],[[69217,41450],[-301,-378],[-382,13],[-236,-461],[32,-424]],[[54251,81596],[248,-200],[-104,-573],[388,-466]],[[54783,80357],[-863,-1390],[-920,68]],[[53000,79035],[-129,287],[-36,690],[-92,-74],[-152,254],[78,192],[-140,351]],[[52529,80735],[318,228],[250,396],[168,-235],[546,-5],[377,269],[63,208]],[[49204,74416],[-195,304],[-49,447]],[[48960,75167],[984,463],[481,-73]],[[50425,75557],[184,-404]],[[50609,75153],[-63,-868],[-436,317],[-298,-265],[-608,79]],[[29718,93201],[-102,-175],[26,-333],[-87,26],[-15,-166],[174,-347],[-165,-404]],[[29549,91802],[-233,-150],[-243,338],[-135,904]],[[28938,92894],[499,290],[-58,113]],[[29379,93297],[339,-96]],[[64843,32213],[-29,-650],[147,-114]],[[64961,31449],[-161,-335],[-172,-25],[-104,223],[-363,-403]],[[64161,30909],[-263,13],[-183,228],[-382,-15],[-577,-517]],[[62756,30618],[307,463],[-302,311],[14,406]],[[62775,31798],[-14,471],[-270,294],[182,100],[326,-240],[80,279],[242,215],[487,-89],[282,139],[112,-90],[106,-656],[535,-8]],[[33411,86698],[-25,161],[-176,-151]],[[33210,86708],[-33,287],[-148,3]],[[33029,86998],[260,462],[405,143],[177,263],[295,117],[204,348],[-34,864],[-201,509],[24,318]],[[34159,90022],[178,350],[180,-309],[153,38]],[[34670,90101],[252,-284],[381,-139],[145,-644],[508,-83],[37,-230],[412,-141]],[[36405,88580],[-96,-266],[56,-595],[-427,-228],[-288,-550],[-37,-967]],[[35613,85974],[-177,-96],[-79,166],[-112,-319],[-265,157],[-33,-92]],[[34947,85790],[-262,551],[-534,142],[-30,-226],[-313,237],[3,205],[-192,-15],[-8,152],[-71,-149],[-129,11]],[[35201,75737],[-36,-502],[-166,-321],[-42,-767],[-108,-88]],[[34849,74059],[-404,286],[-707,-172],[-424,445]],[[33314,74618],[-250,997]],[[33064,75615],[534,684],[-105,137],[60,557],[586,1178]],[[34139,78171],[768,-821],[63,-792],[-181,-209],[412,-612]],[[36773,40891],[292,620],[569,276],[-162,157],[-11,380],[158,198],[-151,276]],[[37468,42798],[-14,120],[166,-38],[9,145],[179,21],[-87,177],[87,101],[117,29],[-32,-121],[168,-132],[118,338],[128,-61],[-47,-586],[87,-180],[14,-498]],[[38361,42113],[53,-209],[-91,-308],[107,-262],[-113,-12],[-18,-275],[194,-805]],[[38493,40242],[-66,-122],[-159,57],[-110,-337],[-236,-230]],[[37922,39610],[-205,263],[73,481],[-239,168],[-148,-144],[-293,40],[-337,473]],[[69428,56524],[-32,-733]],[[69396,55791],[-636,-894],[-142,4],[-158,1711],[275,32],[57,209],[267,52],[175,-290],[20,-277],[174,186]]]}