{"type":"Topology","objects":{"data":{"geometries":[{"properties":{"cd_uf_ibge":12,"uf":"ac","nm_uf":"ACRE"},"type":"Polygon","arcs":[[-8,-895,0]],"id":0},{"properties":{"cd_uf_ibge":27,"uf":"al","nm_uf":"ALAGOAS"},"type":"MultiPolygon","arcs":[[[-13,-272,1,-1006],[2],[3],[4]],[[5]]],"id":1},{"properties":{"cd_uf_ibge":13,"uf":"am","nm_uf":"AMAZONAS"},"type":"Polygon","arcs":[[6,-901,-219,-204,-896,7],[8]],"id":2},{"properties":{"cd_uf_ibge":16,"uf":"ap","nm_uf":"AMAP\u00c1"},"type":"MultiPolygon","arcs":[[[9,-221]],[[10]],[[11]]],"id":3},{"properties":{"cd_uf_ibge":29,"uf":"ba","nm_uf":"BAHIA"},"type":"MultiPolygon","arcs":[[[-125,-1143,-1142,-1141,-1140,-295,-273,12,-1005,1003,-1003,-1002,1001,-1001,-1000,999,-999,-998,997,-997,-996,995,-995,-994,993,-993,-992,991,-1008,13,-41,-194,-193,-192],[14],[15],[16],[17]],[[18]],[[19]],[[20]],[[21]],[[22]],[[23]],[[24]],[[25]],[[26]],[[27]],[[28]],[[29]],[[30]],[[31]],[[32]],[[33]],[[34]],[[35]],[[36]],[[37]]],"id":4},{"properties":{"cd_uf_ibge":23,"uf":"ce","nm_uf":"CEAR\u00c1"},"type":"Polygon","arcs":[[38,-891,-261,-269,-293]],"id":5},{"properties":{"cd_uf_ibge":53,"uf":"df","nm_uf":"DISTRITO FEDERAL"},"type":"Polygon","arcs":[[-190,-126]],"id":6},{"properties":{"cd_uf_ibge":32,"uf":"es","nm_uf":"ESP\u00cdRITO SANTO"},"type":"MultiPolygon","arcs":[[[39]],[[-343,-197,-196,-195,40,41]],[[42]],[[43]],[[44]],[[45]],[[46]],[[47]],[[48]],[[49]],[[50]],[[51]],[[52]],[[53]],[[54]],[[55]],[[56]],[[57]],[[58]],[[59]],[[60]],[[61]],[[62]],[[63]],[[64]],[[65]],[[66]],[[67]],[[68]],[[69]],[[70]],[[71]],[[72]],[[73]],[[74]],[[75]],[[76]],[[77]],[[78]],[[79]],[[80]],[[81]],[[82]],[[83]],[[84]],[[85]],[[86]],[[87]],[[88]],[[89]],[[90]],[[91]],[[92]],[[93]],[[94]],[[95]],[[96]],[[97]],[[98]],[[99]],[[100]],[[101]],[[102]],[[103]],[[104]],[[105]],[[106]],[[107]],[[108]],[[109]],[[110]],[[111]],[[112]],[[113]],[[114]],[[115]],[[116]],[[117]],[[118]],[[119]],[[120]],[[121]],[[122]],[[123]]],"id":7},{"properties":{"cd_uf_ibge":52,"uf":"go","nm_uf":"GOI\u00c1S"},"type":"Polygon","arcs":[[-205,-1145,-1144,124,-191,125,-189,-199]],"id":8},{"properties":{"cd_uf_ibge":21,"uf":"ma","nm_uf":"MARANH\u00c3O"},"type":"MultiPolygon","arcs":[[[-1138,-223,126,-291],[127]],[[128]],[[129]],[[130]],[[131]],[[132]],[[133]],[[134]],[[135]],[[136]],[[137]],[[138]],[[139]],[[140]],[[141]],[[142]],[[143]],[[144]],[[145]],[[146]],[[147]],[[148]],[[149]],[[150]],[[151]],[[152]],[[153]],[[154]],[[155]],[[156]],[[157]],[[158]],[[159]],[[160]],[[161]],[[162]],[[163]],[[164]],[[165]],[[166]],[[167]],[[168]],[[169]],[[170]],[[171]],[[172]],[[173]],[[174]],[[175]],[[176]],[[177]],[[178]],[[179]],[[180]],[[181]],[[182]],[[183]],[[184]],[[185]],[[186]],[[187]]],"id":9},{"properties":{"cd_uf_ibge":31,"uf":"mg","nm_uf":"MINAS GERAIS"},"type":"Polygon","arcs":[[-200,188,189,190,191,192,193,194,195,196,-342,-1012],[197]],"id":10},{"properties":{"cd_uf_ibge":50,"uf":"ms","nm_uf":"MATO GROSSO DO SUL"},"type":"Polygon","arcs":[[-208,-207,206,-206,198,199,-1011,-297,200],[201]],"id":11},{"properties":{"cd_uf_ibge":51,"uf":"mt","nm_uf":"MATO GROSSO"},"type":"Polygon","arcs":[[202,-897,203,-224,-1136,204,205,-207,206,207],[208],[209],[210],[211],[212],[213],[214],[215],[216],[217]],"id":12},{"properties":{"cd_uf_ibge":15,"uf":"pa","nm_uf":"PAR\u00c1"},"type":"MultiPolygon","arcs":[[[218,-900,219,220,221,222,-1137,223],[224],[225]],[[226]],[[227]],[[228]],[[229]],[[230]],[[231]],[[232]],[[233]],[[234]],[[235]],[[236]],[[237]],[[238]],[[239]],[[240]],[[241]],[[242]],[[243]],[[244]],[[245]],[[246]],[[247]],[[248]],[[249]],[[250]],[[251]],[[252]],[[253]],[[254]],[[255]],[[256]],[[257]],[[258]],[[259]]],"id":13},{"properties":{"cd_uf_ibge":25,"uf":"pb","nm_uf":"PARA\u00cdBA"},"type":"MultiPolygon","arcs":[[[260,-893,261,-270]],[[262]],[[263]],[[264]],[[265]],[[266]],[[267]]],"id":14},{"properties":{"cd_uf_ibge":26,"uf":"pe","nm_uf":"PERNAMBUCO"},"type":"MultiPolygon","arcs":[[[-294,268,269,270,271,272]],[[273]],[[274]],[[275]],[[276]],[[277]],[[278]],[[279]],[[280]],[[281]],[[282]],[[283]],[[284]],[[285]],[[286]],[[287]],[[288]],[[289]]],"id":15},{"properties":{"cd_uf_ibge":22,"uf":"pi","nm_uf":"PIAU\u00cd"},"type":"Polygon","arcs":[[-1139,290,291,292,293,294]],"id":16},{"properties":{"cd_uf_ibge":41,"uf":"pr","nm_uf":"PARAN\u00c1"},"type":"MultiPolygon","arcs":[[[295,296,-1015,297,-910]],[[298]],[[299]],[[300]]],"id":17},{"properties":{"cd_uf_ibge":33,"uf":"rj","nm_uf":"RIO DE JANEIRO"},"type":"MultiPolygon","arcs":[[[301]],[[302]],[[303]],[[304]],[[305]],[[306]],[[307]],[[308]],[[309]],[[310]],[[311]],[[312]],[[313]],[[314]],[[315]],[[316]],[[317]],[[318]],[[319]],[[320]],[[321]],[[322]],[[323]],[[324]],[[325]],[[326]],[[327]],[[328]],[[329]],[[330]],[[331]],[[332]],[[333]],[[334]],[[335]],[[336]],[[337]],[[338]],[[339]],[[340]],[[-1013,341,342,343,-446,344]],[[345]],[[346]],[[347]],[[348]],[[349]],[[350]],[[351]],[[352]],[[353]],[[354]],[[355]],[[356]],[[357]],[[358]],[[359]],[[360]],[[361]],[[362]],[[363]],[[364]],[[365]],[[366]],[[367]],[[368]],[[369]],[[370]],[[371]],[[372]],[[373]],[[374]],[[375]],[[376]],[[377]],[[378]],[[379]],[[380]],[[381]],[[382]],[[383]],[[384]],[[385]],[[386]],[[387]],[[388]],[[389]],[[390]],[[391]],[[392]],[[393]],[[394]],[[395]],[[396]],[[397]],[[398]],[[399]],[[400]],[[401]],[[402]],[[403]],[[404]],[[405]],[[406]],[[407]],[[408]],[[409]],[[410]],[[411]],[[412]],[[413]],[[414]],[[415]],[[416]],[[417]],[[418]],[[419]],[[420]],[[421]],[[422]],[[423]],[[424]],[[425]],[[426]],[[427]],[[428]],[[429]],[[430]],[[431]],[[432]],[[433]],[[434]],[[435]],[[436]],[[437]],[[438]],[[439]],[[440]],[[441]],[[442]],[[443]],[[444]],[[445,446]],[[447]],[[448]],[[449]],[[450]],[[451]],[[452]],[[453]],[[454]],[[455]],[[456]],[[457]],[[458]],[[459]],[[460]],[[461]],[[462]],[[463]],[[464]],[[465]],[[466]],[[467]],[[468]],[[469]],[[470]],[[471]],[[472]],[[473]],[[474]],[[475]],[[476]],[[477]],[[478]],[[479]],[[480]],[[481]],[[482]],[[483]],[[484]],[[485]],[[486]],[[487]],[[488]],[[489]],[[490]],[[491]],[[492]],[[493]],[[494]],[[495]],[[496]],[[497]],[[498]],[[499]],[[500]],[[501]],[[502]],[[503]],[[504]],[[505]],[[506]],[[507]],[[508]],[[509]],[[510]],[[511]],[[512]],[[513]],[[514]],[[515]],[[516]],[[517]],[[518]],[[519]],[[520]],[[521]],[[522]],[[523]],[[524]],[[525]],[[526]],[[527]],[[528]],[[529]],[[530]],[[531]],[[532]],[[533]],[[534]],[[535]],[[536]],[[537]],[[538]],[[539]],[[540]],[[541]],[[542]],[[543]],[[544]],[[545]],[[546]],[[547]],[[548]],[[549]],[[550]],[[551]],[[552]],[[553]],[[554]],[[555]],[[556]],[[557]],[[558]],[[559]],[[560]],[[561]],[[562]],[[563]],[[564]],[[565]],[[566]],[[567]],[[568]],[[569]],[[570]],[[571]],[[572]],[[573]],[[574]],[[575]],[[576]],[[577]],[[578]],[[579]],[[580]],[[581]],[[582]],[[583]],[[584]],[[585]],[[586]],[[587]],[[588]],[[589]],[[590]],[[591]],[[592]],[[593]],[[594]],[[595]],[[596]],[[597]],[[598]],[[599]],[[600]],[[601]],[[602]],[[603]],[[604]],[[605]],[[606]],[[607]],[[608]],[[609]],[[610]],[[611]],[[612]],[[613]],[[614]],[[615]],[[616]],[[617]],[[618]],[[619]],[[620]],[[621]],[[622]],[[623]],[[624]],[[625]],[[626]],[[627]],[[628]],[[629]],[[630]],[[631]],[[632]],[[633]],[[634]],[[635]],[[636]],[[637]],[[638]],[[639]],[[640]],[[641]],[[642]],[[643]],[[644]],[[645]],[[646]],[[647]],[[648]],[[649]],[[650]],[[651]],[[652]],[[653]],[[654]],[[655]],[[656]],[[657]],[[658]],[[659]],[[660]],[[661]],[[662]],[[663]],[[664]],[[665]],[[666]],[[667]],[[668]],[[669]],[[670]],[[671]],[[672]],[[673]],[[674]],[[675]],[[676]],[[677]],[[-687,678,679]],[[680]],[[-683,681]],[[682,683]],[[684]],[[685,-689]],[[686,687,688,689]],[[690]],[[691]],[[-696,692]],[[-698,693,694]],[[695,-696]],[[696,697,698]],[[699]],[[700]],[[701]],[[702]],[[703]],[[704]],[[705]],[[706]],[[707]],[[708]],[[709]],[[710]],[[711]],[[712]],[[713]],[[714]],[[715]],[[716]],[[717]],[[718]],[[719]],[[720]],[[721]],[[722]],[[723]],[[724]],[[725]],[[726]],[[727]],[[728]],[[729]],[[730]],[[731]],[[732]],[[733]],[[734]],[[735]],[[736]],[[737]],[[738]],[[739]],[[740]],[[741]],[[742]],[[743]],[[744]],[[745]],[[746]],[[747]],[[748]],[[749]],[[750]],[[751]],[[752]],[[753]],[[754]],[[755]],[[756]],[[757]],[[758]],[[759]],[[760]],[[761]],[[762]],[[763]],[[764]],[[765]],[[766]],[[767]],[[768]],[[769]],[[770]],[[771]],[[772]],[[773]],[[774]],[[775]],[[776]],[[777]],[[778]],[[779]],[[780]],[[781]],[[782]],[[783]],[[784]],[[785]],[[786]],[[787]],[[788]],[[789]],[[790]],[[791]],[[792]],[[793]],[[794]],[[795]],[[796]],[[797]],[[798]],[[799]],[[800]],[[801]],[[802]],[[803]],[[804]],[[805]],[[806]],[[807]],[[808]],[[809]],[[810]],[[811]],[[812]],[[813]],[[814]],[[815]],[[816]],[[817]],[[818]],[[819]],[[820]],[[821]],[[822]],[[823]],[[824]],[[825]],[[826]],[[827]],[[828]],[[829]],[[830]],[[831]],[[832]],[[833]],[[834]],[[835]],[[836]],[[837]],[[838]],[[839]],[[840]],[[841]],[[842]],[[843]],[[844]],[[845]],[[846]],[[847]],[[848]],[[849]],[[850]],[[851]],[[852]],[[853]],[[854]],[[855]],[[856]],[[857]],[[858]],[[859]],[[860]],[[861]],[[862]],[[863]],[[864]],[[865]],[[866]],[[867]],[[868]],[[869]],[[870]],[[871]],[[872]],[[873]],[[874]],[[875]],[[876]],[[877]],[[878]],[[879]],[[880]],[[881]],[[882]],[[883]],[[884]],[[885]],[[886]],[[887]],[[888]],[[889]]],"id":18},{"properties":{"cd_uf_ibge":24,"uf":"rn","nm_uf":"RIO GRANDE DO NORTE"},"type":"MultiPolygon","arcs":[[[890,891,892]],[[893]]],"id":19},{"properties":{"cd_uf_ibge":11,"uf":"ro","nm_uf":"ROND\u00d4NIA"},"type":"Polygon","arcs":[[894,895,896,897]],"id":20},{"properties":{"cd_uf_ibge":14,"uf":"rr","nm_uf":"RORAIMA"},"type":"Polygon","arcs":[[898,899,900]],"id":21},{"properties":{"cd_uf_ibge":43,"uf":"rs","nm_uf":"RIO GRANDE DO SUL"},"type":"MultiPolygon","arcs":[[[-912,901]],[[902]],[[903]],[[904]],[[905]],[[906]],[[907]]],"id":22},{"properties":{"cd_uf_ibge":42,"uf":"sc","nm_uf":"SANTA CATARINA"},"type":"MultiPolygon","arcs":[[[908,909,910,911],[912]],[[913]],[[914]],[[915]],[[916]],[[917]],[[918]],[[919]],[[920]],[[921]],[[922]],[[923]],[[924]],[[925]],[[926]],[[927]],[[928]],[[929]],[[930]],[[931]],[[932]],[[933]],[[934]],[[935]],[[936]],[[937]],[[938]],[[939]],[[940]],[[941]],[[942]],[[943]],[[944]],[[945]],[[946]],[[947]],[[948]],[[949]],[[950]],[[951]],[[952]],[[953]],[[954]],[[955]],[[956]],[[957]],[[958]],[[959]],[[960]],[[961]],[[962]],[[963]],[[964]],[[965]],[[966]],[[967]],[[968]],[[969]],[[970]],[[971]],[[972]],[[973]],[[974]],[[975]],[[976]],[[977]],[[978]],[[979]],[[980]],[[981]],[[982]],[[983]],[[984]],[[985]],[[986]],[[987]],[[988]],[[989]],[[990]]],"id":23},{"properties":{"cd_uf_ibge":28,"uf":"se","nm_uf":"SERGIPE"},"type":"MultiPolygon","arcs":[[[-992,991,992,-994,993,994,-996,995,996,-998,997,998,-1000,999,1000,-1002,1001,1002,1003,1004,1005,1006,1007],[1008]],[[1009]]],"id":24},{"properties":{"cd_uf_ibge":35,"uf":"sp","nm_uf":"S\u00c3O PAULO"},"type":"MultiPolygon","arcs":[[[1010,1011,1012,1013,1014],[1015]],[[1016]],[[1017]],[[1018]],[[1019]],[[1020]],[[1021]],[[1022]],[[1023]],[[1024]],[[1025]],[[1026]],[[1027]],[[1028]],[[1029]],[[1030]],[[1031]],[[1032]],[[1033]],[[1034]],[[1035]],[[1036]],[[1037]],[[1038]],[[1039]],[[1040]],[[1041]],[[1042]],[[1043]],[[1044]],[[1045]],[[1046]],[[1047]],[[1048]],[[1049]],[[1050]],[[1051]],[[1052]],[[1053]],[[1054]],[[1055]],[[1056]],[[1057]],[[1058]],[[1059]],[[1060]],[[1061]],[[1062]],[[1063]],[[1064]],[[1065]],[[1066]],[[1067]],[[1068]],[[1069]],[[1070]],[[1071]],[[1072]],[[1073]],[[1074]],[[1075]],[[1076]],[[1077]],[[1078]],[[1079]],[[1080]],[[1081]],[[1082]],[[1083]],[[1084]],[[1085]],[[1086]],[[1087]],[[1088]],[[1089]],[[1090]],[[1091]],[[1092]],[[1093]],[[1094]],[[1095]],[[1096]],[[1097]],[[1098]],[[1099]],[[1100]],[[1101]],[[1102]],[[1103]],[[1104]],[[1105]],[[1106]],[[1107]],[[1108]],[[1109]],[[1110]],[[1111]],[[1112]],[[1113]],[[1114]],[[1115]],[[1116]],[[1117]],[[1118]],[[1119]],[[1120]],[[1121]],[[1122]],[[1123]],[[1124]],[[1125]],[[1126]],[[1127]],[[1128]],[[1129]],[[1130]],[[1131]],[[1132]],[[1133]],[[1134]]],"id":25},{"properties":{"cd_uf_ibge":17,"uf":"to","nm_uf":"TOCANTINS"},"type":"Polygon","arcs":[[1135,1136,1137,1138,1139,1140,1141,1142,1143,1144],[1145],[1146],[1147]],"id":26}],"type":"GeometryCollection"}},"bbox":[-73.98518468826218,-33.751138979163485,-28.847639900000004,5.268604958250457],"transform":{"scale":[0.0004513799616822386,0.0003902013413875533],"translate":[-73.98518468826218,-33.751138979163485]},"arcs":[[[16302,61130],[6,-18],[-25,-19],[19,-18],[-21,-17],[24,-18],[-26,-43],[-31,38],[-8,-15],[-18,10],[-13,-58],[-20,5],[5,-25],[-41,3],[-41,-31],[-12,13],[-4,-23],[-28,2],[-21,-39],[-48,-6],[-17,-56],[-41,-2],[-39,-40],[12,-15],[-12,-15],[-64,-34],[-4,-54],[-31,-10],[0,15],[-50,1],[3,-52],[-14,13],[-11,-32],[-7,25],[-3,-40],[-21,9],[6,-29],[-51,-20],[17,-44],[-29,11],[-48,-39],[-16,-78],[-13,-8],[-5,24],[-28,-24],[-2,18],[-15,-14],[16,-15],[-39,-20],[-10,13],[7,-29],[-17,-19],[27,-10],[-23,-30],[-15,8],[3,-35],[-25,-38],[-16,12],[-27,-27],[-14,7],[-22,-14],[7,-22],[-68,-35],[-44,19],[-60,-21],[-33,-44],[28,-22],[-25,2],[-10,-29],[-75,-33],[-24,0],[-17,41],[-50,-1],[-13,22],[-92,-48],[-27,33],[-36,-13],[-47,19],[-27,-42],[28,-31],[-8,-33],[19,-44],[-43,-17],[-32,20],[-22,-16],[3,-28],[-24,40],[-43,-17],[-52,30],[-38,-48],[22,-26],[2,-62],[-37,-8],[-15,-49],[-65,-19],[-125,-93],[-52,-9],[-108,-68],[-23,-32],[-11,-72],[-56,-46],[-13,-49],[-40,-40],[-37,25],[-72,-271],[-40,10],[-22,-16],[-49,70],[-36,0],[-78,64],[-18,-9],[-22,34],[-57,1],[-24,26],[-61,-1],[-5,-18],[-35,16],[-42,-37],[-72,17],[-34,-35],[-56,38],[-69,-19],[-1,-28],[-47,-9],[-25,-38],[-24,1],[-63,-78],[0,-67],[19,-21],[-23,-39],[7,-31],[-153,-161],[-20,-45],[-31,-3],[-24,-112],[-38,-24],[-31,-116],[-85,-81],[-68,-9],[-53,-53],[-47,21],[-72,-35],[-7,-58],[-22,-29],[-18,-5],[-10,27],[-49,30],[-26,-37],[-95,-12],[-71,-96],[-45,-22],[-7,-37],[-384,-88],[12,38],[-23,70],[-30,26],[-22,-6],[-48,77],[13,24],[-10,25],[29,21],[-6,39],[13,7],[-3,31],[-31,-21],[13,43],[-27,-19],[-25,21],[-15,-41],[-3,38],[-20,6],[14,20],[-42,-11],[17,-18],[-52,-14],[1,27],[-16,9],[-17,-23],[-10,25],[-31,-33],[1,-30],[-52,21],[-3,-20],[20,3],[-10,-17],[-35,40],[-32,-42],[-23,23],[-10,-12],[-18,34],[-32,-19],[1,20],[-22,7],[10,31],[-31,5],[-46,-28],[6,-28],[-18,-5],[-9,22],[-11,-16],[-32,19],[8,28],[-26,-6],[-4,27],[-17,-10],[-10,25],[-23,-12],[-6,18],[-22,-29],[-22,48],[-15,-23],[-20,16],[-34,-29],[-23,25],[-17,-25],[-4,37],[-32,-20],[-4,16],[-28,-8],[16,20],[-26,-3],[9,26],[-23,-29],[-54,46],[-64,-27],[-39,47],[-14,-29],[-33,6],[4,25],[-50,-11],[1,-29],[-19,29],[-7,-16],[-40,4],[-46,32],[-8,-37],[-17,24],[-13,-30],[-9,38],[-25,1],[3,-21],[-31,18],[-10,-46],[-27,58],[-19,-4],[4,-26],[-16,39],[-24,-20],[-11,32],[-28,-33],[-51,4],[-3,-32],[-55,10],[1,-24],[-34,10],[-18,38],[-15,-20],[-30,20],[-41,-4],[-1,-36],[-15,-5],[-78,35],[-16,-22],[-11,20],[-37,-17],[5,-33],[-24,26],[-31,-19],[-55,12],[-21,-25],[-29,3],[-36,-29],[-6,19],[-34,-29],[-16,31],[-37,-26],[2,23],[-46,68],[-32,-1],[9,26],[-52,-12],[-29,21],[-55,-20],[-44,26],[-16,-28],[-8,22],[-26,-12],[-60,27],[-45,-34],[-28,31],[-46,-16],[0,-21],[-17,1],[10,-11],[-37,-24],[-19,16],[-3,-32],[-23,14],[-5,-32],[-20,4],[-47,-43],[-23,17],[2,-21],[-59,-20],[-5,-19],[-59,23],[-5,-27],[-30,3],[3,-30],[-109,-68],[-6,-24],[-40,6],[-50,-38],[-95,19],[-147,-60],[-145,26],[-26,33],[-115,22],[-33,109],[-164,157],[-201,-163],[37,3698],[25,19],[6,-49],[25,11],[26,-30],[23,11],[-9,29],[-29,11],[6,61],[58,-18],[10,19],[-22,15],[3,28],[33,11],[6,33],[29,-11],[6,51],[-24,21],[3,41],[38,-18],[-16,42],[36,18],[2,43],[-33,3],[-34,-35],[-1,24],[-28,-26],[-18,28],[-6,-21],[-29,15],[-58,-46],[-17,14],[-1,-47],[-34,6],[-9,-47],[-15,16],[-22,-26],[-9,-56],[-13,15],[-21,-10],[3,-33],[-27,-36],[-7,18],[-81,-69],[-27,-1],[-34,-61],[-19,30],[-27,-5],[-19,-61],[6,-51],[-24,9],[4,-16],[-46,-18],[-16,-63],[-94,-11],[-6,-35],[-67,-21],[-119,-193],[-67,-5],[-19,-29],[-5,13],[-65,-119],[-2,-58],[-126,4],[-78,-44],[-39,26],[-27,-12],[-16,-47],[-88,-65],[-100,-208],[-36,-34],[-66,7],[-109,-67],[-43,8],[-42,55],[-80,-91],[-1779,0],[14,45],[42,28],[2,66],[-31,48],[12,47],[47,57],[-20,53],[4,53],[-22,25],[11,111],[-35,38],[-69,-8],[-35,35],[-91,38],[13,172],[20,52],[-39,50],[15,72],[-34,-9],[-44,46],[11,160],[-40,16],[-37,-26],[-80,125],[-71,5],[-45,42],[-43,-25],[-24,4],[-8,22],[-29,-36],[-86,28],[-57,-31],[-39,56],[-35,11],[-7,-13],[0,14],[-12,-20],[-14,34],[-23,-10],[4,20],[-92,8],[-22,26],[-38,1],[-24,-26],[-63,51],[-27,-18],[-10,28],[-28,-4],[-8,45],[-1099,1],[48,38],[4,88],[28,21],[47,-6],[52,99],[36,-2],[30,27],[-19,71],[34,25],[43,87],[29,25],[52,-25],[35,21],[-3,24],[31,-7],[26,77],[-36,-1],[-24,38],[165,104],[27,167],[-11,110],[-29,46],[39,67],[-66,11],[-26,101],[-39,66],[-27,-5],[-17,20],[-32,-18],[-59,28],[-23,112],[-23,17],[9,32],[-41,13],[-40,48],[-5,88],[-44,40],[-6,84],[-32,32],[-5,49],[-49,23],[-11,29],[-28,-20],[-53,37],[-77,-35],[-3,29],[-27,-1],[-13,30],[-34,5],[-30,46],[8,31],[-44,14],[-16,31],[-39,2],[16,228],[17,19],[-11,127],[-25,-15],[-20,25],[-41,-13],[-15,23],[-10,-23],[-22,3],[4,35],[-42,71],[12,30],[-31,28],[-25,-14],[-65,45],[-49,5],[-19,41],[-23,-8],[-35,23],[-27,63],[-24,17],[28,67],[-31,61],[23,38],[-146,179],[17,244],[-33,25],[-30,88],[-39,27],[41,61],[-52,70],[-35,-18],[-53,14],[-5,58],[-28,53],[-21,-9],[-38,22],[-22,-25],[0,23],[-38,18],[-34,122],[-35,37],[24,82],[34,16],[2,-49],[94,-8],[47,79],[17,-3],[2,162],[-31,23],[9,18],[-55,15],[-4,27],[-34,2],[-24,40],[-35,-5],[-95,54],[-6,-29],[-51,32],[-20,37],[4,41],[-90,30],[7,19],[-28,32],[25,23],[-12,26],[-83,22],[-1,27],[-34,21],[-58,97],[-49,-11],[-13,99],[103,-4],[11,77],[24,20],[-19,40],[50,20],[-25,44],[-3,92],[-29,17],[-46,124],[-12,-7],[10,33],[65,-23],[16,22],[4,-27],[61,-53],[10,25],[51,-23],[26,35],[4,58],[69,33],[63,-22],[17,19],[44,2],[22,-10],[-4,-34],[65,30],[63,80],[2,33],[-49,63],[17,65],[-27,26],[8,26],[-38,26],[-18,-10],[-27,67],[1,49],[-32,16],[5,40],[-46,20],[14,37],[-26,3],[-10,45]],[[86031,63652],[-64,-164],[-92,-101],[-49,-159],[-26,-24],[-29,-85],[-32,-25],[-2,-49],[-23,-13],[-16,-82],[-37,-28],[-80,-150],[-92,-117],[-49,-30],[9,-16],[-37,-8],[-20,-38],[-49,-21],[-64,-92],[-18,-98],[-28,-46],[-27,-8],[-12,-37],[-125,-139],[-13,-50],[-29,-3],[-100,-95],[-94,-142],[-6,-108],[-30,1],[-32,-48],[-13,5],[15,5],[-9,21],[-45,-4],[-107,-111],[-22,4],[-176,-304],[-41,-35],[-7,-67],[-69,-72],[-239,-443],[-95,-49],[-100,-168],[-39,9],[-76,-109],[-79,-69],[-148,-179],[-32,-90],[20,-63],[-74,-94],[-133,-272],[-20,4]],[[80728,63431],[0,0]],[[82009,61651],[0,0]],[[83088,61876],[0,0]],[[84684,61651],[4,3],[2,2],[-1,-2],[-5,-3]],[[414,68267],[31,22],[-6,33],[64,81],[-8,210],[38,41],[-39,63],[31,44],[0,34],[58,58],[25,114],[34,0],[28,67],[36,20],[34,75],[16,3],[12,57],[35,6],[10,24],[68,47],[56,1],[18,49],[34,24],[-2,22],[40,25],[82,5],[28,27],[30,-9],[41,41],[34,-9],[22,32],[77,16],[-7,38],[66,72],[45,-1],[9,-19],[30,27],[41,-17],[34,35],[29,-26],[29,32],[33,-29],[-3,23],[31,-12],[-5,44],[25,19],[27,-33],[22,34],[-15,26],[22,0],[-15,18],[41,2],[-13,14],[26,14],[-27,31],[33,-13],[5,26],[16,-27],[25,1],[17,51],[9,8],[-2,-26],[13,8],[8,37],[-25,14],[33,36],[-3,36],[14,-9],[26,33],[-21,58],[38,54],[-33,56],[-20,-14],[-6,49],[-12,-14],[8,47],[-20,8],[-5,62],[-17,-11],[8,41],[-21,-7],[-8,124],[-46,52],[-14,-14],[-46,107],[-10,-16],[-17,18],[20,46],[-29,19],[21,6],[-4,23],[-63,76],[-6,117],[37,43],[-19,36],[27,0],[-16,35],[13,25],[-16,6],[19,20],[-24,-7],[3,25],[20,-4],[1,21],[22,7],[-10,14],[29,-1],[-21,5],[21,30],[50,9],[-17,37],[40,50],[-23,67],[16,46],[19,-4],[8,81],[31,25],[-7,16],[-10,-15],[19,46],[39,-3],[-2,16],[17,-18],[13,33],[12,-17],[7,80],[29,19],[26,-12],[3,27],[-19,-6],[21,20],[23,-6],[1,18],[-20,-4],[12,28],[12,-14],[8,25],[6,-17],[12,23],[18,-8],[13,39],[-14,17],[27,-2],[-9,42],[64,51],[-20,17],[50,2],[-6,22],[17,-11],[-7,23],[16,6],[-18,22],[10,20],[19,-16],[-7,26],[21,7],[-6,26],[14,14],[-20,28],[68,27],[-34,111],[22,56],[29,20],[-22,10],[19,6],[-19,9],[23,31],[-15,7],[42,44],[-32,-9],[-4,56],[-13,2],[-3,69],[28,39],[-21,-4],[0,41],[29,32],[-15,23],[34,24],[-4,45],[34,27],[-7,24],[23,34],[-10,20],[32,19],[-9,17],[15,26],[30,3],[-12,49],[-18,-21],[-2,16],[32,22],[-4,23],[14,-5],[-4,37],[28,2],[10,25],[-16,11],[22,-3],[-3,42],[18,9],[-25,18],[22,42],[-26,-6],[23,41],[-15,41],[10,27],[-24,9],[15,4],[-17,27],[18,33],[-34,8],[-8,27],[83,73],[1,-27],[37,22],[21,-16],[2,33],[17,-20],[-8,93],[37,-21],[26,14],[9,-21],[15,31],[-10,22],[34,-17],[28,59],[36,-31],[4,36],[17,0],[-17,37],[26,-3],[-4,26],[24,-17],[16,26],[40,-33],[49,35],[9,-32],[18,14],[1,-24],[34,48],[0,-46],[30,33],[-2,31],[18,-33],[9,41],[24,15],[-13,38],[23,7],[6,28],[-25,12],[27,2],[-1,29],[31,-38],[3,43],[35,-6],[34,72],[33,6],[-2,-28],[26,29],[11,-17],[2,69],[38,-15],[-7,-19],[22,-11],[21,43],[1,-45],[13,-1],[17,68],[34,1],[17,24],[-27,32],[-15,-7],[-2,36],[37,-1],[-2,-23],[28,6],[17,-32],[15,26],[29,1],[-19,60],[24,2],[15,-33],[10,37],[24,16],[17,-13],[-17,29],[21,9],[-8,17],[20,36],[-33,11],[40,3],[-24,16],[17,11],[36,-5],[-26,49],[57,-5],[13,36],[-1,-31],[32,8],[5,-25],[-6,84],[34,10],[-8,-30],[15,-10],[11,39],[42,-20],[9,33],[4,-49],[-16,-17],[28,-6],[14,32],[24,-13],[-17,28],[12,38],[29,-41],[34,35],[27,-1],[9,22],[-24,10],[32,21],[35,-38],[1,43],[44,29],[30,-4],[-7,19],[35,12],[13,32],[29,-30],[-14,-27],[19,-1],[0,46],[51,26],[27,63],[27,-1],[-8,32],[24,15],[10,-33],[12,4],[-19,37],[24,26],[25,-13],[2,29],[18,0],[-11,52],[60,-22],[21,-37],[9,43],[45,6],[-27,46],[21,13],[14,-21],[68,9],[-9,22],[18,14],[-16,34],[36,8],[7,42],[25,-7],[-18,43],[20,47],[75,-20],[-21,36],[-29,5],[3,15],[46,-19],[10,18],[33,-30],[20,39],[40,18],[20,-25],[-7,46],[57,-21],[-7,31],[36,21],[2,-28],[20,-4],[-2,35],[30,-15],[8,-38],[39,27],[-1,65],[29,-73],[68,-36],[40,33],[36,-21],[30,10],[10,34],[-14,36],[15,7],[16,-26],[-7,-54],[55,35],[-5,34],[23,23],[9,-41],[-47,-71],[30,-40],[37,-7],[81,58],[36,52],[-17,21],[51,-9],[-1,48],[44,1],[0,-25],[50,-34],[0,35],[-29,39],[1,48],[53,-49],[10,59],[38,-14],[22,19],[1,-38],[29,-6],[10,14],[-13,32],[13,8],[22,-24],[26,1],[-46,-31],[19,-50],[78,110],[59,-21],[36,20],[13,-40],[56,-3],[15,-49],[13,44],[-42,66],[27,10],[35,-59],[35,-4],[34,38],[-16,41],[16,36],[-42,-9],[24,36],[53,-18],[37,17],[14,-57],[13,70],[33,3],[9,-20],[-20,-38],[28,-58],[27,78],[49,4],[6,-30],[17,1],[3,56],[35,-17],[40,-55],[17,23],[-5,53],[23,13],[44,1],[-10,-48],[17,-8],[38,20],[23,50],[3,-64],[16,-18],[49,47],[46,-11],[21,29],[-26,69],[11,11],[42,-34],[12,-52],[51,4],[23,-18],[8,71],[40,-11],[31,86],[53,9],[-1,79],[70,33],[-39,76],[65,-11],[40,67],[-19,23],[-44,-31],[-1,33],[44,16],[53,77],[33,-9],[55,68],[31,-5],[55,-67],[70,-2],[20,-49],[33,92],[-5,71],[20,-3],[21,-47],[8,87],[60,4],[-30,-136],[39,-33],[111,52],[9,-27],[-29,-50],[6,-21],[37,21],[-6,91],[39,31],[-22,47],[36,-23],[25,22],[33,-35],[12,-42],[-25,-61],[20,-22],[27,18],[17,82],[21,-2],[24,-37],[26,45],[43,-9],[-19,57],[17,21],[125,-7],[87,-115],[23,19],[-2,63],[16,13],[78,-66],[-2,-83],[21,-71],[-64,-45],[0,-34],[50,-33],[-5,-41],[64,42],[22,-4],[0,-37],[-45,-19],[23,-37],[75,-19],[24,47],[34,-159],[37,10],[16,58],[49,13],[-2,25],[-41,37],[33,78],[28,4],[51,-34],[20,77],[24,-17],[12,-67],[45,8],[36,-24],[42,2],[-15,-28],[-58,2],[-15,-21],[12,-23],[72,-29],[6,-40],[-27,-36],[22,-33],[32,11],[-21,36],[57,67],[53,23],[7,-30],[-15,-24],[21,-4],[83,88],[12,38],[-30,99],[8,79],[33,16],[1067,6870],[-12,121],[51,87],[-1,152],[83,98],[-26,85],[0,110],[-49,146],[39,186],[36,37],[4,41],[-84,136],[29,4],[-24,22],[27,44],[-22,1],[-2,22],[-9,-16],[-25,44],[16,-13],[7,37],[31,6],[-27,11],[28,3],[3,22],[-35,-15],[-8,34],[-47,-8],[-18,30],[12,37],[-20,25],[-32,26],[-14,-13],[-1,22],[-16,-13],[6,15],[-26,11],[-4,30],[-13,-13],[-5,20],[-22,0],[4,41],[-18,11],[31,13],[-23,12],[21,5],[-19,36],[15,10],[-19,5],[14,12],[-105,76],[33,52],[-14,29],[-23,-7],[1,28],[-21,-3],[-6,47],[-32,-7],[9,16],[-34,34],[12,27],[-26,-7],[7,29],[-22,-1],[20,24],[-17,1],[0,19],[35,8],[-17,20],[22,-6],[15,84],[14,-9],[-5,15],[27,12],[-5,22],[21,15],[-13,14],[18,-2],[-4,29],[29,35],[-26,13],[9,24],[-17,20],[-20,-9],[-5,39],[-32,18],[26,89],[-50,68],[13,86],[-73,18],[-3,35],[-52,40],[-30,-6],[-38,41],[-27,-9],[-23,28],[-17,-6],[-104,140],[-36,-4],[-4,23],[-44,28],[-38,-7],[-35,98],[-52,-8],[-32,16],[-16,-20],[-69,41],[-32,81],[-22,2],[-11,36],[-46,30],[-26,55],[-24,11],[-14,51],[-119,84],[-24,60],[35,61],[5,49],[0,1757],[43,-1],[14,-45],[34,-1],[30,47],[-19,28],[32,-16],[-5,21],[22,6],[32,-18],[6,-24],[55,-22],[49,71],[-5,24],[67,-33],[37,14],[20,-13],[17,25],[65,10],[45,-50],[120,123],[22,-28],[34,17],[17,65],[46,36],[9,-15],[8,38],[35,10],[50,-11],[43,-90],[21,15],[29,-54],[3,55],[42,16],[-23,35],[68,45],[8,30],[61,-11],[8,60],[58,27],[57,57],[36,2],[19,-45],[48,-16],[-5,-34],[46,-29],[25,-61],[116,-128],[34,74],[30,-7],[7,-36],[55,60],[20,-3],[-10,-36],[12,-39],[-24,-38],[53,-8],[15,21],[69,-18],[48,21],[27,-11],[-8,68],[21,46],[77,6],[75,-49],[21,25],[-66,139],[-28,35],[-49,10],[-23,62],[32,51],[33,-9],[30,31],[-14,98],[-27,34],[-2,61],[57,17],[7,83],[-41,-1],[-76,88],[3,41],[56,19],[-19,30],[-100,55],[44,71],[-106,116],[4,25],[-96,-7],[-75,90],[-81,-24],[-29,3],[-9,24],[-84,-130],[-44,19],[-2,61],[-14,11],[-99,13],[-87,-22],[-92,4],[-93,67],[-36,-7],[-18,-27],[-33,13],[-82,-48],[-46,10],[-1,111],[-38,-26],[-40,18],[-68,-27],[-83,-107],[-25,3],[-29,41],[-30,-10],[2,1633],[14,13],[56,-59],[23,23],[47,-32],[3,27],[17,-3],[-5,14],[30,27],[30,-10],[-13,14],[20,26],[17,-9],[37,23],[75,-20],[23,15],[0,-28],[26,18],[23,-29],[29,15],[-4,16],[15,-18],[32,12],[0,22],[10,-17],[61,74],[6,-15],[8,19],[27,-9],[28,40],[54,12],[1,-34],[32,16],[4,-15],[10,19],[11,-32],[8,13],[40,-29],[10,16],[13,-39],[22,34],[2,-21],[22,11],[18,-27],[23,18],[9,-27],[20,18],[5,-23],[31,11],[4,-25],[28,-12],[2725,3],[-17,40],[-31,-34],[-18,18],[9,51],[25,22],[-32,37],[-30,5],[-33,-27],[-21,25],[-21,-27],[-12,40],[40,109],[-21,-19],[-85,-6],[-4,33],[-19,-7],[27,39],[-27,4],[71,87],[17,117],[30,20],[1,28],[59,100],[12,142],[15,-1],[18,-158],[29,4],[-11,-22],[17,-17],[64,19],[95,-182],[73,-15],[40,-72],[-1,-61],[19,-11],[4,-58],[32,9],[11,34],[37,18],[33,-52],[96,4],[75,-37],[-22,36],[-12,95],[33,13],[-31,79],[26,14],[30,-24],[41,42],[17,-9],[3,49],[43,48],[36,2],[41,86],[22,3],[10,49],[36,14],[20,92],[72,-3],[39,-64],[37,15],[40,-37],[32,19],[44,-42],[76,91],[-10,31],[58,11],[19,66],[-10,16],[68,75],[35,108],[84,49],[35,-5],[15,35],[24,-29],[29,20],[24,-16],[27,76],[-7,50],[34,37],[34,-18],[29,6],[9,21],[57,-43],[13,-33],[-17,-37],[28,-9],[-5,-48],[-29,-26],[8,-31],[13,-24],[52,-16],[-38,-38],[2,-57],[28,-47],[-17,-50],[24,-51],[-1,-78],[-17,-16],[10,-48],[29,-4],[17,-86],[33,-52],[-18,-34],[48,-61],[52,-30],[-8,-36],[31,-18],[56,25],[98,-27],[24,-34],[21,7],[49,-100],[43,-17],[-5,-31],[21,-26],[0,-20],[-31,-21],[-6,-144],[29,-44],[-19,-46],[11,-93],[-25,-74],[51,-19],[41,-42],[4,-181],[15,-9],[10,-75],[28,-19],[-21,-140],[18,-52],[-17,-67],[18,-7],[-72,-75],[-38,13],[-11,27],[-40,-16],[-11,-67],[22,0],[-5,-33],[47,-59],[3,-32],[60,-41],[-8,-44],[48,-101],[-23,-22],[13,-30],[-12,-33],[517,161],[1211,-1238],[253,95],[26,-7],[12,-42],[73,-40],[51,0],[33,46],[67,-10],[25,116],[70,25],[63,-30],[58,45],[30,-21],[-1,53],[28,62],[33,12],[-2,70],[56,16],[12,-21],[44,36],[18,43],[-22,3],[-3,34],[26,14],[60,-11],[74,52],[12,-13],[36,13],[7,20],[54,-13],[4,32],[12,-5],[48,82],[54,-11],[49,16],[22,-48],[62,70],[67,-59],[1,66],[62,-39],[24,14],[7,-59],[35,37],[24,-29],[-11,-36],[47,-1],[-7,-35],[28,-10],[-7,-34],[50,-49],[6,-72],[33,-44],[-19,-36],[2,-65],[-48,-22],[-13,-59],[-42,-24],[19,-18],[-8,-20],[-65,-42],[-2,-48],[-34,-59],[33,-26],[22,-108],[23,0],[1,-41],[29,-17],[29,56],[53,-2],[47,46],[63,-3],[22,9],[10,32],[34,9],[7,76],[28,22],[-17,27],[40,-4],[20,20],[-21,19],[8,67],[-34,80],[35,-5],[1,47],[46,23],[8,40],[34,0],[-4,39],[27,26],[29,85],[33,-7],[-4,20],[34,33],[36,-2],[5,-18],[32,18],[5,-46],[46,-13],[61,31],[19,-10],[-3,-59],[35,28],[55,79],[25,135],[27,14],[-6,22],[-24,-13],[-27,25],[42,89],[-7,86],[17,63],[-19,34],[36,13],[28,-15],[22,59],[34,30],[41,-38],[34,29],[23,-25],[-2,-81],[69,18],[22,-31],[20,8],[16,53],[64,79],[20,49],[-15,30],[41,63],[20,16],[42,-29],[48,63],[5,41],[33,-12],[17,-58],[20,-3],[21,22],[10,53],[32,29],[1,39],[93,90],[38,-56],[-14,-47],[10,-27],[65,-91],[29,-4],[55,39],[40,99],[112,45],[95,105],[67,5],[-3,94],[46,93],[45,4],[27,70],[31,-18],[99,101],[35,10],[9,-20],[31,3],[93,148],[20,-28],[26,15],[50,-17],[-1,-59],[-56,-59],[1,-53],[-37,-18],[-4,-46],[-41,-60],[45,-43],[19,17],[8,-21],[49,-13],[38,-47],[-11,52],[40,37],[3,108],[19,-1],[29,68],[81,46],[10,52],[12,-12],[34,25],[52,-2],[42,34],[12,68],[53,85],[33,-17],[9,19],[53,-5],[32,75],[26,6],[27,88],[26,16],[31,130],[-27,57],[21,24],[-5,29],[-31,30],[45,63],[-5,38],[27,59],[-43,87],[26,72],[-8,113],[56,55],[33,3],[63,90],[16,-12],[30,35],[33,5],[27,-24],[18,19],[34,-24],[40,29],[67,-44],[32,12],[39,-50],[38,59],[-1,25],[75,-34],[58,63],[33,-26],[1,18],[18,-2],[1,43],[88,79],[31,-30],[-10,-43],[59,-4],[6,124],[64,12],[-1,35],[34,16],[7,43],[14,-4],[33,40],[25,-14],[27,9],[13,31],[26,-10],[10,14],[70,-30],[20,-31],[71,33],[4,46],[84,-45],[18,37],[15,-18],[61,44],[8,89],[-23,48],[62,24]],[[15896,61335],[-1143,579],[-423,80],[-2504,1311],[-3119,3086],[-5605,752],[-2688,1124]],[[20981,77944],[0,0],[0,0]],[[42346,92740],[35,-21],[36,16],[0,-27],[50,-5],[5,26],[43,-1],[-6,38],[34,-10],[17,15],[5,26],[-18,6],[5,32],[18,6],[20,-31],[46,22],[20,-22],[77,-3],[10,-38],[16,-1],[-41,-37],[38,-54],[-73,-20],[20,-25],[-17,-29],[22,-47],[36,-7],[-4,-26],[65,13],[-10,-42],[17,-4],[-4,-27],[43,-15],[61,0],[8,43],[54,-43],[67,20],[45,-12],[25,-89],[27,-27],[-78,-26],[47,-22],[10,-24],[53,0],[4,-45],[46,-19],[-1,-37],[63,-23],[56,28],[28,-42],[74,72],[29,1],[23,-61],[-23,-40],[6,-31],[50,-15],[9,-40],[34,14],[116,-40],[28,31],[103,13],[45,48],[13,-70],[32,2],[2,-34],[33,-25],[-10,-19],[28,-15],[43,18],[39,-32],[29,72],[21,-8],[4,95],[38,60],[107,-38],[64,76],[28,-12],[28,32],[40,-11],[2,39],[22,17],[-19,25],[10,93],[34,15],[29,-15],[-4,-27],[55,1],[7,93],[38,-12],[36,22],[8,32],[81,39],[-3,31],[62,21],[5,23],[30,14],[36,-16],[29,12],[-2,-21],[-31,-15],[70,-23],[-54,-81],[-3,-24],[26,-20],[29,27],[38,-18],[9,16],[7,-46],[63,26],[20,-20],[-18,-27],[52,-26],[11,19],[46,-26],[16,23],[28,-2],[27,-45],[31,19],[41,-34],[24,26],[61,-27],[69,13],[33,-26],[42,19],[11,61],[32,-2],[-2,41],[23,-31],[29,3],[19,44],[64,21],[3,23],[29,18],[-4,47],[42,13],[13,-41],[35,15],[37,-92],[92,-33],[-3,-52],[68,-9],[11,-18],[-22,-43],[-49,-9],[-2,-48],[-34,-28],[3,-58],[23,-1],[33,56],[55,-28],[31,27],[236,38],[62,-16],[47,-75],[122,-30],[22,-27],[97,23],[21,45],[66,-16],[42,81],[-4,48],[29,6],[7,50],[39,9],[-11,45],[45,-1],[-8,27],[89,21],[51,47],[12,-8],[125,72],[15,40],[109,38],[8,75],[30,42],[-5,35],[23,31],[11,-10],[45,28],[-25,27],[7,30],[52,4],[16,47],[80,66],[5,29],[-26,49],[27,30],[27,-9],[21,63],[-10,41],[-40,31],[17,30],[-29,44],[28,36],[30,-6],[20,81],[91,177],[13,107],[114,249],[36,24],[32,-8],[31,48],[-40,29],[4,48],[26,18],[43,161],[80,154],[-43,54],[16,58],[-32,18],[10,24],[37,2],[-21,20],[21,66],[68,7],[-4,68],[23,67],[71,69],[26,-9],[9,-29],[22,4],[99,150],[7,53],[28,29],[145,310],[31,31],[15,62],[33,33],[-1,38],[31,13],[88,186],[70,90],[-12,39],[43,161],[37,18],[2,20],[41,-9],[36,18],[12,52],[-23,61],[16,33],[50,8],[-15,40],[38,-16],[28,22],[40,78],[127,141],[36,85],[7,129],[76,80],[157,84],[36,42],[47,180],[16,188],[-90,225],[-17,174],[17,190],[77,76],[-13,75],[28,51],[316,-172],[341,-336],[134,-184],[149,-280],[62,-286],[-7,-240],[126,-33],[45,15],[42,-45],[-17,-674],[20,-186],[-21,-203],[-40,-76],[50,-257],[119,-350],[-25,-204],[66,-125],[-15,-87],[50,-104],[33,-189],[74,-141],[-9,-115],[21,-50],[81,-74],[7,-82],[46,-40],[4,-136],[51,-63],[1,-47],[25,-13],[1,-125],[53,-164],[-8,-38],[73,-36],[53,-116],[3,-114],[49,-143],[4,-85],[50,-82],[-5,-112],[84,-136],[11,-148],[86,-51],[87,-104],[47,-213],[54,-87],[72,-66],[40,-117],[72,-117],[67,-61],[98,-38],[168,39],[78,-19],[274,13],[325,-153],[169,-111],[49,-56],[98,-609],[-16,-283],[-45,-114],[14,-267],[32,-57],[-14,-399],[-84,-74],[-65,-90],[-71,-26],[-30,-84],[28,-37],[5,-41],[-72,-44],[-171,-235],[-124,-45],[-29,12],[-120,-29],[-24,-33],[12,-87]],[[52247,91898],[41,-93],[48,-29],[-1,-97],[89,-120],[10,-71],[-116,-155],[-123,-52],[-60,44],[-43,137],[-41,70],[-8,57],[-60,47],[37,227],[80,16],[24,32],[123,-13]],[[52066,92095],[40,0],[15,-30],[59,-38],[23,-40],[-2,-61],[-79,-8],[-29,-34],[-63,-13],[-25,16],[-46,96],[-47,27],[74,83],[80,2]],[[79196,62587],[96,-142],[-23,-86],[60,-17],[50,-47],[29,15],[53,-12],[20,17],[69,-14],[22,-44],[126,-52],[29,-53],[-12,-40]],[[81182,57172],[-144,-241],[-85,-185],[-545,-1280],[-174,-333],[-407,-644],[-108,-227],[-47,-28],[-40,-55],[-13,-62],[-171,-188],[-265,-370],[-81,-72],[-139,-180],[-98,-16],[-181,-149],[-131,13],[-256,-14],[-30,-46],[-124,-72],[-50,-72],[-26,-7],[-33,-68],[-90,-68],[-74,-28],[-160,-146],[-46,-13],[-62,-121],[-22,-142],[8,-97],[38,-103],[67,64],[15,-13],[8,-123],[32,-64],[-21,-46],[-34,-17],[10,-55],[-31,-38],[-17,-109],[7,-47],[33,-12],[2,-29],[28,-26],[-11,-50],[34,-54],[0,-31],[-52,-59],[-31,47],[-49,-34],[-46,-4],[20,-36],[-52,-66],[-26,-91],[6,-140],[130,-217],[19,-136],[-60,-356],[-77,-309],[-11,-174],[23,-20],[10,-48],[-48,-130],[-69,-367],[-6,-114],[-57,-231],[-9,-224],[22,-172],[62,-16],[19,-351],[47,-171],[10,-788],[102,-523],[27,-428],[181,-472],[-220,-634],[-10,-85],[19,-66],[-59,-149],[-80,-80],[-28,-160],[9,-46],[30,-19],[-15,-53],[9,-55],[-55,-32],[-62,-118],[0,-100],[-52,-187],[-21,-164],[10,-48],[-29,-100],[-2,-81],[-84,-160],[0,-274],[36,-51],[42,-22],[-38,-19],[-61,-97],[-9,-98],[-37,-84],[4,-118],[-22,-51],[-4,-84],[-35,-39],[-32,-88],[-20,-360],[35,-258],[30,-107],[9,-324],[-13,-30],[34,-112],[94,-164],[-122,-133],[-38,-14],[5,-65],[-116,-138],[-28,-102],[-108,-65],[-99,3],[5,-38],[-144,-74],[-119,-130],[-96,-160],[-55,-139],[-82,-116],[-90,-175],[-97,-342],[6,30]],[[76604,51516],[0,0],[0,0]],[[75651,52695],[0,0]],[[77733,55798],[0,0]],[[79653,56127],[0,0]],[[77046,40452],[2,0],[-4,-4],[-1,2],[3,2]],[[77113,41021],[-43,-34],[-9,6],[54,41],[-2,-13]],[[78154,40442],[-6,-3],[-8,2],[14,5],[0,-4]],[[78145,40452],[1,7],[8,-2],[-1,-8],[-8,3]],[[77606,44916],[0,-4],[-1,3],[1,1]],[[77685,45035],[2,0],[-1,-2],[-2,0],[1,2]],[[77680,45417],[-2,-5],[-1,0],[3,7],[0,-2]],[[77511,48105],[-1,4],[1,1],[1,-4],[-1,-1]],[[77474,48591],[-1,2],[0,1],[3,-1],[-2,-2]],[[77473,48641],[0,-1],[0,1]],[[77473,48642],[-1,1],[0,1],[2,-1],[-1,-1]],[[77468,48646],[1,-3],[-1,-1],[-1,3],[2,3],[-1,-2]],[[77641,51038],[3,-8],[-11,9],[6,1],[2,-2]],[[77588,51446],[-2,-1],[-2,4],[3,0],[1,-3]],[[77627,52192],[-1,-2],[-3,0],[3,4],[1,-2]],[[77721,52206],[-1,-1],[-1,4],[2,-1],[0,-2]],[[78173,40419],[4,1],[3,-2],[-10,-4],[3,5]],[[78180,40420],[0,1],[0,-1]],[[78189,40458],[-27,-2],[-5,7],[16,3],[16,-8]],[[78187,40466],[-1,1],[3,2],[0,-3],[-2,0]],[[72361,79010],[138,97],[292,-24],[28,20],[32,-41],[-14,28],[216,-3],[98,24],[24,25],[91,-2],[19,36],[85,-9],[10,16],[40,-76],[95,34],[96,61],[150,-7],[46,21],[60,-15],[71,20],[25,-18],[25,6],[-21,2],[6,17],[129,49],[37,73],[50,17],[130,-64],[60,-9],[174,18],[214,-24],[114,9],[92,-73],[24,27],[-15,7],[30,9],[88,-21],[20,-24],[43,17],[164,-36],[-23,23],[242,-132],[-88,52],[38,-7],[418,-320],[70,4],[69,-69],[43,12],[38,-18],[56,-108],[99,-28],[140,-103],[53,-63],[92,-28],[87,-74],[63,24],[90,-82],[139,-44],[87,-94],[121,-193],[37,-27],[59,-3],[86,-139],[56,-29],[93,40],[50,-16],[99,-117],[63,-138],[43,-8],[97,-95],[79,2],[109,-162],[136,-85],[109,-112],[144,-36],[14,11],[93,-62],[59,-7],[4,14],[33,-30],[44,15],[-3,10],[-12,8],[-1,6],[13,-13],[10,23],[-21,19],[34,-26],[15,10],[-2,-39],[56,-129],[167,-293],[93,-106],[101,-48],[184,-253],[164,-268],[160,-182],[420,-411],[35,-4],[63,-45],[88,-7],[1,-64],[34,-28],[84,-191],[274,-290],[110,-51],[100,46],[59,-61],[317,-122],[95,-120],[72,-221]],[[73335,32260],[-2,-1],[-2,5],[2,0],[2,-4]],[[74799,40417],[1214,-883],[15,-31]],[[76028,39503],[-124,-398],[-11,-304],[-39,-219],[-8,-363],[16,-251],[119,-946],[-27,-208],[-83,-260],[-160,-415],[-208,-86],[-187,-155],[-143,-177],[-2,-78],[-18,-3],[21,-14],[-19,0],[-46,-66],[-38,-110],[-118,-80],[45,-43],[-57,-128],[-1,-50],[-55,-10],[-18,-37],[40,-53],[4,-85],[-59,-277],[-38,-48],[-8,-55],[-12,7],[11,-8],[1,-5],[-26,-20],[2,-73],[-23,-15],[20,24],[-36,-5],[11,10],[-36,61],[-67,-46],[0,-29],[13,1],[-16,-18],[32,3],[-31,-19],[31,-5],[-9,-9],[27,-41],[-27,-16],[-7,-45],[-67,-97],[-11,-92],[-62,-126],[-27,-111],[-20,-4],[-59,-104],[-63,-191],[-25,-15],[-8,20],[-27,-10],[3,31],[-35,5],[-13,-42],[16,-15],[-21,-12],[14,-17],[-20,-9],[-15,22],[-34,-26],[13,-17],[-45,-63],[-28,-78],[10,-14],[-17,1],[-22,-41],[-8,18],[-35,-21],[-42,-71],[14,-35],[-16,-1],[-21,-47],[-48,2],[-44,-90],[-3,57],[-54,33],[-88,-74],[-60,-30],[-42,3],[-36,-37],[-6,-51],[-107,-182],[-9,-102],[10,-41],[12,9],[3,-1],[-29,-76],[-39,-38],[-63,-205],[-124,-115],[-79,-146],[-26,-90],[2,-93]],[[73518,32663],[-1,-2],[-1,0],[2,2]],[[73545,32669],[1,1],[1,1],[-1,-1],[-1,-1]],[[73551,32672],[-2,2],[4,1],[0,-1],[-2,-2]],[[73623,32864],[-5,-3],[-3,1],[8,10],[0,-8]],[[73630,33004],[2,0],[-7,-4],[0,1],[5,3]],[[73681,33049],[-2,-3],[-2,1],[5,5],[-1,-3]],[[73685,33064],[-4,-4],[-2,1],[5,8],[1,-5]],[[73775,33120],[-1,1],[2,0],[-1,-1]],[[73966,33171],[-2,-1],[-3,2],[6,2],[-1,-3]],[[74074,33289],[1,1],[-1,-3],[-1,1],[1,1]],[[74080,33297],[2,-2],[0,-1],[-3,1],[1,2]],[[74080,33298],[-2,0],[0,-1],[2,3],[0,-2]],[[74093,33339],[-1,-1],[-3,-2],[0,1],[4,2]],[[74122,33352],[-1,-1],[0,1],[2,1],[-1,-1]],[[74125,33365],[1,1],[1,0],[-2,-1]],[[74132,33369],[1,0],[-2,0],[1,0]],[[74130,33371],[1,1],[-1,-3],[0,1],[0,1]],[[74163,33410],[-1,2],[1,1],[1,-3],[-1,0]],[[74162,33415],[1,0],[2,0],[-2,-1],[-1,1]],[[74165,33419],[0,1],[2,0],[-1,-3],[-1,2]],[[74158,33437],[-1,0],[1,0]],[[74392,33449],[1,-3],[-3,-2],[-1,3],[3,2]],[[74180,33490],[1,1],[2,0],[-4,-3],[1,2]],[[74255,33542],[-6,-2],[-3,2],[8,5],[1,-5]],[[74197,33545],[0,1],[0,-1]],[[74245,33546],[0,1],[1,-1],[-1,0]],[[74265,33589],[0,1],[1,0],[0,-1],[-1,0]],[[74263,33590],[0,1],[1,0],[-1,-1]],[[74270,33591],[-1,0],[1,0]],[[74339,33599],[-1,3],[3,2],[-1,-5],[-1,0]],[[74301,33605],[1,1],[2,1],[-1,-3],[-2,1]],[[74308,33606],[1,0],[0,1],[0,-1],[-1,0]],[[74316,33606],[-1,1],[4,1],[-1,-1],[-2,-1]],[[74324,33612],[-1,0],[1,1],[0,-1]],[[74263,33633],[-1,0],[0,1],[1,-1]],[[74415,33647],[-2,-2],[0,1],[1,2],[1,-1]],[[74481,33503],[3,3],[2,-2],[-4,-2],[-1,1]],[[74476,33509],[2,0],[0,-3],[-2,1],[0,2]],[[74458,33668],[-2,-1],[-2,3],[4,1],[0,-3]],[[74447,33671],[3,-5],[-9,0],[2,9],[4,-4]],[[74464,33677],[2,-6],[-2,-2],[-6,8],[6,0]],[[74431,33678],[2,0],[-1,-3],[-2,1],[1,2]],[[74427,33709],[-4,-2],[-1,3],[3,2],[2,-3]],[[74496,33896],[4,2],[1,-2],[-1,-2],[-4,2]],[[74600,34161],[2,2],[2,-1],[-3,-2],[-1,1]],[[74627,34262],[-1,-1],[1,1]],[[74633,34262],[2,5],[4,-2],[-5,-4],[-1,1]],[[74657,34289],[1,-1],[-1,0],[0,1]],[[74676,34306],[-1,-2],[-2,3],[2,2],[1,-3]],[[74673,34306],[-1,0],[0,1],[1,1],[0,-2]],[[74679,34308],[-2,-1],[3,3],[-1,-2]],[[74669,34311],[4,2],[1,-3],[-4,-1],[-1,2]],[[74679,34313],[1,0],[-2,-1],[0,1],[1,0]],[[74670,34315],[-2,0],[2,2],[0,-2]],[[74672,34316],[0,1],[3,1],[-3,-2]],[[74671,34331],[-3,0],[0,2],[3,0],[0,-2]],[[74681,34342],[-1,-1],[-1,1],[2,1],[0,-1]],[[74682,34451],[-1,-3],[-3,4],[2,2],[2,-3]],[[74655,34460],[1,0],[0,-1],[-1,1]],[[74665,34493],[0,-3],[-1,-1],[-2,2],[3,2]],[[74667,34491],[0,1],[1,1],[0,-1],[-1,-1]],[[74659,34513],[1,-1],[0,-1],[-2,1],[1,1]],[[98921,33986],[56,-46],[21,-49],[-28,16],[-43,-13],[-29,47],[1,43],[22,2]],[[99995,33967],[0,3],[4,-3],[-1,-2],[-3,2]],[[99995,34020],[-6,-8],[-4,17],[14,-4],[-4,-5]],[[99981,34031],[1,0],[0,-1],[-1,1]],[[99982,34037],[-3,2],[3,3],[3,-2],[-3,-3]],[[74683,34335],[-1,-1],[-1,2],[2,-1]],[[74732,34336],[-1,0],[0,1],[1,0],[0,-1]],[[74738,34338],[1,1],[-1,-1]],[[74736,34341],[1,-1],[0,-2],[-1,0],[0,3]],[[74689,34381],[0,-1],[0,-1],[-1,2],[1,0]],[[74691,34384],[1,-3],[-1,-2],[-1,4],[1,1]],[[74682,34387],[1,-1],[-1,0],[0,1]],[[74691,34387],[0,3],[1,1],[1,-5],[-2,1]],[[74697,34392],[1,0],[0,-2],[-1,0],[0,2]],[[74702,34411],[0,1],[1,0],[0,-1],[-1,0]],[[74694,34416],[-5,0],[-1,4],[2,1],[4,-5]],[[74696,34418],[0,2],[2,-3],[-1,0],[-1,1]],[[74686,34450],[-3,2],[-1,3],[3,-1],[1,-4]],[[74680,34478],[2,0],[0,-2],[-2,0],[0,2]],[[74995,35321],[0,1],[0,1],[1,-2],[-1,0]],[[61749,53391],[16,-38],[-42,-69],[-153,-95],[-181,-60],[-14,-64],[-43,-75],[-34,-43],[-43,-17],[36,-17],[54,-96],[-47,-106],[30,-8],[-3,-50],[-55,-109],[65,-24],[0,-64],[-40,-58],[56,-30],[419,153],[51,-42],[27,-56],[-44,-86],[-105,-119],[-59,-18],[-96,-88],[-44,11],[-54,-48],[56,-21],[-3,-27],[37,-40],[-62,-55],[23,-6],[3,-35],[-49,-47],[23,-85],[-23,-61],[35,-12],[98,20],[44,-37],[11,-35],[-166,-125],[-58,-100],[51,-8],[11,-40],[-60,-64],[26,-5],[62,-73],[-129,-76],[39,-32],[-22,-54],[53,-3],[38,-48],[-66,-104],[11,-17],[-21,-56],[27,-128],[77,-20],[-10,-72],[36,-32],[-50,-112],[14,-116],[61,-65],[28,-68],[58,-10],[57,20],[31,-18],[16,-33],[-26,-46],[49,-2],[-3,-43],[91,33],[19,-23],[-18,-72],[17,-32],[43,-7],[16,-34],[68,12],[11,-12],[-15,-43],[34,11],[43,-32],[12,-91],[33,-56],[21,2],[10,-20],[29,15],[18,-27],[-57,-141],[-95,-62],[-76,22],[22,-54],[-42,-65],[51,-42],[-9,-88],[55,-41],[-36,-41],[14,-60],[-28,-65],[30,-47],[-23,-46],[11,-49],[-25,-19],[-21,11],[-39,-48],[16,-26],[34,5],[14,-69],[-12,-36],[17,-29],[-23,-25],[19,-51],[-9,-64],[-36,-18],[1,-40],[-50,-20],[35,-75],[-31,-50]],[[59097,45399],[-68,43],[-18,34],[-45,8],[-18,42],[-3,63],[22,39],[-11,25],[27,30],[-17,13],[8,28],[-21,7],[-13,66],[20,18],[10,117],[26,13],[93,201],[-16,61],[18,61],[-42,36],[11,79],[-16,58],[41,90],[-12,21],[-123,25],[-59,75],[-32,2],[-2,115],[-1732,-1],[1,-309],[-41,-1],[-35,-48],[-16,-115],[1,-50],[71,-23],[-2,-99],[-70,-116],[-57,-20],[-40,-77],[30,-120],[-13,-61],[17,-24],[-15,-37],[34,9],[24,-51],[-49,-157],[-12,-104],[2147,-1]],[[61769,83416],[59,15],[5,90],[16,28],[3,-31],[22,79],[40,-106],[-17,133],[58,99],[37,14],[16,58],[39,13],[31,-27],[-44,-16],[16,1],[20,-56],[-35,-62],[49,0],[-6,-72],[29,-10],[-18,-39],[12,-7],[-8,-86],[23,-19],[111,216],[23,93],[36,22],[-12,11],[10,42],[24,8],[35,-51],[-9,-77],[-36,-23],[1,-57],[-77,-49],[-28,-42],[13,-14],[51,57],[19,-1],[-21,-73],[35,17],[-14,-54],[27,30],[-14,-52],[13,-29],[41,1],[11,29],[29,-7],[-6,69],[60,40],[5,-48],[70,-49],[57,150],[42,29],[-8,36],[13,13],[67,-99],[-93,-131],[-12,-54],[48,-101],[59,-34],[93,94],[39,290],[25,-28],[12,-73],[-9,-44],[-41,-31],[-16,-78],[22,-59],[-18,-61],[11,-30],[24,-6],[71,43],[19,-20],[-30,-64],[15,-7],[96,67],[8,-64],[24,-19],[32,20],[12,-16],[-27,-133],[31,-49],[22,7],[59,129],[66,34],[-32,14],[11,25],[44,9],[55,-19],[8,-62],[-32,-73],[-29,5],[-35,-44],[-54,-9],[-26,-123],[12,-2],[-13,-54],[15,-40],[-19,-35],[11,-18],[45,2],[19,65],[14,-3],[54,87],[41,-6],[79,66],[-19,15],[23,23],[-17,5],[0,31],[35,19],[6,34],[38,-15],[-56,62],[12,27],[49,6],[72,-53],[-17,-96],[31,-65],[-2,-101],[-194,-88],[12,-17],[57,18],[45,-14],[62,-50],[-24,-155],[-32,-18],[-21,-58],[19,-19],[164,-5],[25,23],[38,102],[43,41],[33,110],[51,-18],[50,64],[44,-36],[65,29],[14,46],[37,-11],[23,-55],[46,-24],[94,11],[37,-64],[-39,-25],[1,-28],[23,-8],[40,27],[33,-30],[1,-52],[19,-11],[14,57],[-55,92],[9,63],[23,10],[22,-20],[-13,-24],[39,3],[38,72],[73,51],[13,43],[-12,13],[58,23],[50,-25],[16,-35],[-30,-139],[-91,28],[28,-27],[-21,-4],[10,-15],[-38,-39],[10,-13],[-22,-49],[-40,-10],[13,-41],[-15,-42],[29,-85],[76,9],[22,-43],[16,0],[30,38],[12,78],[73,-43],[53,28],[21,45],[13,-86],[88,97],[34,13],[-1,-74],[27,-4],[28,42],[59,-56],[46,-74],[-54,-117],[-31,53],[-159,-24],[-15,-44],[-54,-31],[-49,-62],[32,-23],[50,22],[19,-34],[36,-10],[48,22],[34,-33],[-7,-38],[-11,13],[-111,-121],[4,-16],[82,24],[13,-26],[25,56],[50,-11],[77,19],[-12,92],[-16,16],[13,20],[114,-63],[4,-21],[-40,-33],[98,-37],[-39,-18],[59,-54],[-1,-82],[27,-9],[18,49],[25,-8],[-45,-159],[16,-16],[40,32],[30,-18],[56,-183],[-12,-18],[-37,15],[67,-73],[-76,-66],[-44,-18],[-63,10],[-27,-22],[-2,-17],[25,23],[73,-37],[69,33],[36,-49],[-110,-109],[-39,-10],[-32,-94],[-47,-23],[19,-25],[-34,-95],[-87,-121],[-110,-70],[4,-41],[23,-40],[46,-19],[52,11],[25,84],[39,18],[22,24],[1,33],[100,85],[30,93],[98,34],[28,-16],[20,20],[68,-56],[76,-123],[-13,-11],[19,-12],[25,-114],[-14,-20],[31,-15],[42,-149],[-48,-41],[16,-64],[-34,-73],[-42,-24],[-3,24],[-65,2],[-7,-19],[-83,11],[-45,-37],[4,-24],[53,18],[32,-15],[26,-20],[8,-40],[-39,-60],[-10,12],[-24,-23],[-31,-93],[-49,-35],[-26,24],[-24,-5],[-51,-196],[-60,-136],[-25,-17],[-24,-66],[-45,-34],[7,-93],[-62,-175],[42,-122],[-40,-94],[-61,-61],[-2,-163],[31,-82],[136,-68],[120,-20],[95,32],[109,106],[73,122],[39,128],[-4,260],[13,59],[37,52],[-12,74],[25,134],[27,36],[32,130],[-53,96],[44,30],[20,70],[62,-1],[7,-34],[19,4],[5,55],[-30,37],[35,40],[175,27],[114,47],[49,62],[128,71],[141,-1],[15,-107],[-48,-12],[-16,-39],[64,-101],[-27,-124],[-29,5],[-10,-26],[-61,5],[-26,-31],[1,-36],[-29,-37],[0,-66],[-58,-70],[-13,-65],[-35,-8],[-25,-38],[-70,-17],[-57,-51],[-61,-11],[-36,-70],[11,-43],[38,-15],[115,41],[123,-5],[56,49],[36,-15],[38,27],[52,80],[70,151],[41,37],[105,42],[56,154],[34,18],[50,-5],[5,54],[33,44],[58,21],[18,157],[23,22],[-14,60],[83,68],[20,-10],[-38,-113],[23,-3],[85,56],[6,28],[67,52],[4,47],[-32,45],[39,73],[3,78],[207,103],[51,-16],[23,-76],[-66,-41],[-12,-141],[-36,-114],[-94,13],[-51,-76],[-48,5],[-62,-104],[-35,-17],[18,-55],[47,1],[30,36],[36,10],[16,-30],[32,8],[-18,-59],[24,-34],[91,99],[8,-36],[57,-36],[94,132],[18,-45],[-60,-60],[40,-19],[50,69],[12,94],[54,63],[27,-15],[10,-43],[-20,-39],[26,-50],[105,-26],[21,109],[-71,154],[12,43],[82,64],[26,-8],[60,24],[39,-25],[150,20],[258,-91],[527,-262],[305,-178],[138,-2],[32,-39],[58,12],[300,-289],[57,-25],[127,1],[23,-68],[30,14],[130,-38],[117,0],[67,-90],[166,-22],[24,51],[-22,26],[13,133],[60,-53],[37,24],[187,-21],[130,21],[85,-134],[33,5],[-8,54],[14,10],[67,-27],[161,11],[230,-29],[9,-11],[-48,-31],[-3,-28]],[[67742,77662],[0,0]],[[62097,83443],[-1,12],[6,11],[-1,-17],[-4,-6]],[[61963,83743],[5,6],[10,-1],[-16,-15],[1,10]],[[63319,82906],[-1,-21],[-20,-29],[-15,33],[36,17]],[[63116,83047],[-3,-35],[-5,-5],[-2,22],[10,18]],[[63132,83054],[-3,-9],[-4,-4],[11,22],[-4,-9]],[[62942,83253],[9,13],[-6,-34],[-7,5],[4,16]],[[62771,83339],[0,5],[5,2],[-1,-12],[-4,5]],[[62643,83308],[1,60],[46,95],[31,-26],[11,-141],[-51,-43],[-38,55]],[[62932,83382],[-2,50],[26,11],[64,-35],[15,-46],[-17,-19],[-84,0],[-40,-29],[38,68]],[[62505,83449],[8,-5],[-3,-13],[-10,10],[5,8]],[[62218,83520],[-7,-5],[27,33],[-2,-4],[-18,-24]],[[62876,83530],[-12,-6],[3,24],[8,-1],[1,-17]],[[62382,83595],[14,21],[29,-1],[7,-51],[-41,-24],[-9,55]],[[64603,82492],[-13,-13],[-19,26],[23,0],[9,-13]],[[64440,82576],[5,5],[1,-12],[-6,5],[0,2]],[[64666,82552],[-29,-56],[-43,13],[-17,34],[59,64],[-8,31],[73,69],[13,-22],[-45,-66],[-3,-67]],[[64513,82676],[-3,-6],[-12,3],[5,6],[10,-3]],[[64504,82683],[-1,-1],[-3,-1],[2,4],[2,-2]],[[63900,82709],[-2,6],[3,11],[1,-7],[-2,-10]],[[63996,82785],[-1,4],[0,4],[7,-12],[-6,4]],[[63940,82809],[30,44],[11,-118],[-60,1],[19,73]],[[64050,82762],[-23,38],[13,37],[19,-26],[-9,-49]],[[64024,82836],[-6,-40],[-10,1],[-3,48],[19,-9]],[[63997,82849],[-6,-25],[-4,29],[46,114],[23,10],[-59,-128]],[[63966,82891],[-32,55],[30,59],[44,-51],[-28,-72],[-14,9]],[[64126,82947],[-14,-36],[-3,84],[13,-16],[4,-32]],[[64372,83250],[113,-48],[23,-113],[-22,-2],[-33,-49],[-5,31],[-48,-18],[-60,-52],[-8,-36],[-23,2],[-70,-60],[-36,2],[-36,43],[16,88],[-43,30],[6,43],[57,-10],[59,21],[-51,63],[33,67],[57,-14],[71,12]],[[64967,78907],[3,-24],[-6,-24],[-12,22],[15,26]],[[65051,78972],[-5,-9],[-10,-9],[18,43],[-3,-25]],[[65013,79007],[-44,-57],[-9,0],[-2,42],[52,35],[3,-20]],[[65368,79424],[1,-508],[-182,-165],[-48,-24],[-21,42],[-109,109],[61,57],[29,117],[25,26],[20,91],[-17,104],[115,166],[76,70],[55,-9],[-5,-76]],[[65120,79121],[1,13],[6,16],[1,-19],[-8,-10]],[[65516,79332],[2,-3],[-2,-4],[-2,2],[2,5]],[[65499,80281],[-11,-7],[-1,34],[13,-4],[-1,-23]],[[65397,81194],[-3,-20],[-34,-5],[25,25],[12,0]],[[65232,81319],[3,1],[9,-5],[-7,-3],[-5,7]],[[64760,82159],[-6,13],[40,22],[15,-24],[-22,-27],[-27,16]],[[64770,82190],[5,8],[4,-1],[0,-4],[-9,-3]],[[64806,82242],[15,-4],[-1,-27],[-34,10],[20,21]],[[64696,82456],[-6,2],[11,6],[0,-6],[-5,-2]],[[64743,82517],[22,46],[43,-24],[-7,-31],[-60,-61],[2,70]],[[64725,82605],[-56,-13],[50,97],[-47,39],[68,32],[45,-89],[-11,-56],[-49,-10]],[[66221,79448],[-2,-1],[-2,0],[3,3],[1,-2]],[[66223,79457],[3,0],[-1,-4],[-3,2],[1,2]],[[65600,79891],[2,0],[1,-4],[-3,2],[0,2]],[[65621,79980],[3,-3],[-2,-3],[-4,4],[3,2]],[[65621,79988],[-2,0],[-1,2],[2,1],[1,-3]],[[65611,80018],[-6,16],[18,7],[4,-22],[-16,-1]],[[65634,80031],[0,-2],[-2,1],[2,1]],[[66755,80169],[3,-1],[-4,-10],[0,8],[1,3]],[[66759,80176],[0,3],[1,4],[-1,-12],[0,5]],[[66750,80218],[-3,1],[3,4],[2,-1],[-2,-4]],[[66765,80264],[-19,-30],[-29,-5],[44,48],[-5,17],[9,-30]],[[67138,80075],[3,-2],[-4,-5],[0,4],[1,3]],[[67074,80135],[-2,-7],[-2,0],[0,4],[4,3]],[[67597,80160],[8,5],[11,-36],[-6,3],[-13,28]],[[66897,80307],[1,0],[1,0],[-1,-2],[-2,1],[1,1]],[[66945,80380],[-17,-53],[-29,-19],[17,55],[-14,41],[59,16],[15,-18],[-31,-22]],[[67401,80285],[-88,28],[-26,80],[14,26],[108,41],[35,-13],[-3,-67],[-40,-95]],[[67455,80332],[23,89],[12,0],[33,-34],[1,-52],[-69,-3]],[[51066,36606],[190,-79],[42,15],[9,54],[-94,96],[-16,48],[51,96],[75,220],[161,133],[27,134],[129,42],[0,88],[195,-8],[117,105],[67,124],[19,81],[-17,37],[9,60],[-27,75],[7,42],[90,42],[40,44],[59,178],[106,54],[115,254],[62,54],[101,34],[114,-3],[77,38],[186,-20],[66,73],[29,87],[38,27],[86,-14],[16,-25],[94,-25],[114,37],[97,-69],[37,10],[47,-29],[30,5],[36,80],[79,-13],[61,53],[52,17],[94,-29],[9,26],[-38,42],[2,32],[96,36],[124,7],[23,37],[-10,73],[25,24],[94,-6],[25,-170],[57,-44],[93,-156],[64,-19],[91,123],[36,92],[76,-6],[17,72],[79,33],[46,111],[70,57],[12,29],[-44,64],[4,18],[108,-9],[15,34],[63,53],[40,-7],[-10,-33],[79,-43],[63,49],[28,65],[89,3],[32,37],[-6,39],[113,92],[111,-34],[23,-36],[79,-22],[20,-87],[26,-11],[40,54],[24,14],[35,-13],[31,34],[46,-24],[86,10],[112,16],[30,42],[81,-18],[79,28],[17,-20],[-1,-39],[52,-11],[34,-39],[68,32],[8,-67],[79,63],[20,-25],[62,18],[18,-37],[106,12],[93,-48],[13,11],[-23,15],[-2,31],[101,89],[30,-34],[64,-5],[15,-44],[132,-25],[34,-97],[79,-49],[75,-3],[43,44],[108,-103],[62,26],[3,-85],[32,-4],[22,-58],[56,32],[9,42],[25,12],[54,-26],[10,21],[38,-15],[11,24],[-23,15],[35,52],[58,-28],[-12,36],[13,56],[46,35],[29,-17],[-2,-24],[43,-20],[44,35],[25,-3],[-21,38],[33,52],[20,1],[-16,31],[53,5],[14,-45],[23,1],[30,56],[35,0],[29,76],[23,-7],[2,-25],[79,61],[-62,73],[45,45],[-15,25],[17,31],[22,-40],[14,21],[-12,29],[57,23],[-16,23],[38,15],[6,44],[21,-14],[48,36],[-4,-77],[14,-16],[43,91],[63,6],[9,39],[39,4],[29,46],[42,-19],[-9,40],[14,27],[37,-21],[35,18],[-25,24],[26,12],[2,26],[55,2],[31,28],[-4,51],[25,-7],[56,49],[38,-14],[-4,29],[48,11],[2,46],[-39,35],[9,46],[-33,8],[-18,26],[-7,33],[22,19],[0,35],[-45,29],[-1,31],[-16,5],[6,27],[-14,8],[15,27],[-11,36],[-31,5],[10,68],[-45,103],[23,37],[26,4],[-16,21],[25,24],[-17,26],[50,53],[-22,55],[55,48],[7,67],[34,40],[62,23],[-23,69],[26,29],[9,64],[-134,224],[-109,1],[-23,28],[-34,2],[-109,-51],[-12,-26],[-50,74],[-30,-15],[-33,28],[6,61],[-20,18],[-5,41],[-60,18],[44,72],[-36,38],[30,2],[-34,56],[22,-3],[-6,28],[15,-12],[25,22],[0,45],[-17,9],[39,39],[-18,8],[-1,19],[56,-55],[32,12],[18,-29],[17,7],[-5,23],[40,-10],[-29,47],[43,33],[28,-16],[-15,39],[23,32],[-34,50],[37,14],[-11,26],[34,10],[-1,27],[52,-5],[-6,23],[18,7],[-14,24],[21,25],[29,-14],[4,46],[25,6],[-27,44],[48,-6],[-25,14],[-1,40],[40,3],[14,43],[9,-18],[28,23],[8,-32],[25,52],[29,-14],[-1,35],[15,8],[-12,12],[15,13],[-15,7],[16,23],[20,-20],[4,40],[35,-1],[3,42],[38,-19],[16,10],[-25,8],[22,0],[-1,16],[37,-10],[-1,33],[36,-6],[-9,24],[34,-6],[12,20],[-16,4],[-3,42],[41,-27],[7,42],[34,-3],[-4,19],[37,38],[-27,-2],[9,31],[-26,2],[45,26],[6,30],[-32,11],[-3,22],[-33,0],[13,25],[-31,5],[21,30],[-37,21],[31,30],[-31,6],[-16,41],[-38,-17],[10,29],[-21,19],[21,18],[-32,20],[-3,24],[18,6],[-10,63],[27,35],[-43,-8],[13,24],[-29,27],[7,68],[-28,14],[14,38],[-20,-9],[-7,24],[30,80],[-43,54],[-23,-3],[15,53],[-25,-6],[-5,21],[22,6],[-3,27],[-22,-4],[14,9],[-14,23],[-8,-17],[-29,3],[-23,68],[-17,-7],[-7,28],[-21,-17],[5,21],[-34,15],[4,38],[-37,-34],[-16,62],[-31,11],[-42,-33],[-3,55],[-20,2],[1,-25],[-24,42],[-36,-8],[1,38],[16,10],[-85,41],[-4,56],[-30,34],[11,102],[14,1],[4,36],[38,19],[-10,8],[25,69],[-9,49],[135,163],[29,59],[1,79],[39,44],[1,26],[15,0],[11,44],[-18,44],[18,14],[-31,19],[14,42],[-24,-1],[19,35],[-29,20],[11,15],[-19,8],[14,16],[-18,2],[-5,39],[33,11],[11,107],[48,-4],[-11,21],[18,13],[-17,20],[24,16],[-8,28]],[[59100,45364],[-3,35]],[[59097,45399],[21,49],[51,26],[-4,-14],[56,-18],[81,13],[19,70],[24,0],[12,24],[18,-15],[-8,32],[21,-17],[18,11],[-3,50],[20,29],[30,5],[-6,16],[20,-3],[0,24],[25,-20],[-7,-39],[20,13],[82,-43],[79,63],[544,143],[5,55],[-42,120],[25,65],[-32,92],[1,54],[-34,39],[-30,81],[2,166],[-61,22],[-32,43],[-46,8],[-69,82],[43,303],[39,72],[138,99],[-44,30],[48,37],[27,56],[-88,105],[-31,5],[-5,120],[-33,-3],[-47,-48],[-29,63],[16,18],[-8,48],[108,229],[-21,55],[-62,52],[12,59],[141,104],[28,3],[138,-26],[123,-49],[99,-52],[67,-67],[52,-12],[117,15],[53,50],[43,19],[36,-13],[26,21],[-60,123],[30,84],[-52,54],[-13,67],[10,75],[26,32],[20,83],[-28,59],[-58,20],[6,35],[-19,47],[51,51],[-2,40],[75,38],[1,57],[19,33],[25,-18],[46,5],[13,-59],[35,-1],[39,-54],[56,-20],[86,-90],[24,3],[72,-52],[-6,-85],[54,-26],[-39,-65],[-2,-44],[29,-28],[25,7],[18,-50],[59,-5],[58,22],[21,-52],[41,12],[67,-31],[31,47],[1,63],[34,-52],[57,17],[22,-44],[31,-4],[25,17],[12,70],[38,-8],[31,76],[20,8]],[[61912,48375],[79,-70],[-10,-55],[81,-65],[12,-71],[-27,-55],[6,-104],[-95,-108],[-22,-84],[-34,-11],[-15,-127],[-62,-20],[-42,-44],[-51,-6],[48,-56],[4,-67],[35,-14],[9,-41],[55,14],[-7,22],[38,50],[20,75],[99,15],[27,106],[42,38],[77,16],[105,-65],[28,37],[27,-4],[26,22],[21,54],[30,9],[22,-16],[28,16],[85,-25],[64,25],[11,48],[44,3],[7,22],[43,10],[42,82],[-3,54],[22,10],[2,-22],[6,39],[9,-17],[36,8],[32,61],[17,1],[17,53],[15,-7],[43,56],[7,33],[65,13],[44,-40],[36,19],[19,-36],[45,27],[30,-11],[48,84],[30,-13],[47,23],[64,60],[-3,34],[18,24],[27,-11],[-2,30],[81,33],[0,51],[13,-13],[19,21],[36,-11],[-7,37],[32,17],[7,33],[18,-9],[9,32],[38,8],[80,107],[32,-13],[4,19],[57,26],[61,-39],[118,-3],[39,46],[39,103],[6,-14],[13,15],[-1,26],[97,31],[-2,23],[24,-8],[5,26],[21,0],[-14,22],[40,29],[17,-15],[26,20],[-8,16],[66,11],[19,16],[-4,25],[30,-5],[44,34],[1,-19],[31,52],[42,-4],[-2,37],[-7,-24],[-26,11],[27,35],[-1,32],[51,15],[-24,9],[-3,45],[31,9],[-27,19],[3,20],[43,-13],[10,18],[-20,20],[53,-17],[0,23],[84,24],[17,37],[40,7],[15,31],[25,13],[25,-15],[29,85],[31,-20],[11,21],[3,-19],[22,19],[-2,53],[56,3],[18,47],[33,27],[27,-8],[58,59],[17,-8],[-2,22],[45,-7],[10,29],[66,23],[53,-15],[27,36],[78,28],[25,43],[69,34],[19,-18],[25,27],[35,-7],[19,30],[15,-6],[-12,14],[25,3],[0,19],[53,23],[31,-33],[75,17],[47,-35],[0,22],[19,-16],[-4,44],[50,-11],[6,30],[31,-54],[69,-37],[22,28],[51,-16],[3,-28],[-17,-9],[18,-9],[51,60],[29,-38],[28,13],[-4,-25],[13,23],[18,-4],[2,-38],[36,20],[0,-17],[42,5],[8,-17],[20,32],[62,29],[25,-6],[-9,-13],[22,-24],[24,21],[30,-66],[22,25],[9,-39],[16,24],[19,-26],[4,24],[18,1],[11,-23],[16,29],[26,-19],[1,20],[4,-34],[22,-14],[61,11],[-6,-26],[20,12],[-2,-22],[25,27],[35,-1],[-4,-29],[15,6],[34,-44],[37,-4],[-80,-128],[-28,-138],[-93,-198],[-7,-110],[-22,-56],[7,-37],[6,24],[14,-7],[-4,-42],[15,-9],[-26,-42],[16,-19],[-25,3],[19,-12],[-13,-35],[22,1],[31,-53],[163,-30],[67,-38],[66,6],[30,-43],[-17,-37],[72,21],[-6,-17],[37,4],[31,-47],[106,-40],[68,25],[15,-37],[81,-47],[-4,-57],[18,-25],[22,24],[25,-4],[-3,28],[92,24],[-26,50],[13,14],[28,-9],[15,21],[-12,29],[59,60],[45,-3],[79,58],[72,14],[78,67],[51,-16],[49,38],[129,8],[20,22],[44,-29],[6,27],[55,-41],[53,2],[25,-34],[27,13],[45,-63],[38,46],[24,-27],[39,21],[25,-8],[0,-20],[35,-20],[75,8],[85,-25],[31,-66],[-5,-26],[33,-1],[19,-45],[6,16],[23,-28],[49,-1],[-9,-21],[116,-116],[64,-48],[80,-18],[17,-55],[53,-46],[43,7],[21,-46],[68,-39],[9,15],[10,-36],[64,-53],[61,54],[85,-98],[57,-11],[7,-28],[80,-45],[44,-57],[86,-14],[-9,-102],[98,-40],[49,17],[44,-69],[47,49],[39,-51],[74,-48],[16,12],[23,-31],[83,67],[24,-17],[53,7],[43,44],[44,-35],[8,-53],[74,-61],[55,-109],[63,36],[145,35],[22,-24],[122,-16],[13,35],[66,23],[37,37],[22,57],[49,-4],[105,40],[985,-1023],[49,-559]],[[72336,46214],[0,1]],[[72336,46215],[7,-68],[84,14],[54,-25],[118,30],[162,-90],[30,65],[79,21],[34,50],[54,-15],[38,29],[67,0],[58,56],[40,113],[105,-34],[26,-79],[47,-7],[87,29],[24,32],[4,58],[23,5],[86,-87],[-7,-55],[35,-32],[62,27],[-4,60],[91,33],[40,-81],[47,-21],[36,-56],[16,-4],[18,38],[51,-54],[15,-27],[-9,-31],[25,-8],[-1,-24],[57,-11],[-13,-31],[24,-39],[50,22],[48,-7],[-2,43],[21,32],[33,6],[30,-24],[46,57],[62,-66],[16,-69],[73,-36],[21,14],[13,-24],[12,24],[71,-6],[7,-20],[119,42],[17,-26],[27,24],[70,13],[69,-150],[16,12],[59,-27],[0,-66],[-22,-21],[12,-14],[66,22],[7,-19],[45,7],[26,-21],[45,38],[10,-69],[33,34],[-7,-59],[-22,-18],[28,3],[16,-35],[-16,-18],[45,-5],[1,-27],[31,-1],[20,-44],[19,16],[29,-27],[-8,-19],[27,18],[27,-7],[-1,-20],[37,1],[18,35],[91,-22],[-47,-61],[119,-113],[10,-61],[42,-44],[-5,-40],[-44,-49],[-36,5],[31,-57],[-1,-79],[-65,-40],[-53,-91],[37,-46],[7,-51],[-35,0],[-43,-36],[-32,-75],[-26,41],[-29,-4],[-12,-50],[-63,-65],[-16,-88],[-43,-102],[-24,-1],[-15,-73],[-32,-9],[-29,41],[10,35],[-14,34],[-39,-116],[-99,-145],[-22,-2],[6,-29],[-15,-5],[21,-2],[27,-61],[-10,-46],[-120,17],[-49,38],[-28,-40],[-64,1],[-17,-36],[-33,-167],[-33,-59],[24,-84],[-17,-71],[-79,-131],[49,-36],[64,12],[26,-19],[28,22],[28,-29],[24,-100],[-12,-37],[-31,0],[-34,-105],[-26,-9],[-21,32],[-28,-34],[-36,-7],[-38,23],[1,28],[-40,36],[-21,-30],[-53,-7],[-35,-28],[-35,31],[-39,-13],[-23,35],[-57,0],[-69,-217],[-71,-69],[-51,-188],[2,-42],[20,-6],[11,-37],[-14,-75],[-34,-47],[1,-60],[7,-32],[46,-22],[3,-26],[-22,-34],[9,-47],[-31,-53],[54,-83],[-54,-28],[-50,-74],[-31,-8],[36,-48],[-29,-37],[15,-12],[0,-64],[-54,-42],[57,-38],[61,13],[35,-51],[74,-23],[0,-35],[56,-73],[28,-4],[-14,-81],[64,-124],[37,-27],[26,29],[47,-2],[-8,-107],[24,-4],[15,-36],[55,34],[38,-82],[18,83],[55,-81],[-2,-45],[52,-34],[4,-61],[25,-6],[13,-57],[17,-12],[37,20],[18,-29],[60,-16],[15,-42],[-9,-108],[30,-24],[1,-63],[49,-16],[17,-40],[-85,-113],[-113,-67],[8,-47],[73,-46],[10,-57]],[[74799,40417],[-118,46],[-34,40],[-34,-1],[-87,60],[-22,-17],[-27,20],[-41,-15],[-150,25],[-23,-24],[-44,50],[-42,-5],[-53,48],[-46,-40],[-82,-28],[-5,-53],[-58,-2],[-19,-53],[17,-18],[-22,-22],[-4,-38],[-44,-7],[-34,-50],[-51,8],[-43,-35],[-49,58],[-55,-23],[-47,17],[1,57],[-24,15],[-29,-16],[-7,63],[-24,12],[-35,-29],[-12,24],[-72,-87],[-33,17],[-11,28],[-44,-44],[287,-307],[4,-124],[-50,-11],[-113,27],[-72,78],[-26,-12],[-9,41],[-87,-73],[-39,18],[-10,-64],[-57,33],[-20,-75],[-47,9],[-9,25],[-30,0],[-13,-37],[-3,24],[-46,-10],[-1,-32],[-80,-42],[-3,-34],[-23,-12],[28,-38],[-24,-23],[14,-47],[-139,-135],[29,-168],[-37,-44],[5,-31],[37,-9],[-51,-22],[-34,-62],[358,-50],[10,-46],[-58,-330],[20,-6],[1,-26],[-45,-34],[25,-22],[-6,-22],[33,7],[-6,-18],[98,-65],[79,-7],[24,-22],[3,-207],[54,-109],[-46,-47],[-20,14],[-41,-40],[-247,13],[-49,-16],[-29,9],[-19,73],[-24,7],[-9,30],[-218,-4],[-29,-63],[17,-33],[-12,-46],[63,-64],[15,58],[20,-21],[79,10],[23,-70],[21,5],[53,-48],[3,-47],[33,-31],[54,-12],[1,-23],[25,13],[13,-64],[23,3],[23,-37],[53,16],[-34,-42],[-76,-39],[-11,-50],[37,-109],[65,-30],[28,11],[-5,-41],[24,18],[-10,-38],[53,-3],[8,-30],[46,-27],[10,-18],[-13,-36],[39,0],[-10,-24],[18,-26],[-1,-44],[33,-23],[-8,-21],[16,-16],[-44,-76],[21,-23],[-13,-17],[41,-6],[8,-23],[-7,-28],[-55,-23],[37,-14],[-8,-36],[38,-2],[15,-21],[-68,-95],[22,-92],[-64,-43],[-24,-69],[52,-90],[-61,-114],[-94,-3],[-71,49],[22,-213],[-45,-18],[2,-19],[-35,1],[-5,-36],[-37,6],[-20,-22],[-19,-89],[-43,-5],[-24,-44],[-45,-7],[-21,-28],[-24,-174],[-26,-15],[36,-54],[24,-101],[-25,-49],[-24,-5],[23,-30],[-18,-24],[-3,-106],[-47,-36],[-48,-2],[-36,-83],[-23,13],[-40,-26],[-66,11],[-39,-108],[25,-43],[0,-50],[-55,-109],[-8,-72],[-17,-5],[-6,-89],[-63,-98],[-13,-69],[-60,-23],[-5,-24],[-769,-3],[-49,-189],[10,-11],[-109,-67],[-25,-46],[-24,6],[7,-33],[-34,-81],[32,-12],[19,-82],[73,-32],[12,-34],[-3,-108],[-58,-20],[31,-81]],[[71278,33917],[0,0]],[[71278,33917],[15,-72],[-52,-32],[-28,-111],[-35,-39],[39,-23],[48,1],[-8,-33],[31,-17],[-27,-36],[-18,4],[7,-17],[-81,-112],[10,-21],[-20,-18],[20,-66],[-39,9],[-13,-39],[11,-17]],[[68396,47602],[0,0]],[[46331,40280],[-14,-49],[-100,-15],[-43,-59],[30,-202],[43,-151],[23,-241],[66,-75],[93,-22],[30,63],[67,50],[109,28],[137,-47],[151,3],[65,-39],[36,-49],[-5,-60],[-54,-49],[-27,-62],[-166,-31],[-17,-99],[-57,-52],[-20,-59],[-59,-21],[-44,-61],[-6,-24],[67,-126],[-12,-36],[57,-17],[-5,-52],[98,-15],[57,-54],[47,-14],[36,14],[140,-65],[66,3],[71,35],[115,-46],[24,18],[64,-1],[102,83],[204,-82],[66,-114],[27,-17],[9,-43],[91,-97],[-3,-16],[33,1],[16,-57],[79,-44],[39,26],[66,3],[16,-27],[42,-12],[120,-11],[67,-113],[93,-18],[10,-66],[40,-28],[-6,-22],[53,-25],[25,21],[27,-13],[7,-25],[51,-10],[4,-47],[32,39],[12,-17],[33,5],[8,-24],[21,13],[-2,24],[39,-36],[25,33],[31,-21],[0,-21],[64,-26],[14,-59],[73,-84],[34,21],[16,-9],[-18,-27],[58,5],[46,-30],[11,-35],[104,-16],[6,-37],[22,3],[10,-21],[34,12],[26,-41],[39,-5],[55,-43],[43,29],[66,-37],[36,36],[34,2],[16,-22],[33,6],[13,-24],[48,7],[31,-30],[25,9],[10,-37],[51,20],[35,-36],[27,23],[17,-32],[40,13],[8,-21],[26,-3],[-13,-13],[29,-36],[43,5],[19,-18],[2,-56],[54,20],[17,-22],[67,11],[0,-54],[20,1],[25,-35],[15,9],[9,-31],[54,-33],[57,38],[39,-18],[10,14],[52,-57],[82,-11],[37,-41],[84,-12],[95,-91],[56,-102],[-12,-40],[47,-7],[7,-35],[28,18],[8,-60],[73,-28],[38,-64]],[[51066,36606],[-61,-37],[-1,-48],[71,-107],[15,-99],[-30,-29],[-53,27],[-57,-20],[-55,-161],[-54,-89],[-4,-83],[-17,-24],[40,-71],[-27,-66],[37,-55],[9,-171],[44,-92],[-48,-148],[36,-90],[-2,-67],[-27,-59],[39,-95]],[[43642,24815],[-53,56],[-31,109],[-49,6],[-13,-16],[-70,54],[-24,55],[-45,18],[-4,31],[-39,44],[18,34],[-31,29],[-65,17],[-40,-15],[-12,47],[-49,0],[-18,30],[-35,11],[-66,-13],[9,52],[-43,44],[-37,-39],[-20,2],[-15,42],[-67,3],[-50,55],[-65,-76],[2,-40],[-17,-18],[-88,-11],[-31,31],[-11,-24],[-71,-10],[-40,-52],[-49,17],[-30,-34],[0,-29],[-52,-2],[-17,27],[-22,-4],[-6,-27],[-33,-2],[-11,-27],[-30,-7],[4,-91],[-35,-21],[-128,28],[-105,-68],[-11,9],[-25,-33],[-23,34],[-39,-6],[-37,53],[-69,-65],[-39,10],[-50,-27],[-44,18],[-19,-43],[-49,-27],[-167,126],[-30,5],[-40,-77],[-21,-4],[-67,38],[-6,23],[-20,8],[-20,-22],[-39,28],[-12,55],[-29,8],[10,37],[-40,24],[23,114],[-13,110],[-27,26],[52,75],[-8,49],[-29,28],[-4,46],[28,65],[-11,17],[-30,-18],[-19,13],[2,72],[-30,22],[3,64],[-21,26],[-58,20],[-2,24],[-46,-19],[-18,14],[4,85],[26,63],[-79,233],[38,-2],[1,71],[64,102],[25,80],[-33,34],[-34,81],[-47,44],[15,32],[-9,62],[67,51],[-32,22],[-20,79],[27,9],[24,49],[-44,43],[3,64],[-70,32],[-52,-23],[-6,124],[-39,57],[13,13],[0,75],[-62,55],[24,71],[-12,17],[27,18],[-33,51],[5,25],[-29,13],[-5,151],[-26,23],[-10,76],[37,130],[-7,24],[38,57],[38,7],[-19,25],[30,48],[-3,215],[-19,12],[-19,76],[-114,81],[-34,66],[-56,30],[-52,118],[-12,79],[37,38],[4,47],[-28,147],[-98,-11],[-28,42],[6,43],[-52,38],[-33,100],[9,14],[-40,40],[-108,-12],[-60,17],[-38,-13],[-7,-25],[-45,3],[-31,34],[-59,-40],[-5,21],[-107,27],[-19,-28],[-51,3],[-56,39],[-25,-12],[-3,-24],[-67,6],[-11,-16],[-19,23],[-33,-7],[-10,28],[-34,-18],[-55,58],[-8,48],[-86,0],[-51,49],[-39,-2],[-65,78],[-8,37],[-33,10],[-20,50],[13,34],[-9,28],[-28,40],[8,15],[-33,26],[16,11],[-11,40],[-83,-32],[-16,15],[-21,-10],[0,21],[-13,-21],[-38,13],[-12,-36],[-67,-4],[-42,-65],[14,-52],[-48,-17],[16,-30],[-52,-25],[12,-43],[-11,-27],[-30,-28],[-22,9],[-30,-37],[-14,18],[2,-18],[-24,-8],[9,-27],[-47,-37],[-33,7],[11,-51],[-93,44],[-8,64],[-46,11],[20,-29],[-58,-93],[-59,75],[-11,-29],[-33,7],[9,-20],[-31,-22],[-26,18],[6,31],[-17,-3],[-27,-39],[7,-66],[-88,-46],[-83,61],[10,36],[-18,42],[-37,-12],[-12,-38],[-47,43],[-46,-16],[-26,47],[-63,-12],[-20,51],[-29,-34],[-20,12],[-57,-29],[-33,34],[1,-32],[-53,-24],[-15,25],[-12,-21],[-37,20],[16,36],[-12,5],[-86,-21],[-19,20],[-59,-26],[-14,49],[-25,16],[-13,-25],[-2,18],[-15,-12],[15,-23],[-15,1],[-6,-36],[-44,-26],[-41,35],[-32,1],[-3,20],[-13,-16],[-33,43],[-39,-25],[-22,-44],[-33,42],[-12,-15],[-38,22],[-6,-19],[-9,16],[-23,-10],[5,15],[-20,0],[8,33],[-66,39],[-26,1],[-12,-20],[0,21],[-23,-7],[-25,32],[-20,-5],[2,-17],[-11,21],[-65,-10],[-10,25],[-27,-9],[-38,43],[-39,-33],[-89,15],[-17,26],[9,63],[-37,1],[6,25],[-32,17],[0,75],[-88,-32],[-55,14],[-27,34],[-39,-7],[6,-22],[-28,-36],[-29,35],[-17,-7],[-3,-82],[-53,-3],[-36,28],[-48,-66],[-62,79],[-82,-41],[-53,34],[-88,6],[18,31],[-31,17],[-14,48],[-29,-11],[-14,22],[-21,-30],[-54,4],[24,64],[-51,35],[-3,41],[75,48],[22,37],[0,45],[62,142],[-25,71],[27,28],[48,11],[-13,29],[-114,65],[90,61],[50,130],[-71,40],[-15,32],[14,33],[128,112],[-112,96],[-19,79],[62,78],[-105,72],[-13,105],[78,106],[11,78],[68,169],[79,85],[16,47],[-2,39],[-89,25],[-59,70],[152,135],[9,101],[-36,132],[42,101],[-44,77],[-5,64],[112,157],[-17,39],[15,52],[-23,29],[-34,-32],[-43,-6],[-24,23],[-27,80],[-92,21],[4,21],[110,91],[42,14],[7,39],[-86,116],[-39,4],[-67,-30],[-45,21],[61,119],[146,-8],[-4,61],[-118,156],[-30,-14],[-47,-89],[-66,13],[39,142],[-56,32],[-38,49],[34,103],[-51,161],[52,151],[-3,35],[-52,90],[-101,28],[-37,48],[-42,131],[29,114],[-15,58],[-51,11],[-55,-56],[-33,20],[-9,93],[92,85],[-24,32],[-59,1],[-21,40],[35,33],[80,16],[55,98],[98,8],[35,108],[118,20],[46,83],[54,7],[67,-59],[98,184],[-603,544],[771,1856],[161,1],[41,63],[-26,60],[-34,22],[-1,202],[-104,0],[462,1688],[231,25],[-48,36],[-13,49],[-53,-2],[-153,171],[-58,228],[-268,548],[83,0],[0,51],[-78,92],[18,114],[-42,22],[-24,65],[-24,1],[-23,83],[-30,10],[-16,54],[23,60],[-19,-8],[-8,18],[22,26],[-28,13],[24,20],[-32,-2],[22,24],[-43,48],[69,-6],[10,-19],[28,12]],[[48454,34922],[0,0]],[[35963,41483],[-291,294],[-250,-169],[-31,41],[-73,18],[-14,76],[-23,31],[-65,-26],[-60,23],[-14,96],[-50,2],[-14,75],[-75,-18],[-33,22],[12,36],[-16,30],[-56,-2],[-3,25],[-56,-14],[-23,22],[3,35],[-38,32],[4,49],[-46,2],[11,35],[-24,16],[-2,28],[-31,4],[-1,31],[-58,53],[-22,54],[-21,-2],[1,37],[-74,39],[11,433],[-51,85],[-33,-25],[-28,20],[-4,38],[-37,18],[10,61],[-23,-12],[-17,16],[0,60],[24,5],[12,25],[-19,42],[24,150],[-39,11],[-6,21],[14,54],[23,-3],[5,20],[-29,96],[13,81],[-11,23],[19,141],[60,155],[32,47],[45,15],[70,63],[57,66],[21,72],[-49,161],[27,95],[82,50],[8,158],[-31,43],[-10,67],[-97,-19],[-50,31],[-13,-89],[-80,-68],[-2309,111],[-1553,32],[-146,2031],[-744,966],[733,0],[-63,1221],[-39,-13],[-72,40],[-16,144],[-30,56],[18,7],[-16,16],[8,34],[-22,41],[-37,15],[15,41],[-43,20],[-11,65],[-39,17],[16,27],[-14,-6],[-16,27],[17,19],[-14,50],[12,14],[10,-17],[2,59],[-34,-9],[11,32],[-17,-10],[-14,32],[-11,-12],[-36,83],[-29,17],[8,20],[-16,6],[-21,97],[39,39],[0,24],[-36,17],[9,28],[-25,82],[-44,8],[19,61],[20,11],[-17,64],[21,18],[-25,31],[24,17],[-14,34],[19,17],[20,-11],[48,39],[30,39],[-1,33],[50,50],[2,84],[51,27],[-29,26],[-46,-8],[-27,46],[16,-3],[2,26],[21,9],[-20,4],[0,29],[-18,-15],[-38,33],[0,-23],[-15,7],[-12,100],[12,34],[-32,3],[-7,-22],[-16,13],[41,85],[-78,-7],[52,58],[-26,0],[-21,27],[52,8],[1,20],[-28,16],[30,10],[-4,15],[-136,10],[25,36],[-12,23],[-56,-4],[-5,-29],[-42,34],[6,27],[-27,6],[9,21],[-66,-1],[-16,58],[-26,15],[-50,-50],[-15,22],[-8,-21],[-54,48],[-21,52],[-15,-40],[-27,57]],[[27476,63948],[5705,-12],[1252,10],[28,24],[32,-7],[198,186],[-5,20],[-50,27],[-72,-11],[-63,-37],[-56,44],[106,278],[-46,63],[11,84],[-22,36],[-6,87],[140,248],[10,121],[78,58],[-29,95],[34,197],[-21,100],[11,39],[67,67],[-3,126],[-74,140],[-21,144],[-53,63],[-40,94],[-3,109],[-22,53],[28,59],[84,43],[89,84],[30,167],[90,135],[83,84],[-45,248],[21,168],[88,165],[80,98]],[[52005,53537],[28,-42],[-28,-24],[-5,-67],[-29,-54],[5,-102],[-30,-10],[-24,-39],[-93,-20],[-1,-34],[49,-73],[-16,-30],[-49,8],[-26,-24],[41,-122],[-18,-72],[13,-71],[-27,-61],[48,-77],[-19,-110],[-30,-47],[-5,-99],[-125,-149],[3,-152],[-44,-26],[-69,-119],[-98,-74],[-21,-193],[-34,-63],[-50,-188],[-122,-64],[-28,-41],[45,-68],[-12,-173],[41,-90],[1,-154],[-57,-92],[-1,-51],[43,-52],[-20,-54],[54,-167],[-45,-81],[-42,0],[-35,-37],[-19,3],[-19,53],[-31,-15],[17,-83],[-8,-51],[-91,-166],[-52,-164],[27,-77],[-49,-84],[8,-42],[-29,-101],[28,-41],[-9,-56],[44,-55],[-9,-77],[24,-48],[-75,-130],[8,-97],[-38,-85],[-37,-35],[-6,-123],[-64,-114],[30,-105],[-58,-44],[-42,-77],[-9,-96],[15,-112],[-128,-57],[-27,-108],[-92,-44],[-45,-56],[-108,-51],[-61,37],[-16,109],[-50,44],[-23,-4],[-73,-97],[-74,18],[-56,-13],[-77,-103],[-153,-35],[-36,-99],[-79,-72],[-28,-69],[-119,-50],[-4,-73],[-47,-114],[7,-17],[48,-6],[4,-21],[-76,-64],[-26,-90],[9,-56],[31,-28],[9,-43],[-62,-89],[14,-55],[-41,-74],[23,-72],[-14,-25],[-68,-32],[-2,-43],[26,-44],[-31,-39],[-36,5],[-12,70],[-36,-13],[-6,-52],[57,-147],[-6,-53],[-101,-182],[-3,-50],[-68,-51],[-55,-112],[-37,-38],[-14,-67],[-22,-7],[-45,46],[-79,8],[-17,-22],[3,-51],[-59,-10],[-34,-79],[-40,-35],[-145,15],[-42,-21],[-23,17],[-49,-33],[-135,38],[-52,-28],[-79,0],[-12,-101],[-74,-89],[1,-45],[-46,-61],[-29,-79],[-13,-88],[-48,-31],[-35,3],[-15,-39],[-55,13],[-90,-43],[-47,-45],[-61,-7],[-23,-30],[-35,22],[-24,-18],[-3,-38],[-50,-25],[9,-147],[-48,-5],[-7,-17],[52,-76],[-36,-11],[-32,40],[-24,-50],[-50,-7],[-31,-39],[-74,17],[-55,-55],[-9,-35],[9,-74],[-23,-15],[1,-44],[33,-35],[-21,-46],[28,-35],[68,1],[12,-65],[48,-31],[-9,-40],[17,20],[19,-15],[-19,-14],[16,-44],[-15,-41],[-54,-2],[26,-52],[-23,-74],[-29,12],[-6,-38],[-36,28],[-5,-19],[23,-32],[-29,3],[-3,-40],[-35,2],[-36,33],[2,-70],[-49,33],[-28,-10],[21,-21],[-23,-32],[33,-10],[25,-62],[-21,-21],[-21,36],[-28,6],[14,-67],[-69,-32],[36,-8],[-19,-38],[8,-43],[-57,-27],[-2,-72],[-31,-16],[-17,17],[-49,-46],[-3,-30],[-38,15],[-13,-19],[-17,12],[-11,-32],[-38,13],[-21,-23],[3,-23],[-32,-11],[-2,-30],[-34,-21],[-22,39],[-26,-25],[35,-36],[5,-35],[-57,-1],[17,-37],[-15,-11],[4,18],[-16,6],[7,-23],[-27,1],[6,-21],[-113,14],[6,-55],[-16,-44],[-45,-32],[9,-77],[-27,-17],[-4,-46],[-16,9],[11,-103],[-7,-27],[-20,-5],[22,-6],[-32,-31],[-7,-48],[24,7],[-11,-29],[23,-6],[-1,-25],[-37,-16],[5,-23],[-21,16],[2,-23],[-23,9],[13,-22],[-39,-21],[5,-19],[-44,-11],[9,-34],[-37,-46],[8,-26],[-33,-43],[-32,2],[-19,-129],[-47,-97],[-24,-5],[4,-41],[-51,-54],[1,-29],[21,-12],[-19,-34],[34,-35],[-10,-53],[24,2],[-25,-28],[22,-21],[-14,-25],[-12,12],[-10,-28],[16,-16],[-20,-5],[6,-13],[-37,-45],[-9,-37],[20,-51],[-37,-80],[7,-58],[-17,-29],[14,-63],[-14,-30],[21,-64],[-25,-45],[-1,-110],[23,-50],[-16,-58],[19,-9],[2,-52],[83,-39],[83,-114],[0,-58],[63,-101],[-16,-73],[35,-88],[-8,-44],[86,-72],[51,-105],[-17,-126]],[[46331,40280],[-231,-20],[-31,14],[-18,41],[-95,40],[-128,23],[-96,-33],[-84,-1],[-71,52],[-12,-16],[-7,23],[-40,5],[-40,-41],[-23,-90],[-41,-14],[-70,51],[-86,11],[-1,27],[-72,-18],[-59,94],[-100,-4],[-3,-21],[-61,-43],[-4,-28],[-99,48],[-83,-15],[-27,17],[-15,50],[-10,-11],[-17,29],[-7,-12],[-4,31],[-25,-5],[-6,34],[-25,5],[-4,31],[-12,-14],[-38,49],[-23,-16],[-5,27],[-10,-17],[-48,37],[-8,-21],[-48,-7],[-18,17],[-37,-26],[-8,22],[17,19],[-14,11],[-7,88],[218,426],[110,77],[46,-10],[115,34],[30,-15],[34,14],[54,1051],[-55,65],[-120,-39],[-59,-113],[-76,-19],[-33,-105],[8,-49],[-104,-52],[-163,-216],[-46,-33],[-49,10],[-95,-46],[-8,-36],[-37,-33],[27,-61],[-13,-66],[-48,-64],[-6,-72],[-19,-8],[-33,15],[-76,-14],[-45,33],[-54,8],[-144,-67],[-66,-63],[-138,-21],[-113,67],[27,69],[-22,18],[3,77],[-46,18],[-39,72],[-101,19],[-31,106],[-122,26],[-40,-29],[-61,53],[-79,-57],[-41,-14],[-42,14],[-29,-34],[-37,-9],[-33,25],[-2,-23],[-41,-31],[-62,-4],[-22,-37],[-4,-80],[-93,-44],[-46,-37],[-8,-32],[-60,-9],[-19,-27],[-44,18],[-32,-12],[-43,33],[-64,-1],[-53,-17],[2,-14],[-18,10],[-39,-55],[-54,22]],[[42024,41315],[0,0]],[[42024,41315],[-35,-27],[-70,-5],[-20,28],[-46,-12],[-7,22],[-27,-3],[-11,-39],[-30,-22],[-34,17],[2,17],[-64,-4],[9,17],[-20,-2],[-18,39],[-19,-22],[-27,38],[-37,-9],[-10,20],[15,-10],[2,15],[-30,30],[-14,-13],[-12,16],[-4,-15],[-20,60],[-22,-3],[-8,51],[-17,-18],[-31,13],[13,20],[-29,3],[5,24],[-62,-2],[-16,-15],[12,-12],[-30,20],[-29,-8],[-6,43],[-52,43],[-12,-27],[-50,33],[-86,18],[0,-16],[-64,78],[-70,-13],[0,14],[-44,-1],[4,24],[-32,9],[-13,31],[-32,11],[15,13],[-54,32],[-1,40],[-26,-7],[1,47],[15,6],[-15,7],[2,63],[-62,35],[0,-21],[-28,11],[-31,62],[-10,-50],[-26,54],[-26,-32],[-28,30],[-12,-31],[-15,28],[-18,-36],[-18,42],[-27,-30],[-88,66],[-25,-22],[-18,28],[-16,-19],[-38,49],[1,26],[-36,5],[-16,-23],[1,46],[-32,-33],[-21,57],[-15,-11],[-37,38],[-1,-31],[-25,-10],[-9,32],[-25,-3],[34,24],[-69,-2],[-19,18],[-11,-41],[-22,-11],[-32,55],[8,16],[-36,-11],[-28,20],[-13,-30],[-4,44],[-34,-9],[1,28],[-16,-13],[5,64],[-28,1],[35,24],[-86,84],[-15,-40],[-24,42],[-50,-18],[-62,29],[-62,-34],[1,-30],[-28,15],[-54,-27],[-19,18],[-8,-55],[-53,0],[9,-43],[-31,20],[4,-24],[-67,25],[-2,-39],[-22,8],[13,-32],[-28,10],[2,-21],[-38,1],[8,-41],[-36,-33],[-35,18],[-21,-42],[-26,9],[-2,-20],[-35,32],[19,12],[-31,15],[-8,-35],[-50,-19],[-55,-72],[-24,11],[-52,-50],[-19,13],[-3,42],[-26,-15],[-8,35],[-12,-20],[-56,29],[-8,32],[-11,-22],[-19,5],[21,-34],[-36,-11],[-11,-28],[-12,21],[-41,-25],[-44,19],[-19,-12],[7,-28],[-43,-4],[-65,27],[-12,-31],[-37,44],[4,-57],[-25,46],[-13,-14],[15,-17],[-17,-14],[-44,57],[-28,-26],[7,24],[-46,-4],[-10,27],[-35,-4],[-11,-37],[-40,-3],[-1,-29],[-25,-10],[13,-51],[-53,-25],[-3,-49],[-92,-4],[-1,-42],[-27,-27],[50,-35],[-47,-26],[34,-44],[-49,-13],[-6,-58],[-26,7],[1,-54],[-32,-71],[-44,-17],[-30,18],[-79,-53],[-12,-40],[-70,-30],[14,-40],[-12,-38],[46,15],[3,-20],[-55,-75],[-9,-44],[-56,-34],[-13,-50],[-31,-7],[-26,-91],[-64,-13],[-13,-35],[-28,-10],[-14,-45],[-33,-3],[-5,-24],[-69,35],[-20,-28],[-42,5],[-65,-33],[-51,16],[-35,-38],[-20,11],[43,-48],[-44,4],[-27,-25],[-42,19],[1,-25],[-23,7],[8,22],[-22,-14],[-18,16],[-38,-47],[-63,-23],[-51,31],[-20,-47],[-28,12],[-28,-48],[-24,10],[-55,-52],[-13,-72],[-56,61],[0,51],[-92,-7],[-34,21],[8,37],[-46,28],[-15,33],[-29,0],[-10,38],[-66,-5],[-15,59],[26,11],[-31,21],[-11,31],[18,12],[-63,84],[-52,-32],[-46,34],[8,81],[27,34],[-62,131],[-34,199],[-46,31],[-43,-86]],[[36551,49487],[0,0]],[[33010,49950],[0,0]],[[33050,50192],[0,0]],[[35136,50122],[0,0]],[[35070,50046],[0,0],[0,0]],[[33074,49809],[0,0]],[[33057,49497],[0,0]],[[33111,48987],[1,1],[-1,-1]],[[29336,61640],[0,0]],[[37359,48868],[0,0]],[[35110,67645],[-73,109],[1,234],[-25,103],[-63,122],[-81,116],[-94,70],[-117,209],[-86,25],[-121,158],[-104,326],[7,210],[113,214],[172,138],[39,75],[11,84],[91,26],[43,37],[26,55],[4105,10245],[-133,58],[-8,28],[100,161],[17,99],[63,131],[268,127],[96,64],[86,91],[175,288],[11,28],[8,99],[-11,-73],[-195,-41],[-46,-44],[-46,10],[-62,-82],[-91,-32],[-63,-115],[-56,-8],[-53,26],[-86,-96],[-67,57],[-75,-42],[-66,68],[-43,11],[-94,-91],[-62,0],[-34,-90],[-50,16],[-78,-23],[-42,10],[-29,18],[-11,46],[-118,25],[-17,21],[-2,65],[82,125],[25,84],[-12,72],[-27,36],[-62,21],[-58,-32],[-126,2],[-105,113],[-123,41],[-79,136],[-88,-28],[-98,204],[25,71],[-40,21],[-12,57],[-26,5],[-40,-36],[-28,68],[-82,-7],[11,27],[-29,32],[30,31],[-18,38],[-15,-33],[-32,31],[-28,-40],[-8,61],[-59,-42],[-36,18],[9,45],[-35,16],[-11,-65],[-63,36],[-28,-63],[-60,44],[-28,1],[4,-30],[-19,-25],[-48,57],[-43,-27],[-16,24],[31,46],[-32,14],[-5,40],[-34,6],[-13,-47],[-27,4],[-9,67],[-74,-36],[-11,53],[-46,9],[-16,33],[-44,-35],[9,67],[-39,9],[-30,49],[-93,17],[16,50],[-28,22],[-47,-44],[-16,13],[-47,-15],[-20,24],[-43,-36],[-31,47],[-30,10],[19,36],[-27,59],[-5,82],[-37,-26],[-29,29],[-18,-18],[-18,18],[-49,-20],[19,59],[-53,-1],[-60,125],[-121,39],[-20,-28],[-52,14],[-15,20],[11,42],[-57,15],[-46,-12],[8,61],[-42,12],[10,42],[-45,13],[-21,57],[26,69],[-18,33],[26,25],[25,135],[15,-7],[15,24],[-14,52],[-24,24],[22,60],[-23,40],[-56,14],[-23,30],[5,53],[-17,31],[-36,15],[-38,-33],[-18,11],[-46,-52],[1,-49],[-31,-40],[-68,-7],[12,-62],[-59,-52],[-20,-61],[-79,75],[-19,58],[-18,-15],[2,44],[-31,2],[-35,41],[-17,-13],[2,33],[-31,36],[-40,-28],[-105,-10],[4,29],[-29,10],[-7,38],[-50,20],[9,28],[-24,30],[3,36],[-60,76],[-34,3],[-13,-19],[-37,49],[20,41],[-14,14],[4,41],[31,27],[-7,30],[-79,85],[11,84],[-23,9],[43,14],[-11,50],[-45,29],[-23,-25],[-24,41],[-17,-8],[-14,38],[13,32],[-22,-16],[-22,17],[-4,-23],[-19,37],[-31,-9],[1,35],[-39,22],[-11,-15],[-9,41],[-30,6],[1,35],[-16,-12],[-27,55],[-45,17],[-47,101],[-65,4],[-24,58],[-74,42],[11,13],[-25,53],[13,2],[-20,11],[-2,30],[-24,1],[-1,41],[-19,4],[27,25],[-9,114],[46,46],[-2,74],[-59,116],[25,85],[-129,127],[-132,48],[-66,68],[-4,123],[21,77],[-31,93],[-4,84],[40,91],[-1,190],[-19,57],[-32,14],[0,64],[-26,42],[6,721]],[[33430,89648],[42,-12],[14,-52],[21,4],[9,-57],[67,6],[4,-39],[33,28],[15,-16],[18,41],[51,-14],[42,58],[28,-26],[57,97],[-17,37],[22,100],[39,20],[27,-2],[42,-45],[17,24],[81,-9],[25,-31],[42,-10],[2,-20],[48,90],[15,-26],[6,18],[32,-6],[3,-56],[34,0],[6,-30],[22,50],[31,-31],[11,81],[51,38],[-13,80],[45,76],[-32,-7],[-32,37],[13,16],[-60,31],[17,73],[-24,29],[-3,49],[41,18],[10,-26],[58,18],[4,-20],[27,-8],[57,43],[35,-15],[75,26],[-44,55],[22,33],[-24,15],[-4,26],[18,27],[56,1],[0,30],[45,7],[-7,63],[43,53],[20,-17],[-10,-64],[58,-13],[15,33],[42,-20],[19,12],[61,-61],[6,21],[86,48],[32,-22],[11,-34],[25,1],[32,-90],[-7,-21],[44,-26],[40,6],[31,35],[62,-18],[13,47],[134,-62],[0,62],[33,37],[-12,33],[36,45],[-17,34],[1,122],[-41,36],[16,39],[51,-25],[31,11],[7,-20],[47,-16],[10,15],[31,-7],[36,73],[28,-14],[19,2],[10,31],[47,-9],[6,34],[19,-18],[44,24],[46,-25],[-10,40],[23,22],[1,46],[18,-10],[18,19],[79,-33],[34,20],[26,-35],[27,36],[27,-47],[40,-3],[45,-63],[44,19],[4,31],[44,-24],[35,12],[25,41],[13,-9],[-3,-47],[51,4],[34,83],[59,5],[-6,60],[38,38],[-18,50],[19,29],[23,-11],[7,34],[10,-18],[80,41],[-4,28],[22,19],[-20,29],[37,92],[-15,9],[2,69],[53,2],[55,56],[42,-14],[13,63],[-18,17],[32,17],[3,40],[84,6],[20,51],[66,-46],[17,6],[-13,-42],[21,5],[31,-57],[18,8],[36,-32],[-2,40],[39,26],[18,41],[43,-3],[2,53],[73,-20],[6,41],[31,-11],[8,30],[25,9],[5,38],[39,-32],[26,24],[8,-54],[28,-30],[2,-89],[92,-29],[1,-66],[125,-85],[6,-32],[14,7],[-1,-34],[83,52],[-28,61],[9,28],[8,-21],[12,10],[10,39],[15,-107],[31,14],[18,-21],[24,15],[34,-12],[7,13],[11,-26],[25,16],[34,-11],[14,-35],[61,-15],[-2,-60],[22,19],[0,28],[28,-2],[19,30],[-2,52],[69,2],[-1,46],[49,28],[64,-35],[9,21],[16,-22],[24,4],[33,12],[-1,35],[15,-9],[49,47],[29,-36],[25,4],[0,-32],[15,0],[13,-41],[47,4],[12,22],[31,-5],[51,41],[50,12],[26,54],[27,-15],[51,20],[12,-22],[21,10],[30,-20],[17,-43],[20,2],[-1,-28],[30,6],[11,31],[32,-4],[24,36],[53,-13],[62,-43],[11,-38],[24,6],[56,-65],[47,-15],[31,57],[38,7],[43,-37],[57,29],[1,-31],[25,13],[62,-50],[8,-31],[23,7],[2,-23],[35,-11],[39,30],[20,-29],[87,9],[76,-49],[66,47],[26,-8],[57,80],[26,-15],[58,47],[-3,44],[-44,37],[17,28],[-48,22],[16,17],[-7,47],[-29,45],[18,35],[51,-27],[19,128],[-72,39],[11,57],[-18,-3],[-18,32],[-48,-6],[-16,41],[11,26],[-19,5],[10,20],[-41,21],[12,38],[-33,53],[-32,-13],[-86,55],[43,84],[-29,46],[-24,-8],[-20,29],[-21,-17],[-22,38],[-29,-28],[-89,69],[28,27],[-7,18],[35,37],[16,52],[31,7],[5,117],[42,-7],[49,-77],[45,-5],[18,31],[-41,44],[55,88],[21,3],[1,26],[38,18],[-11,13],[13,30],[-58,37],[50,45],[4,37],[22,8],[3,31],[-38,20],[38,62],[122,7],[0,-38],[49,6],[4,-29],[25,-2],[14,-40],[31,-21],[11,12],[22,-19],[13,-35],[179,-21],[18,-42],[-21,-13],[31,-14],[6,-47],[56,-6],[13,-19],[35,3],[18,48],[54,-21],[42,20],[26,-11],[118,52],[29,3],[8,-33],[95,13],[75,41],[53,-27],[21,30],[54,-8],[13,-25],[57,30],[4,-73],[37,6],[16,-23],[17,12],[-1,37],[36,16],[20,34],[-1,27],[-50,19],[7,47],[35,-19],[8,35],[-14,36],[71,27],[10,37],[40,-15],[11,-29],[31,24],[12,-41],[14,8],[7,-61],[33,1],[32,38],[-10,23],[28,18],[26,-42],[35,16],[-20,42],[52,30],[-17,59],[47,5],[37,44],[14,-37],[54,14],[-9,-80],[20,-53],[53,53],[44,-28],[44,80],[33,6],[66,87],[19,-9],[66,27],[11,34],[62,48],[25,-56],[-22,-35],[8,-19],[-45,0],[-40,-59],[23,-12],[-3,-27],[39,-62],[36,-21],[10,-46],[33,0],[-6,-41],[104,-35],[-28,-47],[1,-46],[14,3]],[[42346,92740],[-8,-53],[144,-180],[30,-70],[-34,-132],[107,-164],[-10,-55],[-34,-17],[3,-18],[-54,-73],[3,-79],[-20,-18],[17,-63],[-15,-35],[20,-95],[28,-47],[49,-28],[-7,-46],[39,-20],[-38,-77],[18,-123],[23,-43],[0,-64],[43,-48],[-37,-46],[8,-21],[-17,-21],[22,-56],[98,-1],[65,-25],[61,7],[39,31],[53,10],[46,-18],[23,18],[0,-18],[75,-18],[63,-57],[186,31],[46,-1],[36,-38],[22,48],[58,-25],[15,-34],[79,1],[-1,-30],[62,-14],[-24,-39],[57,-2],[7,-71],[31,9],[11,-20],[32,0],[4,-27],[56,-42],[26,-62],[20,85],[30,-36],[56,-9],[2,-31],[28,-12],[-8,-17],[23,-25],[-12,-41],[22,-25],[37,23],[-35,-83],[7,-18],[35,-2],[31,-62],[-4,-97],[19,-7],[-3,24],[23,15],[29,-19],[35,33],[34,-17],[-6,44],[41,7],[21,-38],[-9,-39],[13,-35],[25,8],[23,-17],[20,31],[24,-12],[5,-30],[56,3],[-22,-87],[35,18],[11,37],[48,-4],[6,-30],[37,-21],[-20,-84],[92,10],[-14,-37],[96,0],[-1,26],[-34,30],[42,25],[65,-68],[15,-3],[12,32],[16,-35],[51,-22],[2,25],[35,24],[-19,59],[15,9],[48,-35],[-39,-56],[4,-32],[22,-15],[31,20],[16,-34],[22,-1],[28,82],[24,9],[14,-39],[-7,-73],[-43,-37],[27,-34],[123,56],[55,-53],[25,33],[46,-24],[11,-47],[-64,-41],[13,-56],[58,-28],[16,-32],[-51,-84],[16,-41],[31,-2],[114,71],[77,-19],[27,27],[20,-102],[48,-60],[-9,-54],[-27,-27],[-71,9],[-34,-61],[8,-128],[74,-112],[-13,-88],[39,-45],[-2,-135],[217,-159],[86,-108],[134,-101],[17,-31],[37,-13],[12,-54],[60,-47],[30,-84],[44,3],[40,-34],[-32,-128],[-66,-111],[-10,-70],[14,-56],[-31,-49],[7,-22],[-23,-52],[33,-35],[-28,-88],[17,-109],[-34,-67],[81,-119],[10,-78],[49,-35],[38,-62],[-26,-78],[27,-94],[94,-97],[50,-135],[41,-25],[-9,-90],[83,-92],[14,-172],[85,-254],[64,-32],[60,31],[56,-19],[34,-92],[168,-132],[13,-63],[32,-37],[114,-71],[15,-92],[-37,-120],[43,-94],[-52,-91],[26,-46],[-10,-49],[62,-74],[-1,-49],[62,-104],[60,-26],[60,42],[101,14],[33,-31],[29,-106],[-8,-95],[41,-152],[-54,-160],[10,-61],[-55,-70],[-4,-39],[59,-18],[136,73],[79,-63],[37,-57],[-3,-91],[-55,-20],[-22,-37],[43,-80],[12,-111],[-28,-106],[60,18],[93,-48],[56,-137],[71,0],[61,-32],[77,5],[36,-21],[108,11],[59,-47],[59,6],[30,-94],[-9,-82],[27,-33],[97,-16],[16,51],[-36,72],[51,41],[110,-4],[-5,109],[18,20],[44,-11],[-1,-87],[22,-26],[67,96],[85,-87],[174,23],[68,43],[164,186],[40,99],[-21,277],[36,348],[186,346],[305,351],[56,103],[26,113],[129,156],[18,127],[34,87],[35,54],[46,28],[191,344],[300,82],[34,26],[107,168],[45,37],[39,87],[73,64],[56,35],[352,115],[208,164],[159,167],[89,145],[72,168],[44,161],[50,86],[31,159],[68,178],[198,171],[269,75]],[[52637,88281],[27,-103],[21,-20],[157,-73],[64,51],[46,1],[84,-67],[37,-92],[-16,-112],[-91,-181],[-211,-169],[-10,-88],[21,-59],[80,-25],[73,36],[85,-20],[149,4],[28,57],[76,13],[45,-14],[35,-39],[-24,-52],[15,-13],[55,7],[148,87],[32,-62],[67,23],[103,88],[165,47],[85,-4],[81,68],[75,-73],[43,-6],[56,-42],[32,-83],[-14,-53],[-75,-69],[-121,-49],[-110,-80],[-25,-63],[-107,-99],[-15,-71],[75,-138],[74,-55],[123,40],[100,-24],[117,-1],[181,-48],[49,-45],[20,-39],[-10,-27],[27,-28],[2,-82],[-41,-22],[-29,-67],[-61,-22],[-33,-53],[-16,-98],[37,-108],[62,-58],[34,0],[111,85],[156,-3],[24,-17],[76,44],[37,44],[43,-21],[23,27],[23,-74],[59,-34],[36,27],[56,-16],[52,15],[56,-21],[59,24],[34,-67],[111,-93],[64,-19],[240,38],[147,-90],[70,-5],[174,52],[284,-28],[43,27],[101,17],[96,-67],[45,-92],[-3,-98],[-23,-69],[-117,-153],[-23,-55],[-49,-238],[-9,-199],[16,-25],[-36,-290],[-11,-37],[-45,-44],[24,-180],[59,-115],[44,-33],[197,-82],[159,-2],[81,81],[62,154],[132,33],[25,105],[229,288],[64,-17],[15,-47],[40,1],[23,-22],[26,14],[31,40],[13,101],[95,31],[-8,52],[29,4],[-16,94],[98,6],[25,-23],[-1,-46],[28,1],[1,-98],[-45,-105],[13,-16],[22,10],[22,-34],[45,119],[-23,66],[37,88],[-11,36],[46,10],[-24,-72],[70,12],[11,-61],[26,-13],[8,39],[-29,84],[57,-12],[4,28],[-25,34],[111,22],[13,-18],[-14,-30],[32,-7],[-25,-103],[74,53],[41,-20],[39,-53],[-16,-32],[18,3],[1,-29],[-26,-70],[17,-31],[-24,-58],[29,-2],[-7,-37],[14,-9],[48,27],[-7,29],[53,120],[9,83],[-20,34],[4,44],[59,-16],[55,-57],[15,-37],[-20,-52],[42,-22],[12,-58],[34,-53],[-1,-47],[44,-76],[18,9],[7,68],[-19,133],[14,67],[-28,29],[32,53],[-13,14],[76,23],[61,-18],[8,-29],[-44,-97],[10,-43],[15,46],[12,-26],[41,-11],[15,67],[44,-3],[-35,40],[1,28],[35,5],[34,-32],[15,10],[-19,17],[77,28],[75,-29],[-16,-109],[24,19],[51,-30],[20,11],[-22,39],[8,19],[86,-26],[30,-45],[-17,-84],[9,-35],[19,-3],[60,61],[15,-133],[-28,-51],[23,-49],[91,129],[-29,42],[37,12],[-17,21],[22,24],[59,9],[43,-55],[0,-41],[-31,-5],[-23,-106],[38,1],[10,-80],[25,25],[6,-52],[18,-7],[41,9],[21,78],[27,14],[5,-33],[19,15],[2,41],[34,57],[-11,33],[41,25],[38,-17],[26,-52],[-53,-93],[62,-103],[2,-158],[56,43],[7,80],[64,34],[1,105],[46,19],[-21,21],[25,27],[25,4],[39,-39],[17,-94],[-35,-5],[35,-30],[-44,-38],[24,-17],[2,-42],[62,41],[-11,-86],[17,-31],[29,9],[5,46],[45,29],[12,105],[4,-28],[42,-29],[10,-106],[25,-12],[20,63],[34,19],[64,-41],[-15,69],[33,28],[-38,46],[83,4],[25,-54],[-1,33],[28,-10],[-4,-17],[38,-37],[18,-50],[-11,-28],[-34,-5],[-9,-50],[-23,-11],[3,-24],[-29,-44],[38,-30],[-38,-71],[12,-52],[77,31],[54,-63],[53,172],[46,15],[-10,-118],[49,64],[22,80],[-21,28],[10,15],[36,23],[61,-54],[17,26],[-23,25],[100,19],[30,-54],[-79,-60],[-31,19],[-45,-43],[37,-37],[1,-28],[-71,-74],[58,-18],[7,-62],[-23,-25],[22,-28],[84,6],[28,60],[37,11],[20,-60],[24,-19],[16,-3],[14,40],[40,16],[29,-47],[34,3],[67,56],[-1,48],[48,46],[-8,79],[14,54],[136,72],[52,-69],[10,-85],[-8,-17],[-25,8],[-70,-91],[37,-198],[-75,-101],[45,4],[63,60],[10,136],[23,59],[34,-13],[22,-99],[-10,-48],[-33,-28],[-4,-29],[15,-11],[31,6],[21,73],[37,43],[34,-1],[33,54],[38,-9],[11,-55],[-35,-8],[-12,-23],[29,-6],[42,-109],[-57,-81],[0,-60],[-37,-114]],[[61769,83416],[-65,-21],[-36,-40],[21,-56],[-48,-88],[32,-70],[40,-8],[1,-56],[55,-7],[-27,-77],[-31,-25],[-26,-90],[-27,-27],[30,-26],[1,-29],[-80,-79],[71,-110],[23,-156],[-47,-39],[18,-43],[-39,-41],[17,-138],[-39,-51],[-65,-13],[-6,-38],[-33,-28],[-58,26],[-41,-30],[-94,5],[-34,-91],[26,-101],[32,30],[28,-17],[69,12],[59,-26],[35,-76],[-74,-118],[35,-17],[14,-56],[-84,-348],[-33,-29],[7,-154],[-63,-62],[39,-33],[-109,-93],[-33,-80],[-38,-14],[-40,-55],[-30,6],[-33,46],[-47,-21],[36,-83],[-37,-71],[2,-97],[-72,-73],[-7,-33],[24,-27],[54,57],[42,1],[8,-19],[-72,-123],[3,-84],[18,-34],[-17,-42],[24,-44],[-16,-41],[38,-44],[-120,-37],[-39,24],[-23,-24],[2,-23],[30,-50],[-49,-39],[5,-68],[-159,-37],[-31,-87],[-30,66],[-35,-14],[8,-52],[-36,-23],[1,-29],[-36,13],[7,-24],[-35,-9],[-18,-33],[8,-52],[-16,-14],[46,8],[-10,-32],[17,-45],[19,22],[14,-13],[3,-105],[21,-26],[50,44],[7,-74],[20,-3],[-12,-18],[13,-18],[17,11],[15,-32],[-31,-10],[-56,42],[9,-67],[-22,-11],[-43,22],[20,-27],[-10,-18],[-2,17],[-9,0],[13,-22],[-10,-33],[-65,19],[-27,-17],[-1,-28],[41,-25],[19,-71],[-42,-36],[12,-25],[43,-16],[2,-22],[-35,-13],[31,-22],[-2,-32],[-41,8],[-12,-19],[34,-27],[-30,-13],[11,-36],[-22,-12],[9,-84],[-20,-18],[12,-51],[-67,-17],[-2,-67],[-19,1],[9,28],[-14,16],[-29,-39],[-36,7],[8,-40],[33,24],[-2,-42],[23,-23],[-65,-32],[12,-34],[-17,-25],[-47,27],[32,-42],[-29,-24],[36,-31],[-52,-1],[-1,-65],[-15,-13],[-21,18],[-24,-10],[9,-56],[-40,-21],[21,-41],[-35,-20],[32,-11],[-4,-20],[-35,-4],[-21,-32],[-22,14],[0,-47],[-21,-16],[-20,41],[-15,-48],[-34,27],[-35,-83],[-26,16],[-23,-41],[-37,1],[18,-37],[-4,-13],[-25,11],[1,-34],[20,-39],[-36,-13],[2,-32],[29,-21],[-20,-4],[9,-29],[-20,-5],[17,-39],[-46,8],[21,-55],[-20,14],[-30,-14],[30,-50],[-21,-8],[6,-31],[-42,-23],[-21,11],[-14,-39],[-18,3],[0,-44],[-45,9],[10,-17],[-12,-13],[27,-18],[-31,-25],[31,-22],[-47,-53],[-8,-40],[17,5],[10,-27],[-34,-7],[-4,-20],[23,-4],[-5,-32],[27,2],[-39,-44],[18,-55],[-4,-32],[-28,-28],[16,-46],[-26,-30],[21,-36],[-20,-11],[12,-13],[-8,-41],[-28,-13],[7,-36],[-14,-23],[-17,5],[16,-48],[-13,-33],[-37,-12],[-11,-50],[-57,6],[0,-54],[-14,-12],[0,11],[-22,8],[1,-45],[-55,-24],[9,-50],[-32,-11],[11,-34],[-31,-20],[5,-39],[-16,-4],[-9,30],[-6,-37],[-35,0],[-6,-34],[-36,7],[-12,-35],[-49,-32],[-2,-22],[-22,7],[-61,-72],[-32,28],[-31,-71],[4,-41],[-31,-22],[-11,-39],[16,-28],[-14,-40],[16,-16],[-10,-23],[15,-51],[-16,-17],[-13,18],[-28,-10],[13,-28],[-17,-7],[-6,-64],[-19,-4],[16,-64],[-37,-11],[-64,-73],[-25,7],[-1,-29],[-29,-1],[-72,-71],[-18,-85],[14,-21],[-26,-27],[-32,-94],[-77,-125],[-58,-57],[-40,-116],[-67,-96],[-151,-131],[-99,5],[-58,16],[-7,24],[-85,12],[-52,-73],[-1295,-1177],[-41,-30],[-35,23],[4,-54],[-714,-644]],[[52639,61276],[-6149,476],[-3573,307],[-4561,431],[-87,-17],[-102,-82],[-33,39],[-15,189],[-91,181],[-89,38],[-43,-21],[-161,43],[-96,-28],[-60,37],[-77,87],[11,70],[-18,54],[43,57],[5,43],[-54,50],[8,37],[-53,45],[-24,76],[-97,58],[-126,171],[-100,54],[-131,-19],[-41,73],[-147,15],[-79,68],[13,104],[-8,51],[-22,24],[-79,-4],[-149,94],[-70,-33],[-68,12],[-18,39],[9,127],[-19,74],[-43,61],[6,121],[-59,39],[-4,59],[26,33],[11,56],[-56,47],[17,75],[-78,141],[40,111],[-23,147],[32,53],[47,212],[-53,91],[-82,22],[-24,26],[-29,163],[-107,108],[-116,203],[-13,234],[-86,206],[-51,316],[-28,43],[-67,20],[-12,131],[-61,173],[-66,119],[-73,87],[-58,151],[-127,108],[-44,11],[3,-18]],[[56839,72407],[0,0]],[[56833,72398],[0,0]],[[54278,86794],[-49,21],[51,66],[78,-91],[-80,4]],[[53864,86942],[25,35],[62,18],[58,-33],[9,-31],[-28,-43],[-85,-20],[-53,28],[12,46]],[[54006,86989],[96,36],[21,1],[-29,-65],[-76,10],[-12,18]],[[53996,87016],[-30,-10],[-17,16],[70,97],[62,17],[36,-14],[-41,-62],[-80,-44]],[[56616,84433],[4,-6],[-11,-1],[0,2],[7,5]],[[55616,85976],[-46,0],[-50,-28],[-51,19],[33,113],[52,32],[71,-27],[10,-31],[-16,-20],[34,-15],[-37,-43]],[[55383,86045],[2,14],[23,-13],[15,-35],[-40,34]],[[55491,86056],[-12,-23],[-11,-2],[6,26],[17,-1]],[[55870,86028],[-9,13],[20,32],[31,-8],[-42,-37]],[[55938,86063],[8,0],[0,-10],[-9,3],[1,7]],[[55396,86066],[12,3],[0,-13],[-4,-1],[-8,11]],[[55043,86141],[38,-16],[-3,-37],[-35,-2],[-31,29],[6,34],[25,-8]],[[57576,84752],[8,-2],[2,-31],[-1,2],[-9,31]],[[57550,84747],[-16,-2],[7,55],[14,-13],[-5,-40]],[[57909,84798],[11,18],[-2,-41],[-8,10],[-1,13]],[[57607,84773],[-5,41],[22,20],[6,-27],[-23,-34]],[[57934,84814],[0,-6],[-4,-15],[-3,22],[7,-1]],[[57946,84860],[9,19],[-4,-45],[-3,12],[-2,14]],[[57892,84858],[-1,-2],[7,14],[-2,-5],[-4,-7]],[[57748,84985],[9,-8],[11,-20],[-24,16],[4,12]],[[57749,85014],[5,-3],[5,-12],[-17,8],[7,7]],[[61032,83885],[-1,0],[-1,0],[2,2],[0,-2]],[[61027,83887],[-2,0],[-2,0],[7,1],[-3,-1]],[[61147,83922],[18,5],[-6,-51],[-14,26],[2,20]],[[61034,83917],[3,-22],[-32,-3],[8,14],[21,11]],[[61023,83919],[7,4],[2,0],[-6,-5],[-3,1]],[[60931,84001],[-4,0],[-5,3],[16,1],[-7,-4]],[[61260,84022],[-12,23],[33,47],[34,0],[-12,-64],[19,-88],[-16,-25],[-42,55],[-4,52]],[[60957,84015],[-7,-3],[-5,2],[16,12],[-4,-11]],[[61072,84065],[12,20],[21,-7],[-3,-55],[-69,-64],[39,106]],[[60643,84084],[21,2],[-7,-35],[-47,-13],[33,46]],[[61660,84122],[35,0],[-27,-70],[-14,3],[6,67]],[[60977,84171],[12,0],[-11,-19],[-7,3],[6,16]],[[60406,84473],[-10,-1],[-13,18],[16,1],[7,-18]],[[78138,66963],[9,91],[124,54],[1,111],[54,98],[-35,54],[95,14],[-6,33],[46,25],[2,47],[-24,13],[93,172],[6,74],[35,55],[-17,72],[-25,15],[4,42],[-96,-8],[-12,31],[-33,11],[-21,100],[-26,-6],[-40,27],[-73,-18],[25,54],[-19,20],[21,14],[-4,64],[46,98],[-46,65],[17,50],[-45,19],[-11,34],[-155,87],[50,48],[-10,35],[-42,29],[23,26],[-19,77],[75,32],[-5,19],[41,8],[8,30],[34,0],[43,32],[17,87],[70,60],[-5,33],[45,-6],[10,27],[-86,61],[-8,76],[-38,52],[0,32],[24,59],[23,3],[12,27],[-23,67],[23,52],[39,30],[-31,60],[79,132],[-19,4],[8,38],[81,90],[48,116],[65,66],[15,-4],[-25,40],[-30,-23],[-65,-6],[-66,32],[21,35],[43,8],[-9,28],[32,22]],[[86439,69871],[16,-395],[22,-87],[46,-34],[-8,-104],[14,-28],[-28,-35],[48,-43],[48,-251],[38,-57],[57,-25],[-27,-84],[25,-92],[-42,-43],[19,-112],[23,2],[45,62],[-19,109],[32,-17],[8,-94],[-38,-133],[28,-43],[-7,-56],[26,-40],[3,-58],[59,-52],[-28,-227],[15,-89],[-8,-91],[18,-50],[-35,-292],[14,-63],[-22,-46],[10,-60],[-36,-96],[-18,4]],[[86816,67627],[1,0],[-1,0]],[[86814,67628],[0,1],[1,-1],[-1,0]],[[86815,67633],[-1,0],[1,0]],[[86822,67663],[0,-2],[-1,-1],[0,3],[1,0]],[[86817,67663],[1,1],[0,-1],[-1,0]],[[86692,68603],[15,-2],[0,-24],[-26,-59],[-19,78],[30,7]],[[74132,67741],[199,-125],[88,-2],[73,32],[23,55],[71,79],[123,6],[149,-147],[151,-61],[89,-3],[192,22],[165,86],[89,5],[63,35],[64,-18],[194,15],[78,-28],[117,-89],[54,-137],[127,-10],[51,-137],[102,49],[28,-22],[65,4],[7,-90],[-62,-72],[30,-106],[82,5],[34,-79],[96,-19],[156,-138],[78,15],[46,-61],[-6,-54],[98,39],[82,-66],[79,-21],[78,-134],[27,-145],[-19,-45],[12,-21],[58,48],[25,52],[61,-14],[22,32],[33,-72],[86,-12],[-5,39],[55,89],[-14,35],[15,58],[52,0],[1,36],[76,-7],[1,57],[27,36],[90,-22],[29,57],[-20,49],[10,34],[64,-16],[59,38],[47,-10],[12,65],[49,33]],[[78138,66963],[63,-33],[31,-61],[20,3],[29,-28],[-2,-22],[21,-1],[73,-120],[5,-41],[38,-39],[24,23],[42,-27],[37,21],[30,-16],[65,9],[22,43],[59,10],[19,34],[101,-33],[13,41],[73,41],[30,55],[28,-46],[53,-7],[19,-48],[-8,-31],[30,-42],[-32,-50],[37,3],[12,-37],[-18,-35],[38,-101],[104,0],[165,131],[55,-17],[51,-93],[87,-20],[26,27],[-23,37],[14,85],[66,62],[70,-48],[9,-31],[46,16],[28,-12],[97,122],[6,38],[24,14],[42,-11],[-19,49],[49,28],[52,81],[104,21],[19,45],[35,1],[55,-105],[23,10],[23,69],[-35,43],[61,101],[46,21],[3,54],[54,6],[50,65],[64,-24],[32,19],[14,43],[170,90],[39,116],[63,84],[-20,77],[127,13],[22,19],[30,-24],[65,13],[81,50],[-17,42],[59,83],[93,0],[29,36],[91,1],[127,-91],[26,-69],[45,4],[21,-30],[110,-30],[41,-64],[38,15],[54,-22],[28,-47],[-29,-46],[26,-21],[-20,-9],[5,-16],[53,-49],[29,-59],[-42,-36],[-16,18],[-96,-39],[-32,-32],[-43,-3],[-75,-46],[-93,-99],[-77,-155],[7,-43],[90,-139],[32,-91],[-38,-80],[11,-17],[-41,-52],[-46,23],[-116,-72],[35,-5],[13,-54],[-56,-12],[6,-72],[-95,-74],[-77,-17],[32,-12],[-3,-49],[-19,-22],[-71,-10],[-17,-72],[39,-13],[98,38],[40,-18],[128,-2],[-2,33],[28,21],[34,-22],[-1,-58],[38,-34],[35,-2],[22,-47],[4,-50],[-21,-42],[32,-94],[2,-77],[-35,-53],[16,-29],[-28,-40],[50,-30],[51,5],[-17,-41],[7,-45],[49,-63],[44,30],[30,-21],[-30,-28],[-1,-65],[84,5],[45,-62],[71,-37],[81,10],[21,61],[49,14],[60,74],[184,91],[34,38],[79,-14],[26,52],[76,22],[-16,42],[79,-12],[-15,38],[145,76],[-12,38],[-55,44],[69,60],[0,177],[35,99],[85,-24],[-14,22],[16,33],[-12,53],[31,36],[67,-3],[76,-46],[25,12],[18,-24],[35,24],[45,1],[32,73],[-24,22],[25,28],[11,132],[65,21],[47,-13],[28,17],[115,-2],[105,-65],[48,37],[-5,26],[-27,15],[5,24],[79,72],[22,-16],[12,-50],[266,28],[27,-5],[33,-52],[26,19],[46,-42],[51,-9],[12,34],[26,-7],[25,35],[82,13],[63,-20],[46,45],[4,52],[22,12],[96,-5],[107,34],[34,34],[39,5],[24,35],[51,5],[30,40],[35,-41],[71,30],[94,109],[51,9],[60,-29],[60,17],[6,21],[33,9],[-37,55],[15,38],[15,1],[7,55],[-35,-13],[-14,24],[22,28],[17,88],[39,59],[17,77],[90,51],[7,23],[40,-48],[39,1],[15,27],[87,53],[39,1],[-3,46],[42,-1],[-3,41],[62,-4],[94,73],[35,13],[71,-16],[57,-44],[42,26],[142,-45],[83,17],[188,-162],[-10,-69],[13,-48],[52,-80],[62,27],[41,-40],[28,18],[13,-21],[15,24],[40,-34],[28,29],[54,-28]],[[86737,67151],[-7,-36],[67,-148],[-60,-160],[-32,-12],[37,-31],[18,-92],[-30,-187],[-18,-20],[1,-60],[5,-14],[11,12],[30,-122],[1,-149],[-38,-158],[-48,-67],[7,-33],[-116,-296],[-14,-127],[-24,-31],[9,-18],[-45,-80],[-16,-90],[22,-18],[-18,-83],[23,-39],[-14,-18],[-19,9],[-24,-43],[-12,8],[3,-27],[-24,-3],[50,-39],[-95,-240],[-13,-185],[-35,3],[-30,-36],[-26,-97],[-53,-102],[1,-50],[-42,-59],[26,-38],[-24,-40],[7,-57],[-39,-45],[0,-63],[-61,-96],[5,-100],[-52,-122]],[[86031,63652],[-8,29],[-46,36],[-168,4],[-55,31],[-271,63],[-25,36],[-99,-12],[-32,72],[-26,-34],[-30,-5],[-35,27],[-44,-27],[-17,20],[-206,-156],[-57,2],[-30,-41],[-171,-53],[-77,50],[16,100],[-43,28],[-28,-32],[-33,7],[-7,-33],[-37,-7],[-43,38],[-55,-12],[-21,22],[-10,-21],[-23,3],[-29,-60],[-78,-21],[-9,-24],[-92,-27],[-47,13],[-68,-13],[-65,-80],[-84,-24],[-5,-71],[49,-46],[-21,-26],[5,-22],[-69,-58],[-117,-11],[-16,-57],[-42,-16],[-1,-34],[-31,-43],[-71,-2],[25,-92],[-12,-80],[-29,12],[-68,-31],[-8,16],[-43,-77],[-27,-12],[-28,15],[1,-48],[-118,-2],[-29,-23],[-7,36],[-31,9],[-56,-69],[-55,-3],[-9,-57],[-178,-77],[9,-101],[-83,-24],[-19,45],[-32,-22],[-37,46],[-57,3],[-41,43],[-161,64],[-165,-44],[-78,53],[-19,-22],[11,-1],[-51,-11],[-39,-46],[-26,-67],[11,-37],[-34,-33],[16,-45],[-35,-33],[-73,60],[-53,18],[-47,95],[-47,-1],[-20,23],[-7,-27],[1,92],[-74,90],[-57,14],[-30,-49],[-76,-40],[-12,46],[24,48],[-87,60],[-80,-63],[12,38],[-40,119],[-35,52],[-43,25],[-72,138],[-36,11],[-62,95],[-116,114],[-109,21],[-52,31],[-21,-11],[-14,64],[-43,0],[-27,21],[-63,-30],[-83,7],[-29,-48],[-61,-41],[-6,24],[-32,0],[-7,22],[-53,-29],[-11,24],[-24,-8],[-4,18],[61,24],[-59,76],[-11,59],[-35,35],[-28,73],[-21,9],[-30,76],[-67,-34],[-21,-39],[-66,-28],[10,-58],[-30,-46],[19,-15],[-31,-118],[-31,-56],[-59,-39],[-3,-64],[-19,15],[-36,-16],[-4,-29],[-97,-116],[-13,-47],[-31,-22],[-16,-60],[-27,-19],[-78,-1],[-10,-24],[-74,-23],[-63,3],[-114,-116],[-30,-114],[-36,-58],[-65,-30],[-77,-84]],[[79196,62587],[-110,288],[16,38],[-17,73],[-74,113],[1,37],[36,44],[-35,18],[-12,34],[79,79],[-14,62],[-60,84],[-73,-18],[-115,-106],[-90,31],[-78,65],[-43,50],[-36,98],[20,47],[58,46],[25,45],[8,65],[-25,38],[-133,66],[-65,-18],[-74,-128],[-14,-197],[-46,-71],[-51,3],[-41,25],[-37,69],[-39,218],[-73,44],[-127,132],[-158,25],[-185,-54],[-57,30],[-32,65],[-101,85],[-236,56],[-55,54],[-27,-38],[-105,-10],[-38,67],[8,123],[-57,70],[-36,110],[-129,16],[-83,69],[-80,-24],[-44,-54],[-36,0],[-54,-76],[-94,-28],[-195,-134],[-187,-16],[43,-295],[-48,-54],[-120,12],[-91,-65],[-76,15],[-155,-40],[-22,-76],[52,-111],[13,-82],[-34,-82],[-153,-212],[-84,-31],[-154,-6],[-27,-39],[-116,-82],[-78,10],[-20,41],[-110,86],[-34,6],[-37,-22],[-38,-50],[-30,-89],[-17,-89],[18,-86],[-48,-220],[-63,-143],[3,-68],[-48,-59],[-77,12],[-45,46],[-27,2],[-27,-22],[-70,-150],[-66,31],[-70,-14],[-59,-113],[-88,-24],[-56,-39],[-135,39],[-90,55],[-61,5],[-60,-27],[38,65],[-12,41],[49,32],[-8,76],[20,87],[-42,56],[38,48],[43,-24],[28,29],[-1,23],[48,23],[13,44],[-20,6],[6,35],[-18,25],[53,115],[7,76],[-39,55],[-55,-8],[-50,43],[-54,11],[0,38],[-65,-1],[-50,30],[-27,35],[-31,182],[-38,67],[1,77],[-21,12],[-11,63],[-34,20],[-34,117],[-50,84],[-79,-17],[-13,33],[-40,19],[-94,-51],[-22,22],[14,69],[-25,56],[-67,13],[-27,-20],[-51,17],[-26,61],[-25,15],[-5,60],[31,64],[-141,-18],[-112,16],[-28,-15],[3,-23],[-49,-3],[-46,-39],[-63,26],[-54,-4],[-54,51]],[[86319,64431],[6,-6],[-3,-9],[-10,6],[7,9]],[[86457,65002],[-16,6],[6,33],[17,-10],[-7,-29]],[[86729,66464],[-4,0],[-3,1],[8,-1],[-1,0]],[[92049,76567],[2,3],[3,-1],[-1,-2],[-4,0]],[[92042,76569],[2,4],[1,0],[-2,-4],[-1,0]],[[92091,76573],[-3,-2],[-3,6],[2,0],[4,-4]],[[92081,76575],[-1,1],[0,2],[2,-2],[-1,-1]],[[92101,76582],[1,1],[1,-1],[-2,0]],[[92097,76585],[0,1],[1,1],[1,-2],[-2,0]],[[92128,76604],[-1,-2],[-1,1],[0,2],[2,-1]],[[92049,76634],[73,31],[0,25],[19,-1],[-11,-28],[18,-35],[-76,-39],[2,-27],[-23,19],[-49,-29],[-42,15],[21,-4],[68,73]],[[92037,76632],[1,1],[1,-2],[-2,0],[0,1]],[[92036,76632],[-2,1],[1,1],[1,0],[0,-2]],[[92120,76687],[0,-1],[-1,-1],[1,3],[0,-1]],[[92141,76693],[-1,4],[6,2],[0,-5],[-5,-1]],[[92148,76706],[-6,-4],[-2,7],[10,4],[-2,-7]],[[92174,76730],[-23,-13],[-11,9],[36,20],[-2,-16]],[[61972,60226],[18,-28],[17,29],[50,5],[61,-26],[-22,96],[24,63],[32,15],[15,50],[54,47],[5,42],[45,77],[16,95],[-22,28],[84,300],[-54,181],[52,174],[32,29],[16,47],[-16,177],[-22,20],[19,40],[-8,73],[29,88],[-36,41],[7,37],[-19,63],[29,40],[-7,27],[25,51],[83,96],[-27,48],[15,7],[-28,56],[5,51],[-55,105],[-53,50],[-36,-8],[-67,44],[7,28],[-37,87],[26,42],[-18,36],[14,11],[2,69],[-15,12],[11,55],[-16,46],[19,15],[-69,122],[12,122],[-22,11],[9,40],[-26,38],[11,40],[-22,37],[5,26],[-94,141],[-20,85],[34,60],[-8,38],[36,32],[-12,34],[31,58],[27,-3],[1,27],[-33,33],[49,59],[2,35],[64,58],[38,-10],[4,60],[58,24],[-1,37],[31,13],[22,-13],[62,151],[-22,20],[14,41],[40,51],[45,-12],[25,20],[-63,46],[0,21],[53,26],[38,80],[-8,39],[41,67],[-20,17],[6,115],[33,52],[-11,26],[28,35],[-5,27],[41,18],[0,49],[35,33],[0,51],[52,121],[7,98],[120,115],[-8,49],[65,75],[-9,70],[26,38],[-22,47],[36,58],[15,73],[-32,44],[29,35],[30,0],[-38,53],[46,67],[3,26],[-23,10],[29,50],[-3,36],[30,-6],[16,30],[-43,35],[51,30],[-45,55],[34,19],[-4,43],[35,42],[1,57],[27,10],[-6,28],[26,0],[-6,30],[17,30],[-26,39],[32,-5],[-12,54],[11,33],[32,7],[-5,59],[47,12],[-24,32],[49,-13],[11,42],[40,16],[-2,26],[36,10],[9,68],[51,-10],[66,65],[17,40],[80,6],[29,23],[53,-13],[65,57],[31,-50],[139,143],[37,-25],[122,52],[77,-28],[65,43],[36,-1],[36,40],[138,27],[54,116],[68,6],[48,94],[61,28],[9,37],[80,-45],[85,43],[27,-74],[42,-19],[49,8],[58,163],[104,58],[114,208],[87,14],[44,91],[95,68],[70,22],[99,78],[51,-1],[68,33],[60,-24],[69,122],[-13,64],[36,68],[3,45],[58,7],[62,73],[21,103],[52,12],[8,103],[72,54],[31,73],[22,-7],[14,-50],[18,17],[4,28],[-31,43],[-8,45],[61,6],[43,-46],[23,33],[4,87],[53,36],[101,8],[59,40],[64,-77],[41,49],[75,-13],[58,57],[101,39],[29,47],[45,-33],[31,32],[101,9],[37,-27],[57,8],[66,-26],[130,-105],[50,24],[44,-105],[86,-34],[48,-85],[53,-27],[33,21],[52,-16],[64,26],[6,43],[52,-5],[33,52],[154,7],[77,75],[148,-1],[67,-42],[95,34],[47,54],[41,-2],[38,-31],[82,5],[40,29],[34,79],[68,42],[63,84],[24,161],[51,92],[-8,86],[36,59],[-32,12],[2,20],[44,44],[-27,168],[46,71],[12,82],[44,36],[5,26],[-13,24],[-54,-13],[29,125],[-34,109],[-32,34],[-65,15],[-64,72],[-78,37],[-36,139],[-131,42],[-65,126],[-2,41],[51,52],[11,61],[-81,102],[-6,98],[-28,37],[54,95],[-47,97],[13,57],[-24,126],[16,42],[32,0],[9,28],[-29,153],[18,70],[-39,50],[33,63],[111,20],[19,78],[45,49],[20,88],[47,57],[19,95],[77,25],[47,115],[63,11],[36,55],[87,57],[31,145],[-40,130],[68,127],[-43,236],[-47,86],[-52,246],[20,79],[-70,83],[-21,55],[-5,104],[-92,86],[-26,87],[7,30],[47,33],[12,32],[-9,49],[-54,50],[-7,50],[80,73],[96,179],[14,39],[-19,77],[51,78],[4,55],[-7,26],[-53,32],[14,82],[-20,36],[-104,78],[-58,0],[-21,24],[-2,125],[-47,112],[-3,162],[112,157],[104,14],[-28,89],[70,38],[63,191],[42,77],[18,19],[42,-3],[31,99],[114,98],[33,136],[61,141],[35,43],[-28,67],[35,72],[-33,95],[18,71],[125,133],[16,86],[103,50],[24,75],[53,69],[-1,57],[48,32],[13,67],[41,8],[-6,-76],[58,-19],[79,79],[25,-11],[7,-42],[19,-3],[33,72],[70,-8],[55,43],[32,-1],[48,-51],[139,65],[68,-7],[24,92],[55,-2],[34,25],[11,82],[53,33],[-8,73],[58,-6],[4,56],[-71,29],[13,40],[121,6],[62,44],[63,-2],[69,74],[20,66],[40,42],[16,8],[26,-25],[-10,68],[33,45],[4,75],[61,42],[69,107],[92,87],[59,150],[-22,54],[-64,60],[-68,116],[46,143],[-5,98],[47,47]],[[71246,79430],[73,17],[96,-131],[31,-18],[16,15],[106,-114],[65,-36],[43,-58],[87,-52],[78,18],[100,-37],[76,41],[120,-35],[58,14],[127,-60],[39,16]],[[72361,79010],[6,-92],[109,-36],[51,-140],[-30,-62],[13,-96],[-65,-36],[0,-31],[-75,-80],[-19,-39],[11,-50],[-163,-319],[-4,-60],[-32,-34],[-25,-70],[54,12],[-2,-56],[29,-12],[0,-50],[89,61],[50,-1],[-6,-154],[15,-94],[38,-24],[-47,-29],[-3,-84],[-25,-45],[-62,-11],[-14,-37],[58,-41],[30,-92],[-23,-144],[113,-23],[116,-67],[-44,-43],[-6,-64],[15,-45],[-103,-131],[53,2],[20,-93],[86,-128],[19,-76],[-19,-69],[-45,-55],[23,-66],[-39,-50],[157,46],[31,-40],[127,-20],[0,-29],[-28,-25],[10,-40],[-46,-121],[33,-38],[22,-67],[61,-13],[-100,-162],[35,-249],[-88,-130],[1,-75],[-39,-78],[-30,-191],[-68,-133],[-46,-6],[46,-23],[-27,-77],[9,-29],[123,-120],[-169,-229],[93,-52],[-74,-116],[5,-83],[-23,-39],[48,-55],[-15,-38],[30,-83],[24,-1],[15,-28],[11,31],[22,-8],[84,-132],[30,18],[38,-92],[-26,-71],[77,-11],[37,-66],[-2,-29],[61,-34],[44,31],[17,-47],[27,10],[5,-46],[55,-43],[10,-34],[40,9],[34,-43],[32,-1],[20,-24],[-14,-63],[22,-64],[-45,-36],[69,-71],[-29,-17],[-6,-57],[33,-44],[-53,-133],[54,-106],[-13,-23],[-46,0],[-12,-19],[61,-103],[-29,-50],[1,-88],[-17,-22],[9,-58],[37,-39],[32,-133],[-22,-104],[-61,-43],[56,-137],[-9,-46],[17,-51],[9,-217],[27,-88],[-9,-45],[39,-42],[14,-126],[-67,-138],[-8,-61],[77,-31],[60,-201],[-17,-72],[14,-102],[-11,-55],[63,-87],[29,-74],[61,-67],[8,-85],[-57,-119],[20,-90],[9,-217],[102,-135],[27,-104],[26,-30],[-21,-101],[47,-49],[136,-7],[37,-51],[67,-44],[277,-43],[99,-205],[96,41],[41,-16],[-37,-69],[-95,-97],[-9,-88],[21,-90],[-12,-144],[53,-30],[-48,-34],[-24,5],[24,-45],[-137,-217],[12,-37],[-65,-273],[4,-153],[-26,-49]],[[74132,67741],[-40,-35],[-15,-155],[-230,-104],[-30,-45],[-79,-14],[-31,-72],[47,-139],[127,-179],[33,-110],[-26,-117],[-85,-99],[0,-75],[59,-56],[191,-72],[33,-46],[14,-62],[-14,-276],[-130,-335],[29,-111],[-25,-29],[-73,27],[-21,-46],[-51,-11],[-5,-40],[-70,-65],[-15,-53],[-49,-4],[-34,-39],[-84,-34],[6,-124],[-29,-47],[-59,-4],[1,-104],[-39,-47],[-48,3],[-31,57],[-47,0],[-9,-27],[17,-49],[-39,-31],[13,-58],[-52,-63],[-118,122],[-49,-5],[-15,-52],[-81,-40],[-16,-113],[-62,21],[-36,-118],[-69,-60],[-48,22],[-46,-128],[-96,-48],[13,-81],[-16,-27],[-45,-9],[-44,-38],[-74,4],[-60,-90],[-50,-32],[-48,2]],[[72282,64181],[-56,-5],[-90,-238],[-23,9],[-83,-113],[-34,-2],[-33,-52],[-19,-35],[8,-38],[-31,-24],[-22,-66],[-30,-26],[-2,-61],[-43,-22],[-11,39],[-79,-6],[-51,-71],[-90,-13],[-1,-34],[-23,-23],[-102,-10],[-19,-201],[-144,-137],[0,-44],[-44,-61],[-40,-136],[-72,12],[-32,-41],[-44,-16],[-29,-48],[-90,42],[-31,35],[-61,-45],[-55,42],[-93,-16],[-77,-66],[-233,-29],[-53,24],[-85,-69],[-104,-16],[-22,-43],[-69,-49],[-6,-64],[-140,-92],[-12,-67],[-27,-42],[-108,-15],[7,-56],[-16,-29],[-64,-20],[-147,14],[-74,-113],[-128,-20],[-89,48],[7,-66],[-91,-84],[-27,-77],[-112,0],[-17,150],[-20,26],[-80,-34],[-68,95],[-54,-1],[-39,22],[-36,125],[11,96],[-29,58],[-36,21],[-156,-45],[-11,63],[-39,-12],[-18,29],[-36,3],[-38,37],[-27,-39],[-56,26],[-34,-87],[-39,-24],[-50,54],[-62,-32],[-54,0],[-27,-32],[-40,70],[-40,20],[-33,45],[-70,19],[-136,222],[-65,40],[-74,-8],[-101,-100],[-93,-31],[-108,-141],[-109,-95],[-238,-103],[-89,-117],[-73,-148],[20,-155],[19,-14],[-18,-50],[99,-151],[-1,-80],[28,-89],[141,-79],[8,-24],[54,-7],[89,-87],[-53,-121],[-38,-12],[-32,-57],[41,-41],[-28,-94],[81,-60],[9,-52],[-16,-54],[-46,-36],[-6,-83],[-82,13],[-80,-20],[-15,-48],[14,-91],[-28,-119],[-128,-178],[-3,-140],[-126,-128],[-43,-76],[-3,-109],[-46,-24],[-80,9],[-65,64],[-47,-1],[-27,-70],[22,-103],[-56,-78],[-47,-189],[-85,-45],[-39,-87],[-46,-30],[-37,0],[-107,73],[-52,-31],[-59,5],[-42,45],[-51,107],[-68,43],[-28,-10],[-108,-137],[-56,-19],[-73,13],[-45,-79],[-53,-27],[-48,0],[-64,54],[-75,-2],[-74,-107],[-107,-29],[12,-129],[-14,-70],[-43,-23],[-61,19],[-95,-67],[-3,-44],[-59,-4],[-55,-103],[4,-50],[-86,-89],[-27,46],[-159,-117],[-101,101],[-88,12],[-31,46],[-95,67],[-71,-16],[-244,42],[-8,33],[-64,-12],[-45,118],[-120,41],[-79,71],[-24,134],[-36,73],[-74,20],[-30,34],[-10,138],[-23,46],[20,81],[-20,50],[104,114],[9,46],[-63,48],[-13,172],[-120,140],[-66,38],[-26,136],[-81,67],[-19,61],[8,121],[-36,58],[-43,23],[-101,-49],[-79,-67],[-86,-5]],[[45076,19222],[-33,40],[28,50],[-27,26],[6,27],[-110,108],[-23,57],[-69,37],[3,83],[30,48],[-16,56],[-46,1],[-3,26],[-34,3],[-20,25],[1,34],[-55,33],[5,28],[-33,-14],[-5,21],[13,4],[-51,26],[20,16],[-27,26],[-6,52],[22,6],[-1,27],[29,-17],[4,37],[-37,3],[35,33],[-68,38],[59,30],[-29,8],[10,26],[-29,4],[24,19],[-35,27],[32,36],[-6,24],[41,-1],[-19,20],[14,38],[-47,7],[27,26],[-58,38],[20,21],[17,-8],[-5,22],[17,6],[-32,23],[-38,-7],[17,53],[-45,40],[31,6],[-16,30],[47,-33],[-8,38],[29,9],[-33,12],[-13,63],[-30,12],[-31,-18],[30,41],[-41,5],[11,51],[-49,-33],[-5,19],[-15,-4],[10,36],[-35,-16],[-35,28],[-13,-32],[21,-19],[-24,-38],[-17,11],[-5,76],[-27,1],[17,28],[-72,54],[-18,34],[-31,8],[-61,-55],[-57,70],[-26,-71],[-3,-81],[-24,-3],[-48,128],[65,136],[-1,44],[-20,9],[-68,-44],[-64,-79],[-66,22],[-29,-20],[1,-39],[65,-35],[0,-35],[-49,4],[-71,51],[-14,-12],[3,-67],[-40,-7],[-77,107],[-90,-44],[-46,-90],[-48,32],[-35,-9],[-6,-78],[-78,-78],[3,-87],[-18,-11],[-44,104],[-90,98],[-22,10],[-53,-37],[-26,30],[8,46],[-41,28],[-90,-10],[-18,269],[-35,42],[-6,48],[35,28],[47,127],[180,242],[89,283],[31,46],[46,8],[-17,83],[-61,94],[10,74],[-13,27],[163,717],[130,222],[29,246],[-38,197],[19,135],[111,160],[41,94],[-43,191],[-100,102],[-18,55],[7,87],[-40,101],[13,88],[57,47],[62,92]],[[43642,24815],[90,37],[157,133],[93,46],[68,82],[49,162],[-18,113],[17,164],[61,143],[4,100],[41,88],[19,168],[82,311],[51,53],[70,-5],[257,154],[90,27],[76,102],[48,97],[58,195],[74,143],[-1,29],[53,75],[4,319],[60,126],[82,59],[64,109],[248,136],[57,62],[59,14],[40,61],[255,115],[112,24],[196,265]],[[57355,21636],[-176,-215],[-87,-209],[-71,22],[-89,-60],[-50,-11],[73,-53],[-56,-116],[7,-20],[-47,-50],[-106,-10],[-141,-134],[-210,-408],[-19,-130],[-12,13],[-54,-23],[-6,-75],[17,-13],[-79,-220]],[[56663,20270],[-2,1],[5,-2],[-1,-1],[-2,2]],[[56755,20541],[3,4],[4,-2],[-2,-6],[-5,4]],[[56748,20543],[-4,2],[-1,3],[7,-4],[-2,-1]],[[64838,26633],[-3,-2],[-2,3],[5,4],[0,-5]],[[64943,26642],[-1,-3],[-2,0],[1,4],[2,-1]],[[64956,26654],[0,-2],[-1,0],[0,2],[1,0]],[[65165,26650],[3,10],[7,1],[-6,-10],[-4,-1]],[[64957,26656],[0,-1],[0,1]],[[64922,26675],[0,1],[3,0],[-1,-1],[-2,0]],[[64922,26678],[-1,-1],[-1,0],[2,1]],[[65021,26835],[-1,0],[0,1],[1,0],[0,-1]],[[65035,26852],[-2,-3],[-3,4],[2,2],[3,-3]],[[65171,26875],[-5,-7],[-3,-1],[2,5],[6,3]],[[64950,26940],[-2,-3],[-6,1],[1,3],[7,-1]],[[64996,26971],[22,8],[8,-4],[-38,-16],[8,12]],[[65201,26989],[2,-1],[-7,-9],[-1,5],[6,5]],[[64895,27001],[7,1],[-2,-8],[-5,0],[0,7]],[[65064,26989],[49,46],[22,-4],[-39,-47],[-42,-4],[10,9]],[[65138,27012],[-3,-2],[-2,2],[4,2],[1,-2]],[[64904,27017],[-1,-2],[-1,0],[0,1],[2,1]],[[64904,27020],[-1,-1],[-1,0],[1,2],[1,-1]],[[64863,27024],[0,1],[1,1],[0,-2],[-1,0]],[[64917,27025],[0,1],[3,1],[-2,-2],[-1,0]],[[64860,27028],[-1,-1],[-3,1],[2,1],[2,-1]],[[64941,27039],[-1,-2],[-1,1],[1,2],[1,-1]],[[65136,27035],[2,8],[9,-2],[-1,-9],[-10,3]],[[65162,27051],[-2,-2],[-3,1],[2,2],[3,-1]],[[65085,27054],[0,-3],[-3,0],[1,3],[2,0]],[[65044,27053],[-1,1],[3,1],[-1,-2],[-1,0]],[[65023,27059],[-1,-4],[-2,-1],[0,5],[3,0]],[[65049,27064],[1,3],[5,-1],[-8,-6],[2,4]],[[65150,27075],[7,9],[4,-2],[-3,-14],[-8,7]],[[64971,27083],[5,0],[-2,-12],[-4,0],[1,12]],[[64912,27086],[-3,1],[2,2],[1,-3]],[[64926,27090],[1,-1],[-1,0],[0,1]],[[64917,27098],[3,-3],[-6,-1],[0,4],[3,0]],[[65024,27100],[-1,0],[1,2],[0,-1],[0,-1]],[[64925,27104],[-2,-1],[1,1],[1,0]],[[65024,27107],[2,-2],[-2,-2],[-1,2],[1,2]],[[64923,27107],[0,2],[2,1],[0,-3],[-2,0]],[[64927,27118],[9,0],[0,-1],[-9,-6],[0,7]],[[64961,27145],[4,-3],[-7,-8],[-4,7],[7,4]],[[64898,27129],[-8,24],[26,13],[5,-17],[-23,-20]],[[64637,29076],[35,48],[108,29],[42,43],[40,-26],[92,-9],[12,-21],[40,71],[34,18],[3,27],[81,39],[57,-33],[40,24],[0,-21],[29,3],[42,57],[119,73],[6,57],[45,0],[8,16],[85,-19],[16,-35],[57,53],[56,-17],[29,12],[3,-19],[68,47],[54,-14],[8,13],[7,-63],[24,19],[6,-18],[26,3],[49,52],[27,-12],[52,62],[31,-17],[33,53],[15,-20],[45,29],[-4,55],[43,9],[8,28],[23,-6],[6,-23],[39,55],[62,5],[33,26],[49,-30],[87,59],[26,-7],[24,25],[140,47],[1,38],[81,-1],[170,96],[22,-36],[-12,-11],[60,-42],[32,42],[64,25],[21,-2],[20,-48],[14,40],[43,25],[57,-26],[0,-23],[18,5],[4,29],[17,-4],[9,34],[30,20],[4,-51],[50,-44],[108,75],[19,-41],[123,21],[83,46],[139,120],[19,-21],[44,12],[6,-28],[33,-11],[126,37],[53,-70],[44,20],[-3,-29],[74,40],[35,-29],[56,9],[-11,-74],[-47,-49],[39,-82],[57,66],[73,2],[9,-27],[91,71],[-13,54],[69,34],[40,-7],[46,49],[153,77],[48,49],[-7,17],[208,76],[227,129],[641,301],[49,41],[89,0],[142,74],[-7,34],[17,25],[-20,42],[-21,-9],[2,27],[-42,40],[-86,-18],[-17,52],[-17,-16],[-30,19],[30,39],[-30,15],[51,93],[47,35],[-12,25],[46,21],[16,32],[-9,25],[20,15],[26,-12],[26,62],[43,43],[-37,31],[0,23],[-46,18],[37,79],[0,62],[17,11],[28,-26],[39,20],[0,24],[-32,15],[48,52],[2,39],[-17,16],[28,19],[-30,49],[19,27],[1,67],[87,80],[-12,30],[15,22],[-33,25],[19,48],[-30,61],[31,36],[5,43],[47,48],[14,70],[54,-5],[14,58],[30,9],[0,23],[34,33],[8,54],[47,-3],[-11,32],[-125,76],[-22,49],[29,36],[50,2],[3,23],[43,37],[64,-8],[95,35],[104,-27],[-8,33],[29,15],[-2,47],[39,66],[-10,20],[41,25],[20,43],[-19,28],[15,86],[61,-5],[46,40],[12,37]],[[71138,33278],[50,6],[9,-27],[53,-36],[-8,-23],[49,-1],[-15,-14],[-3,-6],[72,20],[58,-23],[3,-22],[32,-7],[7,-46],[-21,-42],[10,-53],[32,24],[33,-14],[-32,-60],[18,-17],[-9,-62],[-33,-12],[13,-48],[31,-16],[16,-98],[-25,-28],[15,-34],[-23,-45],[20,-36],[-15,-22],[-14,16],[-8,-43],[25,-18],[-33,-73],[69,-20],[-29,-18],[3,-23],[27,-6],[-2,18],[25,14],[37,-23],[-2,-24],[34,23],[-5,-19],[25,-26],[58,-6],[34,-32],[57,19],[7,-39],[42,-48],[19,29],[18,-28],[39,8],[30,-20],[12,31],[29,-24],[26,13],[33,-58],[57,-33],[24,0],[41,39],[89,12],[9,-20],[79,-10],[25,-29],[21,13],[-2,-22],[16,7],[28,-40],[80,-4],[10,29],[33,13],[80,-62],[27,8],[6,-19],[17,32],[16,-22],[45,0],[32,15],[11,31],[35,-9],[62,31],[73,-42],[40,-52],[36,23],[45,-13],[20,-90],[24,-3],[12,19],[-3,-23],[44,-31]],[[73163,31907],[-1,-153],[-47,-79],[-33,-20],[-57,-118],[-76,-86],[-35,-97],[57,-179],[-39,87],[42,-138],[-9,-24],[84,-13],[-27,-267],[109,-553],[-2,-84],[-25,-83],[-307,-205],[-15,-28],[-174,-99],[-626,-204],[-400,-195],[-199,-159],[-28,-44],[25,-17],[-5,-35],[-158,-107],[-33,-40],[-16,-74],[-34,-28],[-37,-1],[-87,-126],[-24,24],[-41,-17],[-79,-191],[-1,-140],[22,-116],[27,-49],[47,-9],[20,-57],[40,-40],[36,2],[1,31],[29,19],[27,-13],[7,35],[23,9],[-3,-43],[22,-2],[-21,-29],[-7,12],[-4,-37],[-24,14],[15,-18],[2,-17],[-12,18],[-18,-23],[-29,20],[-29,-21],[-21,-37],[5,-35],[-27,13],[-68,-36],[-34,-77],[15,-51],[-48,-42],[-27,17],[-34,-39],[-19,-60],[8,-60],[25,-3],[0,-37],[46,28],[-17,-26],[32,-4],[-55,-25],[0,-20],[26,-10],[-10,-37],[-16,34],[-34,14],[-6,30],[-80,30],[-637,51],[-539,4],[-154,-25],[-35,-47],[-95,14],[-409,-47],[-193,13],[-45,-28],[-32,16],[-27,-19],[13,24],[-14,23],[-129,26],[-22,21],[6,22],[-25,-6],[-14,3],[30,40],[22,-34],[29,10],[6,41],[-33,1],[-13,28],[-33,-17],[-13,20],[28,22],[-22,33],[14,14],[31,-13],[-24,23],[25,20],[5,-33],[32,126],[71,65],[-30,10],[-6,25],[29,27],[-1,23],[94,67],[1,47],[-21,36],[12,16],[-16,11],[10,18],[-41,2],[-8,21],[-27,-11],[-39,31],[-69,-50],[-27,-48],[-53,18],[-135,-47],[-12,-30],[-103,-56],[-31,-53],[26,-110],[53,-48],[24,-69],[17,-16],[32,22],[19,-12],[-32,-38],[11,-29],[71,14],[39,-33],[-1,-30],[-24,0],[9,-56],[-26,-24],[23,-11],[39,35],[5,-31],[-32,-10],[11,-25],[-57,-25],[-9,-24],[13,-7],[-86,-3],[-41,-33],[-75,-5],[-26,-36],[-158,13],[-195,-30],[-116,-36],[-27,-29],[-54,-5],[-32,-27],[-6,-39],[-46,7],[22,52],[-82,77],[-52,39],[-67,13],[-46,57],[-35,-29],[-47,54],[-19,-6],[-11,31],[-160,114],[-10,-21],[-20,18],[-48,-35],[-38,-1],[-11,33],[34,18],[-7,26],[-64,-9],[-25,-41],[-62,-25],[-90,10],[-122,-39],[-55,-57],[-4,-43],[-23,-9],[-29,10],[36,77],[-31,22],[-57,-37],[8,-43],[-15,-50],[-30,-7],[1,-24],[-39,-47],[-87,-45],[-17,23],[-24,-3],[-13,-12],[8,-28],[-20,8],[-24,-23],[-1,35],[-15,7],[-81,-47],[-30,16],[31,62],[35,25],[-63,47],[-27,-24],[-27,8],[-38,-52],[-35,1],[21,36],[-13,20],[-31,-18],[4,-15],[-25,3],[1,-18],[-58,-24],[4,19],[-28,12],[18,50],[30,21],[31,-11],[-5,29],[27,-5],[39,68],[-42,6],[-38,-21],[-5,18],[21,8],[-12,20],[32,27],[-25,27],[-31,10],[-19,-24],[-12,20],[-13,-2],[11,-20],[-26,-16],[3,-26],[13,20],[33,-13],[-76,-69],[12,39],[-39,8],[7,8],[-9,9],[-1,-20],[-1,14],[-37,-11],[10,23]],[[65522,27693],[-57,-50],[10,-35],[-20,-42],[34,-7],[-42,-23],[7,-36],[22,1],[-24,-16],[-41,21],[3,25],[-25,-10],[17,12],[-34,5],[-57,-62],[-60,7],[-146,-94],[7,45],[-47,-13],[-8,19],[-45,-22],[-16,15],[-12,-25],[-39,6],[-18,-44],[-18,-2],[-31,-119],[23,-18],[-25,-16],[15,-37],[-31,-31],[19,-41],[-40,-21],[22,-8],[-32,-32],[23,-33],[-7,-58],[42,3],[59,69],[20,-6],[10,44],[24,14],[-1,-28],[62,-20],[-24,-23],[4,-24],[-35,8],[10,20],[-1,2],[-32,-30],[-25,21],[-3,-36],[20,3],[-26,-21],[-14,12],[-12,-20],[14,-4],[-25,-1],[10,-14],[-30,-17],[51,21],[4,-3],[-6,-7],[2,-6],[39,39],[45,-13],[40,17],[-97,-150],[20,-25],[24,2],[-20,29],[35,20],[21,61],[53,36],[-5,20],[87,26],[-41,-52],[-10,-55],[78,-16],[22,19],[78,-73],[-15,-15],[-43,37],[-25,-46],[-34,3],[-23,-49],[6,-27],[-61,-75],[-19,8],[-17,-19],[1,48],[-25,-9],[-10,31],[-26,-33],[12,38],[-25,16],[-33,-30],[-18,10],[7,-22],[-28,7],[-6,23],[-24,-41],[-33,30],[-32,-12],[-13,-33],[-24,-3],[18,-22]],[[64935,27215],[-1,-3],[-3,0],[0,1],[4,2]],[[64952,27214],[0,1],[0,-1]],[[64914,27224],[-1,-5],[-6,-1],[0,2],[7,4]],[[64929,27233],[-2,-5],[-3,1],[3,4],[2,0]],[[64953,27241],[-2,-4],[-1,0],[4,6],[-1,-2]],[[64939,27267],[-5,-7],[-6,0],[2,9],[9,-2]],[[64923,27275],[2,1],[1,-4],[-4,0],[1,3]],[[64908,27276],[-1,-1],[-3,-4],[7,9],[-3,-4]],[[64940,27300],[-3,1],[11,3],[-3,-3],[-5,-1]],[[64931,27307],[1,1],[0,-1],[-1,0]],[[64972,27314],[-1,1],[1,0],[0,-1]],[[64914,27326],[0,4],[4,0],[-3,-3],[-1,-1]],[[65112,27332],[5,0],[-7,-7],[2,6],[0,1]],[[65196,27357],[2,0],[-1,-2],[-1,1],[0,1]],[[65005,27374],[3,4],[15,1],[-21,-19],[3,14]],[[65123,27372],[-1,0],[1,1],[0,-1]],[[65029,27377],[3,2],[3,-9],[-4,-2],[-2,9]],[[65091,27380],[4,2],[2,-3],[-2,-3],[-4,4]],[[65179,27378],[1,2],[2,0],[0,-1],[-3,-1]],[[65019,27381],[-1,-1],[-2,2],[2,1],[1,-2]],[[65111,27385],[1,-3],[-5,0],[3,3],[1,0]],[[65063,27394],[0,1],[2,0],[-1,-2],[-1,1]],[[65040,27397],[3,0],[-7,-5],[1,5],[3,0]],[[65190,27402],[8,10],[9,-4],[-26,-27],[9,21]],[[65084,27400],[13,9],[3,0],[-19,-21],[3,12]],[[64967,27401],[0,2],[2,-2],[-1,-1],[-1,1]],[[65048,27406],[3,1],[8,-3],[-10,-5],[-1,7]],[[65081,27414],[-1,-2],[-2,-1],[2,4],[1,-1]],[[65187,27421],[3,-4],[-8,0],[3,3],[2,1]],[[65225,27433],[-4,-8],[-1,0],[0,3],[5,5]],[[65225,27434],[0,2],[1,1],[0,-3],[-1,0]],[[65276,27454],[4,6],[8,1],[-8,-7],[-4,0]],[[65640,27006],[-6,-4],[-3,1],[3,5],[6,-2]],[[65546,27299],[-1,-2],[-1,0],[2,3],[1,-1],[-1,0]],[[65553,27372],[1,5],[8,2],[-5,-12],[-4,5]],[[65522,27391],[-1,-2],[-3,0],[3,6],[1,-4]],[[65527,27398],[0,1],[2,1],[-1,-3],[-1,1]],[[65531,27401],[0,-1],[-1,0],[0,2],[1,-1]],[[65504,27404],[7,3],[6,-5],[-14,-6],[1,8]],[[65597,27403],[-1,0],[0,1],[1,-1]],[[65593,27407],[1,0],[1,0],[-1,-2],[-1,2]],[[65535,27410],[4,3],[0,-9],[-4,0],[0,6]],[[65595,27410],[1,0],[0,-1],[-1,-1],[0,2]],[[65517,27410],[-1,-1],[0,1],[1,0]],[[65498,27416],[0,-1],[-1,0],[1,1]],[[65612,27450],[26,13],[24,-11],[-10,-52],[17,-10],[-5,-14],[-12,13],[-25,-20],[19,20],[-18,45],[-66,4],[32,34],[18,-22]],[[65347,27436],[-6,-18],[-26,-6],[3,17],[20,3],[19,17],[7,-1],[-17,-12]],[[65544,27434],[1,1],[1,-1],[-1,-1],[-1,1]],[[65545,27436],[0,1],[0,-1]],[[65338,27440],[1,1],[0,-1],[-2,-1],[1,1]],[[65557,27452],[6,-1],[0,-5],[-8,-3],[2,9]],[[65673,27452],[-4,3],[7,1],[-2,-4],[-1,0]],[[65549,27457],[0,1],[0,-1]],[[65550,27462],[-4,-4],[-4,3],[2,3],[6,-2]],[[65518,27467],[1,-3],[-2,-2],[-2,3],[3,2]],[[65580,27466],[0,-1],[0,1]],[[65434,27470],[5,2],[5,8],[-6,-15],[-4,5]],[[65362,27475],[4,0],[-6,-4],[1,2],[1,2]],[[65533,27472],[5,13],[8,0],[-4,-14],[-9,1]],[[65465,27486],[-3,0],[1,3],[1,0],[1,-3]],[[65487,27515],[0,-1],[-1,-1],[-1,2],[2,0]],[[65625,27516],[0,1],[1,-1],[-1,0]],[[65611,27522],[2,1],[0,-1],[-1,-1],[-1,1]],[[65611,27526],[-1,0],[1,0]],[[65623,27527],[1,1],[2,0],[-2,-2],[-1,1]],[[65580,27534],[-1,2],[3,-1],[0,-1],[-2,0]],[[65495,27543],[-1,0],[0,2],[1,-2]],[[65476,27545],[-3,-2],[0,5],[2,0],[1,-3]],[[65492,27547],[-1,0],[1,0]],[[65620,27554],[0,-1],[-1,0],[0,1],[1,0]],[[65493,27565],[1,2],[2,0],[-2,-3],[-1,1]],[[65523,27567],[2,5],[7,-5],[-4,-6],[-5,6]],[[65543,27569],[1,0],[1,0],[-2,-1],[0,1]],[[65650,27570],[0,-1],[-2,1],[1,1],[1,-1]],[[65539,27579],[4,-2],[-2,-6],[-7,4],[5,4]],[[65664,27577],[1,1],[1,-1],[-2,-1],[0,1]],[[65511,27580],[1,10],[12,-11],[-10,-10],[-3,11]],[[65632,27588],[-3,-2],[-3,-1],[9,8],[-3,-5]],[[65519,27594],[0,-1],[-6,0],[0,2],[6,-1]],[[65648,27599],[7,2],[-17,-15],[0,3],[10,10]],[[65530,27603],[9,11],[16,-8],[-10,-15],[-15,12]],[[65528,27609],[-1,-1],[-1,0],[1,2],[1,-1]],[[65663,27610],[-4,-1],[6,7],[0,-3],[-2,-3]],[[65599,27617],[-2,-2],[-2,-1],[5,5],[-1,-2]],[[65563,27617],[-1,0],[0,1],[1,0],[0,-1]],[[65472,27618],[3,2],[1,-2],[-2,-2],[-2,2]],[[65572,27624],[-3,-4],[-5,3],[5,3],[3,-2]],[[65502,27632],[10,2],[-23,-13],[2,10],[11,1]],[[65606,27628],[5,9],[4,1],[-2,-6],[-7,-4]],[[65622,27644],[2,2],[2,0],[-2,-4],[-2,2]],[[65530,27648],[-4,-1],[-1,2],[2,1],[3,-2]],[[65664,27654],[0,-6],[-13,-5],[0,7],[13,4]],[[65670,27649],[-3,0],[6,6],[1,-2],[-4,-4]],[[65550,27660],[-4,-2],[1,6],[3,0],[0,-4]],[[65651,27671],[-1,-3],[-3,0],[3,6],[1,-3]],[[65543,27674],[0,4],[3,0],[-1,-3],[-2,-1]],[[65613,27688],[0,1],[1,0],[0,-1],[-1,0]],[[65612,27689],[-1,-1],[2,4],[0,-2],[-1,-1]],[[65521,27691],[-1,0],[1,0]],[[65520,27691],[0,1],[0,-1]],[[65522,27693],[0,0]],[[65522,27693],[0,0]],[[65612,27697],[1,-1],[0,-1],[-1,1],[0,1]],[[65612,27697],[-2,1],[4,3],[0,-4],[-2,0]],[[65611,27700],[-1,4],[3,1],[0,-3],[-2,-2]],[[65658,27726],[-1,0],[1,0]],[[65664,27730],[0,-3],[-4,1],[2,2],[2,0]],[[66070,26973],[17,27],[12,-2],[2,-17],[-31,-8]],[[66033,27083],[-3,-2],[-1,1],[2,2],[2,-1]],[[66022,27082],[4,2],[1,-1],[-3,-2],[-2,1]],[[65653,27008],[23,77],[-38,-23],[-10,32],[-27,-9],[-6,29],[82,45],[32,-2],[12,28],[-17,14],[38,2],[-2,25],[36,35],[-5,-45],[32,-13],[17,49],[56,19],[3,20],[-23,9],[47,15],[6,26],[-12,4],[20,15],[-4,-39],[38,2],[12,-24],[46,-9],[-21,-16],[-16,14],[-25,-7],[26,-5],[11,-31],[69,6],[0,-50],[17,-13],[32,44],[47,15],[6,-14],[-36,-36],[17,-17],[-18,-31],[59,24],[15,-43],[37,-5],[-61,-49],[-30,-4],[19,26],[-37,27],[-53,-19],[-15,-27],[-31,13],[-12,-23],[18,-14],[-32,-24],[-24,28],[-103,-33],[1,41],[-39,-20],[2,43],[-64,8],[-38,-17],[-40,-102],[-32,-8],[19,22],[-24,15]],[[66059,27200],[-1,0],[1,1],[0,-1]],[[66061,27206],[1,-2],[-3,-2],[0,5],[2,-1]],[[66095,27230],[2,1],[1,-1],[-2,-1],[-1,1]],[[66118,27246],[0,1],[2,0],[0,-1],[-2,0]],[[66060,27258],[3,2],[3,-1],[-5,-2],[-1,1]],[[66117,27278],[-1,0],[1,0]],[[66118,27279],[0,1],[3,1],[-1,-2],[-2,0]],[[65744,27320],[1,1],[0,-2],[-2,-1],[1,2]],[[65895,27331],[3,3],[1,-1],[-1,-2],[-3,0]],[[65953,27332],[-1,0],[0,1],[2,0],[-1,-1]],[[65739,27335],[3,0],[1,-1],[-6,-3],[2,4]],[[65695,27338],[6,1],[-1,-10],[-7,2],[2,7]],[[65898,27334],[-1,0],[0,1],[1,0],[0,-1]],[[65895,27338],[4,-2],[-10,1],[1,1],[5,0]],[[65896,27338],[1,0],[-1,0]],[[65921,27339],[0,1],[3,0],[-2,-2],[-1,1]],[[65897,27355],[2,0],[-1,-2],[-2,1],[1,1]],[[65927,27354],[-2,-1],[-1,1],[2,1],[1,-1]],[[65870,27369],[-6,2],[11,2],[-2,-4],[-3,0]],[[65730,27386],[-1,1],[1,2],[2,-1],[-2,-2]],[[65681,27395],[-1,-1],[0,1],[1,1],[0,-1]],[[65733,27404],[12,-6],[-22,-4],[1,5],[9,5]],[[65698,27410],[0,1],[3,0],[-2,-2],[-1,1]],[[65702,27409],[-1,2],[2,2],[0,-1],[-1,-3]],[[65691,27411],[1,1],[2,0],[-2,-2],[-1,1]],[[65731,27413],[4,3],[3,0],[-9,-7],[-3,5],[5,-1]],[[65834,27415],[1,1],[1,-3],[-2,0],[0,2]],[[65693,27417],[0,-3],[-4,0],[1,3],[3,0]],[[65745,27423],[1,1],[1,-2],[-1,0],[-1,1]],[[66129,27441],[-7,0],[-1,2],[6,6],[2,-8]],[[66077,27458],[3,-10],[-2,-3],[-7,5],[6,8]],[[65769,27454],[0,-1],[-1,1],[1,0]],[[65769,27456],[-1,0],[1,0]],[[65811,27463],[1,-1],[-2,-1],[-1,4],[2,-2]],[[65801,27465],[-1,1],[1,2],[2,-2],[-2,-1]],[[65774,27470],[-2,0],[2,4],[0,-3],[0,-1]],[[65706,27478],[0,1],[1,1],[-2,-3],[1,1]],[[65808,27484],[0,-1],[-1,0],[1,1]],[[65700,27485],[-4,-5],[-6,4],[3,3],[7,-2]],[[65796,27483],[-3,-1],[-1,4],[5,0],[-1,-3]],[[65810,27484],[0,1],[4,3],[-3,-5],[-1,1]],[[65799,27486],[-1,-1],[-1,1],[1,0],[1,0]],[[65745,27486],[-1,-4],[-1,0],[-1,7],[3,-3]],[[65801,27487],[-2,-2],[0,5],[1,0],[1,-3]],[[65834,27491],[0,-3],[-1,0],[0,2],[1,1]],[[65695,27493],[0,1],[1,0],[-1,-2],[0,1]],[[65723,27502],[-2,2],[3,2],[0,-2],[-1,-2]],[[65816,27507],[0,1],[2,-1],[-1,-1],[-1,1]],[[65718,27509],[1,1],[0,-2],[-1,1]],[[65837,27518],[0,-3],[-3,0],[1,2],[2,1]],[[65762,27529],[-1,-2],[-1,-1],[1,6],[1,-3]],[[65746,27528],[-1,4],[4,1],[-1,-2],[-2,-3]],[[65674,27587],[-2,2],[3,2],[0,-2],[-1,-2]],[[65688,27599],[-1,0],[-1,0],[2,2],[0,-2]],[[65698,27603],[-1,2],[4,3],[-1,-2],[-2,-3]],[[65675,27615],[4,-5],[-4,-5],[-2,5],[2,5]],[[65702,27623],[-1,1],[3,0],[-1,-1],[-1,0]],[[65731,27633],[1,-2],[-3,0],[1,1],[1,1]],[[65739,27639],[1,-2],[-2,-1],[-1,2],[2,1]],[[65723,27637],[3,3],[2,-1],[-4,-3],[-1,1]],[[65675,27648],[-1,-2],[-3,0],[3,4],[1,-2]],[[65721,27652],[-2,-4],[-3,2],[2,5],[3,-3]],[[65685,27680],[5,7],[-10,-19],[0,3],[5,9]],[[65685,27689],[0,1],[1,-1],[-1,-1],[0,1]],[[65671,27713],[8,8],[6,-6],[-13,-16],[-1,14]],[[65691,27736],[-1,0],[1,1],[0,-1]],[[65695,27737],[1,0],[-1,-2],[0,2]],[[65694,27737],[-3,3],[5,3],[0,-1],[-2,-5]],[[66221,27104],[0,1],[1,-1],[-1,0]],[[66228,27110],[-1,-4],[-3,2],[2,0],[2,2]],[[66163,27175],[0,-1],[-1,-1],[0,2],[1,0]],[[66191,27186],[0,-1],[-1,-1],[-1,2],[2,0]],[[66198,27201],[1,-2],[-13,-11],[2,9],[10,4]],[[66202,27198],[-1,0],[1,0]],[[66166,27298],[-3,-3],[-1,0],[4,5],[2,-1],[-2,-1]],[[66407,27334],[-2,-4],[-2,0],[0,1],[4,3]],[[66425,27363],[23,42],[83,43],[47,-42],[113,-25],[3,64],[-62,41],[-9,13],[129,-74],[107,-29],[207,18],[218,59],[108,-68],[-4,-14],[-43,25],[-96,8],[-340,-32],[-378,-62],[-74,-40],[-45,22],[-9,37],[22,14]],[[66144,27459],[10,-3],[2,-8],[-15,-2],[3,13]],[[66182,27455],[1,0],[0,-2],[-2,2],[1,0]],[[66181,27457],[-1,1],[1,2],[0,-1],[0,-2]],[[66186,27487],[-1,-1],[0,1],[1,0]],[[66185,27489],[0,1],[1,0],[0,-1],[-1,0]],[[66531,27493],[0,2],[3,0],[5,-8],[-8,6]],[[66189,27493],[0,0],[0,0],[0,0],[0,0]],[[66185,27492],[-1,1],[3,3],[0,-4],[-2,0]],[[66550,27499],[4,-6],[-8,-3],[0,5],[4,4]],[[66554,27503],[0,2],[2,0],[0,-1],[-2,-1]],[[66563,27512],[0,-1],[-2,-1],[1,1],[1,1]],[[66562,27513],[-1,0],[0,1],[1,0],[0,-1]],[[66505,27514],[2,0],[-1,-1],[-1,1]],[[66507,27520],[1,0],[1,0],[-1,-2],[-1,2]],[[66585,27521],[0,-1],[0,-1],[-1,3],[1,-1]],[[66260,27522],[-1,0],[1,1],[0,-1]],[[66597,27533],[-1,0],[-1,0],[1,1],[1,-1]],[[66530,27537],[5,4],[8,-3],[-8,-11],[-5,10]],[[66545,27542],[-1,-1],[0,1],[1,0]],[[66552,27541],[-1,1],[0,1],[2,0],[-1,-2]],[[66547,27542],[0,1],[3,1],[-3,-3],[0,1]],[[66339,27527],[-25,17],[50,19],[0,-30],[-25,-6]],[[66555,27543],[1,1],[0,-1],[0,-1],[-1,1]],[[66545,27544],[1,0],[0,-1],[-1,1]],[[66536,27549],[-3,-6],[-3,3],[4,5],[2,-2]],[[66611,27564],[-15,-11],[-23,-39],[-3,44],[21,23],[22,1],[-2,-18]],[[66624,27562],[0,-1],[-2,-1],[1,2],[1,0]],[[66615,27565],[1,1],[0,-1],[0,-1],[-1,1]],[[66625,27573],[7,6],[2,-1],[-11,-15],[2,10]],[[66335,27587],[6,-4],[-2,-7],[-8,5],[4,6]],[[66609,27591],[0,-6],[-8,-2],[1,6],[7,2]],[[66601,27597],[-1,-3],[-1,-1],[-1,4],[3,0]],[[66572,27598],[1,3],[2,0],[-1,-2],[-2,-1]],[[66625,27605],[7,0],[4,-5],[-16,-5],[5,10]],[[66615,27608],[-2,-1],[3,2],[-1,-1]],[[66415,27642],[0,-1],[-1,0],[1,2],[0,-1]],[[66417,27644],[0,-1],[-1,0],[0,1],[1,0]],[[66430,27651],[1,-2],[-4,-2],[2,3],[1,1]],[[66627,27653],[0,-3],[-1,-1],[-1,4],[2,0]],[[66538,27656],[9,1],[1,-2],[-1,-3],[-9,4]],[[66434,27655],[0,-1],[0,1]],[[66705,27657],[-1,0],[1,1],[0,-1]],[[66709,27659],[1,1],[3,1],[-1,-2],[-3,0]],[[66732,27666],[-1,0],[-2,1],[3,0],[0,-1]],[[66587,27685],[1,2],[3,1],[-2,-4],[-2,1]],[[66409,27687],[1,2],[3,-1],[-2,-2],[-2,1]],[[66726,27694],[1,1],[4,-2],[-5,-2],[0,3]],[[66599,27694],[2,2],[1,-1],[-3,-3],[0,2]],[[66506,27698],[-2,-5],[-1,-1],[0,6],[3,0]],[[66515,27696],[-3,-2],[-2,1],[5,4],[0,-3]],[[66613,27705],[5,3],[-12,-14],[-1,7],[8,4]],[[66627,27703],[16,27],[79,13],[-22,-36],[11,-21],[-29,0],[-23,-27],[-29,5],[10,19],[-13,20]],[[66519,27723],[0,1],[0,-1]],[[66517,27725],[-1,0],[1,1],[0,-1]],[[66679,27737],[-1,3],[1,1],[1,-1],[-1,-3]],[[66731,27744],[-2,-2],[-3,2],[3,2],[2,-2]],[[66703,27747],[1,2],[1,0],[0,-2],[-2,0]],[[66703,27751],[0,-1],[0,1]],[[66795,27257],[1,-1],[-4,-1],[2,3],[1,-1]],[[67385,27344],[-1,0],[1,0]],[[67401,27343],[-5,1],[6,7],[5,-5],[-6,-3]],[[67373,27366],[2,1],[1,-1],[-2,-2],[-1,2]],[[67513,27396],[7,-10],[-14,-1],[2,8],[5,3]],[[67512,27397],[-1,-1],[-2,0],[4,2],[-1,-1]],[[67388,27399],[0,1],[0,-1]],[[67391,27403],[1,-1],[-1,-1],[-1,1],[1,1]],[[67391,27404],[-3,-4],[0,4],[3,0]],[[67392,27402],[0,0],[0,0],[0,0],[0,0]],[[67397,27403],[-1,-2],[1,5],[1,-2],[-1,-1]],[[67392,27410],[2,-2],[-1,-4],[-1,3],[0,3]],[[67397,27415],[0,-3],[-4,4],[2,0],[2,-1]],[[67520,27418],[1,-2],[-4,-2],[0,3],[3,1]],[[67390,27419],[-5,2],[-1,1],[11,-2],[-5,-1]],[[67384,27422],[0,1],[1,0],[-1,-1]],[[67383,27423],[-2,1],[0,1],[3,-1],[-1,-1]],[[67958,27432],[-1,0],[0,1],[1,0],[0,-1]],[[67351,27438],[-1,2],[4,-3],[-2,0],[-1,1]],[[67958,27439],[0,1],[1,-1],[-1,0]],[[67347,27442],[1,-4],[-6,7],[1,0],[4,-3]],[[67341,27445],[-8,-2],[-4,2],[6,2],[6,-2]],[[67332,27447],[-1,0],[1,1],[0,-1]],[[67355,27455],[-13,6],[11,-2],[9,-11],[3,-8],[-10,15]],[[67972,27455],[-6,-2],[-3,1],[9,5],[0,-4]],[[67944,27457],[1,0],[1,-1],[-2,0],[0,1]],[[67335,27450],[-24,3],[-3,26],[56,-44],[-29,15]],[[67603,27458],[-4,3],[6,5],[5,-8],[-7,0]],[[67968,27467],[0,1],[1,-1],[-1,-1],[0,1]],[[67295,27477],[9,-2],[3,-3],[-17,1],[5,4]],[[67306,27483],[5,2],[5,-2],[-7,-4],[-3,4]],[[67200,27544],[-1,0],[1,1],[0,-1]],[[67205,27547],[0,-1],[-1,0],[1,1]],[[67182,27554],[0,-1],[-1,0],[1,1]],[[67182,27556],[-2,0],[4,1],[-2,-2],[0,1]],[[67104,27588],[1,0],[-2,-1],[1,1]],[[67082,27589],[5,2],[1,0],[-10,-4],[4,2]],[[66739,27684],[10,-4],[-3,-11],[-13,-3],[6,18]],[[66743,27691],[1,1],[3,1],[-1,-1],[-3,-1]],[[66753,27703],[0,-1],[-2,0],[3,2],[-1,-1]],[[66902,27741],[5,3],[3,-1],[-5,-8],[-3,6]],[[66846,27748],[4,1],[3,2],[-8,-9],[1,6]],[[66842,27755],[3,4],[4,0],[-2,-2],[-5,-2]],[[66782,27790],[-1,0],[1,0]],[[66782,27790],[0,0],[0,0],[0,0],[0,0]],[[66782,27791],[1,-1],[-1,0],[0,1]],[[66779,27793],[0,-1],[0,1]],[[66780,27792],[0,1],[1,1],[0,-1],[-1,-1]],[[66784,27793],[0,0],[0,0],[0,0],[0,0]],[[66783,27792],[0,2],[1,1],[-1,-3]],[[66786,27794],[0,0],[0,0],[0,0],[0,0]],[[66785,27794],[-1,0],[0,1],[1,0],[0,-1]],[[66785,27795],[1,-1],[-1,0],[0,1]],[[66787,27794],[0,1],[0,-1]],[[66787,27795],[1,0],[-1,0]],[[68202,27364],[3,1],[2,-3],[-3,-1],[-2,3]],[[68221,27373],[-3,-10],[-14,7],[11,11],[6,-8]],[[68191,27451],[-7,0],[26,13],[-8,-8],[-11,-5]],[[67970,27465],[0,1],[0,-1]],[[68213,27466],[-2,0],[3,4],[0,-2],[-1,-2]],[[67982,27465],[-4,6],[6,2],[1,-7],[-3,-1]],[[68218,27472],[-1,-1],[-1,0],[2,2],[0,-1]],[[68032,27477],[2,2],[2,-4],[-7,0],[3,2]],[[68219,27477],[1,2],[2,-2],[-2,-2],[-1,2]],[[68220,27482],[-7,0],[0,1],[10,5],[-3,-6]],[[68198,27483],[-8,1],[-2,3],[10,0],[0,-4]],[[68238,27496],[2,2],[2,-6],[-2,2],[-2,2]],[[68316,27642],[-4,-4],[-2,0],[9,13],[-3,-9]],[[68317,27718],[-1,0],[2,1],[-1,-1]],[[68288,27771],[3,6],[5,0],[-6,-10],[-2,4]],[[68278,27817],[-2,-1],[0,1],[2,0]],[[68257,27818],[1,9],[17,-6],[-9,-8],[-9,5]],[[68183,27844],[3,-7],[-4,-7],[-4,12],[5,2]],[[68208,27841],[2,1],[2,0],[-3,-2],[-1,1]],[[68257,27850],[-4,0],[10,2],[-2,-2],[-4,0]],[[68160,27886],[-38,22],[-14,62],[42,-6],[8,-13],[-4,-10],[-7,18],[-16,-14],[19,-29],[34,0],[-25,-9],[12,-13],[-11,-8]],[[68262,27966],[-4,0],[-2,5],[3,0],[3,-5]],[[68275,27991],[0,-1],[-1,0],[1,1]],[[68082,28000],[0,-1],[0,1]],[[68075,28002],[-1,-5],[-4,1],[0,4],[5,0]],[[68081,28002],[0,-1],[-2,2],[2,0],[0,-1]],[[68285,28015],[0,-2],[-1,1],[1,2],[0,-1]],[[68287,28036],[1,-9],[-8,4],[1,4],[6,1]],[[68225,28099],[39,29],[4,-19],[31,9],[-49,-58],[8,-46],[25,-6],[-15,-23],[-12,19],[-20,-25],[-14,34],[-43,12],[-69,-47],[-53,54],[20,40],[50,15],[7,18],[86,-31],[5,25]],[[68272,28066],[0,-2],[-2,0],[0,1],[2,1]],[[68296,28065],[0,1],[1,-1],[-1,-1],[0,1]],[[68300,28079],[0,0],[0,0],[0,0],[0,0]],[[68301,28079],[0,0],[0,0],[0,0],[0,0]],[[68301,28079],[0,0]],[[68300,28080],[0,0],[0,0],[0,0],[0,0]],[[68302,28080],[0,0]],[[68302,28080],[0,0]],[[68302,28080],[0,0]],[[68302,28080],[0,1],[0,-1]],[[68300,28081],[0,0]],[[68301,28079],[0,0]],[[68301,28079],[-1,2]],[[68300,28081],[0,0]],[[68300,28081],[1,-2]],[[68300,28086],[1,0],[-1,0]],[[68301,28086],[0,0],[0,0],[0,0],[0,0]],[[68301,28086],[0,0]],[[68301,28086],[0,0]],[[68301,28086],[0,0],[0,0],[0,0]],[[68301,28086],[0,0]],[[68301,28086],[0,0]],[[68301,28086],[0,0]],[[68301,28086],[0,0]],[[68300,28086],[0,0],[0,0],[0,0]],[[68301,28086],[0,0]],[[68301,28087],[0,-1],[0,1]],[[68301,28087],[0,-1],[-1,0],[0,1],[1,0]],[[68308,28090],[0,1],[0,-1]],[[68310,28092],[0,-3],[-1,0],[0,4],[1,-1]],[[68316,28093],[0,-1],[-2,1],[1,1],[1,-1]],[[68316,28099],[-5,-3],[-1,1],[4,3],[2,-1]],[[68291,28142],[16,-4],[2,-6],[-18,-4],[0,14]],[[68271,28145],[0,1],[0,-1]],[[68273,28147],[1,1],[0,-3],[-2,1],[1,1]],[[68272,28147],[0,0],[0,0],[0,0],[0,0]],[[68272,28148],[1,0],[-1,0]],[[68273,28148],[0,1],[0,-1]],[[68270,28148],[1,1],[-1,-1]],[[68273,28149],[1,-1],[-1,0],[0,1]],[[68272,28149],[-1,-1],[0,1],[1,0]],[[68272,28149],[0,0],[0,0],[0,0],[0,0]],[[68271,28150],[0,-2],[0,1],[0,1]],[[68273,28149],[-1,0],[1,0]],[[68271,28150],[0,0],[0,0],[0,0],[0,0]],[[68271,28150],[0,0],[0,0],[0,0],[0,0]],[[68271,28150],[0,0],[0,0],[0,0],[0,0]],[[68271,28150],[0,1],[0,-1]],[[68272,28151],[0,-1],[0,1]],[[68271,28151],[0,0],[0,0],[0,0],[0,0]],[[68244,28255],[1,0],[0,-1],[-1,1]],[[68329,27389],[-9,-5],[-6,15],[3,1],[12,-11]],[[68803,27489],[0,-1],[-1,0],[0,1],[1,0]],[[68807,27493],[-4,-2],[8,9],[-1,-4],[-3,-3]],[[68838,27533],[-14,-23],[-10,-5],[7,15],[17,13]],[[68848,27533],[0,2],[4,3],[-1,-3],[-3,-2]],[[68850,27538],[-3,-1],[-1,1],[5,3],[-1,-3]],[[68466,27586],[-10,-7],[-7,4],[10,6],[7,-3]],[[68500,27590],[-5,6],[12,5],[0,-7],[-7,-4]],[[68527,27604],[-4,-2],[4,9],[2,-2],[-2,-5]],[[69330,27650],[0,-1],[-3,1],[1,1],[2,-1]],[[68413,27665],[3,3],[3,-1],[-1,-4],[-5,2]],[[68387,27676],[3,0],[1,-1],[-2,0],[-2,1]],[[69805,27707],[1,1],[1,0],[-1,-3],[-1,2]],[[69808,27710],[0,-1],[-1,-1],[0,1],[1,1]],[[69810,27710],[-1,0],[1,0]],[[68320,27719],[-1,2],[3,0],[-1,-1],[-1,-1]],[[68420,27729],[0,1],[1,-1],[-1,0]],[[68367,27782],[-1,0],[2,2],[0,-1],[-1,-1]],[[68355,27786],[1,0],[-1,0]],[[68374,27871],[-6,3],[16,-3],[-4,-4],[-6,4]],[[68354,27880],[-8,-8],[-5,-2],[-2,2],[5,19],[10,-11]],[[68365,27906],[-5,-10],[-6,1],[7,10],[4,-1]],[[68369,27912],[4,3],[14,0],[-6,-13],[-12,10]],[[68387,27927],[2,1],[0,-2],[-3,0],[1,1]],[[68411,27946],[4,2],[1,-2],[-5,-5],[0,5]],[[68406,27945],[1,1],[-1,-2],[0,1]],[[68411,27967],[-8,-5],[-12,20],[14,3],[6,-18]],[[68422,27992],[-8,-2],[24,24],[1,-6],[-17,-16]],[[68378,28050],[1,1],[0,-2],[-1,0],[0,1]],[[68373,28054],[2,-1],[-4,-6],[-1,3],[3,4]],[[68381,28058],[4,1],[2,-2],[-3,-3],[-3,4]],[[68405,28065],[0,-2],[-8,-6],[1,4],[7,4]],[[68371,28069],[1,2],[2,-3],[-3,-1],[0,2]],[[68397,28073],[-3,-1],[-1,3],[5,1],[-1,-3]],[[68375,28073],[-1,2],[3,1],[0,-2],[-2,-1]],[[68414,28087],[-1,1],[2,1],[-1,-1],[0,-1]],[[68411,28088],[-2,-1],[4,3],[-2,-2]],[[68421,28091],[-1,0],[2,2],[0,-1],[-1,-1]],[[68423,28094],[2,2],[1,-1],[-3,-2],[0,1]],[[68341,28108],[-1,0],[-1,1],[2,1],[0,-2]],[[68334,28111],[-1,1],[1,0],[0,-1]],[[68413,28123],[-3,-1],[-2,3],[2,1],[3,-3]],[[68340,28125],[-1,-2],[-1,2],[2,2],[0,-2]],[[68335,28126],[2,-1],[-5,2],[2,0],[1,-1]],[[68485,28131],[0,-1],[-1,1],[1,0]],[[68481,28132],[1,2],[2,-1],[-2,-2],[-1,1]],[[68392,28143],[-1,0],[0,-1],[-1,-1],[0,2],[2,0]],[[68387,28145],[1,-1],[-2,0],[1,1]],[[68420,28161],[0,-2],[-1,1],[1,2],[0,-1]],[[68491,28166],[0,1],[0,-1]],[[68399,28166],[4,30],[15,-4],[-13,-18],[12,-21],[-24,-6],[6,19]],[[68386,28184],[6,-7],[-14,-4],[0,4],[8,7]],[[68365,28203],[2,-1],[4,-4],[-11,1],[5,4]],[[68580,28202],[-7,11],[4,5],[8,-8],[-5,-8]],[[68504,28335],[-1,0],[0,1],[2,0],[-1,-1]],[[68412,28342],[1,0],[0,-1],[-1,0],[0,1]],[[68511,28348],[0,-2],[-3,-1],[2,2],[1,1]],[[70912,27605],[-4,-47],[-58,-41],[-18,39],[16,-11],[9,30],[55,30]],[[70778,27592],[-1,1],[1,1],[1,-1],[-1,-1]],[[70776,27595],[-1,6],[2,2],[2,-2],[-3,-6]],[[70887,27647],[1,-12],[-13,-2],[1,14],[11,0]],[[69822,27695],[0,2],[2,0],[0,-1],[-2,-1]],[[70795,27704],[0,2],[2,1],[-2,-6],[0,3]],[[69809,27711],[1,0],[0,-1],[-1,1]],[[69812,27711],[0,-1],[-1,2],[1,-1]],[[70903,27832],[10,-22],[-10,-8],[-18,27],[18,3]],[[70949,27850],[-1,-3],[0,-1],[0,6],[1,-2]],[[70953,27855],[1,-1],[-3,-4],[-1,4],[3,1]],[[70992,27862],[-4,4],[6,3],[1,-2],[-3,-5]],[[70968,27874],[-6,1],[11,10],[0,-1],[-5,-10]],[[70998,27885],[-1,1],[1,1],[0,-1],[0,-1]],[[71004,27898],[-18,-26],[-15,14],[11,16],[22,-4]],[[71042,27900],[-4,-3],[-3,5],[2,1],[5,-3]],[[71034,27900],[-3,-1],[-3,2],[5,2],[1,-3]],[[71074,27929],[-1,-17],[-19,-6],[20,29],[0,-6]],[[71075,27936],[1,0],[0,-1],[-1,0],[0,1]],[[71041,28022],[-2,1],[1,2],[2,0],[-1,-3]],[[71044,28024],[-1,0],[-1,1],[2,0],[0,-1]],[[71039,28025],[0,1],[1,0],[-1,-1]],[[71036,28031],[1,-4],[-7,7],[2,-1],[4,-2]],[[71077,28107],[0,1],[0,-1]],[[71073,28179],[1,1],[1,-1],[0,-1],[-2,1]],[[70991,28221],[-1,-1],[0,1],[1,0]],[[70986,28222],[4,-1],[-5,-5],[-6,9],[7,-3]],[[70980,28228],[0,-1],[0,1]],[[70992,28227],[0,2],[0,1],[1,-1],[-1,-2]],[[70981,28251],[0,-1],[-1,0],[1,1]],[[71038,28260],[-4,-4],[-10,5],[11,5],[3,-6]],[[70900,28588],[0,-1],[-2,-1],[1,2],[1,0]],[[71008,28728],[-2,-1],[0,1],[1,0],[1,0]],[[70989,28728],[0,1],[2,0],[0,-2],[-2,1]],[[71004,28730],[1,0],[-1,0]],[[70990,28731],[1,0],[-1,-1],[0,1]],[[71008,28731],[0,-1],[-1,1],[1,0]],[[71007,28730],[0,1],[0,-1]],[[71007,28732],[-1,-1],[0,1],[1,0]],[[70987,28732],[0,1],[0,-1]],[[71003,28733],[0,0],[0,0],[0,0],[0,0]],[[71001,28733],[-2,-1],[-1,0],[2,4],[1,-3]],[[71062,28740],[1,0],[0,-1],[-1,0],[0,1]],[[71062,28741],[-1,0],[1,0]],[[71039,28748],[1,5],[3,-3],[0,-1],[-4,-1]],[[71045,28752],[1,0],[0,-1],[-1,0],[0,1]],[[71041,28753],[0,0],[0,0],[0,0],[0,0]],[[71038,28765],[1,1],[0,-1],[-1,0]],[[71101,27948],[-4,0],[6,7],[4,-4],[-6,-3]],[[71091,28101],[-1,-1],[0,2],[1,-1]],[[71100,28105],[0,0],[0,0],[0,0],[0,0]],[[71240,28105],[1,0],[-2,-1],[1,1]],[[71239,28105],[-1,1],[2,1],[0,-2],[-1,0]],[[71083,28110],[0,0],[0,0],[0,0],[0,0]],[[71083,28111],[0,-1],[0,1]],[[71248,28126],[-3,11],[15,1],[-3,-5],[-9,-7]],[[71337,28140],[-19,-2],[-1,3],[11,8],[9,-9]],[[71144,28153],[1,-2],[-1,-1],[-1,3],[1,0]],[[71111,28186],[-1,0],[0,2],[1,-1],[0,-1]],[[71137,28242],[2,4],[3,-2],[0,-1],[-5,-1]],[[71117,28861],[-1,-1],[0,1],[1,0]],[[71120,28861],[-1,-1],[-1,1],[1,0],[1,0]],[[71116,28861],[0,0],[0,0],[0,0],[0,0]],[[71118,28865],[-1,-1],[-1,1],[2,0]],[[71161,28887],[-2,2],[0,1],[2,-2],[0,-1]],[[71197,28888],[-1,1],[1,0],[0,-1]],[[71194,28888],[-1,1],[1,0],[0,-1]],[[71192,28890],[-1,-1],[-1,0],[1,2],[1,-1]],[[71167,28899],[2,-1],[-1,-1],[-1,2]],[[71175,28901],[2,1],[2,-3],[-3,0],[-1,2]],[[71176,28902],[-1,1],[0,1],[2,-1],[-1,-1]],[[71179,28919],[1,-1],[0,-2],[-2,2],[1,1]],[[71191,28924],[-1,0],[1,0]],[[71188,28927],[1,-1],[-1,1]],[[71187,28928],[-2,-1],[-1,3],[3,0],[0,-2]],[[71187,28930],[1,0],[0,-1],[-1,1]],[[71182,28945],[1,0],[0,-1],[-1,1]],[[71182,28945],[0,-1],[0,1]],[[71184,28948],[0,1],[0,1],[1,-2],[-1,0]],[[71183,28950],[1,0],[-1,0]],[[71190,28950],[-2,0],[0,2],[3,0],[-1,-2]],[[71241,29024],[-1,0],[0,1],[1,0],[0,-1]],[[71241,29028],[1,0],[0,-1],[-1,1]],[[71243,29027],[-1,1],[1,0],[0,-1]],[[71242,29028],[0,0],[0,0],[0,0],[0,0]],[[71499,29040],[-4,-6],[-8,13],[7,-6],[5,-1]],[[71528,29065],[-7,-28],[-19,16],[13,24],[13,-12]],[[71302,29065],[1,1],[0,-1],[-1,0]],[[71546,29082],[-1,1],[2,0],[-1,-2],[0,1]],[[71550,29085],[0,2],[3,0],[-1,-1],[-2,-1]],[[71541,29095],[6,-8],[-11,-10],[-5,14],[10,4]],[[71554,29089],[-4,3],[8,0],[-1,-3],[-3,0]],[[71378,29113],[2,1],[1,-3],[-2,-1],[-1,3]],[[71383,29114],[-2,1],[2,2],[1,-2],[-1,-1]],[[71397,29132],[-3,-2],[-1,4],[3,1],[1,-3]],[[72818,29907],[1,0],[-1,-1],[0,1]],[[73015,31082],[-4,2],[-1,2],[8,-4],[-3,0]],[[73027,31086],[-6,-4],[-8,6],[13,0],[1,-2]],[[73040,31087],[2,0],[-2,-1],[0,1]],[[73039,31088],[-2,0],[1,2],[3,-2],[-2,0]],[[73037,31090],[-1,-1],[-5,0],[6,2],[0,-1]],[[73040,31091],[2,1],[0,-2],[-2,0],[0,1]],[[73042,31102],[-2,11],[1,0],[7,-11],[-4,-9],[-2,9]],[[73028,31103],[-53,-4],[0,80],[60,-57],[-7,-19]],[[72971,31185],[0,-2],[-2,-1],[0,1],[2,2]],[[72996,31490],[0,-1],[0,1]],[[72996,31492],[1,1],[0,-3],[-1,2]],[[78476,70209],[-32,21],[-10,42],[1,38],[34,35],[-30,58],[55,42],[19,46],[39,16],[19,41],[-21,24],[5,52],[57,7],[1,29],[56,58],[30,114],[47,40],[-14,29],[75,70],[67,15],[-6,-32],[43,-60],[42,19],[1,35],[22,-34],[38,9],[36,-25],[98,84],[33,139],[85,90],[92,46],[1,49],[87,102],[23,168],[117,154],[33,74],[-59,24],[-33,-16],[14,153],[106,85],[45,109],[34,24],[19,75],[93,55],[34,81],[69,8],[33,143],[58,96],[-9,72],[15,56],[23,42],[142,116],[-19,67],[19,94],[-15,54],[30,61],[25,122],[70,100],[19,77],[105,42],[82,327],[859,244]],[[81378,74115],[94,-162],[129,-138],[33,3],[-15,28],[37,0],[49,36],[150,-71],[79,55],[53,-7],[39,33],[92,-72],[90,-11],[180,-226],[133,-67],[17,-31],[90,-28],[167,-16],[6,41],[65,-27],[83,0],[20,45],[70,24],[65,-20],[54,9],[144,-55],[118,2],[49,-40],[41,38],[101,-21],[195,-1],[69,12],[191,103],[134,25],[65,-6],[156,-61],[208,-18],[59,-36],[266,-79],[47,15],[286,-113],[65,-100],[94,-61],[47,-64],[62,-122],[36,-177],[36,-44],[34,5],[21,-33],[4,-62],[35,-31],[10,-86],[33,-48],[30,-7],[2,-78],[24,-8],[0,-82],[48,-86],[2,-106],[24,-20],[-4,-119],[53,-62],[-25,-119],[54,-133],[1,-173],[22,-40],[33,-2],[-7,-100],[17,-90],[45,-26],[50,-101],[-6,-100],[29,-31],[3,-320],[27,-16],[25,-84],[63,-12],[15,-23],[20,-296],[26,-48],[54,-6],[45,-169],[5,-127]],[[86439,69871],[-22,0],[-31,-36],[-80,-10],[-65,-58],[-89,77],[-32,-18],[-25,-64],[-48,-58],[-55,-15],[-73,27],[-44,81],[-21,-40],[-93,-31],[-125,-1],[-75,83],[-80,52],[-90,10],[-3,22],[-9,-20],[-29,26],[-38,-26],[-107,28],[-80,-42],[-42,14],[-44,68],[-37,-6],[-96,45],[-24,-17],[-24,10],[-65,-59],[-115,-29],[-401,-27],[-47,22],[-27,-12],[-61,20],[-18,67],[-52,27],[-55,88],[-27,-12],[-9,25],[-72,-62],[-74,10],[-235,-31],[-3,85],[-99,28],[-7,43],[49,93],[-7,80],[-52,67],[-120,-69],[-82,41],[-79,-175],[-154,10],[-17,-107],[-52,-134],[11,-125],[96,-47],[16,-66],[69,-34],[19,-173],[-30,4],[-25,-26],[-28,51],[-77,49],[-37,-11],[8,-34],[-58,-210],[-26,-36],[33,-57],[36,-9],[56,-59],[-10,-141],[-82,-77],[-36,5],[-21,-18],[4,-69],[-92,-159],[-172,28],[-69,-145],[-57,38],[-50,82],[80,257],[-86,-8],[-7,132],[-138,143],[-152,-57],[-119,-95],[10,40],[-40,17],[-15,119],[-50,36],[-132,-107],[-154,-42],[-55,-87],[-81,-65],[-73,0],[-70,36],[-5,79],[-37,35],[22,89],[-58,49],[14,49],[-67,12],[-63,-31],[-143,10],[-172,-33],[41,129],[-24,46],[5,198],[-17,43],[39,39],[109,2],[42,45],[13,158],[21,40],[-36,49],[1,33],[44,92],[-2,57],[26,55],[80,49],[30,71],[93,-7],[10,76],[42,65],[38,33],[72,20],[20,58],[41,7],[38,71],[-21,-3],[-19,30],[18,86],[-15,155],[-45,0],[-23,25],[-40,-10],[-21,37],[-48,3],[-42,-75],[-32,-6],[-24,22],[-84,-46],[-41,-49],[-62,3],[-25,-61],[-115,-8],[-30,-84],[-53,-17],[-45,19],[1,-20],[-74,-2],[-8,-33],[-46,3],[-20,24],[-67,-48],[-85,-15],[-19,-24],[-109,5],[-25,27],[-78,-31],[-27,-29],[4,-37],[-50,-43],[31,-13],[-34,-24],[36,-21],[-24,-49],[30,-45],[-120,-5],[-27,-34],[21,-24],[-62,-38],[19,-31],[-22,-31],[6,-22],[-41,-31],[-63,27],[5,-83],[-34,-7],[-55,-55],[-43,-4],[-22,63],[-28,-18],[-1,-35],[-23,-20],[-77,-2],[12,-13],[-26,-35],[16,-59],[-61,-10],[8,41],[-29,41],[-9,-33],[-92,-102],[-5,-41],[-43,-33],[-41,10],[-27,69],[-88,-19],[-29,28],[-85,20],[-50,-12],[-60,-53],[-12,42],[-44,5],[-37,73],[-67,-8],[-6,21],[-22,-5],[-4,47],[-53,71],[-59,-11],[-49,27],[-9,28],[-73,-18],[-10,93],[69,85],[-40,-9],[-64,-59],[-60,38],[-28,-7],[0,-24],[-39,-4]],[[81839,74153],[1,-5],[-2,-1],[-1,6],[2,0]],[[16302,61130],[-406,205]],[[15896,61335],[65,69],[-3,84],[15,14],[37,-19],[74,11],[74,57],[15,49],[135,87],[32,41],[52,-22],[109,76],[81,26],[12,82],[124,121],[34,73],[69,65],[5,115],[-13,46],[-41,40],[13,39],[75,-50],[48,25],[26,-27],[50,18],[25,-43],[52,12],[-14,51],[50,7],[54,-51],[86,9],[69,-22],[110,66],[142,-24],[56,45],[142,-32],[85,-88],[43,-93],[70,-10],[76,-74],[-3,-40],[51,5],[16,-82],[40,-59],[19,-1],[46,52],[31,-9],[14,39],[45,-24],[14,10],[61,132],[33,18],[4,126],[65,10],[19,36],[99,50],[91,-22],[74,-63],[35,-2],[7,-57],[23,-9],[35,2],[21,35],[24,-29],[49,11],[-19,118],[-29,49],[23,78],[-2,139],[15,12],[52,-20],[51,-52],[19,4],[17,35],[58,4],[19,35],[129,100],[84,32],[85,-71],[-2,-62],[46,-90],[-18,-78],[51,-26],[-27,-107],[95,-50],[99,36],[20,19],[-7,41],[31,21],[54,-3],[40,70],[-8,39],[74,41],[-15,38],[27,62],[32,33],[51,-3],[21,56],[39,39],[36,91],[-45,245],[54,129],[-4,80],[52,-1],[52,80],[69,47],[106,20],[84,-88],[120,83],[36,-14],[26,-54],[66,21],[68,-25],[51,17],[20,54],[22,-8],[42,34],[229,4],[273,123],[31,-14],[-37,-117],[33,-42],[102,20],[71,-10],[129,82],[56,4],[17,36],[-36,261],[64,97],[-34,74],[4,85],[27,54],[13,14],[67,-30],[60,45],[88,-13],[-17,57],[42,66],[26,107],[30,22],[11,82],[30,8],[59,-69],[48,87],[3,41],[-50,23],[4,61],[-68,101],[3,22],[71,68],[-6,43],[-76,39],[3,26],[69,57],[3,145],[28,16],[46,-9],[35,68],[54,33],[100,-44],[76,-69],[39,32],[60,129],[53,53],[-58,107],[4,24],[119,103],[52,94],[16,52],[-10,50],[100,134],[1,136],[1672,1],[75,-47],[51,-79],[53,-3],[93,-49],[115,-122],[29,-47],[-14,-13],[27,-74],[-27,-52],[5,-38],[51,-49],[22,-96],[111,-90],[32,1],[36,-40],[16,9],[23,-190],[27,0],[30,-64],[17,-4],[117,115],[74,-83],[136,-32],[24,-57],[-21,-101],[7,-121],[27,-47],[37,-13],[25,-120],[-33,-100],[132,-92],[-26,109],[54,52],[89,-38],[89,0],[26,-119],[-43,0],[-10,-19],[79,-90],[-15,-40],[51,-59],[-14,-55],[66,-159],[60,-19],[53,27],[96,-3],[21,-61],[54,-44],[26,-97],[14,14],[90,-21],[54,10],[24,37],[96,26],[-3,126],[39,62],[-1,82],[17,38],[67,-39],[70,-1],[27,28],[-3,22],[43,29],[5,57],[64,19],[17,-51],[70,7],[96,-44],[2,-79],[52,-107],[51,-10]],[[27476,63948],[89,-53],[43,2],[27,-116],[59,-108],[36,-30],[-47,-51],[-47,-99],[-44,-169],[-55,-129],[0,-100],[80,-164],[-15,-129],[-113,21],[-50,-47],[-63,-3],[-11,-35],[15,-34],[32,8],[1,-89],[-29,-53],[-3,-69],[30,19],[132,-81],[-19,-34],[24,-44],[-14,-46],[-55,-60],[20,-11],[-13,-21],[117,-77],[-53,-35],[50,-46],[30,12],[7,-93],[34,-35],[-18,-94],[16,-24],[42,-11],[-38,-78],[-28,-7],[3,-75],[-60,-52],[-30,-10],[-15,21],[-48,-27],[17,-29],[78,-27],[-35,-123],[50,-21],[-16,-61],[35,-21],[17,-156],[-36,-46],[3,-107],[-35,-40],[24,-12],[-6,-54],[-23,-15],[-32,-111],[-63,-53],[13,-50],[-52,-193],[12,-20],[80,-28],[2,-51],[17,-12],[-47,-25],[-11,-71],[14,-61],[61,-107],[-19,-19],[42,-61],[39,-6],[10,-41],[22,-9],[11,-92],[56,-39],[-10,-34],[32,-4],[-42,-174],[3,-108],[29,-29],[-31,-72],[9,-98],[-30,-57],[24,-34],[-6,-67],[-29,-22],[-11,-53],[60,-42],[-35,-56],[16,-19],[16,-137],[-33,-4],[-20,44],[-29,-30],[16,-38],[-20,-35],[6,-38],[-29,-23],[-8,-99],[16,-19],[-11,-33],[22,-7],[-11,-108],[-18,-19],[-6,-56],[-37,4],[-7,-22],[2415,-10],[49,-69],[-19,-65],[37,12],[35,-15],[-1,-62],[23,-5],[28,-62],[40,-1],[56,-38],[14,67],[-9,7],[-6,10],[0,5],[31,-22],[74,66],[42,-18],[3,-70],[22,-19],[71,10],[79,-48],[26,-1],[31,38],[40,9],[38,-26],[66,8],[36,-21],[27,36],[38,-73],[65,20],[25,-34],[23,37],[45,-23],[26,23],[16,-15],[-7,-45],[-21,4],[10,-23],[-29,-11],[39,-72],[36,-24],[-38,-38],[-2,-76],[31,-50],[19,-107],[70,-40],[24,-72],[-17,-36],[11,-75],[-14,-87],[-58,-53],[-53,-8],[-20,-77],[-76,-71],[-26,10],[10,-32],[-58,-58],[-10,-35],[-65,-48],[-9,15],[-7,-20],[15,-14],[-25,1],[15,-21],[-22,-4],[16,-21],[-44,-5],[10,-71],[-26,-248],[20,-26],[-9,-18],[20,-50],[-11,-27],[21,-34],[-14,-20],[18,0],[-16,-32],[28,-17],[-20,-8],[20,-40],[-17,-2],[9,-28],[-21,-25],[17,11],[11,-60],[8,15],[5,-22],[16,8],[14,-69],[36,-25],[107,5],[59,-48],[-7,-45],[19,-36],[-15,-42],[35,-26],[2,-49],[-21,-5],[29,-41],[-28,-57],[22,-8],[16,-61],[73,-57],[65,-99],[-1,-137],[-23,-40],[41,-152],[261,-244],[-41,-13],[-58,-84],[1,-29],[-53,-89],[-4,-109],[-119,-88],[4,-89],[-73,-111],[-41,-50],[-55,-28],[-20,46],[-48,-1],[0,-27],[-57,-40],[-36,-59],[-1,-51],[-43,-24],[-2,-59],[23,-25],[-43,-76],[36,-135],[-21,-7],[6,-56],[-38,-108],[3,-94],[-53,-77],[-26,-103],[-51,-27],[-24,16],[-85,-18],[-54,-92],[-4,-52],[-57,-29],[-59,-99],[-34,-9],[6,-141],[26,-24],[-78,-86],[-10,-54],[-44,-79],[6,-58],[-30,-49],[-28,-2],[0,-48],[-29,-21],[7,-22],[-26,-41],[16,-20],[-5,-67],[-25,-43],[17,-86],[-20,-30],[-7,-74],[-61,-32],[-45,-68],[-74,-2],[-101,-37],[-46,-37],[-3,-47],[-24,0],[-10,-31],[-65,-43],[-120,-17],[-20,-63],[-10,9],[-90,-83],[-10,-61],[-25,-29],[11,-15],[-44,-41],[17,-27]],[[29412,51405],[-134,22],[-10,59],[-79,15],[-42,66],[-103,21],[-101,135],[-9,30],[19,27],[-15,15],[-62,-29],[-47,38],[-74,-34],[-15,57],[33,1],[-25,55],[46,15],[-59,33],[-71,7],[-9,-27],[34,-14],[-55,-28],[-7,25],[-69,25],[-26,-101],[-43,30],[-31,-23],[3,43],[-20,-18],[1,-33],[-21,38],[-58,8],[-3,16],[3,-51],[-26,-22],[-30,28],[-57,1],[-32,74],[-71,-24],[-36,71],[-20,-11],[-2,-54],[-66,-6],[-32,-40],[-87,4],[-33,-22],[-1,-30],[-143,-39],[-85,18],[-107,77],[-35,-1],[-15,22],[5,54],[-69,-59],[-18,1],[-16,38],[1,-46],[-49,20],[-14,-31],[-39,35],[-38,-10],[-22,22],[5,-19],[-21,-19],[-70,-9],[9,-20],[-60,6],[1,-42],[-43,59],[-16,-49],[-74,24],[13,-33],[-21,17],[-45,-39],[2,56],[-28,-29],[-18,7],[-49,98],[0,104],[-22,66],[-47,-7],[-58,66],[-16,-19],[-51,24],[19,38],[-33,8],[13,35],[-59,29],[8,-20],[-14,0],[-30,48],[1,56],[-42,-8],[-54,56],[0,60],[-32,-20],[-28,15],[-2,21],[-64,54],[11,107],[-16,153],[-28,28],[-47,-38],[-2,31],[-41,44],[-2,52],[-25,-10],[7,-65],[-28,-28],[-20,9],[-2,66],[-31,34],[-32,-26],[-31,11],[-6,-71],[-41,-3],[0,-18],[-27,18],[10,-25],[-33,39],[-27,-25],[-39,41],[-10,-45],[-20,31],[-23,-26],[8,25],[-18,8],[-14,-16],[-46,7],[-22,25],[-21,-10],[-17,55],[-32,-38],[-45,67],[-6,55],[-45,-16],[7,57],[-40,-37],[-3,48],[-14,6],[-7,-46],[-43,-19],[-47,46],[-39,-26],[-150,81],[-11,45],[31,27],[-65,-1],[-5,67],[-46,2],[16,38],[-13,23],[-53,-65],[-43,-4],[-9,-27],[-59,4],[-9,-50],[-39,56],[-21,-46],[-51,19],[-61,106],[2,71],[-38,17],[-51,-38],[-9,20],[15,35],[-60,43],[-50,85],[-2,51],[-61,42],[-36,-5],[-22,-40],[-26,29],[-38,-32],[-15,40],[-58,16],[2,69],[-28,14],[2,40],[-30,24],[-30,102],[-24,31],[-51,12],[1,52],[41,25],[2,19],[-80,10],[13,68],[16,2],[-19,55],[-49,24],[-20,-38],[-50,4],[-37,61],[-12,-74],[-57,50],[-8,-20],[17,-41],[-18,-27],[-108,-10],[33,-55],[-12,-18],[-136,21],[-109,66],[-60,-5],[-32,26],[-49,96],[-63,7],[-2,20],[32,10],[-27,31],[4,50],[-143,-7],[-56,55],[-52,95],[-140,60],[-18,32],[-113,24],[-41,36],[-94,27],[-67,-9],[-49,37],[-37,-50],[-34,1],[-35,-42],[-118,41],[-30,-89],[0,-61],[-115,-66],[-95,73],[-30,-38],[-24,25],[-44,-18],[-44,62],[-49,-26],[-23,44],[-67,-56],[0,51],[-25,24],[-22,-13],[-18,-71],[-28,-13],[-21,27],[3,96],[-53,-16],[-75,45],[-123,-123],[-28,32],[17,56],[-8,28],[-145,-2],[-125,44],[-97,139],[-87,51],[-28,41],[43,146],[-34,177],[-98,-43],[-55,70],[-87,0],[-181,69],[-33,37],[-10,50],[8,78],[36,59],[-26,34],[-65,-33],[5,-99],[-30,-48],[-42,35],[20,106],[-63,43],[-34,-5],[-40,-80],[-24,-7],[-22,69],[65,62],[8,41],[-38,87],[-29,25],[-94,-7],[-77,-38],[-70,89],[-39,-17],[-20,-48],[-56,65],[-70,-4],[-7,24],[21,38],[-31,1],[-5,23],[32,40],[27,122],[-24,25],[-75,15],[-24,35],[25,201],[-63,208],[-26,9],[-63,-37],[-121,-3],[-7,-18],[28,-57],[-26,-15],[-131,78],[-36,50],[94,140],[-30,87],[15,49],[-22,63],[46,68],[5,45],[-29,36],[-165,31],[-22,27],[-58,355],[14,38],[70,13],[13,28],[-15,21],[-87,7],[-21,27],[-31,132],[1,72],[26,31],[54,-1],[13,37],[-15,27],[-54,-3],[-31,109],[16,47],[44,43],[116,53],[8,66],[-45,81],[112,119],[-78,149],[5,22],[37,-7],[-22,134],[-97,120],[-103,67],[3,42],[34,-2],[12,29],[-3,225],[-27,62],[-38,28],[-58,6],[-33,60],[43,96],[-17,76],[-34,49],[21,66],[-42,71],[14,43],[41,1],[32,42],[25,99],[-28,88],[155,197],[24,101],[49,98],[-40,141],[14,164],[-42,55],[-22,66],[21,135],[-30,150],[27,94],[67,88],[11,67],[-76,79],[-17,89],[-79,175],[-69,66],[-113,43],[10,-44],[-12,-28],[-55,-42],[-33,15],[8,-51],[-40,-6],[-2,-143],[-26,-19],[-40,31],[-17,-54],[-55,-21],[25,-64],[-11,-24],[-27,17],[-59,-10],[-10,46],[-58,-33],[-14,77],[-34,-24],[-10,22],[21,35],[-35,1],[-20,32],[-45,-48],[-1,-33],[-46,14],[23,49],[-18,57],[59,-4],[-7,47],[-98,-27],[-34,-58],[-63,62],[14,47],[-12,14],[-18,-19],[10,-65],[-18,-49],[-24,-14],[-25,9],[-16,40],[29,41],[-17,-15],[-26,18],[-3,-28],[-51,-44],[5,-16],[-43,-14],[-25,16],[23,54],[-21,37],[-33,2],[-40,-36],[-39,36],[-2,-29],[-25,-13],[-21,23],[-64,-40],[-4,-57],[23,-12],[-38,3],[-1,-19],[-38,17],[-3,20],[-54,-46],[-24,64],[-80,8],[-35,-15],[19,-15],[-34,-46],[-16,18],[2,57],[-51,-17],[-66,14],[-44,-19],[-8,-26],[-42,-8],[-3,-21],[24,-20],[-22,6],[3,-22],[-21,-15],[-75,51],[-9,-32],[-15,16],[-15,-32],[-43,-4],[-11,16],[-14,-41],[-42,24],[-7,-13],[-17,23],[-77,-24],[-20,-65],[-99,5],[-40,-59],[2,-20],[20,3],[-17,-11],[-27,10],[16,53],[-24,19],[-54,-20],[9,-15],[-55,29],[-31,-41],[-12,23],[-61,-30],[-35,25],[-12,-29],[-28,20],[-1,-22],[-27,-1],[-18,-41],[-59,28],[-39,-8]],[[23513,92164],[-23,42],[33,36],[15,71],[-17,51],[17,30],[-15,37],[14,27],[-34,37],[0,39],[47,77],[-22,17],[-17,86],[-62,9],[-29,60],[-47,-27],[-15,-65],[-50,-40],[-36,83],[-17,-16],[1,22],[-14,2],[-10,-27],[-44,-14],[-63,17],[-18,-16],[-1,66],[-26,-29],[-12,29],[-43,23],[-92,-42],[-27,18],[-17,-19],[-64,7],[-19,40],[-23,4],[-38,-39],[-31,25],[-36,-33],[-23,15],[-19,-13],[-14,29],[-53,26],[0,20],[-34,13],[-10,27],[-41,-1],[-20,24],[-104,-76],[-76,15],[-21,-39],[-9,17],[-34,-8],[-13,36],[-34,-22],[-70,40],[-23,-44],[-30,22],[-23,60],[-39,12],[33,71],[1,127],[38,-1],[1,37],[38,33],[4,57],[48,54],[0,101],[-48,48],[47,25],[-3,43],[-34,14],[-3,56],[17,22],[-44,20],[-7,111],[-50,25],[-29,82],[-53,37],[29,40],[-24,29],[15,55],[-47,20],[-15,46],[-20,11],[1,64],[-67,33],[-51,-19],[31,66],[-3,72],[-67,32],[7,37],[-97,64],[1,60],[-26,61],[26,43],[83,27],[26,95],[29,29],[-4,81],[47,70],[44,16],[-14,34],[19,110],[-42,28],[2,46],[-27,-5],[-6,46],[58,61],[11,46],[-28,65],[25,57],[-22,9],[-12,40],[-18,-9],[-18,26],[-20,-8],[-7,29],[-34,2],[-1,47],[-33,4],[42,37],[4,46],[-32,35],[-5,35],[-23,-11],[-1,58],[-49,20],[-10,55],[-26,2],[-24,-30],[33,65],[-24,39],[-14,7],[-31,-33],[-64,8],[-34,39],[15,36],[-36,79],[-36,-15],[-65,100],[-44,19],[-18,30],[-33,3],[-15,28],[-55,-14],[-41,25],[-38,123],[-25,-26],[-37,14],[7,23],[-59,49],[10,18],[-29,45],[-70,56],[33,65],[-83,35],[7,23],[-22,35],[-100,40],[-14,45],[-55,-11],[-19,56],[-46,-14],[-11,51],[-21,15],[-43,-26],[-28,59],[-56,20],[23,20],[-23,33],[11,90],[-28,38],[6,44],[-16,31],[-27,-2],[-12,39],[21,39],[-28,12],[2,32],[-38,-14],[-12,64],[16,22],[-14,12],[45,60],[-14,31],[43,21],[5,37],[78,-44],[50,7],[13,-71],[38,-46],[3,-52],[44,-17],[1,-30],[21,-4],[36,-68],[33,-24],[20,9],[19,-111],[86,-17],[13,17],[48,-37],[97,46],[40,-33],[32,15],[-7,53],[36,19],[78,-62],[39,72],[24,-26],[69,0],[0,25],[41,-15],[47,23],[9,-32],[15,9],[44,-38],[32,99],[71,-31],[-27,-34],[58,-44],[63,8],[96,-71],[66,7],[24,26],[33,-91],[34,-7],[21,-68],[52,-55],[43,-115],[19,-22],[21,25],[36,-14],[51,-173],[44,-15],[22,-73],[107,164],[25,13],[22,-25],[25,15],[9,-15],[46,47],[133,-35],[87,23],[39,-21],[16,-52],[156,-11],[20,75],[43,44],[-7,64],[121,-164],[-21,-32],[84,-44],[16,-61],[28,4],[18,-27],[59,-14],[10,-23],[-13,62],[45,51],[46,-33],[1,-27],[26,-6],[33,32],[-1,38],[48,40],[-6,84],[-31,7],[-43,47],[57,54],[74,6],[129,-67],[67,-81],[45,12],[70,-4],[32,-25],[43,7],[-35,-98],[17,-46],[-3,-72],[53,-50],[37,8],[43,-30],[94,-1],[56,-27],[24,-62],[29,0],[8,-50],[28,-25],[-14,-101],[-25,-16],[9,-21],[89,-41],[12,-48],[80,-86],[89,-19],[65,100],[1,64],[30,-11],[41,21],[41,61],[43,26],[31,62],[88,-31],[30,-68],[88,-62],[1,35],[29,43],[-21,159],[30,96],[-105,80],[39,27],[0,31],[-72,92],[12,101],[47,20],[34,78],[-33,32],[-13,58],[40,38],[-1,31],[37,15],[68,-23],[50,21],[42,-11],[38,40],[30,-25],[49,9],[76,-76],[38,5],[-11,56],[31,18],[21,-12],[12,23],[-22,34],[7,42],[-37,1],[19,85],[31,0],[-17,27],[8,33],[62,-14],[12,41],[41,-30],[35,4],[30,57],[-20,16],[6,36],[29,-10],[33,23],[105,-15],[46,-37],[9,21],[61,-87],[94,10],[35,-31],[65,-7],[13,-26],[98,-8],[22,-45],[95,-53],[76,42],[-12,67],[28,-6],[12,31],[58,-10],[6,84],[48,-13],[35,18],[16,-17],[84,70],[123,-159],[23,58],[-4,47],[58,9],[51,-31],[15,68],[68,-41],[43,16],[-10,83],[26,5],[21,63],[69,6],[6,21],[-20,30],[85,23],[20,28],[13,-4],[-5,-56],[49,28],[50,-4],[17,25],[56,-11],[20,-54],[65,59],[40,-45],[71,23],[59,87],[22,4],[-12,21],[46,62],[-31,15],[-9,33],[26,28],[-22,50],[24,95],[57,13],[76,71],[35,-15],[-11,-23],[43,23],[38,-22],[68,7],[63,-25],[55,32],[-11,28],[36,47],[46,-8],[19,47],[-24,6],[-45,66],[-27,1],[-12,33],[13,46],[83,9],[21,-26],[35,26],[15,-31],[17,20],[53,-29],[7,29],[36,-44],[32,11],[38,-51],[40,-11],[14,-41],[44,66],[73,45],[210,-20],[29,70],[60,6],[2,94],[57,6],[-16,47],[12,47],[-41,57],[9,32],[62,20],[39,135],[56,-1],[57,-33],[33,63],[46,2],[17,50],[97,27],[29,-12],[25,42],[41,19],[-13,29],[23,30],[96,74],[0,31],[28,20],[8,34],[16,-1],[-10,58],[59,10],[23,56],[61,56],[-5,42],[21,26],[-28,98],[-48,30],[14,73],[-38,2],[-43,49],[10,138],[-34,4],[-4,104],[-65,102],[-109,22],[31,48],[38,-5],[57,36],[36,-17],[32,11],[51,-46],[83,11],[11,-47],[78,-28],[53,42],[73,-24],[49,11],[9,-16],[28,27],[10,-56],[23,-11],[47,31],[13,58],[14,-11],[52,29],[42,-42],[105,2],[35,61],[46,1],[41,58],[42,2],[55,47],[39,-9],[19,-82],[47,-23],[120,71],[37,-24],[-37,3],[-16,-46],[53,-77],[1,-75],[26,-77],[50,4],[40,-80],[19,10],[45,-55],[90,-26],[14,-40],[-17,-26],[1,-87],[-18,-2],[-9,-44],[1,-131],[-53,-271],[-27,-33],[-6,-35],[13,-15],[-27,-27],[-3,-30],[32,-20],[-9,-99],[-32,-48],[32,-48],[-111,-130],[11,-98],[-58,-33],[-60,2],[-17,-23],[18,-47],[-39,3],[11,-35],[-32,28],[-15,-7],[-9,-41],[16,-26],[-16,-75],[52,-8],[44,-33],[38,18],[-7,47],[34,16],[5,-42],[21,19],[27,-9],[-13,-71],[117,-10],[33,15],[66,-38],[5,74],[77,-25],[23,-24],[-12,-23],[43,-7],[-10,-30],[21,-18],[17,48],[43,-9],[9,31],[28,-40],[-20,-25],[21,-23],[66,14],[4,-19],[40,-11],[19,53],[19,-4],[3,-46],[25,6],[3,-26],[33,-6],[27,-46],[40,12],[34,-36],[1,-31],[59,-47],[21,14],[32,-24],[-30,-30],[10,-59],[-57,-58],[2,-29],[-32,-11],[-32,-45],[3,-40],[26,12],[21,-15],[-66,-88],[4,-62],[24,-50],[-8,-24],[104,-88],[75,-1],[70,-35],[-79,-162],[27,-6],[29,-39],[24,2],[-4,-36],[41,-24],[0,-35],[-27,5],[14,-27],[28,28],[-5,-44],[23,-18],[14,19],[18,-37],[-32,-28],[5,-18],[40,-12],[20,37],[28,1],[3,-18],[37,-8],[24,-59],[-24,-19],[-1,-36],[-27,21],[-13,-30],[-41,-3],[-9,-75],[-22,30],[4,-32],[-40,-12],[0,-64],[18,-7],[-3,-57],[21,-8],[-1,-38],[-16,17],[-29,-22],[5,-53],[-30,26],[-43,-52],[1,38],[-25,-37],[-57,-8],[-7,-41],[-25,-22],[36,-58],[-18,-17],[20,-28],[-13,-35],[-42,-8],[-8,-27],[-30,-1],[-28,-33],[-7,-26],[-70,-34],[-16,-50],[-21,-3],[9,-15],[-52,-24],[-61,9],[-1,-26],[-76,-14],[-18,-62],[-19,-8],[19,-15],[-31,-20],[67,-28],[14,-71],[45,-17],[28,-36],[2,-33],[-55,-29],[27,-4],[11,-23],[-31,5],[-39,-112],[15,-16],[53,14],[-25,-37],[40,-133],[-13,-23],[-53,2],[14,-56],[-56,-71],[-13,-64],[-29,-2],[-21,-49],[6,-32],[-20,-11],[29,-43],[-74,-32],[-10,-55],[28,-95],[-47,-17],[32,-10],[-28,-28],[24,-20],[1,-30],[-16,-5],[-12,30],[-6,-36],[-14,6],[-22,-28],[4,-29],[-40,-16],[10,-103],[-24,-65],[34,-43],[-40,-93],[10,-29],[-52,-58],[-6,-54],[19,-31],[-26,-36],[16,-32],[-24,-214],[4,-261],[39,-45],[-8,-68],[44,-79],[-22,-4],[-11,-33],[65,-28],[31,-38],[-20,-43],[44,-68],[-5,-47],[52,-68],[-8,-114],[21,-31],[-15,-2],[4,-41],[-29,-48],[23,-69],[38,-25],[22,21],[39,-74],[24,-7],[-2,-21],[34,21],[93,-117],[38,30],[43,-19],[22,13],[38,-42],[-14,-30],[22,-70],[-23,-16],[9,-62],[-35,-115],[5,-40],[32,-37],[8,-74],[-33,-37],[-14,-52],[29,-98],[20,-8],[-34,-37],[6,-72],[-17,-22],[5,-72],[-28,-106],[56,-84],[-26,-36],[19,-42],[58,21],[20,-21],[49,-5],[19,71],[-3,-22],[32,-40],[-22,-54],[14,-19],[-58,-25],[-25,-128],[53,-6],[8,-46],[14,17],[54,-5],[32,-67],[116,52],[21,-30],[42,-6],[59,-138],[28,25],[13,-10],[-8,-51],[28,-65],[38,-28],[47,0],[18,-60],[24,-18],[-9,-58],[38,-33],[35,10],[1,-42],[40,-52],[-11,-30],[47,6],[3,-14],[6,34],[64,-6],[17,-83],[-13,-49],[56,8],[36,-32],[-5,-37],[31,-53],[-19,-26],[68,-52],[102,-42],[26,18],[44,-50],[31,2],[36,-34],[30,16],[33,-25],[63,10],[19,-37],[47,6],[23,-34],[57,23],[28,-20],[31,13],[35,-67],[39,31],[97,6],[-13,-67],[54,-28],[26,-44],[-44,-29],[-10,-32],[37,-22]],[[33430,89648],[0,-2476]],[[33430,87172],[-2531,0],[-47,-258],[-74,-63],[-40,-8],[-51,-81],[35,-57],[-31,-40],[5,-44],[-23,-8],[16,-45],[-54,-29],[-27,-52],[-45,-13],[10,-11],[-59,-67],[12,-3],[-16,-16],[6,-44],[-63,-124],[26,-24],[-11,-18],[25,-34],[-36,-10],[-39,-79],[-30,0],[8,-40],[-28,-2],[-8,-44],[-24,-15],[-11,25],[-14,-10],[20,-38],[-5,-63],[-30,-37],[39,-78],[-24,-17],[0,-61],[-46,-20],[10,-65],[-16,-58],[-23,-3],[-33,-64],[20,-28],[-5,-45],[-83,-61],[-11,-95],[-39,-49],[18,-19],[5,-69],[25,-6],[16,-46],[-27,-11],[16,-36],[30,17],[32,-91],[85,-49],[-8,-39],[30,-38],[-14,-40],[20,-21],[-11,-53],[-87,-74],[-22,15],[-15,-24],[-22,29],[-23,-18],[-3,-38],[-26,15],[-47,-22],[-18,-38],[-108,25],[-51,-49],[17,-25],[-7,-54],[-56,-37],[35,-38],[-74,-74],[-44,18],[-4,30],[-63,20],[-21,-59],[-55,37],[2,-29],[-29,4],[-12,-32],[-28,4],[-37,-40],[-6,42],[-31,16],[-28,-10],[-33,27],[-53,-19],[16,34],[-74,-26],[-17,159],[29,25],[-70,22],[38,68],[-78,41],[-2,118],[-106,20],[-15,104],[-22,19],[-52,-14],[-54,60],[5,20],[-23,18],[14,68],[-21,74],[-117,-30],[-87,27],[-17,22],[-58,-3],[-30,78],[-60,37],[-46,-20],[-34,25],[-55,-3],[-23,-46],[-121,42],[-13,-44],[18,-31],[-29,-84],[-96,-35],[-54,2],[-60,-58],[-68,1],[-105,-81],[-59,-12],[3,-53],[-73,-16],[-43,-145],[-57,-64],[-44,-18],[-18,-38],[-23,-104],[1,-75],[22,-38],[-41,-43],[10,-63],[-45,-37],[-22,-84],[16,-46],[-9,-73],[63,0],[19,-24],[-3,-28],[-35,-20],[34,-47],[3,-83],[-7,-22],[-70,-24],[26,-51],[-30,-28],[30,-47],[-34,-70],[23,-67],[-36,-30],[-47,-149],[3,-56],[-48,-70],[38,-17],[58,-78],[7,-38],[-82,-106],[36,-32],[47,-6],[17,-49],[79,-12],[49,-177],[95,-65],[0,-112],[-21,-23],[-137,141],[-90,157],[-87,66],[-367,153],[-81,-59],[-155,17],[-27,119],[-91,133],[-37,139],[-47,67],[-53,166],[-44,65],[-67,68],[-84,8],[-41,52],[16,41],[-32,59],[-39,0],[-64,81],[-62,14],[-8,45],[-53,24],[-70,-6],[-29,61],[-31,21],[-17,-11],[-42,45],[-9,42],[-26,-4],[-62,104],[-18,-6],[-25,29],[14,18],[-24,40],[10,18],[-40,19],[-4,22],[-104,47],[-12,-20],[-29,21],[-9,33],[-34,-16],[-45,35],[-20,58],[34,21],[-30,93],[29,27],[19,57],[37,-25],[18,16],[77,-12],[53,-84],[47,50],[20,-17],[35,19],[-31,34],[3,54],[36,-19],[24,25],[2,-19],[34,51],[33,-14],[41,28],[8,65],[-27,19],[24,42],[-48,58],[13,42],[-26,38],[19,6],[2,31],[20,2],[-16,55],[23,0],[25,38],[2,55],[38,6],[-29,67],[21,-17],[18,38],[13,-15],[27,21],[6,32],[36,-2],[10,43],[21,7],[-5,36],[28,2],[-15,49],[31,21],[0,63],[16,23],[-72,51],[-25,-25],[-38,49],[11,15],[-23,53],[36,46],[-30,10],[-5,90],[22,18],[3,91],[-80,53],[-36,77],[-57,60],[17,24],[-21,24],[15,22],[-29,12],[-6,24],[23,-7],[16,27],[-17,10],[-35,166],[-65,88],[-96,49],[-28,58],[-15,194],[-54,87],[-3,93],[-31,83],[21,96],[-18,50],[45,118],[-21,34],[-6,65],[-59,94],[-53,-35],[-21,8],[-32,167],[33,192],[-44,234],[11,67],[72,120],[95,95],[-18,113],[-45,74],[34,151],[62,106],[-6,47],[-71,131],[13,150],[-109,-7],[-45,72],[-30,162],[-94,295],[-11,91],[-40,95],[0,105],[-34,72],[-189,145],[-22,29],[-12,77],[-153,158],[27,113],[154,197],[-16,271],[59,143],[2,154],[-58,68],[-185,80],[-56,63],[-244,38],[-71,-34],[-96,-8],[-66,36],[-147,173],[-58,197],[-106,21],[-182,-69],[-77,27],[-135,119]],[[53773,11342],[-440,-680],[-312,-634],[-233,-585],[-324,-963],[-80,-177],[-946,-1535],[-248,-299],[-357,-341],[-492,-549],[-491,-404],[-585,-354],[-221,-156],[-267,-257],[-238,-283],[-14,-47],[-2,-1],[9,42],[-36,25],[35,-9],[-26,26],[91,129],[24,104],[-33,143],[86,36],[23,56],[-23,58],[-148,144],[-36,77],[79,51],[96,0],[246,-135],[112,-1],[106,66],[11,73],[27,0],[11,17],[-13,10],[-6,-22],[-98,28],[85,35],[241,16],[83,44],[127,129],[202,317],[71,64],[12,-61],[77,-87],[-60,145],[31,102],[-35,-69],[52,128],[39,41],[27,-66],[110,-46],[142,67],[72,59],[155,217],[75,247],[7,164],[-52,288],[9,117],[20,44],[42,-64],[100,-30],[122,97],[151,52],[52,81],[10,70],[-31,221],[104,-27],[54,18],[85,87],[74,34],[9,30],[166,73],[94,169],[27,101],[23,250],[-37,431],[-73,169],[23,57],[44,18],[113,-127],[15,22],[38,-14],[-31,34],[17,29],[-12,68],[24,33],[9,-73],[62,-112],[-127,-34],[-9,-75],[96,-109],[63,-12],[18,22],[22,113],[-7,107],[53,137],[-26,65],[28,44],[11,66],[-11,56],[-67,24],[-52,123],[-46,-14],[-60,21],[-32,-20],[-22,-141],[31,-75],[-41,-32],[-107,-7],[-93,21],[-19,-14],[-2,21],[-26,9],[-18,-106],[9,-18],[11,23],[23,-20],[-52,-16],[-104,45],[-157,-14],[-44,-75],[-10,-99],[26,-101],[62,-22],[-38,4],[-214,131],[-94,-6],[-9,16],[27,11],[14,38],[-61,29],[82,55],[4,17],[-23,5],[32,10],[13,63],[-24,57],[-39,17],[-36,-22],[-2,60],[-54,31],[-37,-6],[17,-36],[-10,-7],[-14,30],[-40,2],[-20,-31],[7,-25],[-58,19],[10,55],[-84,7],[34,50],[-49,21],[2,42],[-110,18],[47,25],[-13,34],[17,46],[-45,52],[-33,6],[5,32],[-5,-5],[-9,8],[14,0],[-20,15],[38,29],[37,111],[-19,35],[-19,0],[-12,-32],[-33,-30],[26,66],[-44,-11],[25,55],[-21,14],[-11,-28],[-17,51],[-20,-1],[-11,-64],[26,-52],[-20,13],[5,-22],[-28,-55],[12,-55],[-18,-85],[20,-19],[-33,-36],[-9,-46],[37,-38],[-49,-125],[29,0],[10,-25],[44,22],[-5,-40],[47,-6],[-54,-26],[6,-111],[84,-7],[24,-24],[-2,-35],[30,47],[51,32],[8,-110],[48,-108],[16,-9],[109,69],[56,7],[19,-15],[0,-49],[-20,14],[-39,-53],[6,-30],[-74,-235],[-8,18],[45,145],[-37,58],[-100,16],[-68,-39],[-37,-50],[-75,-174],[-54,-200],[20,-418],[29,-128],[-20,-41],[-19,3],[30,24],[-4,25],[-71,30],[-27,18],[57,-15],[26,35],[-13,101],[-37,70],[-3,143],[-67,43],[-52,-12],[-32,-39],[-39,-207],[-2,-130],[31,-147],[48,-87],[-47,-15],[-130,20],[-86,-71],[-29,-75],[2,-111],[27,-121],[48,-116],[53,-59],[-213,-69],[-27,7],[-38,-42],[-112,-28],[-48,-106],[-9,-77],[20,-114],[34,-35],[-208,9],[-97,-53],[-83,31],[-87,-83],[-48,-76],[-5,52],[-31,58],[-25,-55],[9,-25],[-76,37],[-39,-23],[17,-33],[-57,-19],[-25,-35],[-5,-44],[32,-12],[-72,-23],[-46,-146],[-37,-255],[17,-189],[-45,-201],[-12,-9],[-75,48],[-128,-33],[-145,-83],[-73,-75],[15,-81],[-12,-19],[25,-43],[-40,-4],[19,-26],[-7,-74],[-34,25],[-31,-16],[9,-72],[46,-58],[5,28],[-20,16],[36,16],[69,-74],[116,-48],[50,-57],[5,-13],[1,-9],[-20,18],[-52,-18],[7,31],[-19,28],[-13,-17],[12,-41],[-35,18],[-18,-24],[-24,7],[-7,-35],[-69,10],[-44,-65],[10,-88],[-24,-24],[-15,-63],[55,44],[56,-8],[14,30],[-22,43],[28,15],[-6,32],[19,27],[138,2],[-6,20],[8,9],[-21,15],[-15,14],[22,4],[-3,-19],[26,-12],[-11,-30],[35,-1],[27,-34],[0,-32],[-139,-53],[-79,-1],[-14,-29],[16,-51],[-32,-3],[-12,-31],[-37,6],[-19,-26],[54,-11],[19,35],[8,-13],[71,51],[78,26],[59,54],[88,-13],[13,-42],[-5,-11],[-20,48],[9,-53],[-27,7],[-10,-22],[3,16],[-34,15],[-72,-30],[-31,-36],[-18,-63],[-3,-40],[19,-12],[102,125],[39,17],[-43,-112],[17,-146],[-97,-45],[-186,-184],[-190,-301],[-127,-290],[-95,-283],[-104,-452],[-66,-211],[-302,-649],[-197,-292],[-172,-198],[-832,-775],[-451,-374],[-57,-19],[-79,30],[-19,118],[-205,12],[17,37],[-24,64],[21,61],[-23,31],[10,32],[7,-41],[36,37],[1,169],[9,14],[6,-26],[62,-19],[-20,-17],[31,-21],[61,149],[-2,-27],[17,-1],[11,59],[15,170],[-96,427],[69,197],[5,67],[55,126],[-25,-70],[1,-54],[43,-5],[115,141],[69,124],[5,-25],[-18,-1],[-8,-35],[23,-34],[92,-44],[33,1],[47,84],[102,117],[68,116],[22,80],[-9,208],[38,168],[39,34],[50,-72],[69,-30],[161,186],[-9,-93],[85,-114],[153,-143],[105,-41],[86,8],[69,35],[103,127],[263,587],[56,222],[-1,65],[-52,160],[-182,346],[80,256],[74,163],[-116,-48],[-58,23],[-59,-2],[-10,-9],[26,-28],[30,28],[22,-17],[-48,-16],[-46,17],[6,-15],[-22,-5],[-9,-10],[30,7],[-9,-21],[34,-11],[-13,-33],[2,28],[-40,-8],[-43,-26],[-15,-21],[30,16],[1,-25],[19,20],[32,-22],[17,18],[-28,3],[14,12],[17,-9],[2,-14],[-26,-24],[-31,23],[-50,-49],[-17,-100],[-28,-7],[19,-19],[-16,-4],[-25,-95],[-15,-7],[29,-35],[-38,22],[-6,-35],[26,-36],[41,28],[31,-25],[-60,-18],[29,-49],[39,28],[2,39],[105,-44],[2,-30],[-32,-45],[-143,-123],[-260,-53],[-110,-61],[-41,-49],[-29,-223],[-42,-39],[-111,-24],[-32,-92],[-97,51],[-85,-26],[-22,-26],[-29,40],[-105,34],[-28,68],[-49,-5],[-15,-35],[-23,-6],[-98,92],[-50,-14],[-31,53],[-45,-42],[-70,72],[-24,-17],[-55,109],[-16,97],[-80,9],[-36,-21],[-8,21],[-13,-20],[-38,25],[6,16],[-32,-1],[-132,145],[1,47],[-68,36],[26,87],[-22,65],[-31,21],[22,12],[10,40],[-28,15],[-4,33],[-45,49],[3,53],[-38,85],[-24,-6],[-16,21],[19,27],[-25,1],[3,28],[-24,9],[13,53],[-39,3],[21,30],[-41,63],[10,39],[18,-15],[14,26],[-44,11],[-1,35],[-125,17],[-27,31],[-29,0],[-17,47],[-16,3],[10,16],[-33,10],[7,74],[-32,20],[-17,-16],[-44,9],[-48,77],[-105,26],[-27,39],[25,26],[-18,32],[-77,8],[-63,49],[-46,-25],[-31,-45],[-21,4],[-21,-36],[-31,18],[-22,51],[-67,34],[-9,34],[-690,589],[6,56],[-29,43],[32,36],[-27,29],[-10,-12],[-9,57],[-46,31],[8,18],[-57,105],[-136,74],[-21,64],[-185,6],[-64,46],[-44,-6],[-13,23],[-60,13],[-83,-27],[-34,15],[-70,-33],[-56,62],[8,25],[-45,25],[-17,54],[-30,2],[-12,-20],[-79,9],[12,62],[-53,10],[13,53],[-57,38],[-8,54],[-40,33],[-15,42],[-54,-8],[-25,-99],[-38,-18],[6,-42],[-38,0],[-76,62],[-29,-13],[-8,27],[-59,23],[-38,61],[-157,23],[-18,32],[-4,108],[-28,29],[-44,2],[-7,21],[33,22],[-43,34],[11,19],[-12,36],[-49,-12],[-17,28],[-43,12],[23,38],[-9,46],[14,27],[-26,8],[-24,44],[-22,1],[23,72],[-44,12],[-10,40],[-58,-25],[-33,37],[-19,-9],[-30,34],[-1,26],[29,22],[-37,67],[-101,31],[-4,57],[-35,1],[-13,59],[-49,-1],[-30,30],[-70,147],[-60,-43],[-31,21],[-43,-11],[-26,-50],[-18,5],[-12,-26],[47,-97],[-47,-55],[10,-27],[-17,-26],[-49,4],[-14,23],[-33,-29],[-31,30],[-10,-94],[-41,0],[-12,-49],[-47,4],[15,-33],[-22,-14],[-79,2],[-39,-74],[-57,-4],[-34,-68],[-44,-14],[-18,27],[-56,-23],[-21,-30],[-101,36],[-30,-30],[-41,9],[-15,183],[27,94],[-21,74],[22,57],[-5,73],[40,89],[-43,101],[-18,3],[10,28],[-28,23],[5,32],[-29,5],[-7,23],[-51,0],[-2,57],[-21,19],[-35,-31],[-42,65],[-46,-19],[-5,59],[-45,30],[1,28],[28,26],[-32,9],[-28,36],[-12,34],[10,31],[-39,37],[27,30],[-49,28],[-59,-8],[-32,34],[-1,17],[24,6],[-21,25],[-63,-25],[8,58],[-17,19],[-36,-13],[-22,100],[-69,-29],[-75,103],[-17,-1],[11,-14],[-19,-14],[-34,11],[-28,68],[-22,9],[18,52],[-22,4],[-19,40],[-52,-3],[-31,25],[21,28],[-37,68],[-67,-33],[-35,42],[5,29],[-32,27],[-59,-2],[-13,42],[33,26],[-10,54],[-36,-16],[-40,40],[-3,38],[-93,-30],[-4,19],[30,26],[-4,35],[-13,20],[-27,-14],[-26,20],[33,32],[-59,67],[-40,6],[41,16],[9,21],[-79,24],[-34,-27],[-24,43],[6,31],[-32,-9],[-85,48],[-40,-6],[-17,31],[8,63],[-45,14],[-16,46],[-20,-11],[-37,39],[-82,-4],[-9,19],[-22,-2],[-46,-67],[0,15],[-22,-7],[9,22],[-14,14],[-84,-13],[-84,40],[-67,-5],[-17,-37],[-30,-10],[-51,12],[14,33],[-17,7],[-40,-40],[-5,-49],[-59,17],[23,-55],[-19,-26],[-33,11],[-86,-145],[0,-52],[29,-42],[-91,-78],[-15,-51],[-39,-12],[-66,0],[-26,56],[-18,-45],[-32,-22],[-66,92],[-12,-31],[-71,-38],[-16,31],[-24,-1],[-50,-81],[-64,9],[11,59],[-80,5],[-24,27],[-52,-3],[-30,-57],[-56,9],[-90,67],[22,88],[-15,40],[-89,50],[-103,1],[38,37],[85,-10],[55,18],[232,158],[24,73],[80,111],[47,40],[99,38],[32,46],[30,129],[-13,133],[105,181],[104,93],[140,0],[89,27],[71,56],[162,151],[57,96],[66,22],[8,107],[146,174],[177,112],[55,105],[39,30],[25,152],[49,25],[73,3],[29,28],[109,236],[-9,104],[20,60],[64,75],[63,131],[98,10],[65,60],[187,33],[32,27],[38,133],[-38,42],[22,72],[60,63],[115,51],[60,84],[-2,201],[26,60],[63,37],[161,18],[153,233],[139,133],[103,60],[17,71],[-52,111],[32,72],[282,71],[3,39],[-45,144],[54,118],[62,16],[208,-36],[49,-30],[47,-114],[40,7],[55,227],[-138,124],[-90,30],[-20,47],[25,37],[174,58],[88,94],[41,11],[52,155],[53,-5],[4,-73],[61,-43],[39,108],[59,20],[40,97],[95,-54],[22,9],[45,83],[117,89],[-39,96],[10,27],[94,33],[22,90],[24,24],[74,-27],[43,7],[141,184],[69,-9],[85,-89],[21,38],[-5,55],[27,28],[63,15],[123,-30],[5,63],[-122,85],[6,48],[65,25],[81,-73],[31,12],[25,52],[87,-18],[27,22],[77,141],[-9,189],[40,39],[62,-7],[29,20],[47,173],[37,61],[32,-12],[38,-125],[43,5],[45,53],[127,-35],[21,21],[-19,102],[10,53],[34,-7],[40,-93],[34,2],[71,146],[12,74],[19,13],[43,-24],[54,-103],[27,-9],[41,61],[134,27],[4,31],[-57,56],[0,31],[68,3],[61,50],[133,-158],[25,9],[12,31],[-9,123],[63,-48],[36,-61],[25,-5],[32,30],[10,94],[80,19],[30,27],[2,77],[44,110],[10,95],[33,42],[37,-21],[6,-86],[145,-12],[38,27],[45,75],[61,26],[36,136],[106,8],[11,43],[-12,35],[17,31],[43,-8],[37,-48],[26,-2],[37,54],[11,58],[30,17],[73,-111]],[[48491,5003],[-20,-7],[-11,21],[38,2],[-7,-16]],[[50496,8995],[1,-1],[-3,-1],[-1,2],[3,0]],[[50288,9302],[-2,-1],[-3,2],[3,3],[2,-4]],[[50280,9450],[-5,-2],[-6,27],[19,-13],[-8,-12]],[[50555,8931],[-8,5],[-2,3],[17,3],[-7,-11]],[[53792,11287],[-1,3],[1,1],[1,-6],[-1,2]],[[44637,16870],[18,58],[68,2],[-3,22],[-40,-10],[-15,17],[0,18],[44,10],[-29,57],[49,-25],[41,18],[-61,53],[14,43],[35,-33],[22,12],[-57,39],[-10,48],[67,-67],[27,4],[-38,39],[-19,60],[47,-50],[11,30],[26,3],[-35,64],[25,6],[25,-24],[19,26],[-23,34],[55,4],[-43,39],[24,40],[32,-17],[20,16],[-13,65],[83,-23],[-56,36],[52,39],[-14,27],[19,18],[-55,23],[35,45],[-37,24],[69,-11],[11,14],[-39,41],[-37,-12],[14,24],[-50,69],[28,-8],[-4,42],[-21,2],[-16,39],[41,31],[-31,10],[-36,-20],[-33,25],[34,-2],[32,35],[-41,53],[-6,-25],[-32,-3],[15,27],[-34,26],[9,28],[15,-25],[28,7],[4,41],[-24,50],[30,-27],[28,18],[-32,17],[11,28],[18,0],[-4,42],[-10,9],[-2,-30],[-20,35],[-21,-6],[-33,20],[18,12],[25,-23],[-2,37],[17,-3],[8,28],[-7,85],[17,-7],[7,71],[31,1],[-12,13],[-50,-26],[23,32],[-36,25],[44,7],[-6,23],[17,12],[-22,6],[-6,61],[55,-18],[-2,39],[21,9],[1,38],[-26,-15],[-17,25],[23,21],[14,-17],[-12,74],[37,-2],[-3,34],[-37,34],[20,34],[-30,37],[19,-3],[3,67],[23,7],[-15,12],[16,4],[8,47],[32,12],[-6,17],[63,96],[-1,98],[16,-6]],[[45076,19222],[24,-32],[15,16],[77,3],[9,-43],[64,-51],[64,1],[58,-28],[42,31],[40,-14],[81,42],[55,66],[53,32],[158,-48],[53,37],[2,-33],[29,-12],[5,-66],[24,2],[61,-77],[63,-29],[30,-36],[42,-19],[47,17],[-5,-18],[43,-53],[70,-23],[5,-27],[103,27],[129,91],[102,-43],[57,18],[94,-14],[60,43],[185,-24],[57,30],[42,-39],[89,12],[168,-161],[54,19],[55,-10],[64,33],[63,-54],[43,-4],[39,-50],[89,10],[42,36],[50,-46],[26,21],[30,-21],[25,15],[13,-20],[52,11],[74,-56],[37,16],[70,-32],[97,56],[43,-51],[147,-43],[8,-65],[8,-17],[12,11],[14,-40],[36,5],[72,-45],[53,-66],[54,5],[55,-26],[30,12],[39,-37],[70,11],[52,-50],[131,56],[8,-18],[47,-10],[122,42],[89,-23],[62,45],[78,-62],[75,10],[136,-20],[62,28],[62,-64],[-15,-48],[39,8],[31,-49],[-4,-32],[38,-36],[10,-54],[62,-32],[-10,-42],[39,36],[3,46],[-28,23],[32,33],[131,42],[20,-27],[87,9],[16,47],[22,-5],[19,31],[41,-9],[12,37],[15,-2],[-24,26],[35,29],[-6,45],[21,22],[-27,9],[12,35],[-43,14],[-19,65],[-35,17],[10,14],[-26,23],[29,21],[-12,23],[34,19],[-20,7],[13,23],[-53,10],[8,34],[-41,25],[-19,45],[31,12],[-5,35],[30,-5],[-4,30],[58,39],[-20,30],[28,85],[70,35],[19,50],[43,-12],[58,26],[-3,19],[20,10],[38,-17],[4,18],[68,8],[56,125],[49,-43],[128,33],[54,-33],[10,-49],[39,-17],[16,-33],[31,36],[-28,78],[26,10],[53,-43],[-2,-86],[17,-12],[44,26],[29,97],[67,-77],[31,68],[97,50],[67,2],[17,-63],[58,11],[-32,100],[69,55],[49,95],[65,43],[-18,74],[57,95],[80,-15],[95,33],[-3,39],[-62,-15],[-23,17],[-1,47],[48,54],[50,-96],[76,34],[20,-15],[12,26],[44,-9],[2,-23],[14,35],[28,-16],[0,-24],[34,6],[-13,-25],[38,-47],[55,-9],[10,22],[92,-92],[-17,-48],[19,5],[45,-54],[18,-10],[10,16],[8,-17],[5,24],[-26,2],[20,8],[-17,38],[16,24],[-14,37],[73,74],[25,-4],[44,34],[35,-22],[1,53],[33,-12],[26,-64],[35,8],[63,-56],[59,93],[-59,24],[22,21],[68,-4],[-19,-81],[37,41],[29,-55],[5,33],[21,-19],[35,37],[18,51],[14,-57],[11,29],[78,20],[68,-49],[-12,84],[74,-1],[32,-34],[-32,-66],[13,-14],[53,72],[-29,24],[43,32],[17,-25],[-15,-22],[12,-16],[45,19],[34,-24],[19,14],[47,-10],[13,-55],[43,-26],[28,30],[-21,-61],[26,20],[10,-62],[40,12],[6,-50],[25,-13],[13,38],[20,-55],[23,25],[-23,4],[3,18],[19,-7],[43,-51],[0,-41],[53,-11],[-27,-33],[21,-36],[36,44],[46,-58],[30,2],[-31,-34],[83,6],[5,-54],[15,-5],[23,19],[1,33],[18,-30],[-20,-19],[31,-18],[13,21],[21,-11],[8,-42],[31,29],[-7,-37],[28,11],[-1,35],[26,-51],[25,-10],[19,21],[-11,11],[30,-13],[1,44],[40,-37],[52,15],[13,27],[-21,19],[23,11],[6,48],[18,-15],[40,62],[47,-5],[4,-23],[36,17],[-7,11],[17,-8],[1,31],[17,-22],[19,29],[23,-25],[44,11],[21,48],[55,28],[31,42],[41,-9],[7,24],[23,0],[-9,55],[61,4],[-1,36],[24,-3],[4,45],[39,34],[-4,16],[60,14],[3,20],[69,25],[-2,12],[10,8],[77,-40],[32,50],[30,-23],[12,16],[20,-29],[58,25],[39,-52],[30,44],[74,-32],[51,30],[10,40],[38,13],[9,-24],[18,8],[-23,24],[617,-8],[84,72],[23,-57],[27,9],[0,-19],[26,-7],[-4,14],[36,6]],[[56249,19924],[-34,-215],[18,-28],[6,-121],[25,-91],[26,-29],[60,-13],[49,18],[17,-142],[32,-19],[28,21],[-222,-489],[-14,-71],[13,-42],[-73,-117],[-64,-148],[-52,-163],[-21,-154],[21,-47],[-6,-65],[28,-110],[34,-14],[14,26],[65,-71],[28,2],[15,44],[8,-32],[25,-4],[-42,-106],[-41,3],[-14,-18],[-36,-184],[9,-42],[20,-20],[20,9],[-17,-67],[11,-25],[-24,-36],[15,-45],[60,-32],[-1,26],[42,7],[7,-43],[23,1],[-55,-137],[-1,-36],[15,-7],[-57,-48],[11,-44],[51,-76],[47,-27],[61,14],[18,69],[46,33],[-13,-54],[20,-30],[46,-13],[12,36],[6,-30],[22,7],[2,-2],[-75,-74],[8,-66],[43,-3],[-4,-18],[-78,-38],[31,52],[-8,17],[-43,34],[-45,-3],[-79,-74],[-64,-20],[-19,-135],[60,-122],[53,28],[1,-18],[22,3],[5,26],[28,13],[2,-67],[33,-22],[-30,-61],[25,-48],[-20,-18],[18,-64],[95,77],[148,-6],[11,-62],[14,-1],[23,-67],[48,-32],[19,29],[10,-36],[-34,-33],[0,-54],[-54,-47],[-53,-100],[-10,-78],[37,-17],[-53,-83],[10,-22],[-80,-90],[-34,-108],[-51,-79],[-2,-60],[67,-41],[2,-18],[-27,-13],[9,-25],[-32,-25],[-25,34],[-35,-8],[-43,-116],[-34,-23],[-15,14],[-27,-49],[-24,12],[-25,-26],[10,-61],[39,-3],[8,15],[5,-22],[-116,-177],[11,-20],[-18,-33],[-4,-87],[26,-34],[22,17],[24,-36],[-28,-32],[3,-51],[-51,-57],[-11,-52],[16,-8],[-14,-17],[13,-11],[-33,-27],[21,-24],[-22,-13],[-37,-91],[12,-41],[-21,-57],[46,-42],[-92,-100],[-49,-128],[4,-31],[22,-6],[-44,-35],[-55,-102],[-11,-62],[20,-20],[-40,-44],[-22,-64],[9,-72],[4,-4],[21,2],[14,-6],[-38,-54],[0,-45],[-50,-40],[-5,-47],[-20,2],[-39,-42],[-2,-55],[-110,-28],[-339,-200],[-379,-274],[-281,-253],[-348,-374],[-343,-432],[-192,-282]],[[53773,11342],[-72,-7],[5,22],[30,6],[-30,15],[3,32],[-57,-2],[-50,35],[-117,21],[-11,13],[14,31],[-29,10],[14,24],[-20,6],[0,32],[-122,63],[-82,19],[-34,3],[-9,-32],[-61,-42],[-30,7],[-117,-43],[-5,-19],[-109,-20],[12,-57],[37,-46],[91,-68],[39,-66],[-16,-13],[6,18],[-19,20],[-49,-6],[24,34],[-36,3],[19,16],[-49,-6],[9,27],[-64,20],[16,17],[-32,6],[-7,38],[-16,-9],[3,-46],[-22,32],[-14,-6],[12,29],[-24,-8],[24,48],[-14,21],[16,12],[-86,13],[82,28],[0,24],[-24,-5],[14,16],[-12,-1],[37,42],[-20,17],[-41,-7],[48,30],[7,-16],[36,2],[-16,-7],[27,-21],[49,-10],[-16,-31],[-27,3],[15,-15],[-15,-27],[42,42],[-3,-35],[24,26],[1,30],[21,-4],[50,7],[8,-9],[2,1],[-12,11],[-70,-2],[-16,-15],[15,55],[-27,-5],[26,19],[-15,-5],[9,28],[-23,7],[11,9],[-14,46],[57,12],[37,-8],[-47,1],[-33,-26],[20,-7],[-13,-12],[27,0],[-17,-10],[24,-4],[-1,-20],[34,34],[-18,-52],[11,25],[65,27],[41,-30],[5,17],[-35,22],[4,19],[20,2],[-7,32],[25,-16],[8,18],[-16,60],[19,17],[-8,-19],[40,-4],[-2,-20],[21,-5],[-24,55],[66,0],[-17,33],[16,12],[-11,40],[27,-2],[-10,37],[41,32],[-138,-36],[96,55],[10,40],[35,33],[-56,1],[45,76],[7,-23],[2,51],[16,-11],[31,17],[-24,8],[-2,32],[-58,2],[-3,69],[12,17],[10,-17],[-2,18],[-40,17],[42,62],[-2,28],[41,38],[-41,-22],[-2,26],[-41,-15],[31,45],[-14,16],[10,60],[-19,20],[8,57],[27,-8],[-24,77],[23,14],[1,34],[32,-9],[32,29],[-29,51],[66,46],[-19,-43],[19,16],[19,-20],[31,22],[-30,-56],[21,-1],[-4,-18],[30,5],[-19,18],[34,41],[-16,-2],[7,50],[54,-2],[12,-26],[16,51],[48,18],[-55,-7],[-2,60],[22,-5],[30,27],[12,15],[-28,-7],[21,18],[-7,24],[72,73],[11,-50],[48,36],[1,-31],[14,-4],[77,13],[23,-17],[30,20],[-14,41],[-27,7],[-4,81],[-19,-12],[-22,66],[-41,12],[6,29],[44,44],[-44,29],[16,17],[-8,13],[-46,-16],[-16,18],[11,90],[-34,-34],[-2,-62],[-45,28],[-22,46],[3,-42],[-33,15],[-33,-46],[1,27],[-52,-9],[-11,15],[12,53],[-32,21],[44,13],[-1,18],[-54,-13],[-25,17],[-9,-11],[21,-36],[-26,-14],[-62,35],[-22,-19],[22,-33],[-35,-29],[-18,83],[-33,-14],[-18,43],[-31,-18],[2,-28],[-68,14],[-15,-56],[-26,-16],[-78,-3],[-30,21],[-32,-35],[-13,33],[-43,-3],[-2,28],[35,49],[-38,40],[3,-28],[-43,-21],[-4,-33],[-27,3],[47,-88],[-38,-10],[-49,118],[-56,21],[-42,-50],[-29,16],[-24,73],[-39,-39],[29,-14],[-48,-20],[-44,15],[-25,34],[-57,9],[-24,-17],[8,-42],[-20,-16],[-14,18],[10,63],[-27,31],[-23,-8],[-26,-62],[-29,36],[-90,5],[-46,52],[-95,-5],[-62,23],[-2,-57],[-19,-9],[-61,40],[-61,82],[-73,-27],[-18,35],[10,37],[-81,68],[14,37],[-81,89],[-3,53],[-125,57],[-25,145],[-29,-28],[-25,5],[13,57],[-22,46],[15,42],[-75,3],[-28,59],[-59,-57],[-28,6],[7,66],[-16,42],[-62,24],[50,48],[13,69],[-37,49],[-69,23],[-5,109],[-106,39],[-24,36],[-40,-61],[-37,18],[6,81],[-88,56],[7,87],[-57,21],[-8,70],[-36,17],[-68,-12],[-12,73],[-52,2],[-74,69],[-68,16],[-42,-22],[-13,48],[-60,25],[-5,66],[-75,15],[18,40],[-24,24],[-5,47],[-35,10],[-53,-23],[-41,28],[-10,23],[17,60],[-28,31],[-50,-19],[-31,-58],[-35,1],[-3,62],[-47,59],[-42,21],[-2,71],[-21,26],[-134,5],[-27,-60],[-27,0],[-34,43],[16,108],[-31,-2],[-46,-54],[-36,10],[26,106],[-25,28],[-29,-9],[-8,-61],[-18,-9],[-45,30],[6,52],[-30,23],[-44,-12],[-31,-76],[-73,67],[-96,-7],[-11,-36],[36,-44],[-17,-26],[-64,47],[-65,-30],[-8,24],[25,82],[-43,21],[-37,-31],[10,-79],[-38,-4],[-22,62],[0,88],[-36,7],[-88,-41],[-12,29],[54,44],[8,44],[-56,41],[-104,23],[3,22],[35,15],[86,-15],[0,38],[-47,20],[-52,-15],[-45,27],[-14,31],[36,42],[-18,22],[-66,-41],[-65,22],[-64,-22],[-18,29],[12,57],[-19,21],[-119,-19],[20,79],[-16,26],[-37,-22],[-50,-121],[-23,-14],[-25,9],[-31,64],[-81,10],[22,44],[69,24],[-4,30],[-41,15],[-99,-9],[-8,-38],[32,-83],[-12,-29],[-108,77],[-66,-43],[-24,132],[-31,-8],[4,-92],[-91,72],[-7,36],[27,72],[-17,16],[-93,-50],[7,-64],[-15,-17],[-114,16],[-34,58],[-30,-27],[-53,5],[-53,-44],[-48,-4],[-29,13],[-25,54],[-22,4],[-54,-120],[-32,23],[-22,102],[-31,-5],[-27,-51],[-34,1],[-14,37],[14,64],[-13,17],[-97,23],[-78,-20],[-1,81],[-21,22],[-54,-19],[-59,-55],[-57,-13],[-19,14],[-1,71],[-41,19],[-29,-135],[-32,-14],[-41,61],[44,84],[-21,64],[-23,11],[-56,-60],[-32,24],[2,64],[53,66],[-6,29],[-26,14],[-60,-15],[-39,-51],[16,-112],[-17,-29],[-122,-44],[-40,93],[-24,9],[-25,-20],[-27,-110],[-28,-4],[-98,54],[-114,-65],[-45,-57],[-19,15],[3,39],[58,160],[-40,41],[-79,-1],[-50,74],[-37,-24],[-54,-105],[-91,-37],[-25,2],[-45,54],[-44,-4],[-2,-66],[37,-61],[-14,-48],[-52,5],[-96,76],[-66,-39],[-60,1],[-27,-67],[-29,-16],[-16,10],[2,94],[-43,45],[-168,-80],[-61,115],[-93,-72],[-49,19]],[[49781,17466],[0,0]],[[55749,13174],[0,-1],[-1,3],[1,-2]],[[55892,13352],[1,1],[1,-1],[-1,0],[-1,0]],[[55884,13357],[4,2],[0,-5],[-3,1],[-1,2]],[[55997,13590],[-3,4],[7,2],[0,-5],[-4,-1]],[[56235,13836],[-1,-1],[1,2],[0,-1]],[[56238,13838],[-1,-2],[-1,1],[1,1],[1,0]],[[56235,13837],[0,1],[0,-1]],[[56136,13923],[0,-6],[-7,-13],[0,10],[7,9]],[[56120,14106],[2,-4],[-5,-2],[0,6],[3,0]],[[56128,14121],[-2,-3],[-4,3],[3,2],[3,-2]],[[56115,14255],[-1,-2],[-1,0],[1,2],[1,0]],[[56150,14348],[-3,-5],[-5,5],[6,3],[2,-3]],[[56177,14477],[0,-1],[-1,-1],[0,1],[1,1]],[[56182,14476],[-1,1],[1,0],[0,-1]],[[56180,14477],[-1,-1],[1,3],[0,-2]],[[56172,14510],[1,0],[0,-1],[-1,0],[0,1]],[[56174,14512],[-2,0],[0,1],[1,0],[1,-1]],[[56240,14648],[-1,-1],[0,1],[0,1],[1,-1]],[[56202,14773],[-1,-4],[-3,1],[3,4],[1,-1]],[[56286,17321],[1,0],[-1,-1],[0,1]],[[56284,17322],[1,0],[-1,-1],[-1,0],[1,1]],[[56188,17336],[-1,-1],[-3,1],[3,2],[1,-2]],[[56156,17527],[3,-2],[-9,1],[1,3],[5,-2]],[[56189,17733],[2,0],[0,-1],[-3,2],[1,-1]],[[56158,17958],[5,-4],[-11,0],[3,6],[3,-2]],[[56198,18047],[1,-2],[0,-1],[-1,0],[0,3]],[[56069,18084],[3,2],[3,-2],[-2,-3],[-4,3]],[[56083,18239],[-2,-4],[-3,8],[5,-1],[0,-3]],[[56276,18587],[-3,1],[0,2],[3,1],[0,-4]],[[56280,18666],[2,4],[3,-7],[-6,1],[1,2]],[[56279,18684],[-3,5],[10,11],[4,-15],[-11,-1]],[[56258,19922],[-1,2],[5,2],[-2,-3],[-2,-1]],[[56371,14892],[-7,0],[-3,21],[12,-12],[-2,-9]],[[56584,15115],[-1,-1],[2,2],[-1,-1]],[[56609,15132],[5,8],[4,-2],[-13,-11],[4,5]],[[56614,15143],[1,1],[4,0],[-1,-2],[-4,1]],[[56613,15150],[1,-1],[-1,-2],[-1,1],[1,2]],[[56407,15150],[-14,-10],[26,25],[-4,-11],[-8,-4]],[[56613,15151],[0,0],[0,0],[0,0],[0,0]],[[56456,15147],[-11,2],[-2,10],[14,4],[-1,-16]],[[56421,15161],[0,2],[1,0],[-1,-1],[0,-1]],[[56395,15174],[6,2],[-2,-10],[-5,2],[1,6]],[[56540,15511],[-9,-15],[10,35],[6,-5],[-7,-15]],[[56706,15737],[-1,-1],[-1,2],[2,-1]],[[56700,15738],[1,-1],[-1,-1],[-1,1],[1,1]],[[56710,15737],[5,8],[4,-2],[-6,-9],[-3,3]],[[56763,16055],[6,-3],[-10,-7],[0,4],[4,6]],[[56778,16049],[-8,4],[11,9],[1,-4],[-4,-9]],[[56798,16165],[-1,-1],[-1,7],[3,-2],[-1,-4]],[[56795,16175],[1,-1],[-1,1]],[[56794,16177],[0,-1],[-1,0],[1,1]],[[56758,16210],[-5,3],[1,5],[4,-4],[0,-4]],[[56780,16228],[-1,-1],[0,2],[1,-1]],[[56781,16230],[1,0],[1,-2],[-2,1],[0,1]],[[56401,16456],[1,0],[3,2],[-1,-3],[-3,1]],[[56405,16462],[1,0],[0,-4],[-2,2],[1,2]],[[56398,16518],[-8,-5],[-2,9],[10,-2],[0,-2]],[[56756,16596],[16,5],[6,-67],[-45,41],[13,34],[10,-13]],[[56831,16593],[-4,-6],[3,13],[12,15],[-11,-22]],[[56536,16777],[-5,-15],[-14,4],[10,16],[9,-5]],[[56664,16820],[-6,6],[13,26],[8,-14],[-15,-18]],[[56686,16842],[2,-5],[-3,-2],[-3,5],[4,2]],[[56371,16949],[0,-10],[-20,-8],[20,24],[0,-6]],[[56323,18548],[2,0],[-2,-3],[-1,1],[1,2]],[[56314,18683],[-8,1],[-2,2],[8,4],[2,-7]],[[56405,18878],[2,-5],[-3,-2],[0,3],[1,4]],[[56407,18882],[-2,6],[3,1],[2,-4],[-3,-3]],[[56415,18915],[0,-5],[-5,-5],[1,9],[4,1]],[[56410,18917],[-1,3],[3,2],[2,-2],[-4,-3]],[[56476,19346],[4,2],[2,-4],[-6,1],[0,1]],[[56488,19390],[1,1],[-1,-1]],[[56485,19400],[3,3],[3,-1],[-2,-4],[-4,2]],[[56489,19406],[0,-1],[-1,0],[1,1]],[[56501,19405],[-5,-9],[-3,22],[8,-2],[0,-11]],[[56514,19436],[-1,1],[1,-1]],[[56500,19441],[3,1],[0,-4],[-3,-1],[0,4]],[[56494,19442],[-2,2],[5,0],[0,-1],[-3,-1]],[[56509,19445],[0,1],[0,-1]],[[79714,57812],[0,0]],[[79714,57812],[-43,39],[-54,-10],[-40,57],[-12,42],[12,51],[-50,17],[-11,32],[40,68],[-14,34]],[[79542,58142],[0,0]],[[79542,58142],[-46,51],[-1,74],[-39,21],[-21,-30],[-32,44],[-57,32],[-37,64],[13,55],[-42,8],[-9,44],[-16,-23],[-38,45],[-24,120],[17,62],[-30,52],[23,27],[-2,44],[37,30],[21,58],[-16,87],[16,37],[39,9]],[[79298,59053],[0,0]],[[79298,59053],[0,0]],[[79298,59053],[0,0]],[[79298,59053],[20,7]],[[79318,59060],[0,0]],[[79318,59060],[99,-30]],[[79417,59030],[0,0]],[[79417,59030],[44,2]],[[79461,59032],[0,0],[0,0],[0,0]],[[79461,59032],[111,3],[58,38],[22,-19],[0,-48],[122,-80],[53,21],[16,-17],[80,105],[81,38],[56,4],[33,48],[53,-19],[-11,46],[24,46],[-30,53],[23,79],[-26,38],[-30,4],[12,8],[-34,78],[49,28],[-8,21],[23,62],[-104,206],[15,4],[-1,49],[35,13],[-8,29],[17,11],[-13,17],[35,2],[78,55],[7,28],[92,19],[-4,63],[-52,63],[41,-1],[3,64],[-37,33],[41,35],[-41,107],[-37,27],[10,132],[-54,56],[43,176],[-18,28],[-78,-10],[3,34],[-50,75],[-64,44],[-44,58],[0,31],[-37,13],[26,41],[-15,26],[-65,-74],[-41,-8],[-44,16],[-19,47],[-28,-1],[-15,34],[21,11],[0,53],[-44,60],[26,0],[15,29],[-17,18],[7,63],[-41,31],[-4,63],[-28,19],[-27,186],[24,28],[4,67],[52,29],[-63,54],[-41,-10],[7,69],[-20,36],[53,23],[1,33],[23,-11],[17,28],[-8,56],[43,66]],[[79715,62112],[31,-32],[148,-52],[67,20],[122,-111],[9,-30],[33,5],[73,-118],[85,36],[83,-14],[87,-65],[36,-78],[169,-130],[268,-33],[104,-33],[36,-42],[99,-27],[58,-77],[49,-30],[34,2],[52,-47],[43,-117],[56,-14],[121,16],[108,-82],[114,-145],[65,-13],[81,39],[62,-38],[32,-81],[-6,-90],[24,-86],[38,-35],[37,-95],[93,-23],[97,-164],[55,-5],[28,-39],[82,4],[68,-97],[78,-17],[62,8],[43,41],[35,-8],[49,-89],[64,-67],[33,-151],[-8,-112],[42,-26],[73,-8],[108,58],[71,-62],[70,-162]],[[83276,59596],[-28,-41],[-62,-11],[-345,-152],[-178,-140],[-247,-147],[-184,-179],[-190,-239],[-179,-269],[-3,-60],[-217,-344],[-73,-176],[-106,-123],[-128,-198],[-70,-168],[-20,-127],[-64,-50]],[[81182,57172],[-31,-3],[-123,-133],[-99,-71],[-109,-4],[-34,-63],[-82,-5],[-25,33],[-23,-35],[-16,28],[10,27],[-77,-20],[-35,52],[-26,-16],[-15,21],[-7,-34],[-24,-6],[7,-36],[-26,-58],[-60,16],[10,33],[-15,24],[-20,-33],[-35,-1],[-7,39],[-42,-1],[-21,34],[-26,-17],[-9,18],[-84,20],[-15,41],[24,12],[-68,35],[-19,33],[-37,8],[2,34],[34,25],[-71,27],[31,16],[-36,6],[-36,-35],[-19,29],[4,48],[-49,18],[-35,-60],[-4,30],[-24,15],[7,32],[-21,-20],[-13,33],[-21,-8],[-8,17],[29,14],[-2,19],[-38,79],[-30,5],[28,23],[-25,24],[18,3],[-3,20],[-51,70],[28,1],[34,34],[-20,32],[27,28],[-22,23],[17,6],[-11,24],[30,16],[-9,60],[18,9],[-68,5]],[[80530,57432],[0,0]],[[82117,58699],[-1,1],[7,11],[-1,-4],[-5,-8]],[[46258,28522],[-8,60],[51,92],[62,66],[96,41],[35,71],[312,132],[132,162],[116,90],[113,73],[99,35],[157,126],[203,89],[17,42],[144,133],[41,77],[43,31],[84,151],[67,246],[75,95],[59,32],[128,144],[15,81],[50,112],[47,39],[83,26],[104,175],[16,53],[-8,51],[-45,111],[-66,60],[20,82],[69,89],[137,-35],[72,38],[34,73],[53,45],[46,178],[94,96],[37,211],[-69,172],[9,163],[115,23],[76,64],[47,168],[102,153],[125,16],[94,67],[22,139],[-36,73],[-7,103],[23,114],[-28,57],[91,284],[208,194],[81,171],[43,58],[77,49],[148,269],[104,67],[352,80],[150,121],[152,422]],[[50921,35022],[69,126],[49,13],[87,95],[78,12],[47,51],[151,83],[270,72],[65,98],[59,38],[61,102],[175,53],[60,41],[121,-55],[159,-170],[87,-17],[46,16],[89,-23],[84,27],[100,-31],[144,7],[111,-102],[63,-26],[125,14],[164,-65],[76,-3],[41,34],[117,23],[328,-19],[114,56],[96,6],[81,-32],[23,-78],[107,-77],[195,-16],[139,68],[98,-24],[3,-77],[-32,-19],[-47,6],[-30,-33],[-25,-221],[21,-162],[77,-165],[12,-74],[75,-115],[117,-19],[95,81],[74,141],[69,188],[90,4],[71,-37],[45,-108],[23,-143],[-19,-324],[16,-34],[151,-99],[36,31],[25,80],[-28,128],[9,86],[-29,51],[5,61],[66,114],[3,119],[66,47],[99,-5],[110,37],[54,-28],[144,-16],[141,91],[193,-18],[189,63],[69,-24],[128,25],[74,-66],[64,-13],[82,48],[-79,121],[14,113],[27,15],[60,-29],[56,-90],[9,-55],[45,-18],[23,-54],[94,-57],[63,-5],[61,28],[23,45],[42,-11],[63,114],[2,91],[33,22],[60,-52],[32,-133],[86,-45],[45,69],[11,89],[24,29],[-31,38],[-6,41],[44,79],[48,-14],[64,28],[121,-13],[94,30],[46,-30],[38,-83],[79,-68],[78,43],[35,92],[167,35],[89,55],[97,-138],[-43,-33],[12,-59],[75,-81],[67,-2],[35,-52],[109,-53],[37,-62],[79,-45],[3,-63],[55,-73],[-34,-108],[-67,-77],[-19,-104],[-29,-42],[28,-147],[-23,-55],[19,-20],[-12,-32],[180,-140],[134,-51],[28,-83],[-9,-29],[22,-64],[22,-10],[-6,-36],[37,-31],[-9,-44],[35,-17],[-10,-99],[-31,-61],[-111,14],[-9,-41],[-37,-35],[25,-20],[-16,-6],[-15,-75],[-40,-12],[-39,-63],[23,-70],[-57,-149],[65,-99],[46,-11],[7,-54],[86,-59],[9,-26],[-29,-93],[39,-129],[-7,-49],[65,-42],[-45,-74],[36,-51],[-14,-37],[11,-46],[43,-73],[28,18],[54,-5],[-37,-55],[3,-24],[56,-16],[22,-112],[28,-24],[-12,-30],[31,-27],[10,-53],[43,-23],[-27,-50],[11,-33],[-26,-33],[19,-36],[-9,-30],[60,-11],[44,22],[97,-23],[117,60],[27,36],[31,1],[22,58],[89,-18],[60,35],[13,-48],[54,-40],[37,9],[26,-36],[90,112],[40,-8],[-3,-70],[25,-49],[42,-27],[7,-52],[30,-6],[56,43],[36,-39],[87,-12],[3,-39],[23,-20],[1,-49],[-34,-84],[53,-84],[-48,-77],[8,-72],[-76,-62],[10,-33],[-40,-18],[3,-56],[-29,-16],[-97,24],[-18,-69],[16,-33],[-18,-65],[10,-65],[-62,-34],[4,-31],[-86,-117],[32,-35],[25,5],[18,-75],[22,-6],[-13,-40],[-46,-38],[20,-25],[-5,-31],[30,-23],[23,-88],[63,-54],[4,-46],[-80,15],[-29,-37],[-29,3],[-22,-38],[20,-46],[41,-13],[-16,-22],[-130,-20],[11,-31],[40,-16],[119,8],[28,-40],[26,-6],[14,-53],[39,-15],[-32,-35],[-61,-20],[-13,-60],[-61,15],[-9,-125],[-33,-34],[10,-29],[-49,-35],[18,-40],[-18,-18],[12,-28],[-40,-27],[12,-27],[15,11],[22,-22],[8,-56],[48,-67],[33,9],[-16,-107],[14,-29],[67,-43],[44,1],[18,-20],[41,9],[28,-35],[39,17],[11,-59],[43,-3],[-26,-60],[78,-33],[4,-25],[31,17],[15,-23],[65,-6],[64,-67],[43,20],[-10,-37],[-50,-52],[11,-24],[37,-5],[-27,-35],[43,-55],[-40,-10],[-4,-22],[63,-32],[7,-43],[-28,-25],[-14,33],[-129,-35],[-23,-13],[24,-40],[-20,-11],[48,-22],[10,-53],[131,-42],[18,9],[56,-54],[57,3],[4,-15],[-64,-58],[-34,-100],[14,-18],[-4,-65],[-26,-25],[19,-3],[-5,-21],[31,-37],[42,-29],[66,47],[42,-29],[38,51],[27,6],[18,-38],[46,-9],[8,32],[198,63],[18,-86],[-38,-56],[33,-26],[97,72],[99,-6],[52,31],[43,-12],[38,35],[-6,15],[41,5],[52,57],[28,-2],[59,78],[16,-9],[-3,-36],[28,-13],[11,-95],[55,18],[35,79],[24,15],[61,7],[45,-74],[47,36],[-6,98],[35,34],[27,-7],[2,-32],[63,-17],[-37,41],[3,34],[37,31],[-3,42],[-33,85],[-62,7],[-100,-45],[-41,39],[4,31],[14,32],[53,14],[100,87],[59,-7],[49,26],[-52,79],[-25,1],[-19,31],[42,78],[51,-21],[35,33],[42,-11],[4,-52],[-49,-98],[33,-38],[106,34],[92,93],[47,-64],[-64,-65],[24,-13],[75,11],[90,71],[23,-10],[31,75],[-15,22],[17,5],[85,-75],[50,-10],[5,-75],[28,-5],[144,92],[130,3],[29,24],[2,64],[182,82],[30,31],[10,54],[45,39],[247,99],[2,-18],[79,10],[57,-23],[57,58],[94,-1],[17,52],[41,22],[86,-18],[55,43],[-3,22]],[[64637,29076],[120,-25],[47,-45],[36,-88],[-16,-42],[31,-34],[-12,-44],[39,7],[61,-65],[-14,-63],[35,27],[38,-12],[-3,-123],[13,-12],[38,8],[27,-32],[19,25],[41,-47],[21,63],[22,-27],[31,21],[28,-37],[25,-2],[-25,-36],[6,-13],[9,21],[34,0],[15,-28],[53,95],[44,-31],[74,44],[55,-26],[19,16],[-25,37],[38,40],[21,-2],[51,-19],[-24,-23],[24,-8],[-7,-33],[15,-23],[25,69],[110,-27],[23,-29],[36,28],[34,-35],[60,20],[15,-33],[27,14],[6,-37],[45,-28],[-13,-29],[41,-27],[23,-49],[-35,-36],[2,-34],[-61,-30],[10,-46],[-62,4],[-34,-38],[8,-18],[-40,-27],[1,-55],[36,-13],[-13,-28],[-34,-7],[-24,-66],[-26,-10],[-4,20],[-24,1],[-58,-56],[-6,31],[-108,-52],[-97,25],[-43,-64],[-64,-31],[-31,48],[4,40],[-37,10],[-97,-68],[-10,-29],[-28,-8],[-43,25],[-54,-32],[-17,14],[-114,-110],[-32,26],[-32,-48],[-57,17],[-67,-44],[-25,-85],[-81,-4],[-3,-29],[-21,-16],[22,-26],[-7,-40],[-14,-60],[-22,-15],[11,-22],[-17,-12],[-9,-57],[22,-24],[-17,-22],[13,-19],[-19,-41],[7,-23],[-21,-9],[10,-32],[-114,-67],[-37,-113],[38,-57],[80,-19],[-9,-18],[26,-16],[3,-57],[44,21],[44,-40],[22,-101],[38,-7],[54,-62],[26,-5]],[[64826,26611],[-59,4],[-76,-31],[0,20],[-26,3],[-21,-26],[-79,-23],[11,48],[-29,21],[-34,11],[-56,-40],[17,66],[-56,33],[-28,-44],[-47,-15],[-16,-56],[-25,-4],[-38,-52],[-33,9],[-36,-23],[-10,-31],[-42,11],[-27,-30],[-10,21],[-27,-6],[4,-26],[-22,-19],[21,-49],[49,22],[6,-30],[38,-3],[-99,-18],[-42,-138],[-14,72],[-37,-12],[-5,24],[-38,-36],[36,-13],[4,-40],[-15,-7],[-1,17],[-57,22],[2,25],[-69,22],[-13,-19],[5,-30],[22,-13],[-7,-32],[18,0],[-9,-32],[-54,3],[-19,52],[-72,-43],[-6,-35],[45,-36],[-13,-9],[10,-37],[-43,3],[-30,-31],[-29,11],[-14,-18],[-1,20],[-32,1],[-1,37],[-42,4],[-67,-32],[-91,-117],[-19,15],[-24,-26],[-26,30],[-19,-5],[-37,-62],[-11,-86],[24,-110],[50,5],[-34,-77],[34,-69],[2,-73],[-23,-1],[4,-27],[-41,-24],[-39,7],[-12,-16],[-47,36],[-50,-28],[-3,-20],[-51,-11],[4,26],[-60,8],[10,30],[-43,17],[-12,46],[-61,-1],[-79,-31],[-5,46],[-37,6],[-2,18],[-51,-21],[-1,22],[-33,6],[-28,-20],[-12,25],[-128,6],[-19,21],[-85,-19],[-8,27],[-74,3],[-190,-35],[-136,-51],[-21,-30],[-75,-15],[-34,-59],[-3,34],[-40,11],[-133,-72],[-15,-39],[21,-7],[-28,-19],[-4,-57],[-31,-28],[13,-12],[-32,-1],[-40,-46],[1,-38],[40,-17],[-54,-50],[5,-66],[-44,-25],[-21,37],[-79,-19],[-41,-29],[7,-23],[-36,-19],[-9,-56],[-14,-4],[12,47],[-24,27],[-36,-32],[-5,20],[-24,-4],[7,60],[34,20],[-26,31],[-89,20],[-25,-28],[-20,32],[-24,-17],[30,-32],[-37,-25],[18,-51],[-14,3],[-20,-42],[-1,37],[-36,9],[-152,-49],[-334,-179],[-410,-255],[-247,-181],[-142,-135],[-15,-25],[15,-34],[-50,-73],[20,-46],[18,-4],[-16,-41],[-99,-48],[-194,-145],[-99,-89],[-8,-30],[-79,-54],[-5,-36],[-120,-58],[-318,-234],[-371,-238],[-461,-407],[-159,-191],[-33,-102],[-50,-5],[16,-32],[-5,-84],[22,-23],[-31,-28],[-23,-69],[11,-36],[-71,-38],[-333,-345]],[[57355,21636],[-5,23],[34,46],[130,126],[-7,31],[-28,5],[-15,-21],[-23,22],[-10,-56],[-81,-3],[-36,-24],[-81,58],[-25,47],[-64,34],[-4,17],[33,20],[48,96],[-55,27],[-51,88],[-25,59],[14,127],[-49,16],[18,30],[-22,5],[9,15],[-46,61],[-20,-24],[10,-25],[-33,-2],[-18,-91],[-22,-18],[-21,42],[-1,-26],[-22,-5],[-2,-29],[-56,-61],[21,87],[-60,1],[-8,42],[-53,59],[-72,43],[-13,-24],[-126,-59],[-20,-104],[-34,-15],[-67,-107],[-61,36],[-4,58],[-24,33],[-31,-1],[3,43],[-16,39],[-23,1],[-2,34],[26,50],[27,5],[19,31],[-11,45],[21,11],[-15,18],[15,10],[-16,21],[11,35],[-15,58],[28,-16],[2,43],[30,14],[-11,30],[-37,9],[5,76],[34,95],[71,44],[39,105],[-70,2],[1,21],[-86,75],[-28,77],[-16,-25],[-33,31],[-28,-1],[-25,-30],[-22,7],[-16,-10],[8,-21],[-37,-6],[-5,-37],[-37,21],[13,-1],[-13,16],[13,34],[-16,22],[-34,0],[9,-59],[-31,34],[-68,-10],[-40,-28],[-10,40],[-48,-44],[-21,40],[-48,14],[-39,55],[-29,-27],[-40,18],[25,-34],[-10,-10],[-30,20],[-99,-9],[-11,-31],[-61,27],[-35,-33],[-11,31],[-54,18],[-7,28],[-41,-13],[9,54],[14,3],[-12,12],[-31,-24],[-48,15],[-2,-17],[18,4],[-10,-48],[-60,-65],[-34,34],[-38,-24],[-19,19],[-13,-35],[-55,33],[-98,10],[-54,-37],[0,-30],[-22,-12],[-135,20],[-66,54],[-14,25],[27,25],[-37,38],[21,45],[-14,43],[21,20],[-28,23],[12,18],[-11,65],[23,24],[29,-17],[0,22],[27,18],[-36,91],[60,24],[12,46],[38,14],[-14,85],[39,67],[-17,20],[-15,-31],[-8,23],[116,160],[-105,31],[-28,46],[-50,12],[-11,41],[-22,10],[-15,94],[-112,94],[32,29],[-11,28],[14,90],[17,18],[-9,32],[-55,25],[-21,35],[-40,-14],[-44,30],[9,31],[-56,19],[-12,35],[13,16],[-21,0],[3,25],[-44,24],[-13,57],[-59,18],[21,36],[-39,32],[10,41],[-24,26],[-27,-6],[38,28],[-9,30],[-38,3],[-8,28],[31,-5],[-2,29],[-27,25],[-19,-36],[-55,19],[6,19],[-51,46],[8,50],[-26,-32],[-38,57],[6,28],[-23,10],[33,17],[-28,19],[47,-8],[-14,31],[45,8],[26,29],[3,57],[-24,39],[22,44],[-29,13],[22,15],[-1,46],[34,-10],[-15,36],[14,47],[-28,46],[-40,19],[-12,50],[-70,50],[24,40],[-17,2],[-16,41],[5,33],[37,29],[-13,45],[20,27],[-15,34],[12,15],[-53,32],[-11,29],[36,9],[-18,42],[17,13],[-3,38],[36,-13],[-10,66],[16,28],[35,10],[16,-19],[14,45],[-32,-14],[1,45],[-52,17],[12,24],[-50,2],[1,23],[38,12],[24,-15],[5,18],[-31,61],[-73,19],[2,30],[15,-10],[18,30],[-22,71],[11,55],[-46,80],[-14,101],[-66,99],[11,22],[-42,0],[-9,30],[-22,-8],[-42,38],[-10,22],[20,60],[-32,27],[-108,-11],[-99,96],[-75,-15],[-26,31],[-13,-14],[-59,36],[-9,42],[36,84],[-69,48],[-53,12],[-33,36],[-10,25],[27,80],[-54,67],[-28,-11],[19,-56],[-10,-16],[-25,7],[-23,43],[-70,21],[-43,-65],[-49,14],[-70,-50],[-67,16],[-71,-48],[-74,15],[-46,-16],[-22,42],[-57,18],[-100,-51],[-39,1],[-51,88],[-44,27],[-89,-22],[0,-51],[-25,-32],[-122,25],[-46,-22],[-40,19],[-13,48],[-23,18],[-81,21],[-70,-52],[-117,74],[-41,-20],[-69,-132],[-56,-22],[-49,40],[-83,-9],[-18,14],[25,132],[-84,82],[-26,79],[-102,89],[-68,2],[-48,-24],[-69,58],[-74,-29],[-116,71],[-203,29],[-83,64],[-92,36],[-82,123],[-91,-17],[-149,42],[-63,-25],[-50,37],[-48,1],[-116,-96],[-73,9],[-62,-26],[-70,31],[-76,68],[-81,3],[-124,-30],[-36,112],[-38,19],[-44,10],[-168,-47],[-47,5],[-160,162],[-159,65],[-105,10],[-109,55],[-41,-9],[-47,-75],[-30,-133],[12,-112],[-146,-79],[-18,108],[-43,46],[-139,-54],[-149,26],[-127,50],[-144,-71],[-95,59],[-87,117],[-259,-158],[-252,79],[-95,-29],[-147,109],[-133,-27],[-199,-167],[-29,-44],[-39,94]],[[50412,29547],[0,0]],[[57489,21514],[-2,-4],[-3,2],[1,3],[4,-1]],[[57666,21724],[-3,4],[10,0],[-1,-4],[-6,0]],[[57759,21999],[4,10],[5,0],[2,-10],[-11,0]],[[57879,22089],[-2,-4],[-3,3],[1,4],[4,-3]],[[57901,22125],[1,-8],[-34,-19],[-1,17],[34,10]],[[60506,23754],[6,-16],[-11,-9],[-4,19],[1,17],[4,5],[4,-16]],[[59714,23892],[1,0],[0,-1],[-1,0],[0,1]],[[59796,23936],[2,1],[0,-1],[-1,-1],[-1,1]],[[59781,23938],[-3,0],[-2,3],[7,2],[-2,-5]],[[59785,23943],[0,1],[1,0],[-1,-1]],[[59767,23975],[1,-1],[-1,0],[0,1]],[[59813,24005],[1,0],[-5,-2],[1,3],[3,-1]],[[59819,24016],[-1,-6],[-7,2],[2,6],[6,-2]],[[60209,24028],[3,3],[3,-1],[-2,-4],[-4,2]],[[60218,24028],[-2,2],[3,2],[1,0],[-2,-4]],[[59773,24048],[1,0],[-2,-1],[1,2],[0,-1]],[[59828,24061],[-3,2],[4,3],[0,-4],[-1,-1]],[[59785,24094],[-1,0],[1,1],[0,-1]],[[60028,24339],[1,-1],[-4,1],[1,1],[2,-1]],[[60470,24383],[-1,-2],[-1,2],[1,1],[1,-1]],[[60245,24490],[-3,1],[0,3],[2,-1],[1,-3]],[[61641,24145],[-2,-4],[-2,1],[6,8],[-2,-5]],[[61595,24167],[-2,1],[7,7],[1,-3],[-6,-5]],[[62690,24747],[19,-6],[-59,-41],[33,57],[7,-10]],[[62659,24745],[1,-1],[-2,-2],[1,3]],[[62654,24750],[0,-1],[-2,1],[2,0]],[[62755,24762],[1,1],[-2,-2],[1,1]],[[62745,24778],[1,-2],[-1,-1],[0,2],[0,1]],[[62627,24786],[1,-1],[-2,-1],[0,1],[1,1]],[[62626,24795],[1,-1],[-3,-3],[-1,2],[3,2]],[[62761,24793],[0,4],[4,1],[0,-2],[-4,-3]],[[61400,24863],[-1,-1],[1,1]],[[61420,24870],[0,-15],[-13,6],[14,14],[-1,-5]],[[61347,24920],[1,-2],[-2,-1],[0,1],[1,2]],[[61349,24924],[-1,1],[4,2],[-1,-3],[-2,0]],[[61516,24964],[-3,-1],[6,8],[-2,-7],[-1,0]],[[61282,24968],[-1,-2],[-3,0],[1,3],[3,-1]],[[61437,24983],[-5,4],[1,1],[5,-3],[-1,-2]],[[61184,25036],[1,0],[-1,-1],[-1,0],[1,1]],[[61219,25059],[2,0],[-4,-5],[-1,1],[3,4]],[[61597,25059],[0,-6],[-6,1],[9,11],[-3,-6]],[[61608,25068],[2,-1],[-3,-2],[0,1],[1,2]],[[61631,25074],[0,-1],[-4,0],[1,3],[3,-2]],[[61623,25177],[0,-1],[-2,-1],[0,1],[2,1]],[[61627,25206],[-1,3],[4,-2],[-2,-2],[-1,1]],[[61696,25264],[-2,2],[4,1],[-1,-2],[-1,-1]],[[61711,25285],[2,3],[2,-4],[-3,1],[-1,0]],[[61698,25318],[1,2],[4,-1],[-5,-3],[0,2]],[[62499,25344],[-15,-23],[-13,6],[6,23],[22,-6]],[[63061,25381],[-3,-16],[-7,-7],[-3,17],[13,6]],[[63015,25431],[1,-1],[-4,-1],[2,3],[1,-1]],[[61942,25433],[-1,3],[3,1],[-1,-2],[-1,-2]],[[62734,25488],[-4,-3],[-3,-1],[9,10],[-2,-6]],[[62627,25500],[1,-14],[-22,11],[13,9],[8,-6]],[[62648,25530],[-8,-2],[-15,-9],[15,17],[8,-6]],[[62444,25572],[0,-1],[-3,-1],[0,2],[3,0]],[[62561,25576],[0,-1],[-2,0],[1,1],[1,0]],[[62545,25581],[1,-1],[-1,0],[0,1]],[[63548,25188],[1,1],[0,-1],[-1,0]],[[63555,25195],[2,1],[1,0],[-4,-3],[1,2]],[[63558,25197],[-2,1],[2,2],[1,-1],[-1,-2]],[[63499,25209],[-1,-7],[-4,-6],[0,5],[5,8]],[[63632,25273],[-3,-1],[-2,3],[5,3],[0,-5]],[[63639,25275],[1,1],[2,0],[-2,-2],[-1,1]],[[63581,25347],[-1,0],[-1,0],[3,3],[-1,-3]],[[63289,25367],[2,0],[0,-1],[-2,0],[0,1]],[[63601,25373],[-1,-2],[-3,1],[2,2],[2,-1]],[[63472,25198],[-12,-17],[-15,24],[-37,-37],[-142,-27],[-70,65],[-5,70],[198,177],[53,138],[-1,59],[44,52],[147,-50],[12,-53],[26,2],[35,-38],[-27,-80],[8,-29],[-22,-15],[23,-14],[-7,-22],[32,4],[-26,-15],[-78,11],[-38,-70],[5,-19],[41,-2],[-17,-25],[11,-21],[54,-28],[16,28],[40,-29],[-32,-14],[4,-87],[21,1],[-56,-65],[-37,7],[-25,30],[-17,31],[16,33],[-24,46],[-98,-21]],[[63232,25421],[-1,1],[2,0],[-1,-2],[0,1]],[[63345,25425],[-2,1],[4,3],[0,-1],[-2,-3]],[[63300,25431],[-1,-1],[1,1],[1,0],[-1,0]],[[63875,25430],[-4,-2],[-2,4],[6,4],[0,-6]],[[63173,25442],[1,0],[-1,-1],[0,1]],[[63315,25461],[-1,0],[1,0]],[[63312,25465],[2,-1],[0,-1],[-1,0],[-1,2]],[[63316,25466],[-1,1],[0,1],[1,-1],[0,-1]],[[63714,25472],[0,-4],[-5,-2],[-3,5],[8,1]],[[63908,25524],[-4,-14],[56,-17],[-5,-22],[-34,8],[-32,-22],[-21,19],[-9,22],[49,26]],[[64183,25654],[-5,-21],[21,-8],[-17,-23],[-20,38],[21,14]],[[64143,25663],[5,3],[2,-2],[-9,-6],[2,5]],[[64160,25660],[-2,4],[12,5],[-5,-13],[-5,4]],[[63576,26032],[16,2],[-4,-22],[-28,-1],[16,21]],[[63527,26049],[0,2],[2,0],[0,-3],[-2,1]],[[63524,26063],[3,-6],[-3,-2],[-2,2],[2,6]],[[63876,26108],[18,-19],[-40,3],[11,26],[11,-10]],[[64046,26109],[-3,-4],[-4,4],[5,3],[2,-3]],[[63881,26120],[-1,-2],[-2,2],[1,3],[2,-3]],[[63871,26142],[0,-1],[-1,0],[1,2],[0,-1]],[[64161,26144],[-1,-1],[0,1],[1,0]],[[63737,26143],[-2,-2],[-6,1],[7,5],[1,-4]],[[63872,26149],[0,-2],[-3,3],[3,1],[0,-2]],[[64157,26150],[-7,-3],[-8,1],[18,10],[-3,-8]],[[64043,26190],[17,-20],[24,33],[44,-20],[-84,-69],[-8,91],[7,-15]],[[64164,26159],[-1,1],[1,0],[0,-1]],[[63873,26185],[1,1],[-1,-2],[0,1]],[[63747,26186],[-6,0],[-1,4],[6,0],[1,-4]],[[64123,26229],[3,-2],[-5,-4],[0,3],[2,3]],[[63988,26272],[-1,1],[1,2],[1,-1],[-1,-2]],[[64099,26353],[-1,-1],[1,1]],[[64085,26353],[0,1],[1,0],[-1,-1]],[[64427,26463],[6,3],[1,-2],[-3,-6],[-4,5]],[[64521,26467],[1,4],[3,1],[0,-4],[-4,-1]],[[64541,26493],[7,-19],[-22,-11],[16,42],[-1,-12]],[[64196,26494],[1,0],[-1,-2],[0,1],[0,1]],[[64357,26496],[-1,-1],[0,1],[1,0]],[[64548,26515],[-2,-1],[0,4],[2,-1],[0,-2]],[[64442,26522],[1,-2],[0,-1],[-2,2],[1,1]],[[64532,26528],[3,3],[1,-1],[-2,-2],[-2,0]],[[64539,26527],[-1,6],[15,9],[-7,-22],[-7,7]],[[64351,26551],[-1,-1],[0,1],[1,0]],[[64464,26557],[-2,-3],[-1,2],[2,2],[1,-1]],[[64350,26560],[2,1],[5,-1],[-5,-4],[-2,4]],[[64344,26570],[-3,-9],[-17,-4],[9,15],[11,-2]],[[64358,26567],[1,0],[0,-1],[-1,0],[0,1]],[[64460,26566],[1,3],[4,0],[-3,-4],[-2,1]],[[64439,26588],[-11,-8],[-8,-2],[10,13],[9,-3]],[[64452,26649],[1,0],[-1,-2],[0,1],[0,1]],[[64426,26648],[2,5],[2,0],[-1,-4],[-3,-1]],[[64418,26688],[-2,0],[0,3],[2,-1],[0,-2]],[[52005,53537],[-17,61],[-107,-16],[-74,49],[41,64],[-47,-3],[-23,-46],[-20,-3],[-6,50],[30,62],[-54,11],[29,95],[-31,38],[16,39],[-34,6],[-21,59],[17,72],[-109,3],[-11,16],[-2,120],[76,2],[-4,39],[-37,30],[50,81],[9,80],[30,62],[-15,56],[24,20],[41,-7],[12,67],[-32,30],[13,85],[-39,98],[14,53],[-24,67],[43,57],[-45,71],[13,67],[-77,11],[-18,42],[35,158],[-11,43],[19,109],[-1,43],[-42,50],[20,65],[-13,62],[59,73],[5,49],[-29,51],[60,65],[3,46],[-45,45],[-59,21],[-4,87],[-75,218],[43,75],[86,85],[14,217],[-29,29],[-101,6],[-41,71],[-14,36],[14,65],[-16,146],[33,112],[-3,74],[36,58],[11,81],[23,60],[56,46],[27,82],[11,93],[-17,40],[2,175],[38,29],[15,58],[43,38],[18,47],[-34,215],[10,38],[-28,84],[72,91],[3,41],[-44,52],[-6,64],[21,74],[42,20],[50,128],[-37,171],[-34,31],[0,40],[45,36],[43,84],[48,5],[14,20],[2,44],[32,56],[8,151],[74,35],[-11,57],[31,161],[56,34],[67,91],[-11,74],[92,278],[-17,113],[-21,27],[15,77],[72,102],[11,44],[115,107],[85,325],[86,140],[1,33]],[[52639,61276],[20,24],[40,187],[104,162],[27,175],[70,85],[0,56],[39,68],[-41,95],[15,22],[-9,63],[34,113],[82,151],[-5,97],[32,103],[79,66],[25,89],[61,8],[51,77],[79,69],[-5,52],[94,145],[55,179],[109,122],[107,188],[135,128],[203,43],[233,387],[74,187],[106,107],[33,215],[32,89],[61,94],[111,59],[35,41],[77,318],[73,157],[36,273],[50,67],[8,104],[-19,113],[41,142],[-3,227],[36,65],[-27,41],[-94,43],[-277,248],[-102,229],[-22,115],[14,121],[324,437],[102,233],[-14,472],[-57,229],[18,92],[83,84],[126,59],[158,138],[55,81],[122,12],[121,59],[210,12],[100,54],[72,98],[146,61],[42,74],[-28,178],[9,61],[105,238],[161,136],[89,128],[116,-1],[144,-73],[10,118],[-86,90],[10,44],[-52,205],[3,47],[59,76],[163,42],[83,68],[30,64],[-7,50],[-34,48],[-73,29],[1,81],[61,75],[122,38],[45,36],[-9,90],[-125,190],[-12,184],[49,99],[123,-4],[109,53],[80,184],[-8,84],[-165,124],[-108,16],[-87,65],[-61,67],[-52,176],[-73,87],[-267,-90],[-116,32],[-87,-15],[-72,32],[-47,64],[-191,28],[-28,17],[-13,47]],[[55895,72788],[96,-10],[28,84],[44,37],[62,-14],[47,-55],[53,-10],[84,138],[16,135],[62,81],[375,77],[95,-84],[61,-7],[130,-62],[125,-83],[220,-37],[66,23],[100,81],[169,-17],[122,-80],[12,-181],[52,-85],[36,-27],[192,13],[165,-103],[106,-97],[85,-27],[55,11],[123,-153],[37,-101],[21,-249],[-43,-123],[0,-52],[103,-229],[35,-127],[3,-161],[-41,-156],[44,-119],[-14,-138],[10,-97],[30,-120],[69,-134],[18,-94],[-70,-157],[-3,-106],[-53,-158],[39,-140],[-89,-134],[-15,-177],[-78,-164],[10,-214],[-50,-91],[-29,-106],[50,-104],[4,-55],[-54,-134],[0,-88],[-62,-131],[-134,-153],[-20,-78],[-38,-57],[-35,-20],[-75,37],[-37,-2],[-76,-63],[-10,-84],[32,-61],[114,-69],[82,-150],[44,9],[43,74],[34,21],[115,-5],[89,-72],[48,-110],[-12,-73],[-63,-56],[-112,-49],[-64,-87],[64,-27],[76,44],[60,-16],[9,-102],[37,-31],[12,-108],[31,40],[80,-26],[-3,-38],[-30,-33],[90,-33],[-13,-47],[49,-33],[-12,-80],[14,-59],[63,16],[3,16],[-48,47],[34,20],[97,-113],[-53,-18],[16,-47],[63,-12],[0,-33],[-31,2],[24,-29],[-22,-11],[5,-34],[86,1],[3,-39],[29,8],[-14,-46],[45,6],[-20,-14],[33,-78],[-16,-16],[27,-10],[-25,-12],[4,-18],[33,-1],[-11,-19],[62,-25],[20,-41],[20,19],[4,-42],[26,7],[-12,-15],[11,-25],[43,-57],[30,-4],[1,-76],[46,8],[10,-44],[21,5],[-21,-41],[9,-15],[22,13],[-9,-40],[20,-26],[-19,-28],[50,7],[22,-32],[16,6],[49,-142],[80,-24],[15,13],[11,-23],[18,49],[58,18],[-6,18],[27,19],[0,51],[73,27],[8,36],[47,-12],[52,79],[13,-36],[34,30],[46,-17],[37,34],[69,-2],[27,37],[19,-1],[13,38],[68,-2],[40,36],[29,-18],[42,5],[34,34],[23,-22],[90,44],[69,-47],[62,-102],[67,-19],[67,-74],[29,-70],[-3,-96],[27,-51],[-7,-30],[-36,-23],[-64,-184],[6,-43],[53,-50],[-49,-89],[5,-78],[-22,-57],[-66,-79],[-145,-22],[-48,24],[-63,-43],[-40,-4],[-69,-46],[-37,-82],[-42,30],[-31,-9],[-47,26],[-21,-46],[11,-33],[-18,-15],[-26,15],[25,-79],[-11,-62],[-51,-53],[-20,25],[-41,-29],[10,-150],[-30,-27],[-6,-35],[-28,9],[-8,-44],[-10,15],[-12,-26],[-9,16],[-17,-55],[-29,14],[-6,-21],[41,-16],[-33,-50],[-8,-71],[31,-13],[-3,-21],[18,5],[19,-69],[-61,-56],[-6,-45],[-31,-2],[60,-133],[3,-92],[-24,-21],[14,-15],[-24,-28],[7,-35],[-59,-16],[-34,-39],[-34,21],[-46,-32],[15,-51],[36,-40],[-27,-14],[-4,-31],[-29,-2],[6,-33],[-53,-19],[12,-35],[-19,-56],[-23,1],[0,21],[-8,3],[7,-19],[-26,-53],[-52,-9],[25,-22],[17,9],[11,-28],[-60,-91],[105,-36],[29,15],[-7,-20],[14,-11],[39,18],[30,-17],[79,46],[41,-8],[21,-40],[-43,-8],[18,-31],[-18,-77],[12,-18],[43,-2],[38,29],[-4,-41],[87,-36],[4,-96],[61,-18],[7,-33],[-20,-73],[22,-51],[-57,-62],[-1,-40],[22,-21],[53,4],[27,-83],[89,-108],[-15,-65],[43,-20],[51,46],[127,11],[73,-50],[-33,-40],[-4,-43],[21,-35],[79,-27],[26,-39],[43,14],[27,-16],[4,-23],[-36,-39],[0,-24],[86,-101],[-123,-77],[2,-47],[-33,-63],[-15,-92],[-89,-70],[13,-95],[34,-47],[79,4],[47,-29],[11,-49],[-21,-48],[18,-30],[65,-6],[73,23],[35,-67],[-6,-47],[35,-24],[-25,-38],[42,-19],[-13,-119],[28,-34],[-25,-40],[12,-54],[-13,-37],[46,-76],[1,-82],[25,-70],[54,-9],[82,-101],[35,-125],[90,-38],[32,28],[88,-23],[138,31],[105,-113],[61,19],[80,-17],[152,95],[18,-19],[24,-173]],[[61972,60226],[-35,-67],[62,-50],[6,-52],[34,-24],[0,-48],[24,-36],[133,-31],[53,78],[-63,72],[42,124],[57,36],[171,-45],[73,44],[61,60],[14,51],[-18,90],[26,43]],[[62612,60471],[47,-62],[6,-206],[-61,-135],[-158,-28],[-51,-345],[-110,-116],[-129,-47],[-291,-201],[-148,-52],[-50,-40],[-24,-60],[23,-81],[-33,-81],[-68,-58],[-23,-141],[-45,44],[-75,-74],[-15,-315],[-165,-11],[-466,-829],[-54,-203],[-2,-48],[20,-28],[81,-9],[17,-227],[185,-146],[205,36],[216,-77],[91,-125],[233,-58],[52,-41],[-141,-1],[-5,-54],[-23,-16],[-150,31],[-43,88],[-67,-5],[-28,-22],[-38,25],[-31,-6],[-16,23],[3,-21],[-24,-13],[-6,14],[-18,-31],[-31,17],[-13,-20],[-18,12],[-8,-33],[-17,9],[0,-25],[-23,-20],[35,-7],[40,37],[30,-14],[-3,-14],[21,6],[-9,-40],[22,-13],[-10,-30],[49,-9],[19,-28],[-30,-54],[-27,-7],[26,-8],[-32,-36],[-1,-31],[-31,4],[-15,-19],[-16,14],[-31,-22],[8,-52],[70,22],[-38,-48],[72,19],[-45,-37],[12,-15],[-12,-14],[29,2],[-5,-45],[-46,4],[18,-64],[-16,-9],[-32,28],[-20,-20],[0,-75],[23,-57],[19,-8],[-5,13],[25,8],[61,-64],[83,-1],[13,-22],[47,19],[29,-22],[128,41],[22,-10],[-26,-34],[-91,-41],[-147,-3],[-57,-22],[-62,-80],[-26,-8],[2,-26],[-25,-5],[1,-17],[-28,5],[-29,-70],[-18,39],[-37,-22],[6,-30],[-49,9],[-78,-54],[38,4],[31,-24],[59,9],[7,22],[77,-22],[-26,-25],[23,0],[6,-58],[-35,-19],[61,-21],[-1,-60],[-27,-30],[-11,-55],[-39,-2],[56,-61],[-65,-46],[73,6],[10,-18],[-23,-23],[41,-12],[-13,-43],[-39,-28],[41,-58],[-35,-34],[2,-41],[89,-16],[-22,-9],[-4,-66],[-29,-13],[-18,-40],[83,4],[-51,-40],[110,25],[52,-50],[-23,-1],[10,-29],[-65,-49],[-5,-30],[-29,12],[23,-53],[-23,-44],[32,-31],[23,3],[6,38],[29,27],[-23,21],[26,-2],[-14,35],[18,-15],[14,16],[11,-40],[7,41],[11,-35],[16,-2],[-20,-10],[16,-10],[-22,-7],[3,-48],[37,-1],[-20,-32],[26,-3],[-1,-59],[-25,-45],[44,13],[4,18],[82,10],[35,-14],[-58,-63],[-107,-56],[12,-8],[-15,-11],[5,-32],[-48,-22],[-9,40],[-22,-35],[70,-45],[-77,-124],[76,5],[-5,-23],[25,-1],[7,-21],[-92,-77],[3,-22],[28,-5],[-27,-41],[25,19],[54,-22],[-12,-58],[-30,0],[4,-28],[-23,13],[-1,-47],[31,-1],[1,-19],[-37,-10],[-10,-27]],[[61328,53731],[-14,-1],[-6,-32],[45,5],[-19,-39]],[[61334,53664],[0,0]],[[61334,53664],[58,-11],[-12,-26],[13,-23],[-32,-49],[-28,-8],[-10,-30],[37,-30],[-15,-27],[17,-16],[-54,-33],[14,-42],[-23,-25],[22,-7],[-52,-50],[92,14],[50,36],[133,-30],[93,68],[31,-23],[51,53],[30,-14]],[[61749,53391],[-84,-51],[-60,-4],[-40,-45],[-105,-9],[-268,-78],[-19,14],[11,34],[-20,22],[37,141],[-18,15],[17,32],[-16,5],[5,64],[-21,34],[-75,11],[7,16],[-12,-4],[-15,48],[-32,-278],[-30,-13],[-19,-90],[-656,5],[-153,-84],[3,-31],[-53,-57],[-5,-35],[-26,-21],[4,-24],[-51,14],[-3,33],[-28,-9],[-23,-38],[-59,-38],[0,-29],[-112,-73],[0,-25],[-20,26],[-31,0],[-13,-44],[-25,-18],[-9,11],[-70,-46],[-32,10],[-24,-16],[-12,-26],[13,-14],[-18,-11],[-21,27],[-18,-26],[-7,24],[-52,-15],[-19,-24],[15,-4],[-3,-38],[-41,-17],[-66,14],[18,26],[-18,18],[-102,-18],[-9,-27],[-41,-19],[8,-44],[-44,-20],[2,-27],[-33,-44],[-29,43],[-63,-25],[-33,31],[-33,-8],[-52,52],[-38,-45],[3,-41],[-54,-21],[-20,-50],[-25,28],[3,32],[-40,42],[8,21],[42,12],[-6,23],[-115,22],[19,88],[-69,-11],[-34,19],[-37,-24],[-37,13],[-17,20],[-8,77],[11,77],[-115,39],[-27,-14],[-12,20],[-1,-31],[-35,-48],[14,-45],[-57,-45],[33,-25],[-6,-42],[-17,-5],[10,-30],[-16,-10],[5,-19],[24,-2],[-5,-39],[23,-18],[15,-59],[-36,-31],[-13,-67],[17,-27],[8,-92],[28,-41],[34,-10],[-9,-42],[-25,-11],[-37,-66],[-3,-34],[-34,-32],[-19,-69],[-263,356],[-48,43],[-143,-21],[-19,37],[-20,-14],[-10,32],[-66,24],[-12,-41],[-55,-24],[-37,92],[-32,13],[-61,-14],[-17,14],[5,43],[-47,2],[-5,44],[-18,9],[-37,-17],[16,-64],[-23,-56],[-53,4],[-82,-47],[-27,7],[-3,-19],[-9,20],[-9,-9],[-11,16],[37,57],[-9,71],[-26,27],[36,56],[-29,73],[49,95],[-46,-15],[-19,26],[-32,-14],[-20,-22],[6,-28],[-84,10],[-41,-71],[-27,-2],[-7,-22],[-31,-3],[7,19],[-26,-12],[-1,-30],[-46,-28],[3,-25],[-21,21],[-55,2],[5,-52],[-49,14],[-52,-60],[-9,14],[-2,-19],[-39,3],[-20,-21],[-29,11],[-26,-55],[-9,23],[-31,6],[7,85],[-41,34],[12,250]],[[56527,52829],[-21,-40],[-34,41],[-53,-8],[-24,-132],[-54,-31],[1,-254],[-37,1],[-35,-50],[-31,73],[28,101],[-28,39],[35,30],[15,138],[-44,54],[35,29],[12,43],[-18,50],[-25,-5],[17,22],[-17,52],[-15,1],[4,47],[-59,18],[-26,98],[-38,4],[-42,49],[-23,-3],[-5,-21],[-17,18],[-26,-24],[-23,8],[-37,56],[-2,150],[-176,147],[-12,52],[-51,2],[-6,79],[-19,17],[-36,5],[-234,-397],[-101,133],[-25,10],[-36,-29],[-67,25],[-18,43],[52,105],[-90,27],[-34,118],[-201,-227],[-60,-15],[6,-25],[-32,-20],[1,-64],[-68,-104],[2,-54],[-160,-258],[-7,-60],[29,-38],[-32,-74],[19,-30],[-4,-127],[26,-77],[-69,-64],[-1198,762],[-25,35],[-66,5],[-64,52],[-31,-14],[-53,39],[-53,-15],[-19,33],[-50,13],[-13,29],[-75,-14],[-78,21],[-25,26],[-32,-11],[-14,16],[-11,-16],[-90,62],[-2,33],[-88,47],[-61,9],[-40,103],[18,45],[-7,41],[25,28],[-18,20],[32,28],[11,44],[-35,32],[13,25],[-13,39],[15,9],[0,-30],[8,17],[20,-17],[4,28],[28,-12],[-7,78],[22,17],[-6,22],[16,34],[16,-18],[23,17],[-19,66],[16,49],[31,-16],[41,54],[29,5],[-24,24],[-18,-20],[-6,36],[-35,39],[25,42],[1,70],[31,31],[7,41],[41,15],[7,39],[45,20],[2,49],[31,42],[-61,-26],[-4,-44],[-52,24],[28,-49],[-62,-9],[-9,-15],[19,-16],[-38,4],[-8,-20],[-54,-18],[-20,-42],[-45,-2],[-63,-44],[-31,-30],[25,-36],[-34,19],[-7,-56],[-33,7],[0,-25],[-43,-8],[18,-16],[-26,-14],[7,-41],[-38,-13],[-33,-59],[16,-27],[-34,-3],[-25,-27],[12,-63],[-14,-8],[-17,25],[-31,-28],[6,-14],[8,22],[16,-7],[-19,-19],[6,-81],[-14,-16],[-48,12],[-40,-47],[30,-50],[-49,-37],[43,-24],[-21,-14],[5,-28],[-40,-33],[21,-69],[-22,-18],[-6,-70],[-33,-41]],[[55786,67098],[0,0]],[[56143,69083],[0,0]],[[56143,69082],[0,0]]]}